edge_id,pair_id,source,target,domain,weight,source_country,target_country,source_region,target_region,is_cross_border,involves_singapore
Nanyang Technological University--National University of Singapore#vector_borne,Nanyang Technological University--National University of Singapore,Nanyang Technological University,National University of Singapore,vector_borne,16,Singapore,Singapore,Southeast Asia,Southeast Asia,0,1
Harvard University--London School of Hygiene & Tropical Medicine#tb,Harvard University--London School of Hygiene & Tropical Medicine,Harvard University,London School of Hygiene & Tropical Medicine,tb,9,United States,United Kingdom,North America,Europe,1,0
National University Hospital--National University of Singapore#tb,National University Hospital--National University of Singapore,National University Hospital,National University of Singapore,tb,9,Singapore,Singapore,Southeast Asia,Southeast Asia,0,1
Mahidol University--National University of Singapore#amr_hai,Mahidol University--National University of Singapore,Mahidol University,National University of Singapore,amr_hai,7,Thailand,Singapore,Southeast Asia,Southeast Asia,1,1
London School of Hygiene & Tropical Medicine--National University of Singapore#sti,London School of Hygiene & Tropical Medicine--National University of Singapore,London School of Hygiene & Tropical Medicine,National University of Singapore,sti,7,United Kingdom,Singapore,Europe,Southeast Asia,1,1
National Centre for Infectious Diseases--National University of Singapore#amr_hai,National Centre for Infectious Diseases--National University of Singapore,National Centre for Infectious Diseases,National University of Singapore,amr_hai,7,Singapore,Singapore,Southeast Asia,Southeast Asia,0,1
National University of Singapore--Tan Tock Seng Hospital#amr_hai,National University of Singapore--Tan Tock Seng Hospital,National University of Singapore,Tan Tock Seng Hospital,amr_hai,7,Singapore,Singapore,Southeast Asia,Southeast Asia,0,1
Nanyang Technological University--National University of Singapore#amr_hai,Nanyang Technological University--National University of Singapore,Nanyang Technological University,National University of Singapore,amr_hai,7,Singapore,Singapore,Southeast Asia,Southeast Asia,0,1
Environmental Health Institute--Nanyang Technological University#vector_borne,Environmental Health Institute--Nanyang Technological University,Environmental Health Institute,Nanyang Technological University,vector_borne,7,Singapore,Singapore,Southeast Asia,Southeast Asia,0,1
Environmental Health Institute--National University of Singapore#vector_borne,Environmental Health Institute--National University of Singapore,Environmental Health Institute,National University of Singapore,vector_borne,7,Singapore,Singapore,Southeast Asia,Southeast Asia,0,1
National University Hospital--National University of Singapore#rti,National University Hospital--National University of Singapore,National University Hospital,National University of Singapore,rti,6,Singapore,Singapore,Southeast Asia,Southeast Asia,0,1
National University of Singapore--University of Oxford#amr_hai,National University of Singapore--University of Oxford,National University of Singapore,University of Oxford,amr_hai,6,Singapore,United Kingdom,Southeast Asia,Europe,1,1
National University Hospital--National University of Singapore#amr_hai,National University Hospital--National University of Singapore,National University Hospital,National University of Singapore,amr_hai,6,Singapore,Singapore,Southeast Asia,Southeast Asia,0,1
London School of Hygiene & Tropical Medicine--National University of Singapore#tb,London School of Hygiene & Tropical Medicine--National University of Singapore,London School of Hygiene & Tropical Medicine,National University of Singapore,tb,6,United Kingdom,Singapore,Europe,Southeast Asia,1,1
Nanyang Technological University--National University of Singapore#tb,Nanyang Technological University--National University of Singapore,Nanyang Technological University,National University of Singapore,tb,5,Singapore,Singapore,Southeast Asia,Southeast Asia,0,1
National University of Singapore--University of Oxford#vector_borne,National University of Singapore--University of Oxford,National University of Singapore,University of Oxford,vector_borne,5,Singapore,United Kingdom,Southeast Asia,Europe,1,1
Nanyang Technological University--National University of Singapore#rti,Nanyang Technological University--National University of Singapore,Nanyang Technological University,National University of Singapore,rti,5,Singapore,Singapore,Southeast Asia,Southeast Asia,0,1
National University Health System--National University of Singapore#rti,National University Health System--National University of Singapore,National University Health System,National University of Singapore,rti,5,Singapore,Singapore,Southeast Asia,Southeast Asia,0,1
Duke-NUS Medical School--National University of Singapore#amr_hai,Duke-NUS Medical School--National University of Singapore,Duke-NUS Medical School,National University of Singapore,amr_hai,5,Singapore,Singapore,Southeast Asia,Southeast Asia,0,1
London School of Hygiene & Tropical Medicine--National University of Singapore#vector_borne,London School of Hygiene & Tropical Medicine--National University of Singapore,London School of Hygiene & Tropical Medicine,National University of Singapore,vector_borne,5,United Kingdom,Singapore,Europe,Southeast Asia,1,1
Mahidol University--University of Oxford#amr_hai,Mahidol University--University of Oxford,Mahidol University,University of Oxford,amr_hai,5,Thailand,United Kingdom,Southeast Asia,Europe,1,0
National University Health System--National University of Singapore#amr_hai,National University Health System--National University of Singapore,National University Health System,National University of Singapore,amr_hai,5,Singapore,Singapore,Southeast Asia,Southeast Asia,0,1
National University of Singapore--Oxford University Clinical Research Unit#amr_hai,National University of Singapore--Oxford University Clinical Research Unit,National University of Singapore,Oxford University Clinical Research Unit,amr_hai,5,Singapore,Viet Nam,Southeast Asia,Southeast Asia,1,1
Nanyang Technological University--National Centre for Infectious Diseases#vector_borne,Nanyang Technological University--National Centre for Infectious Diseases,Nanyang Technological University,National Centre for Infectious Diseases,vector_borne,5,Singapore,Singapore,Southeast Asia,Southeast Asia,0,1
National Centre for Infectious Diseases--Tan Tock Seng Hospital#amr_hai,National Centre for Infectious Diseases--Tan Tock Seng Hospital,National Centre for Infectious Diseases,Tan Tock Seng Hospital,amr_hai,5,Singapore,Singapore,Southeast Asia,Southeast Asia,0,1
National Centre for Infectious Diseases--Tan Tock Seng Hospital#tb,National Centre for Infectious Diseases--Tan Tock Seng Hospital,National Centre for Infectious Diseases,Tan Tock Seng Hospital,tb,5,Singapore,Singapore,Southeast Asia,Southeast Asia,0,1
Nanyang Technological University--Tan Tock Seng Hospital#tb,Nanyang Technological University--Tan Tock Seng Hospital,Nanyang Technological University,Tan Tock Seng Hospital,tb,5,Singapore,Singapore,Southeast Asia,Southeast Asia,0,1
Nanyang Technological University--University of Melbourne#vector_borne,Nanyang Technological University--University of Melbourne,Nanyang Technological University,University of Melbourne,vector_borne,5,Singapore,Australia,Southeast Asia,Oceania,1,1
Mahidol University--National University of Singapore#vector_borne,Mahidol University--National University of Singapore,Mahidol University,National University of Singapore,vector_borne,4,Thailand,Singapore,Southeast Asia,Southeast Asia,1,1
National University of Singapore--World Health Organization#vector_borne,National University of Singapore--World Health Organization,National University of Singapore,World Health Organization,vector_borne,4,Singapore,Switzerland,Southeast Asia,Europe,1,1
KK Women's and Children's Hospital--National University of Singapore#rti,KK Women's and Children's Hospital--National University of Singapore,KK Women's and Children's Hospital,National University of Singapore,rti,4,Singapore,Singapore,Southeast Asia,Southeast Asia,0,1
National University of Singapore--Singapore General Hospital#rti,National University of Singapore--Singapore General Hospital,National University of Singapore,Singapore General Hospital,rti,4,Singapore,Singapore,Southeast Asia,Southeast Asia,0,1
National University of Singapore--Tan Tock Seng Hospital#rti,National University of Singapore--Tan Tock Seng Hospital,National University of Singapore,Tan Tock Seng Hospital,rti,4,Singapore,Singapore,Southeast Asia,Southeast Asia,0,1
Nanyang Technological University--National Centre for Infectious Diseases#tb,Nanyang Technological University--National Centre for Infectious Diseases,Nanyang Technological University,National Centre for Infectious Diseases,tb,4,Singapore,Singapore,Southeast Asia,Southeast Asia,0,1
Oxford University Clinical Research Unit--University of Oxford#amr_hai,Oxford University Clinical Research Unit--University of Oxford,Oxford University Clinical Research Unit,University of Oxford,amr_hai,4,Viet Nam,United Kingdom,Southeast Asia,Europe,1,0
Duke-NUS Medical School--National University of Singapore#rti,Duke-NUS Medical School--National University of Singapore,Duke-NUS Medical School,National University of Singapore,rti,4,Singapore,Singapore,Southeast Asia,Southeast Asia,0,1
Nanyang Technological University--National University of Singapore#other_id,Nanyang Technological University--National University of Singapore,Nanyang Technological University,National University of Singapore,other_id,4,Singapore,Singapore,Southeast Asia,Southeast Asia,0,1
Nanyang Technological University--Tan Tock Seng Hospital#amr_hai,Nanyang Technological University--Tan Tock Seng Hospital,Nanyang Technological University,Tan Tock Seng Hospital,amr_hai,4,Singapore,Singapore,Southeast Asia,Southeast Asia,0,1
National University of Singapore--Tan Tock Seng Hospital#tb,National University of Singapore--Tan Tock Seng Hospital,National University of Singapore,Tan Tock Seng Hospital,tb,4,Singapore,Singapore,Southeast Asia,Southeast Asia,0,1
Singapore General Hospital--Tan Tock Seng Hospital#tb,Singapore General Hospital--Tan Tock Seng Hospital,Singapore General Hospital,Tan Tock Seng Hospital,tb,4,Singapore,Singapore,Southeast Asia,Southeast Asia,0,1
Nanyang Technological University--National Centre for Infectious Diseases#amr_hai,Nanyang Technological University--National Centre for Infectious Diseases,Nanyang Technological University,National Centre for Infectious Diseases,amr_hai,4,Singapore,Singapore,Southeast Asia,Southeast Asia,0,1
National University of Singapore--Singapore General Hospital#other_id,National University of Singapore--Singapore General Hospital,National University of Singapore,Singapore General Hospital,other_id,4,Singapore,Singapore,Southeast Asia,Southeast Asia,0,1
A*STAR Infectious Diseases Labs--Nanyang Technological University#tb,A*STAR Infectious Diseases Labs--Nanyang Technological University,A*STAR Infectious Diseases Labs,Nanyang Technological University,tb,3,Singapore,Singapore,Southeast Asia,Southeast Asia,0,1
A*STAR Infectious Diseases Labs--National University of Singapore#tb,A*STAR Infectious Diseases Labs--National University of Singapore,A*STAR Infectious Diseases Labs,National University of Singapore,tb,3,Singapore,Singapore,Southeast Asia,Southeast Asia,0,1
Mahidol University--University of Oxford#vector_borne,Mahidol University--University of Oxford,Mahidol University,University of Oxford,vector_borne,3,Thailand,United Kingdom,Southeast Asia,Europe,1,0
National Centre for Infectious Diseases--National University of Singapore#rti,National Centre for Infectious Diseases--National University of Singapore,National Centre for Infectious Diseases,National University of Singapore,rti,3,Singapore,Singapore,Southeast Asia,Southeast Asia,0,1
Mahidol University--Oxford University Clinical Research Unit#amr_hai,Mahidol University--Oxford University Clinical Research Unit,Mahidol University,Oxford University Clinical Research Unit,amr_hai,3,Thailand,Viet Nam,Southeast Asia,Southeast Asia,1,0
National Centre for Infectious Diseases--National University of Singapore#vector_borne,National Centre for Infectious Diseases--National University of Singapore,National Centre for Infectious Diseases,National University of Singapore,vector_borne,3,Singapore,Singapore,Southeast Asia,Southeast Asia,0,1
London School of Hygiene & Tropical Medicine--National University of Singapore#rti,London School of Hygiene & Tropical Medicine--National University of Singapore,London School of Hygiene & Tropical Medicine,National University of Singapore,rti,3,United Kingdom,Singapore,Europe,Southeast Asia,1,1
National University Hospital--University of Oxford#amr_hai,National University Hospital--University of Oxford,National University Hospital,University of Oxford,amr_hai,3,Singapore,United Kingdom,Southeast Asia,Europe,1,1
National University of Singapore--Singapore General Hospital#amr_hai,National University of Singapore--Singapore General Hospital,National University of Singapore,Singapore General Hospital,amr_hai,3,Singapore,Singapore,Southeast Asia,Southeast Asia,0,1
National Centre for Infectious Diseases--National University Hospital#sti,National Centre for Infectious Diseases--National University Hospital,National Centre for Infectious Diseases,National University Hospital,sti,3,Singapore,Singapore,Southeast Asia,Southeast Asia,0,1
"Agency for Science, Technology and Research--National University of Singapore#rti","Agency for Science, Technology and Research--National University of Singapore","Agency for Science, Technology and Research",National University of Singapore,rti,3,Singapore,Singapore,Southeast Asia,Southeast Asia,0,1
Duke-NUS Medical School--National University of Singapore#vector_borne,Duke-NUS Medical School--National University of Singapore,Duke-NUS Medical School,National University of Singapore,vector_borne,3,Singapore,Singapore,Southeast Asia,Southeast Asia,0,1
National University of Singapore--SingHealth#vector_borne,National University of Singapore--SingHealth,National University of Singapore,SingHealth,vector_borne,3,Singapore,Singapore,Southeast Asia,Southeast Asia,0,1
A*STAR Infectious Diseases Labs--University of Malaya#vector_borne,A*STAR Infectious Diseases Labs--University of Malaya,A*STAR Infectious Diseases Labs,University of Malaya,vector_borne,3,Singapore,Malaysia,Southeast Asia,Southeast Asia,1,1
Nanyang Technological University--National Centre for Infectious Diseases#other_id,Nanyang Technological University--National Centre for Infectious Diseases,Nanyang Technological University,National Centre for Infectious Diseases,other_id,3,Singapore,Singapore,Southeast Asia,Southeast Asia,0,1
A*STAR Infectious Diseases Labs--National University of Singapore#vector_borne,A*STAR Infectious Diseases Labs--National University of Singapore,A*STAR Infectious Diseases Labs,National University of Singapore,vector_borne,3,Singapore,Singapore,Southeast Asia,Southeast Asia,0,1
Duke-NUS Medical School--Nanyang Technological University#tb,Duke-NUS Medical School--Nanyang Technological University,Duke-NUS Medical School,Nanyang Technological University,tb,3,Singapore,Singapore,Southeast Asia,Southeast Asia,0,1
Duke-NUS Medical School--Tan Tock Seng Hospital#tb,Duke-NUS Medical School--Tan Tock Seng Hospital,Duke-NUS Medical School,Tan Tock Seng Hospital,tb,3,Singapore,Singapore,Southeast Asia,Southeast Asia,0,1
Duke-NUS Medical School--Universitas Indonesia#tb,Duke-NUS Medical School--Universitas Indonesia,Duke-NUS Medical School,Universitas Indonesia,tb,3,Singapore,Indonesia,Southeast Asia,Southeast Asia,1,1
Nanyang Technological University--Universitas Indonesia#tb,Nanyang Technological University--Universitas Indonesia,Nanyang Technological University,Universitas Indonesia,tb,3,Singapore,Indonesia,Southeast Asia,Southeast Asia,1,1
Tan Tock Seng Hospital--Universitas Indonesia#tb,Tan Tock Seng Hospital--Universitas Indonesia,Tan Tock Seng Hospital,Universitas Indonesia,tb,3,Singapore,Indonesia,Southeast Asia,Southeast Asia,1,1
National University of Singapore--University of Melbourne#amr_hai,National University of Singapore--University of Melbourne,National University of Singapore,University of Melbourne,amr_hai,3,Singapore,Australia,Southeast Asia,Oceania,1,1
Experimental Drug Development Centre--Nanyang Technological University#vector_borne,Experimental Drug Development Centre--Nanyang Technological University,Experimental Drug Development Centre,Nanyang Technological University,vector_borne,3,Singapore,Singapore,Southeast Asia,Southeast Asia,0,1
Harvard University--World Health Organization#tb,Harvard University--World Health Organization,Harvard University,World Health Organization,tb,3,United States,Switzerland,North America,Europe,1,0
London School of Hygiene & Tropical Medicine--World Health Organization#tb,London School of Hygiene & Tropical Medicine--World Health Organization,London School of Hygiene & Tropical Medicine,World Health Organization,tb,3,United Kingdom,Switzerland,Europe,Europe,1,0
Nanyang Technological University--National Environment Agency#vector_borne,Nanyang Technological University--National Environment Agency,Nanyang Technological University,National Environment Agency,vector_borne,3,Singapore,Singapore,Southeast Asia,Southeast Asia,0,1
National Environment Agency--National University of Singapore#vector_borne,National Environment Agency--National University of Singapore,National Environment Agency,National University of Singapore,vector_borne,3,Singapore,Singapore,Southeast Asia,Southeast Asia,0,1
National University of Singapore--University of Melbourne#vector_borne,National University of Singapore--University of Melbourne,National University of Singapore,University of Melbourne,vector_borne,3,Singapore,Australia,Southeast Asia,Oceania,1,1
National University of Singapore--Singapore Food Agency#amr_hai,National University of Singapore--Singapore Food Agency,National University of Singapore,Singapore Food Agency,amr_hai,2,Singapore,Singapore,Southeast Asia,Southeast Asia,0,1
Communicable Diseases Agency--Nanyang Technological University#rti,Communicable Diseases Agency--Nanyang Technological University,Communicable Diseases Agency,Nanyang Technological University,rti,2,Singapore,Singapore,Southeast Asia,Southeast Asia,0,1
Communicable Diseases Agency--National Centre for Infectious Diseases#rti,Communicable Diseases Agency--National Centre for Infectious Diseases,Communicable Diseases Agency,National Centre for Infectious Diseases,rti,2,Singapore,Singapore,Southeast Asia,Southeast Asia,0,1
Communicable Diseases Agency--National University of Singapore#rti,Communicable Diseases Agency--National University of Singapore,Communicable Diseases Agency,National University of Singapore,rti,2,Singapore,Singapore,Southeast Asia,Southeast Asia,0,1
Communicable Diseases Agency--Singapore General Hospital#rti,Communicable Diseases Agency--Singapore General Hospital,Communicable Diseases Agency,Singapore General Hospital,rti,2,Singapore,Singapore,Southeast Asia,Southeast Asia,0,1
Communicable Diseases Agency--Tan Tock Seng Hospital#rti,Communicable Diseases Agency--Tan Tock Seng Hospital,Communicable Diseases Agency,Tan Tock Seng Hospital,rti,2,Singapore,Singapore,Southeast Asia,Southeast Asia,0,1
KK Women's and Children's Hospital--Nanyang Technological University#rti,KK Women's and Children's Hospital--Nanyang Technological University,KK Women's and Children's Hospital,Nanyang Technological University,rti,2,Singapore,Singapore,Southeast Asia,Southeast Asia,0,1
KK Women's and Children's Hospital--National University Health System#rti,KK Women's and Children's Hospital--National University Health System,KK Women's and Children's Hospital,National University Health System,rti,2,Singapore,Singapore,Southeast Asia,Southeast Asia,0,1
KK Women's and Children's Hospital--National University Hospital#rti,KK Women's and Children's Hospital--National University Hospital,KK Women's and Children's Hospital,National University Hospital,rti,2,Singapore,Singapore,Southeast Asia,Southeast Asia,0,1
KK Women's and Children's Hospital--Singapore General Hospital#rti,KK Women's and Children's Hospital--Singapore General Hospital,KK Women's and Children's Hospital,Singapore General Hospital,rti,2,Singapore,Singapore,Southeast Asia,Southeast Asia,0,1
Nanyang Technological University--National Centre for Infectious Diseases#rti,Nanyang Technological University--National Centre for Infectious Diseases,Nanyang Technological University,National Centre for Infectious Diseases,rti,2,Singapore,Singapore,Southeast Asia,Southeast Asia,0,1
Nanyang Technological University--Singapore General Hospital#rti,Nanyang Technological University--Singapore General Hospital,Nanyang Technological University,Singapore General Hospital,rti,2,Singapore,Singapore,Southeast Asia,Southeast Asia,0,1
Nanyang Technological University--Tan Tock Seng Hospital#rti,Nanyang Technological University--Tan Tock Seng Hospital,Nanyang Technological University,Tan Tock Seng Hospital,rti,2,Singapore,Singapore,Southeast Asia,Southeast Asia,0,1
National Centre for Infectious Diseases--Singapore General Hospital#rti,National Centre for Infectious Diseases--Singapore General Hospital,National Centre for Infectious Diseases,Singapore General Hospital,rti,2,Singapore,Singapore,Southeast Asia,Southeast Asia,0,1
National Centre for Infectious Diseases--Tan Tock Seng Hospital#rti,National Centre for Infectious Diseases--Tan Tock Seng Hospital,National Centre for Infectious Diseases,Tan Tock Seng Hospital,rti,2,Singapore,Singapore,Southeast Asia,Southeast Asia,0,1
National University Health System--National University Hospital#rti,National University Health System--National University Hospital,National University Health System,National University Hospital,rti,2,Singapore,Singapore,Southeast Asia,Southeast Asia,0,1
National University Health System--Tan Tock Seng Hospital#rti,National University Health System--Tan Tock Seng Hospital,National University Health System,Tan Tock Seng Hospital,rti,2,Singapore,Singapore,Southeast Asia,Southeast Asia,0,1
National University Hospital--Singapore General Hospital#rti,National University Hospital--Singapore General Hospital,National University Hospital,Singapore General Hospital,rti,2,Singapore,Singapore,Southeast Asia,Southeast Asia,0,1
National University Hospital--Tan Tock Seng Hospital#rti,National University Hospital--Tan Tock Seng Hospital,National University Hospital,Tan Tock Seng Hospital,rti,2,Singapore,Singapore,Southeast Asia,Southeast Asia,0,1
Singapore General Hospital--Tan Tock Seng Hospital#rti,Singapore General Hospital--Tan Tock Seng Hospital,Singapore General Hospital,Tan Tock Seng Hospital,rti,2,Singapore,Singapore,Southeast Asia,Southeast Asia,0,1
Johns Hopkins University--National University of Singapore#tb,Johns Hopkins University--National University of Singapore,Johns Hopkins University,National University of Singapore,tb,2,United States,Singapore,North America,Southeast Asia,1,1
National Centre for Infectious Diseases--University of Malaya#sti,National Centre for Infectious Diseases--University of Malaya,National Centre for Infectious Diseases,University of Malaya,sti,2,Singapore,Malaysia,Southeast Asia,Southeast Asia,1,1
Imperial College London--World Health Organization#vector_borne,Imperial College London--World Health Organization,Imperial College London,World Health Organization,vector_borne,2,United Kingdom,Switzerland,Europe,Europe,1,0
Mahidol University--National University Health System#amr_hai,Mahidol University--National University Health System,Mahidol University,National University Health System,amr_hai,2,Thailand,Singapore,Southeast Asia,Southeast Asia,1,1
National University Health System--Oxford University Clinical Research Unit#amr_hai,National University Health System--Oxford University Clinical Research Unit,National University Health System,Oxford University Clinical Research Unit,amr_hai,2,Singapore,Viet Nam,Southeast Asia,Southeast Asia,1,1
National University Health System--University of Oxford#amr_hai,National University Health System--University of Oxford,National University Health System,University of Oxford,amr_hai,2,Singapore,United Kingdom,Southeast Asia,Europe,1,1
National Centre for Infectious Diseases--Oxford University Clinical Research Unit#vector_borne,National Centre for Infectious Diseases--Oxford University Clinical Research Unit,National Centre for Infectious Diseases,Oxford University Clinical Research Unit,vector_borne,2,Singapore,Viet Nam,Southeast Asia,Southeast Asia,1,1
National Centre for Infectious Diseases--University of Oxford#vector_borne,National Centre for Infectious Diseases--University of Oxford,National Centre for Infectious Diseases,University of Oxford,vector_borne,2,Singapore,United Kingdom,Southeast Asia,Europe,1,1
National University of Singapore--Oxford University Clinical Research Unit#vector_borne,National University of Singapore--Oxford University Clinical Research Unit,National University of Singapore,Oxford University Clinical Research Unit,vector_borne,2,Singapore,Viet Nam,Southeast Asia,Southeast Asia,1,1
Oxford University Clinical Research Unit--University of Oxford#vector_borne,Oxford University Clinical Research Unit--University of Oxford,Oxford University Clinical Research Unit,University of Oxford,vector_borne,2,Viet Nam,United Kingdom,Southeast Asia,Europe,1,0
SingHealth--Singapore General Hospital#rti,SingHealth--Singapore General Hospital,SingHealth,Singapore General Hospital,rti,2,Singapore,Singapore,Southeast Asia,Southeast Asia,0,1
London School of Hygiene & Tropical Medicine--National University of Singapore#other_id,London School of Hygiene & Tropical Medicine--National University of Singapore,London School of Hygiene & Tropical Medicine,National University of Singapore,other_id,2,United Kingdom,Singapore,Europe,Southeast Asia,1,1
Mahidol University--National University Hospital#amr_hai,Mahidol University--National University Hospital,Mahidol University,National University Hospital,amr_hai,2,Thailand,Singapore,Southeast Asia,Southeast Asia,1,1
National University Hospital--Oxford University Clinical Research Unit#amr_hai,National University Hospital--Oxford University Clinical Research Unit,National University Hospital,Oxford University Clinical Research Unit,amr_hai,2,Singapore,Viet Nam,Southeast Asia,Southeast Asia,1,1
Singapore General Hospital--University of Hong Kong#amr_hai,Singapore General Hospital--University of Hong Kong,Singapore General Hospital,University of Hong Kong,amr_hai,2,Singapore,Hong Kong SAR,Southeast Asia,East Asia,1,1
National Centre for Infectious Diseases--National University of Singapore#sti,National Centre for Infectious Diseases--National University of Singapore,National Centre for Infectious Diseases,National University of Singapore,sti,2,Singapore,Singapore,Southeast Asia,Southeast Asia,0,1
National University Health System--Tan Tock Seng Hospital#amr_hai,National University Health System--Tan Tock Seng Hospital,National University Health System,Tan Tock Seng Hospital,amr_hai,2,Singapore,Singapore,Southeast Asia,Southeast Asia,0,1
National University of Singapore--SingHealth#rti,National University of Singapore--SingHealth,National University of Singapore,SingHealth,rti,2,Singapore,Singapore,Southeast Asia,Southeast Asia,0,1
National Skin Centre--National University of Singapore#vector_borne,National Skin Centre--National University of Singapore,National Skin Centre,National University of Singapore,vector_borne,2,Singapore,Singapore,Southeast Asia,Southeast Asia,0,1
Duke-NUS Medical School--Singapore General Hospital#rti,Duke-NUS Medical School--Singapore General Hospital,Duke-NUS Medical School,Singapore General Hospital,rti,2,Singapore,Singapore,Southeast Asia,Southeast Asia,0,1
National Centre for Infectious Diseases--Tan Tock Seng Hospital#sti,National Centre for Infectious Diseases--Tan Tock Seng Hospital,National Centre for Infectious Diseases,Tan Tock Seng Hospital,sti,2,Singapore,Singapore,Southeast Asia,Southeast Asia,0,1
National University Hospital--National University of Singapore#sti,National University Hospital--National University of Singapore,National University Hospital,National University of Singapore,sti,2,Singapore,Singapore,Southeast Asia,Southeast Asia,0,1
National University Hospital--Singapore General Hospital#sti,National University Hospital--Singapore General Hospital,National University Hospital,Singapore General Hospital,sti,2,Singapore,Singapore,Southeast Asia,Southeast Asia,0,1
National University Hospital--Tan Tock Seng Hospital#sti,National University Hospital--Tan Tock Seng Hospital,National University Hospital,Tan Tock Seng Hospital,sti,2,Singapore,Singapore,Southeast Asia,Southeast Asia,0,1
Duke-NUS Medical School--National University Hospital#rti,Duke-NUS Medical School--National University Hospital,Duke-NUS Medical School,National University Hospital,rti,2,Singapore,Singapore,Southeast Asia,Southeast Asia,0,1
Nanyang Technological University--University of Cambridge#vector_borne,Nanyang Technological University--University of Cambridge,Nanyang Technological University,University of Cambridge,vector_borne,2,Singapore,United Kingdom,Southeast Asia,Europe,1,1
Nanyang Technological University--University of Hong Kong#vector_borne,Nanyang Technological University--University of Hong Kong,Nanyang Technological University,University of Hong Kong,vector_borne,2,Singapore,Hong Kong SAR,Southeast Asia,East Asia,1,1
National University Health System--National University Hospital#amr_hai,National University Health System--National University Hospital,National University Health System,National University Hospital,amr_hai,2,Singapore,Singapore,Southeast Asia,Southeast Asia,0,1
Changi General Hospital--Singapore General Hospital#tb,Changi General Hospital--Singapore General Hospital,Changi General Hospital,Singapore General Hospital,tb,2,Singapore,Singapore,Southeast Asia,Southeast Asia,0,1
Duke-NUS Medical School--Singapore General Hospital#tb,Duke-NUS Medical School--Singapore General Hospital,Duke-NUS Medical School,Singapore General Hospital,tb,2,Singapore,Singapore,Southeast Asia,Southeast Asia,0,1
Sengkang General Hospital--Singapore General Hospital#tb,Sengkang General Hospital--Singapore General Hospital,Sengkang General Hospital,Singapore General Hospital,tb,2,Singapore,Singapore,Southeast Asia,Southeast Asia,0,1
KK Women's and Children's Hospital--Nanyang Technological University#amr_hai,KK Women's and Children's Hospital--Nanyang Technological University,KK Women's and Children's Hospital,Nanyang Technological University,amr_hai,2,Singapore,Singapore,Southeast Asia,Southeast Asia,0,1
KK Women's and Children's Hospital--National University of Singapore#amr_hai,KK Women's and Children's Hospital--National University of Singapore,KK Women's and Children's Hospital,National University of Singapore,amr_hai,2,Singapore,Singapore,Southeast Asia,Southeast Asia,0,1
Nanyang Technological University--National University Health System#amr_hai,Nanyang Technological University--National University Health System,Nanyang Technological University,National University Health System,amr_hai,2,Singapore,Singapore,Southeast Asia,Southeast Asia,0,1
A*STAR Infectious Diseases Labs--Nanyang Technological University#other_id,A*STAR Infectious Diseases Labs--Nanyang Technological University,A*STAR Infectious Diseases Labs,Nanyang Technological University,other_id,2,Singapore,Singapore,Southeast Asia,Southeast Asia,0,1
A*STAR Infectious Diseases Labs--National University of Singapore#other_id,A*STAR Infectious Diseases Labs--National University of Singapore,A*STAR Infectious Diseases Labs,National University of Singapore,other_id,2,Singapore,Singapore,Southeast Asia,Southeast Asia,0,1
"Agency for Science, Technology and Research--Bioinformatics Institute#rti","Agency for Science, Technology and Research--Bioinformatics Institute","Agency for Science, Technology and Research",Bioinformatics Institute,rti,2,Singapore,United Kingdom,Southeast Asia,Europe,1,1
Bioinformatics Institute--National University of Singapore#rti,Bioinformatics Institute--National University of Singapore,Bioinformatics Institute,National University of Singapore,rti,2,United Kingdom,Singapore,Europe,Southeast Asia,1,1
A*STAR Infectious Diseases Labs--Nanyang Technological University#vector_borne,A*STAR Infectious Diseases Labs--Nanyang Technological University,A*STAR Infectious Diseases Labs,Nanyang Technological University,vector_borne,2,Singapore,Singapore,Southeast Asia,Southeast Asia,0,1
National Skin Centre--Singapore General Hospital#sti,National Skin Centre--Singapore General Hospital,National Skin Centre,Singapore General Hospital,sti,2,Singapore,Singapore,Southeast Asia,Southeast Asia,0,1
National University of Singapore--Singapore Immunology Network#vector_borne,National University of Singapore--Singapore Immunology Network,National University of Singapore,Singapore Immunology Network,vector_borne,2,Singapore,Singapore,Southeast Asia,Southeast Asia,0,1
National University Health System--National University of Singapore#tb,National University Health System--National University of Singapore,National University Health System,National University of Singapore,tb,2,Singapore,Singapore,Southeast Asia,Southeast Asia,0,1
National University Health System--Oxford University Clinical Research Unit#tb,National University Health System--Oxford University Clinical Research Unit,National University Health System,Oxford University Clinical Research Unit,tb,2,Singapore,Viet Nam,Southeast Asia,Southeast Asia,1,1
National University Health System--University of Melbourne#tb,National University Health System--University of Melbourne,National University Health System,University of Melbourne,tb,2,Singapore,Australia,Southeast Asia,Oceania,1,1
National University of Singapore--Oxford University Clinical Research Unit#tb,National University of Singapore--Oxford University Clinical Research Unit,National University of Singapore,Oxford University Clinical Research Unit,tb,2,Singapore,Viet Nam,Southeast Asia,Southeast Asia,1,1
National University of Singapore--University of Melbourne#tb,National University of Singapore--University of Melbourne,National University of Singapore,University of Melbourne,tb,2,Singapore,Australia,Southeast Asia,Oceania,1,1
Oxford University Clinical Research Unit--University of Melbourne#tb,Oxford University Clinical Research Unit--University of Melbourne,Oxford University Clinical Research Unit,University of Melbourne,tb,2,Viet Nam,Australia,Southeast Asia,Oceania,1,0
A*STAR Infectious Diseases Labs--Mahidol University#vector_borne,A*STAR Infectious Diseases Labs--Mahidol University,A*STAR Infectious Diseases Labs,Mahidol University,vector_borne,2,Singapore,Thailand,Southeast Asia,Southeast Asia,1,1
London School of Hygiene & Tropical Medicine--University of Hong Kong#sti,London School of Hygiene & Tropical Medicine--University of Hong Kong,London School of Hygiene & Tropical Medicine,University of Hong Kong,sti,2,United Kingdom,Hong Kong SAR,Europe,East Asia,1,0
National Cancer Centre Singapore--Singapore General Hospital#tb,National Cancer Centre Singapore--Singapore General Hospital,National Cancer Centre Singapore,Singapore General Hospital,tb,2,Singapore,Singapore,Southeast Asia,Southeast Asia,0,1
National Cancer Centre Singapore--Tan Tock Seng Hospital#tb,National Cancer Centre Singapore--Tan Tock Seng Hospital,National Cancer Centre Singapore,Tan Tock Seng Hospital,tb,2,Singapore,Singapore,Southeast Asia,Southeast Asia,0,1
Duke-NUS Medical School--Nanyang Technological University#amr_hai,Duke-NUS Medical School--Nanyang Technological University,Duke-NUS Medical School,Nanyang Technological University,amr_hai,2,Singapore,Singapore,Southeast Asia,Southeast Asia,0,1
Nanyang Technological University--Singapore General Hospital#amr_hai,Nanyang Technological University--Singapore General Hospital,Nanyang Technological University,Singapore General Hospital,amr_hai,2,Singapore,Singapore,Southeast Asia,Southeast Asia,0,1
National University of Singapore--University of Oxford#sti,National University of Singapore--University of Oxford,National University of Singapore,University of Oxford,sti,2,Singapore,United Kingdom,Southeast Asia,Europe,1,1
Nanyang Technological University--University of Melbourne#amr_hai,Nanyang Technological University--University of Melbourne,Nanyang Technological University,University of Melbourne,amr_hai,2,Singapore,Australia,Southeast Asia,Oceania,1,1
National Centre for Infectious Diseases--University of Melbourne#amr_hai,National Centre for Infectious Diseases--University of Melbourne,National Centre for Infectious Diseases,University of Melbourne,amr_hai,2,Singapore,Australia,Southeast Asia,Oceania,1,1
Tan Tock Seng Hospital--University of Melbourne#amr_hai,Tan Tock Seng Hospital--University of Melbourne,Tan Tock Seng Hospital,University of Melbourne,amr_hai,2,Singapore,Australia,Southeast Asia,Oceania,1,1
London School of Hygiene & Tropical Medicine--University of Melbourne#tb,London School of Hygiene & Tropical Medicine--University of Melbourne,London School of Hygiene & Tropical Medicine,University of Melbourne,tb,2,United Kingdom,Australia,Europe,Oceania,1,0
National University of Singapore--University of Oxford#tb,National University of Singapore--University of Oxford,National University of Singapore,University of Oxford,tb,2,Singapore,United Kingdom,Southeast Asia,Europe,1,1
National University of Singapore--University of Malaya#vector_borne,National University of Singapore--University of Malaya,National University of Singapore,University of Malaya,vector_borne,2,Singapore,Malaysia,Southeast Asia,Southeast Asia,1,1
Experimental Drug Development Centre--National Centre for Infectious Diseases#vector_borne,Experimental Drug Development Centre--National Centre for Infectious Diseases,Experimental Drug Development Centre,National Centre for Infectious Diseases,vector_borne,2,Singapore,Singapore,Southeast Asia,Southeast Asia,0,1
National University of Singapore--World Health Organization#tb,National University of Singapore--World Health Organization,National University of Singapore,World Health Organization,tb,2,Singapore,Switzerland,Southeast Asia,Europe,1,1
Changi General Hospital--National University of Singapore#other_id,Changi General Hospital--National University of Singapore,Changi General Hospital,National University of Singapore,other_id,2,Singapore,Singapore,Southeast Asia,Southeast Asia,0,1
Changi General Hospital--Singapore General Hospital#other_id,Changi General Hospital--Singapore General Hospital,Changi General Hospital,Singapore General Hospital,other_id,2,Singapore,Singapore,Southeast Asia,Southeast Asia,0,1
SingHealth--Singapore Immunology Network#vector_borne,SingHealth--Singapore Immunology Network,SingHealth,Singapore Immunology Network,vector_borne,2,Singapore,Singapore,Southeast Asia,Southeast Asia,0,1
National Centre for Infectious Diseases--Singapore General Hospital#tb,National Centre for Infectious Diseases--Singapore General Hospital,National Centre for Infectious Diseases,Singapore General Hospital,tb,2,Singapore,Singapore,Southeast Asia,Southeast Asia,0,1
Duke-NUS Medical School--National University of Singapore#other_id,Duke-NUS Medical School--National University of Singapore,Duke-NUS Medical School,National University of Singapore,other_id,2,Singapore,Singapore,Southeast Asia,Southeast Asia,0,1
Duke-NUS Medical School--Singapore General Hospital#other_id,Duke-NUS Medical School--Singapore General Hospital,Duke-NUS Medical School,Singapore General Hospital,other_id,2,Singapore,Singapore,Southeast Asia,Southeast Asia,0,1
London School of Hygiene & Tropical Medicine--National University of Singapore#amr_hai,London School of Hygiene & Tropical Medicine--National University of Singapore,London School of Hygiene & Tropical Medicine,National University of Singapore,amr_hai,2,United Kingdom,Singapore,Europe,Southeast Asia,1,1
Nanyang Technological University--National University Hospital#other_id,Nanyang Technological University--National University Hospital,Nanyang Technological University,National University Hospital,other_id,2,Singapore,Singapore,Southeast Asia,Southeast Asia,0,1
Nanyang Technological University--Singapore General Hospital#other_id,Nanyang Technological University--Singapore General Hospital,Nanyang Technological University,Singapore General Hospital,other_id,2,Singapore,Singapore,Southeast Asia,Southeast Asia,0,1
National Centre for Infectious Diseases--National University of Singapore#other_id,National Centre for Infectious Diseases--National University of Singapore,National Centre for Infectious Diseases,National University of Singapore,other_id,2,Singapore,Singapore,Southeast Asia,Southeast Asia,0,1
National University Hospital--National University of Singapore#other_id,National University Hospital--National University of Singapore,National University Hospital,National University of Singapore,other_id,2,Singapore,Singapore,Southeast Asia,Southeast Asia,0,1
National University Hospital--Singapore General Hospital#other_id,National University Hospital--Singapore General Hospital,National University Hospital,Singapore General Hospital,other_id,2,Singapore,Singapore,Southeast Asia,Southeast Asia,0,1
Nanyang Technological University--University of Oxford#tb,Nanyang Technological University--University of Oxford,Nanyang Technological University,University of Oxford,tb,2,Singapore,United Kingdom,Southeast Asia,Europe,1,1
National University Hospital--Singapore General Hospital#tb,National University Hospital--Singapore General Hospital,National University Hospital,Singapore General Hospital,tb,2,Singapore,Singapore,Southeast Asia,Southeast Asia,0,1
National University Hospital--Tan Tock Seng Hospital#tb,National University Hospital--Tan Tock Seng Hospital,National University Hospital,Tan Tock Seng Hospital,tb,2,Singapore,Singapore,Southeast Asia,Southeast Asia,0,1
National University of Singapore--Singapore General Hospital#tb,National University of Singapore--Singapore General Hospital,National University of Singapore,Singapore General Hospital,tb,2,Singapore,Singapore,Southeast Asia,Southeast Asia,0,1
London School of Hygiene & Tropical Medicine--National University Hospital#tb,London School of Hygiene & Tropical Medicine--National University Hospital,London School of Hygiene & Tropical Medicine,National University Hospital,tb,2,United Kingdom,Singapore,Europe,Southeast Asia,1,1
Mahidol University--World Health Organization#vector_borne,Mahidol University--World Health Organization,Mahidol University,World Health Organization,vector_borne,1,Thailand,Switzerland,Southeast Asia,Europe,1,0
University of Oxford--World Health Organization#vector_borne,University of Oxford--World Health Organization,University of Oxford,World Health Organization,vector_borne,1,United Kingdom,Switzerland,Europe,Europe,1,0
National Centre for Infectious Diseases--University of Melbourne#tb,National Centre for Infectious Diseases--University of Melbourne,National Centre for Infectious Diseases,University of Melbourne,tb,1,Singapore,Australia,Southeast Asia,Oceania,1,1
Communicable Diseases Agency--KK Women's and Children's Hospital#rti,Communicable Diseases Agency--KK Women's and Children's Hospital,Communicable Diseases Agency,KK Women's and Children's Hospital,rti,1,Singapore,Singapore,Southeast Asia,Southeast Asia,0,1
Communicable Diseases Agency--National University Health System#rti,Communicable Diseases Agency--National University Health System,Communicable Diseases Agency,National University Health System,rti,1,Singapore,Singapore,Southeast Asia,Southeast Asia,0,1
Communicable Diseases Agency--National University Hospital#rti,Communicable Diseases Agency--National University Hospital,Communicable Diseases Agency,National University Hospital,rti,1,Singapore,Singapore,Southeast Asia,Southeast Asia,0,1
KK Women's and Children's Hospital--National Centre for Infectious Diseases#rti,KK Women's and Children's Hospital--National Centre for Infectious Diseases,KK Women's and Children's Hospital,National Centre for Infectious Diseases,rti,1,Singapore,Singapore,Southeast Asia,Southeast Asia,0,1
KK Women's and Children's Hospital--Tan Tock Seng Hospital#rti,KK Women's and Children's Hospital--Tan Tock Seng Hospital,KK Women's and Children's Hospital,Tan Tock Seng Hospital,rti,1,Singapore,Singapore,Southeast Asia,Southeast Asia,0,1
Nanyang Technological University--National University Health System#rti,Nanyang Technological University--National University Health System,Nanyang Technological University,National University Health System,rti,1,Singapore,Singapore,Southeast Asia,Southeast Asia,0,1
Nanyang Technological University--National University Hospital#rti,Nanyang Technological University--National University Hospital,Nanyang Technological University,National University Hospital,rti,1,Singapore,Singapore,Southeast Asia,Southeast Asia,0,1
National Centre for Infectious Diseases--National University Health System#rti,National Centre for Infectious Diseases--National University Health System,National Centre for Infectious Diseases,National University Health System,rti,1,Singapore,Singapore,Southeast Asia,Southeast Asia,0,1
National Centre for Infectious Diseases--National University Hospital#rti,National Centre for Infectious Diseases--National University Hospital,National Centre for Infectious Diseases,National University Hospital,rti,1,Singapore,Singapore,Southeast Asia,Southeast Asia,0,1
National University Health System--Singapore General Hospital#rti,National University Health System--Singapore General Hospital,National University Health System,Singapore General Hospital,rti,1,Singapore,Singapore,Southeast Asia,Southeast Asia,0,1
Khoo Teck Puat Hospital--National University Hospital#tb,Khoo Teck Puat Hospital--National University Hospital,Khoo Teck Puat Hospital,National University Hospital,tb,1,Singapore,Singapore,Southeast Asia,Southeast Asia,0,1
National University of Singapore--US Centers for Disease Control and Prevention#tb,National University of Singapore--US Centers for Disease Control and Prevention,National University of Singapore,US Centers for Disease Control and Prevention,tb,1,Singapore,United States,Southeast Asia,North America,1,1
Mahidol University--National Centre for Infectious Diseases#sti,Mahidol University--National Centre for Infectious Diseases,Mahidol University,National Centre for Infectious Diseases,sti,1,Thailand,Singapore,Southeast Asia,Southeast Asia,1,1
Mahidol University--Universitas Indonesia#sti,Mahidol University--Universitas Indonesia,Mahidol University,Universitas Indonesia,sti,1,Thailand,Indonesia,Southeast Asia,Southeast Asia,1,0
Mahidol University--University of Malaya#sti,Mahidol University--University of Malaya,Mahidol University,University of Malaya,sti,1,Thailand,Malaysia,Southeast Asia,Southeast Asia,1,0
National Centre for Infectious Diseases--Universitas Indonesia#sti,National Centre for Infectious Diseases--Universitas Indonesia,National Centre for Infectious Diseases,Universitas Indonesia,sti,1,Singapore,Indonesia,Southeast Asia,Southeast Asia,1,1
Universitas Indonesia--University of Malaya#sti,Universitas Indonesia--University of Malaya,Universitas Indonesia,University of Malaya,sti,1,Indonesia,Malaysia,Southeast Asia,Southeast Asia,1,0
Imperial College London--London School of Hygiene & Tropical Medicine#vector_borne,Imperial College London--London School of Hygiene & Tropical Medicine,Imperial College London,London School of Hygiene & Tropical Medicine,vector_borne,1,United Kingdom,United Kingdom,Europe,Europe,0,0
Imperial College London--National University of Singapore#vector_borne,Imperial College London--National University of Singapore,Imperial College London,National University of Singapore,vector_borne,1,United Kingdom,Singapore,Europe,Southeast Asia,1,1
London School of Hygiene & Tropical Medicine--World Health Organization#vector_borne,London School of Hygiene & Tropical Medicine--World Health Organization,London School of Hygiene & Tropical Medicine,World Health Organization,vector_borne,1,United Kingdom,Switzerland,Europe,Europe,1,0
National Cancer Centre Singapore--SingHealth#rti,National Cancer Centre Singapore--SingHealth,National Cancer Centre Singapore,SingHealth,rti,1,Singapore,Singapore,Southeast Asia,Southeast Asia,0,1
National Cancer Centre Singapore--Singapore General Hospital#rti,National Cancer Centre Singapore--Singapore General Hospital,National Cancer Centre Singapore,Singapore General Hospital,rti,1,Singapore,Singapore,Southeast Asia,Southeast Asia,0,1
National University Hospital--University of Hong Kong#rti,National University Hospital--University of Hong Kong,National University Hospital,University of Hong Kong,rti,1,Singapore,Hong Kong SAR,Southeast Asia,East Asia,1,1
Harvard University--National University of Singapore#sti,Harvard University--National University of Singapore,Harvard University,National University of Singapore,sti,1,United States,Singapore,North America,Southeast Asia,1,1
Mahidol University--Singapore General Hospital#amr_hai,Mahidol University--Singapore General Hospital,Mahidol University,Singapore General Hospital,amr_hai,1,Thailand,Singapore,Southeast Asia,Southeast Asia,1,1
Mahidol University--Universitas Indonesia#amr_hai,Mahidol University--Universitas Indonesia,Mahidol University,Universitas Indonesia,amr_hai,1,Thailand,Indonesia,Southeast Asia,Southeast Asia,1,0
Mahidol University--University of Hong Kong#amr_hai,Mahidol University--University of Hong Kong,Mahidol University,University of Hong Kong,amr_hai,1,Thailand,Hong Kong SAR,Southeast Asia,East Asia,1,0
National University Hospital--Singapore General Hospital#amr_hai,National University Hospital--Singapore General Hospital,National University Hospital,Singapore General Hospital,amr_hai,1,Singapore,Singapore,Southeast Asia,Southeast Asia,0,1
National University Hospital--Universitas Indonesia#amr_hai,National University Hospital--Universitas Indonesia,National University Hospital,Universitas Indonesia,amr_hai,1,Singapore,Indonesia,Southeast Asia,Southeast Asia,1,1
National University Hospital--University of Hong Kong#amr_hai,National University Hospital--University of Hong Kong,National University Hospital,University of Hong Kong,amr_hai,1,Singapore,Hong Kong SAR,Southeast Asia,East Asia,1,1
National University of Singapore--Universitas Indonesia#amr_hai,National University of Singapore--Universitas Indonesia,National University of Singapore,Universitas Indonesia,amr_hai,1,Singapore,Indonesia,Southeast Asia,Southeast Asia,1,1
National University of Singapore--University of Hong Kong#amr_hai,National University of Singapore--University of Hong Kong,National University of Singapore,University of Hong Kong,amr_hai,1,Singapore,Hong Kong SAR,Southeast Asia,East Asia,1,1
Oxford University Clinical Research Unit--Singapore General Hospital#amr_hai,Oxford University Clinical Research Unit--Singapore General Hospital,Oxford University Clinical Research Unit,Singapore General Hospital,amr_hai,1,Viet Nam,Singapore,Southeast Asia,Southeast Asia,1,1
Oxford University Clinical Research Unit--Universitas Indonesia#amr_hai,Oxford University Clinical Research Unit--Universitas Indonesia,Oxford University Clinical Research Unit,Universitas Indonesia,amr_hai,1,Viet Nam,Indonesia,Southeast Asia,Southeast Asia,1,0
Oxford University Clinical Research Unit--University of Hong Kong#amr_hai,Oxford University Clinical Research Unit--University of Hong Kong,Oxford University Clinical Research Unit,University of Hong Kong,amr_hai,1,Viet Nam,Hong Kong SAR,Southeast Asia,East Asia,1,0
Singapore General Hospital--Universitas Indonesia#amr_hai,Singapore General Hospital--Universitas Indonesia,Singapore General Hospital,Universitas Indonesia,amr_hai,1,Singapore,Indonesia,Southeast Asia,Southeast Asia,1,1
Singapore General Hospital--University of Oxford#amr_hai,Singapore General Hospital--University of Oxford,Singapore General Hospital,University of Oxford,amr_hai,1,Singapore,United Kingdom,Southeast Asia,Europe,1,1
Universitas Indonesia--University of Hong Kong#amr_hai,Universitas Indonesia--University of Hong Kong,Universitas Indonesia,University of Hong Kong,amr_hai,1,Indonesia,Hong Kong SAR,Southeast Asia,East Asia,1,0
Universitas Indonesia--University of Oxford#amr_hai,Universitas Indonesia--University of Oxford,Universitas Indonesia,University of Oxford,amr_hai,1,Indonesia,United Kingdom,Southeast Asia,Europe,1,0
University of Hong Kong--University of Oxford#amr_hai,University of Hong Kong--University of Oxford,University of Hong Kong,University of Oxford,amr_hai,1,Hong Kong SAR,United Kingdom,East Asia,Europe,1,0
National University of Singapore--University of Cambridge#other_id,National University of Singapore--University of Cambridge,National University of Singapore,University of Cambridge,other_id,1,Singapore,United Kingdom,Southeast Asia,Europe,1,1
London School of Hygiene & Tropical Medicine--Nanyang Technological University#sti,London School of Hygiene & Tropical Medicine--Nanyang Technological University,London School of Hygiene & Tropical Medicine,Nanyang Technological University,sti,1,United Kingdom,Singapore,Europe,Southeast Asia,1,1
London School of Hygiene & Tropical Medicine--National Centre for Infectious Diseases#sti,London School of Hygiene & Tropical Medicine--National Centre for Infectious Diseases,London School of Hygiene & Tropical Medicine,National Centre for Infectious Diseases,sti,1,United Kingdom,Singapore,Europe,Southeast Asia,1,1
Nanyang Technological University--National Centre for Infectious Diseases#sti,Nanyang Technological University--National Centre for Infectious Diseases,Nanyang Technological University,National Centre for Infectious Diseases,sti,1,Singapore,Singapore,Southeast Asia,Southeast Asia,0,1
Nanyang Technological University--National University of Singapore#sti,Nanyang Technological University--National University of Singapore,Nanyang Technological University,National University of Singapore,sti,1,Singapore,Singapore,Southeast Asia,Southeast Asia,0,1
Communicable Diseases Agency--Institute of Mental Health#rti,Communicable Diseases Agency--Institute of Mental Health,Communicable Diseases Agency,Institute of Mental Health,rti,1,Singapore,Singapore,Southeast Asia,Southeast Asia,0,1
Institute of Mental Health--Nanyang Technological University#rti,Institute of Mental Health--Nanyang Technological University,Institute of Mental Health,Nanyang Technological University,rti,1,Singapore,Singapore,Southeast Asia,Southeast Asia,0,1
Institute of Mental Health--National Centre for Infectious Diseases#rti,Institute of Mental Health--National Centre for Infectious Diseases,Institute of Mental Health,National Centre for Infectious Diseases,rti,1,Singapore,Singapore,Southeast Asia,Southeast Asia,0,1
Institute of Mental Health--National University of Singapore#rti,Institute of Mental Health--National University of Singapore,Institute of Mental Health,National University of Singapore,rti,1,Singapore,Singapore,Southeast Asia,Southeast Asia,0,1
Institute of Mental Health--Singapore General Hospital#rti,Institute of Mental Health--Singapore General Hospital,Institute of Mental Health,Singapore General Hospital,rti,1,Singapore,Singapore,Southeast Asia,Southeast Asia,0,1
Institute of Mental Health--Tan Tock Seng Hospital#rti,Institute of Mental Health--Tan Tock Seng Hospital,Institute of Mental Health,Tan Tock Seng Hospital,rti,1,Singapore,Singapore,Southeast Asia,Southeast Asia,0,1
Institute of Molecular and Cell Biology--National University of Singapore#rti,Institute of Molecular and Cell Biology--National University of Singapore,Institute of Molecular and Cell Biology,National University of Singapore,rti,1,Singapore,Singapore,Southeast Asia,Southeast Asia,0,1
Duke-NUS Medical School--SingHealth#rti,Duke-NUS Medical School--SingHealth,Duke-NUS Medical School,SingHealth,rti,1,Singapore,Singapore,Southeast Asia,Southeast Asia,0,1
A*STAR Infectious Diseases Labs--Bioinformatics Institute#rti,A*STAR Infectious Diseases Labs--Bioinformatics Institute,A*STAR Infectious Diseases Labs,Bioinformatics Institute,rti,1,Singapore,United Kingdom,Southeast Asia,Europe,1,1
A*STAR Infectious Diseases Labs--UK Health Security Agency#rti,A*STAR Infectious Diseases Labs--UK Health Security Agency,A*STAR Infectious Diseases Labs,UK Health Security Agency,rti,1,Singapore,United Kingdom,Southeast Asia,Europe,1,1
A*STAR Infectious Diseases Labs--University of Cambridge#rti,A*STAR Infectious Diseases Labs--University of Cambridge,A*STAR Infectious Diseases Labs,University of Cambridge,rti,1,Singapore,United Kingdom,Southeast Asia,Europe,1,1
Bioinformatics Institute--UK Health Security Agency#rti,Bioinformatics Institute--UK Health Security Agency,Bioinformatics Institute,UK Health Security Agency,rti,1,United Kingdom,United Kingdom,Europe,Europe,0,0
Bioinformatics Institute--University of Cambridge#rti,Bioinformatics Institute--University of Cambridge,Bioinformatics Institute,University of Cambridge,rti,1,United Kingdom,United Kingdom,Europe,Europe,0,0
UK Health Security Agency--University of Cambridge#rti,UK Health Security Agency--University of Cambridge,UK Health Security Agency,University of Cambridge,rti,1,United Kingdom,United Kingdom,Europe,Europe,0,0
Communicable Diseases Agency--Environmental Health Institute#tb,Communicable Diseases Agency--Environmental Health Institute,Communicable Diseases Agency,Environmental Health Institute,tb,1,Singapore,Singapore,Southeast Asia,Southeast Asia,0,1
Communicable Diseases Agency--Nanyang Technological University#tb,Communicable Diseases Agency--Nanyang Technological University,Communicable Diseases Agency,Nanyang Technological University,tb,1,Singapore,Singapore,Southeast Asia,Southeast Asia,0,1
Communicable Diseases Agency--National University of Singapore#tb,Communicable Diseases Agency--National University of Singapore,Communicable Diseases Agency,National University of Singapore,tb,1,Singapore,Singapore,Southeast Asia,Southeast Asia,0,1
Environmental Health Institute--Nanyang Technological University#tb,Environmental Health Institute--Nanyang Technological University,Environmental Health Institute,Nanyang Technological University,tb,1,Singapore,Singapore,Southeast Asia,Southeast Asia,0,1
Environmental Health Institute--National University of Singapore#tb,Environmental Health Institute--National University of Singapore,Environmental Health Institute,National University of Singapore,tb,1,Singapore,Singapore,Southeast Asia,Southeast Asia,0,1
National Centre for Infectious Diseases--National Skin Centre#vector_borne,National Centre for Infectious Diseases--National Skin Centre,National Centre for Infectious Diseases,National Skin Centre,vector_borne,1,Singapore,Singapore,Southeast Asia,Southeast Asia,0,1
Changi General Hospital--National Centre for Infectious Diseases#sti,Changi General Hospital--National Centre for Infectious Diseases,Changi General Hospital,National Centre for Infectious Diseases,sti,1,Singapore,Singapore,Southeast Asia,Southeast Asia,0,1
Changi General Hospital--National University Hospital#sti,Changi General Hospital--National University Hospital,Changi General Hospital,National University Hospital,sti,1,Singapore,Singapore,Southeast Asia,Southeast Asia,0,1
Changi General Hospital--National University of Singapore#sti,Changi General Hospital--National University of Singapore,Changi General Hospital,National University of Singapore,sti,1,Singapore,Singapore,Southeast Asia,Southeast Asia,0,1
Changi General Hospital--Singapore General Hospital#sti,Changi General Hospital--Singapore General Hospital,Changi General Hospital,Singapore General Hospital,sti,1,Singapore,Singapore,Southeast Asia,Southeast Asia,0,1
Changi General Hospital--Tan Tock Seng Hospital#sti,Changi General Hospital--Tan Tock Seng Hospital,Changi General Hospital,Tan Tock Seng Hospital,sti,1,Singapore,Singapore,Southeast Asia,Southeast Asia,0,1
National Centre for Infectious Diseases--Singapore General Hospital#sti,National Centre for Infectious Diseases--Singapore General Hospital,National Centre for Infectious Diseases,Singapore General Hospital,sti,1,Singapore,Singapore,Southeast Asia,Southeast Asia,0,1
National University of Singapore--Singapore General Hospital#sti,National University of Singapore--Singapore General Hospital,National University of Singapore,Singapore General Hospital,sti,1,Singapore,Singapore,Southeast Asia,Southeast Asia,0,1
National University of Singapore--Tan Tock Seng Hospital#sti,National University of Singapore--Tan Tock Seng Hospital,National University of Singapore,Tan Tock Seng Hospital,sti,1,Singapore,Singapore,Southeast Asia,Southeast Asia,0,1
Singapore General Hospital--Tan Tock Seng Hospital#sti,Singapore General Hospital--Tan Tock Seng Hospital,Singapore General Hospital,Tan Tock Seng Hospital,sti,1,Singapore,Singapore,Southeast Asia,Southeast Asia,0,1
Imperial College London--Nanyang Technological University#vector_borne,Imperial College London--Nanyang Technological University,Imperial College London,Nanyang Technological University,vector_borne,1,United Kingdom,Singapore,Europe,Southeast Asia,1,1
Imperial College London--National Centre for Infectious Diseases#vector_borne,Imperial College London--National Centre for Infectious Diseases,Imperial College London,National Centre for Infectious Diseases,vector_borne,1,United Kingdom,Singapore,Europe,Southeast Asia,1,1
Imperial College London--National Institutes of Health#vector_borne,Imperial College London--National Institutes of Health,Imperial College London,National Institutes of Health,vector_borne,1,United Kingdom,United States,Europe,North America,1,0
Imperial College London--UK Health Security Agency#vector_borne,Imperial College London--UK Health Security Agency,Imperial College London,UK Health Security Agency,vector_borne,1,United Kingdom,United Kingdom,Europe,Europe,0,0
Imperial College London--University of Cambridge#vector_borne,Imperial College London--University of Cambridge,Imperial College London,University of Cambridge,vector_borne,1,United Kingdom,United Kingdom,Europe,Europe,0,0
Imperial College London--University of Hong Kong#vector_borne,Imperial College London--University of Hong Kong,Imperial College London,University of Hong Kong,vector_borne,1,United Kingdom,Hong Kong SAR,Europe,East Asia,1,0
Nanyang Technological University--National Institutes of Health#vector_borne,Nanyang Technological University--National Institutes of Health,Nanyang Technological University,National Institutes of Health,vector_borne,1,Singapore,United States,Southeast Asia,North America,1,1
Nanyang Technological University--UK Health Security Agency#vector_borne,Nanyang Technological University--UK Health Security Agency,Nanyang Technological University,UK Health Security Agency,vector_borne,1,Singapore,United Kingdom,Southeast Asia,Europe,1,1
Nanyang Technological University--World Health Organization#vector_borne,Nanyang Technological University--World Health Organization,Nanyang Technological University,World Health Organization,vector_borne,1,Singapore,Switzerland,Southeast Asia,Europe,1,1
National Centre for Infectious Diseases--National Institutes of Health#vector_borne,National Centre for Infectious Diseases--National Institutes of Health,National Centre for Infectious Diseases,National Institutes of Health,vector_borne,1,Singapore,United States,Southeast Asia,North America,1,1
National Centre for Infectious Diseases--UK Health Security Agency#vector_borne,National Centre for Infectious Diseases--UK Health Security Agency,National Centre for Infectious Diseases,UK Health Security Agency,vector_borne,1,Singapore,United Kingdom,Southeast Asia,Europe,1,1
National Centre for Infectious Diseases--University of Cambridge#vector_borne,National Centre for Infectious Diseases--University of Cambridge,National Centre for Infectious Diseases,University of Cambridge,vector_borne,1,Singapore,United Kingdom,Southeast Asia,Europe,1,1
National Centre for Infectious Diseases--University of Hong Kong#vector_borne,National Centre for Infectious Diseases--University of Hong Kong,National Centre for Infectious Diseases,University of Hong Kong,vector_borne,1,Singapore,Hong Kong SAR,Southeast Asia,East Asia,1,1
National Centre for Infectious Diseases--World Health Organization#vector_borne,National Centre for Infectious Diseases--World Health Organization,National Centre for Infectious Diseases,World Health Organization,vector_borne,1,Singapore,Switzerland,Southeast Asia,Europe,1,1
National Institutes of Health--UK Health Security Agency#vector_borne,National Institutes of Health--UK Health Security Agency,National Institutes of Health,UK Health Security Agency,vector_borne,1,United States,United Kingdom,North America,Europe,1,0
National Institutes of Health--University of Cambridge#vector_borne,National Institutes of Health--University of Cambridge,National Institutes of Health,University of Cambridge,vector_borne,1,United States,United Kingdom,North America,Europe,1,0
National Institutes of Health--University of Hong Kong#vector_borne,National Institutes of Health--University of Hong Kong,National Institutes of Health,University of Hong Kong,vector_borne,1,United States,Hong Kong SAR,North America,East Asia,1,0
National Institutes of Health--World Health Organization#vector_borne,National Institutes of Health--World Health Organization,National Institutes of Health,World Health Organization,vector_borne,1,United States,Switzerland,North America,Europe,1,0
UK Health Security Agency--University of Cambridge#vector_borne,UK Health Security Agency--University of Cambridge,UK Health Security Agency,University of Cambridge,vector_borne,1,United Kingdom,United Kingdom,Europe,Europe,0,0
UK Health Security Agency--University of Hong Kong#vector_borne,UK Health Security Agency--University of Hong Kong,UK Health Security Agency,University of Hong Kong,vector_borne,1,United Kingdom,Hong Kong SAR,Europe,East Asia,1,0
UK Health Security Agency--World Health Organization#vector_borne,UK Health Security Agency--World Health Organization,UK Health Security Agency,World Health Organization,vector_borne,1,United Kingdom,Switzerland,Europe,Europe,1,0
University of Cambridge--University of Hong Kong#vector_borne,University of Cambridge--University of Hong Kong,University of Cambridge,University of Hong Kong,vector_borne,1,United Kingdom,Hong Kong SAR,Europe,East Asia,1,0
University of Cambridge--World Health Organization#vector_borne,University of Cambridge--World Health Organization,University of Cambridge,World Health Organization,vector_borne,1,United Kingdom,Switzerland,Europe,Europe,1,0
University of Hong Kong--World Health Organization#vector_borne,University of Hong Kong--World Health Organization,University of Hong Kong,World Health Organization,vector_borne,1,Hong Kong SAR,Switzerland,East Asia,Europe,1,0
Duke-NUS Medical School--Harvard University#sti,Duke-NUS Medical School--Harvard University,Duke-NUS Medical School,Harvard University,sti,1,Singapore,United States,Southeast Asia,North America,1,1
Duke-NUS Medical School--KK Women's and Children's Hospital#rti,Duke-NUS Medical School--KK Women's and Children's Hospital,Duke-NUS Medical School,KK Women's and Children's Hospital,rti,1,Singapore,Singapore,Southeast Asia,Southeast Asia,0,1
Nanyang Technological University--University of Oxford#amr_hai,Nanyang Technological University--University of Oxford,Nanyang Technological University,University of Oxford,amr_hai,1,Singapore,United Kingdom,Southeast Asia,Europe,1,1
Duke-NUS Medical School--London School of Hygiene & Tropical Medicine#vector_borne,Duke-NUS Medical School--London School of Hygiene & Tropical Medicine,Duke-NUS Medical School,London School of Hygiene & Tropical Medicine,vector_borne,1,Singapore,United Kingdom,Southeast Asia,Europe,1,1
Genome Institute of Singapore--National University Health System#amr_hai,Genome Institute of Singapore--National University Health System,Genome Institute of Singapore,National University Health System,amr_hai,1,Singapore,Singapore,Southeast Asia,Southeast Asia,0,1
Genome Institute of Singapore--National University Hospital#amr_hai,Genome Institute of Singapore--National University Hospital,Genome Institute of Singapore,National University Hospital,amr_hai,1,Singapore,Singapore,Southeast Asia,Southeast Asia,0,1
Genome Institute of Singapore--National University of Singapore#amr_hai,Genome Institute of Singapore--National University of Singapore,Genome Institute of Singapore,National University of Singapore,amr_hai,1,Singapore,Singapore,Southeast Asia,Southeast Asia,0,1
Genome Institute of Singapore--Oxford University Clinical Research Unit#amr_hai,Genome Institute of Singapore--Oxford University Clinical Research Unit,Genome Institute of Singapore,Oxford University Clinical Research Unit,amr_hai,1,Singapore,Viet Nam,Southeast Asia,Southeast Asia,1,1
Genome Institute of Singapore--University of Oxford#amr_hai,Genome Institute of Singapore--University of Oxford,Genome Institute of Singapore,University of Oxford,amr_hai,1,Singapore,United Kingdom,Southeast Asia,Europe,1,1
Changi General Hospital--Duke-NUS Medical School#tb,Changi General Hospital--Duke-NUS Medical School,Changi General Hospital,Duke-NUS Medical School,tb,1,Singapore,Singapore,Southeast Asia,Southeast Asia,0,1
Changi General Hospital--Sengkang General Hospital#tb,Changi General Hospital--Sengkang General Hospital,Changi General Hospital,Sengkang General Hospital,tb,1,Singapore,Singapore,Southeast Asia,Southeast Asia,0,1
Duke-NUS Medical School--Sengkang General Hospital#tb,Duke-NUS Medical School--Sengkang General Hospital,Duke-NUS Medical School,Sengkang General Hospital,tb,1,Singapore,Singapore,Southeast Asia,Southeast Asia,0,1
National University of Singapore--University of Hong Kong#vector_borne,National University of Singapore--University of Hong Kong,National University of Singapore,University of Hong Kong,vector_borne,1,Singapore,Hong Kong SAR,Southeast Asia,East Asia,1,1
"Agency for Science, Technology and Research--KK Women's and Children's Hospital#amr_hai","Agency for Science, Technology and Research--KK Women's and Children's Hospital","Agency for Science, Technology and Research",KK Women's and Children's Hospital,amr_hai,1,Singapore,Singapore,Southeast Asia,Southeast Asia,0,1
"Agency for Science, Technology and Research--Nanyang Technological University#amr_hai","Agency for Science, Technology and Research--Nanyang Technological University","Agency for Science, Technology and Research",Nanyang Technological University,amr_hai,1,Singapore,Singapore,Southeast Asia,Southeast Asia,0,1
"Agency for Science, Technology and Research--National University Health System#amr_hai","Agency for Science, Technology and Research--National University Health System","Agency for Science, Technology and Research",National University Health System,amr_hai,1,Singapore,Singapore,Southeast Asia,Southeast Asia,0,1
"Agency for Science, Technology and Research--National University Hospital#amr_hai","Agency for Science, Technology and Research--National University Hospital","Agency for Science, Technology and Research",National University Hospital,amr_hai,1,Singapore,Singapore,Southeast Asia,Southeast Asia,0,1
"Agency for Science, Technology and Research--National University of Singapore#amr_hai","Agency for Science, Technology and Research--National University of Singapore","Agency for Science, Technology and Research",National University of Singapore,amr_hai,1,Singapore,Singapore,Southeast Asia,Southeast Asia,0,1
KK Women's and Children's Hospital--National University Health System#amr_hai,KK Women's and Children's Hospital--National University Health System,KK Women's and Children's Hospital,National University Health System,amr_hai,1,Singapore,Singapore,Southeast Asia,Southeast Asia,0,1
KK Women's and Children's Hospital--National University Hospital#amr_hai,KK Women's and Children's Hospital--National University Hospital,KK Women's and Children's Hospital,National University Hospital,amr_hai,1,Singapore,Singapore,Southeast Asia,Southeast Asia,0,1
Nanyang Technological University--National University Hospital#amr_hai,Nanyang Technological University--National University Hospital,Nanyang Technological University,National University Hospital,amr_hai,1,Singapore,Singapore,Southeast Asia,Southeast Asia,0,1
"Agency for Science, Technology and Research--Nanyang Technological University#rti","Agency for Science, Technology and Research--Nanyang Technological University","Agency for Science, Technology and Research",Nanyang Technological University,rti,1,Singapore,Singapore,Southeast Asia,Southeast Asia,0,1
Bioinformatics Institute--Nanyang Technological University#rti,Bioinformatics Institute--Nanyang Technological University,Bioinformatics Institute,Nanyang Technological University,rti,1,United Kingdom,Singapore,Europe,Southeast Asia,1,1
"Agency for Science, Technology and Research--Experimental Drug Development Centre#amr_hai","Agency for Science, Technology and Research--Experimental Drug Development Centre","Agency for Science, Technology and Research",Experimental Drug Development Centre,amr_hai,1,Singapore,Singapore,Southeast Asia,Southeast Asia,0,1
National University of Singapore--University of Malaya#sti,National University of Singapore--University of Malaya,National University of Singapore,University of Malaya,sti,1,Singapore,Malaysia,Southeast Asia,Southeast Asia,1,1
Harvard University--SingHealth#sti,Harvard University--SingHealth,Harvard University,SingHealth,sti,1,United States,Singapore,North America,Southeast Asia,1,1
Duke-NUS Medical School--SingHealth#vector_borne,Duke-NUS Medical School--SingHealth,Duke-NUS Medical School,SingHealth,vector_borne,1,Singapore,Singapore,Southeast Asia,Southeast Asia,0,1
Duke-NUS Medical School--Singapore General Hospital#vector_borne,Duke-NUS Medical School--Singapore General Hospital,Duke-NUS Medical School,Singapore General Hospital,vector_borne,1,Singapore,Singapore,Southeast Asia,Southeast Asia,0,1
National University of Singapore--Singapore General Hospital#vector_borne,National University of Singapore--Singapore General Hospital,National University of Singapore,Singapore General Hospital,vector_borne,1,Singapore,Singapore,Southeast Asia,Southeast Asia,0,1
SingHealth--Singapore General Hospital#vector_borne,SingHealth--Singapore General Hospital,SingHealth,Singapore General Hospital,vector_borne,1,Singapore,Singapore,Southeast Asia,Southeast Asia,0,1
Duke-NUS Medical School--Johns Hopkins University#amr_hai,Duke-NUS Medical School--Johns Hopkins University,Duke-NUS Medical School,Johns Hopkins University,amr_hai,1,Singapore,United States,Southeast Asia,North America,1,1
Communicable Diseases Agency--National Centre for Infectious Diseases#tb,Communicable Diseases Agency--National Centre for Infectious Diseases,Communicable Diseases Agency,National Centre for Infectious Diseases,tb,1,Singapore,Singapore,Southeast Asia,Southeast Asia,0,1
Communicable Diseases Agency--Tan Tock Seng Hospital#tb,Communicable Diseases Agency--Tan Tock Seng Hospital,Communicable Diseases Agency,Tan Tock Seng Hospital,tb,1,Singapore,Singapore,Southeast Asia,Southeast Asia,0,1
KK Women's and Children's Hospital--Nanyang Technological University#vector_borne,KK Women's and Children's Hospital--Nanyang Technological University,KK Women's and Children's Hospital,Nanyang Technological University,vector_borne,1,Singapore,Singapore,Southeast Asia,Southeast Asia,0,1
KK Women's and Children's Hospital--National University of Singapore#vector_borne,KK Women's and Children's Hospital--National University of Singapore,KK Women's and Children's Hospital,National University of Singapore,vector_borne,1,Singapore,Singapore,Southeast Asia,Southeast Asia,0,1
"Agency for Science, Technology and Research--University of Oxford#rti","Agency for Science, Technology and Research--University of Oxford","Agency for Science, Technology and Research",University of Oxford,rti,1,Singapore,United Kingdom,Southeast Asia,Europe,1,1
Nanyang Technological University--University of Malaya#vector_borne,Nanyang Technological University--University of Malaya,Nanyang Technological University,University of Malaya,vector_borne,1,Singapore,Malaysia,Southeast Asia,Southeast Asia,1,1
Duke-NUS Medical School--National Cancer Centre Singapore#sti,Duke-NUS Medical School--National Cancer Centre Singapore,Duke-NUS Medical School,National Cancer Centre Singapore,sti,1,Singapore,Singapore,Southeast Asia,Southeast Asia,0,1
Duke-NUS Medical School--National Skin Centre#sti,Duke-NUS Medical School--National Skin Centre,Duke-NUS Medical School,National Skin Centre,sti,1,Singapore,Singapore,Southeast Asia,Southeast Asia,0,1
Duke-NUS Medical School--National University Hospital#sti,Duke-NUS Medical School--National University Hospital,Duke-NUS Medical School,National University Hospital,sti,1,Singapore,Singapore,Southeast Asia,Southeast Asia,0,1
Duke-NUS Medical School--Singapore General Hospital#sti,Duke-NUS Medical School--Singapore General Hospital,Duke-NUS Medical School,Singapore General Hospital,sti,1,Singapore,Singapore,Southeast Asia,Southeast Asia,0,1
National Cancer Centre Singapore--National Skin Centre#sti,National Cancer Centre Singapore--National Skin Centre,National Cancer Centre Singapore,National Skin Centre,sti,1,Singapore,Singapore,Southeast Asia,Southeast Asia,0,1
National Cancer Centre Singapore--National University Hospital#sti,National Cancer Centre Singapore--National University Hospital,National Cancer Centre Singapore,National University Hospital,sti,1,Singapore,Singapore,Southeast Asia,Southeast Asia,0,1
National Cancer Centre Singapore--Singapore General Hospital#sti,National Cancer Centre Singapore--Singapore General Hospital,National Cancer Centre Singapore,Singapore General Hospital,sti,1,Singapore,Singapore,Southeast Asia,Southeast Asia,0,1
National Skin Centre--National University Hospital#sti,National Skin Centre--National University Hospital,National Skin Centre,National University Hospital,sti,1,Singapore,Singapore,Southeast Asia,Southeast Asia,0,1
Johns Hopkins University--London School of Hygiene & Tropical Medicine#rti,Johns Hopkins University--London School of Hygiene & Tropical Medicine,Johns Hopkins University,London School of Hygiene & Tropical Medicine,rti,1,United States,United Kingdom,North America,Europe,1,0
Johns Hopkins University--Mahidol University#rti,Johns Hopkins University--Mahidol University,Johns Hopkins University,Mahidol University,rti,1,United States,Thailand,North America,Southeast Asia,1,0
Johns Hopkins University--National University of Singapore#rti,Johns Hopkins University--National University of Singapore,Johns Hopkins University,National University of Singapore,rti,1,United States,Singapore,North America,Southeast Asia,1,1
Johns Hopkins University--Oxford University Clinical Research Unit#rti,Johns Hopkins University--Oxford University Clinical Research Unit,Johns Hopkins University,Oxford University Clinical Research Unit,rti,1,United States,Viet Nam,North America,Southeast Asia,1,0
Johns Hopkins University--University of Cambridge#rti,Johns Hopkins University--University of Cambridge,Johns Hopkins University,University of Cambridge,rti,1,United States,United Kingdom,North America,Europe,1,0
Johns Hopkins University--University of Hong Kong#rti,Johns Hopkins University--University of Hong Kong,Johns Hopkins University,University of Hong Kong,rti,1,United States,Hong Kong SAR,North America,East Asia,1,0
Johns Hopkins University--University of Melbourne#rti,Johns Hopkins University--University of Melbourne,Johns Hopkins University,University of Melbourne,rti,1,United States,Australia,North America,Oceania,1,0
Johns Hopkins University--University of Oxford#rti,Johns Hopkins University--University of Oxford,Johns Hopkins University,University of Oxford,rti,1,United States,United Kingdom,North America,Europe,1,0
London School of Hygiene & Tropical Medicine--Mahidol University#rti,London School of Hygiene & Tropical Medicine--Mahidol University,London School of Hygiene & Tropical Medicine,Mahidol University,rti,1,United Kingdom,Thailand,Europe,Southeast Asia,1,0
London School of Hygiene & Tropical Medicine--Oxford University Clinical Research Unit#rti,London School of Hygiene & Tropical Medicine--Oxford University Clinical Research Unit,London School of Hygiene & Tropical Medicine,Oxford University Clinical Research Unit,rti,1,United Kingdom,Viet Nam,Europe,Southeast Asia,1,0
London School of Hygiene & Tropical Medicine--University of Cambridge#rti,London School of Hygiene & Tropical Medicine--University of Cambridge,London School of Hygiene & Tropical Medicine,University of Cambridge,rti,1,United Kingdom,United Kingdom,Europe,Europe,0,0
London School of Hygiene & Tropical Medicine--University of Hong Kong#rti,London School of Hygiene & Tropical Medicine--University of Hong Kong,London School of Hygiene & Tropical Medicine,University of Hong Kong,rti,1,United Kingdom,Hong Kong SAR,Europe,East Asia,1,0
London School of Hygiene & Tropical Medicine--University of Melbourne#rti,London School of Hygiene & Tropical Medicine--University of Melbourne,London School of Hygiene & Tropical Medicine,University of Melbourne,rti,1,United Kingdom,Australia,Europe,Oceania,1,0
London School of Hygiene & Tropical Medicine--University of Oxford#rti,London School of Hygiene & Tropical Medicine--University of Oxford,London School of Hygiene & Tropical Medicine,University of Oxford,rti,1,United Kingdom,United Kingdom,Europe,Europe,0,0
Mahidol University--National University of Singapore#rti,Mahidol University--National University of Singapore,Mahidol University,National University of Singapore,rti,1,Thailand,Singapore,Southeast Asia,Southeast Asia,1,1
Mahidol University--Oxford University Clinical Research Unit#rti,Mahidol University--Oxford University Clinical Research Unit,Mahidol University,Oxford University Clinical Research Unit,rti,1,Thailand,Viet Nam,Southeast Asia,Southeast Asia,1,0
Mahidol University--University of Cambridge#rti,Mahidol University--University of Cambridge,Mahidol University,University of Cambridge,rti,1,Thailand,United Kingdom,Southeast Asia,Europe,1,0
Mahidol University--University of Hong Kong#rti,Mahidol University--University of Hong Kong,Mahidol University,University of Hong Kong,rti,1,Thailand,Hong Kong SAR,Southeast Asia,East Asia,1,0
Mahidol University--University of Melbourne#rti,Mahidol University--University of Melbourne,Mahidol University,University of Melbourne,rti,1,Thailand,Australia,Southeast Asia,Oceania,1,0
Mahidol University--University of Oxford#rti,Mahidol University--University of Oxford,Mahidol University,University of Oxford,rti,1,Thailand,United Kingdom,Southeast Asia,Europe,1,0
National University of Singapore--Oxford University Clinical Research Unit#rti,National University of Singapore--Oxford University Clinical Research Unit,National University of Singapore,Oxford University Clinical Research Unit,rti,1,Singapore,Viet Nam,Southeast Asia,Southeast Asia,1,1
National University of Singapore--University of Cambridge#rti,National University of Singapore--University of Cambridge,National University of Singapore,University of Cambridge,rti,1,Singapore,United Kingdom,Southeast Asia,Europe,1,1
National University of Singapore--University of Hong Kong#rti,National University of Singapore--University of Hong Kong,National University of Singapore,University of Hong Kong,rti,1,Singapore,Hong Kong SAR,Southeast Asia,East Asia,1,1
National University of Singapore--University of Melbourne#rti,National University of Singapore--University of Melbourne,National University of Singapore,University of Melbourne,rti,1,Singapore,Australia,Southeast Asia,Oceania,1,1
National University of Singapore--University of Oxford#rti,National University of Singapore--University of Oxford,National University of Singapore,University of Oxford,rti,1,Singapore,United Kingdom,Southeast Asia,Europe,1,1
Oxford University Clinical Research Unit--University of Cambridge#rti,Oxford University Clinical Research Unit--University of Cambridge,Oxford University Clinical Research Unit,University of Cambridge,rti,1,Viet Nam,United Kingdom,Southeast Asia,Europe,1,0
Oxford University Clinical Research Unit--University of Hong Kong#rti,Oxford University Clinical Research Unit--University of Hong Kong,Oxford University Clinical Research Unit,University of Hong Kong,rti,1,Viet Nam,Hong Kong SAR,Southeast Asia,East Asia,1,0
Oxford University Clinical Research Unit--University of Melbourne#rti,Oxford University Clinical Research Unit--University of Melbourne,Oxford University Clinical Research Unit,University of Melbourne,rti,1,Viet Nam,Australia,Southeast Asia,Oceania,1,0
Oxford University Clinical Research Unit--University of Oxford#rti,Oxford University Clinical Research Unit--University of Oxford,Oxford University Clinical Research Unit,University of Oxford,rti,1,Viet Nam,United Kingdom,Southeast Asia,Europe,1,0
University of Cambridge--University of Hong Kong#rti,University of Cambridge--University of Hong Kong,University of Cambridge,University of Hong Kong,rti,1,United Kingdom,Hong Kong SAR,Europe,East Asia,1,0
University of Cambridge--University of Melbourne#rti,University of Cambridge--University of Melbourne,University of Cambridge,University of Melbourne,rti,1,United Kingdom,Australia,Europe,Oceania,1,0
University of Cambridge--University of Oxford#rti,University of Cambridge--University of Oxford,University of Cambridge,University of Oxford,rti,1,United Kingdom,United Kingdom,Europe,Europe,0,0
University of Hong Kong--University of Melbourne#rti,University of Hong Kong--University of Melbourne,University of Hong Kong,University of Melbourne,rti,1,Hong Kong SAR,Australia,East Asia,Oceania,1,0
University of Hong Kong--University of Oxford#rti,University of Hong Kong--University of Oxford,University of Hong Kong,University of Oxford,rti,1,Hong Kong SAR,United Kingdom,East Asia,Europe,1,0
University of Melbourne--University of Oxford#rti,University of Melbourne--University of Oxford,University of Melbourne,University of Oxford,rti,1,Australia,United Kingdom,Oceania,Europe,1,0
Mahidol University--Singapore Food Agency#amr_hai,Mahidol University--Singapore Food Agency,Mahidol University,Singapore Food Agency,amr_hai,1,Thailand,Singapore,Southeast Asia,Southeast Asia,1,1
Mahidol University--Tan Tock Seng Hospital#amr_hai,Mahidol University--Tan Tock Seng Hospital,Mahidol University,Tan Tock Seng Hospital,amr_hai,1,Thailand,Singapore,Southeast Asia,Southeast Asia,1,1
Singapore Food Agency--Tan Tock Seng Hospital#amr_hai,Singapore Food Agency--Tan Tock Seng Hospital,Singapore Food Agency,Tan Tock Seng Hospital,amr_hai,1,Singapore,Singapore,Southeast Asia,Southeast Asia,0,1
London School of Hygiene & Tropical Medicine--Singapore Immunology Network#vector_borne,London School of Hygiene & Tropical Medicine--Singapore Immunology Network,London School of Hygiene & Tropical Medicine,Singapore Immunology Network,vector_borne,1,United Kingdom,Singapore,Europe,Southeast Asia,1,1
"A*STAR Infectious Diseases Labs--Agency for Science, Technology and Research#tb","A*STAR Infectious Diseases Labs--Agency for Science, Technology and Research",A*STAR Infectious Diseases Labs,"Agency for Science, Technology and Research",tb,1,Singapore,Singapore,Southeast Asia,Southeast Asia,0,1
A*STAR Infectious Diseases Labs--Genome Institute of Singapore#tb,A*STAR Infectious Diseases Labs--Genome Institute of Singapore,A*STAR Infectious Diseases Labs,Genome Institute of Singapore,tb,1,Singapore,Singapore,Southeast Asia,Southeast Asia,0,1
A*STAR Infectious Diseases Labs--National University Health System#tb,A*STAR Infectious Diseases Labs--National University Health System,A*STAR Infectious Diseases Labs,National University Health System,tb,1,Singapore,Singapore,Southeast Asia,Southeast Asia,0,1
A*STAR Infectious Diseases Labs--Oxford University Clinical Research Unit#tb,A*STAR Infectious Diseases Labs--Oxford University Clinical Research Unit,A*STAR Infectious Diseases Labs,Oxford University Clinical Research Unit,tb,1,Singapore,Viet Nam,Southeast Asia,Southeast Asia,1,1
A*STAR Infectious Diseases Labs--Singapore Immunology Network#tb,A*STAR Infectious Diseases Labs--Singapore Immunology Network,A*STAR Infectious Diseases Labs,Singapore Immunology Network,tb,1,Singapore,Singapore,Southeast Asia,Southeast Asia,0,1
A*STAR Infectious Diseases Labs--Tan Tock Seng Hospital#tb,A*STAR Infectious Diseases Labs--Tan Tock Seng Hospital,A*STAR Infectious Diseases Labs,Tan Tock Seng Hospital,tb,1,Singapore,Singapore,Southeast Asia,Southeast Asia,0,1
A*STAR Infectious Diseases Labs--University of Melbourne#tb,A*STAR Infectious Diseases Labs--University of Melbourne,A*STAR Infectious Diseases Labs,University of Melbourne,tb,1,Singapore,Australia,Southeast Asia,Oceania,1,1
"Agency for Science, Technology and Research--Genome Institute of Singapore#tb","Agency for Science, Technology and Research--Genome Institute of Singapore","Agency for Science, Technology and Research",Genome Institute of Singapore,tb,1,Singapore,Singapore,Southeast Asia,Southeast Asia,0,1
"Agency for Science, Technology and Research--Nanyang Technological University#tb","Agency for Science, Technology and Research--Nanyang Technological University","Agency for Science, Technology and Research",Nanyang Technological University,tb,1,Singapore,Singapore,Southeast Asia,Southeast Asia,0,1
"Agency for Science, Technology and Research--National University Health System#tb","Agency for Science, Technology and Research--National University Health System","Agency for Science, Technology and Research",National University Health System,tb,1,Singapore,Singapore,Southeast Asia,Southeast Asia,0,1
"Agency for Science, Technology and Research--National University of Singapore#tb","Agency for Science, Technology and Research--National University of Singapore","Agency for Science, Technology and Research",National University of Singapore,tb,1,Singapore,Singapore,Southeast Asia,Southeast Asia,0,1
"Agency for Science, Technology and Research--Oxford University Clinical Research Unit#tb","Agency for Science, Technology and Research--Oxford University Clinical Research Unit","Agency for Science, Technology and Research",Oxford University Clinical Research Unit,tb,1,Singapore,Viet Nam,Southeast Asia,Southeast Asia,1,1
"Agency for Science, Technology and Research--Singapore Immunology Network#tb","Agency for Science, Technology and Research--Singapore Immunology Network","Agency for Science, Technology and Research",Singapore Immunology Network,tb,1,Singapore,Singapore,Southeast Asia,Southeast Asia,0,1
"Agency for Science, Technology and Research--Tan Tock Seng Hospital#tb","Agency for Science, Technology and Research--Tan Tock Seng Hospital","Agency for Science, Technology and Research",Tan Tock Seng Hospital,tb,1,Singapore,Singapore,Southeast Asia,Southeast Asia,0,1
"Agency for Science, Technology and Research--University of Melbourne#tb","Agency for Science, Technology and Research--University of Melbourne","Agency for Science, Technology and Research",University of Melbourne,tb,1,Singapore,Australia,Southeast Asia,Oceania,1,1
Genome Institute of Singapore--Nanyang Technological University#tb,Genome Institute of Singapore--Nanyang Technological University,Genome Institute of Singapore,Nanyang Technological University,tb,1,Singapore,Singapore,Southeast Asia,Southeast Asia,0,1
Genome Institute of Singapore--National University Health System#tb,Genome Institute of Singapore--National University Health System,Genome Institute of Singapore,National University Health System,tb,1,Singapore,Singapore,Southeast Asia,Southeast Asia,0,1
Genome Institute of Singapore--National University of Singapore#tb,Genome Institute of Singapore--National University of Singapore,Genome Institute of Singapore,National University of Singapore,tb,1,Singapore,Singapore,Southeast Asia,Southeast Asia,0,1
Genome Institute of Singapore--Oxford University Clinical Research Unit#tb,Genome Institute of Singapore--Oxford University Clinical Research Unit,Genome Institute of Singapore,Oxford University Clinical Research Unit,tb,1,Singapore,Viet Nam,Southeast Asia,Southeast Asia,1,1
Genome Institute of Singapore--Singapore Immunology Network#tb,Genome Institute of Singapore--Singapore Immunology Network,Genome Institute of Singapore,Singapore Immunology Network,tb,1,Singapore,Singapore,Southeast Asia,Southeast Asia,0,1
Genome Institute of Singapore--Tan Tock Seng Hospital#tb,Genome Institute of Singapore--Tan Tock Seng Hospital,Genome Institute of Singapore,Tan Tock Seng Hospital,tb,1,Singapore,Singapore,Southeast Asia,Southeast Asia,0,1
Genome Institute of Singapore--University of Melbourne#tb,Genome Institute of Singapore--University of Melbourne,Genome Institute of Singapore,University of Melbourne,tb,1,Singapore,Australia,Southeast Asia,Oceania,1,1
Nanyang Technological University--National University Health System#tb,Nanyang Technological University--National University Health System,Nanyang Technological University,National University Health System,tb,1,Singapore,Singapore,Southeast Asia,Southeast Asia,0,1
Nanyang Technological University--Oxford University Clinical Research Unit#tb,Nanyang Technological University--Oxford University Clinical Research Unit,Nanyang Technological University,Oxford University Clinical Research Unit,tb,1,Singapore,Viet Nam,Southeast Asia,Southeast Asia,1,1
Nanyang Technological University--Singapore Immunology Network#tb,Nanyang Technological University--Singapore Immunology Network,Nanyang Technological University,Singapore Immunology Network,tb,1,Singapore,Singapore,Southeast Asia,Southeast Asia,0,1
Nanyang Technological University--University of Melbourne#tb,Nanyang Technological University--University of Melbourne,Nanyang Technological University,University of Melbourne,tb,1,Singapore,Australia,Southeast Asia,Oceania,1,1
National University Health System--Singapore Immunology Network#tb,National University Health System--Singapore Immunology Network,National University Health System,Singapore Immunology Network,tb,1,Singapore,Singapore,Southeast Asia,Southeast Asia,0,1
National University Health System--Tan Tock Seng Hospital#tb,National University Health System--Tan Tock Seng Hospital,National University Health System,Tan Tock Seng Hospital,tb,1,Singapore,Singapore,Southeast Asia,Southeast Asia,0,1
National University of Singapore--Singapore Immunology Network#tb,National University of Singapore--Singapore Immunology Network,National University of Singapore,Singapore Immunology Network,tb,1,Singapore,Singapore,Southeast Asia,Southeast Asia,0,1
Oxford University Clinical Research Unit--Singapore Immunology Network#tb,Oxford University Clinical Research Unit--Singapore Immunology Network,Oxford University Clinical Research Unit,Singapore Immunology Network,tb,1,Viet Nam,Singapore,Southeast Asia,Southeast Asia,1,1
Oxford University Clinical Research Unit--Tan Tock Seng Hospital#tb,Oxford University Clinical Research Unit--Tan Tock Seng Hospital,Oxford University Clinical Research Unit,Tan Tock Seng Hospital,tb,1,Viet Nam,Singapore,Southeast Asia,Southeast Asia,1,1
Singapore Immunology Network--Tan Tock Seng Hospital#tb,Singapore Immunology Network--Tan Tock Seng Hospital,Singapore Immunology Network,Tan Tock Seng Hospital,tb,1,Singapore,Singapore,Southeast Asia,Southeast Asia,0,1
Singapore Immunology Network--University of Melbourne#tb,Singapore Immunology Network--University of Melbourne,Singapore Immunology Network,University of Melbourne,tb,1,Singapore,Australia,Southeast Asia,Oceania,1,1
Tan Tock Seng Hospital--University of Melbourne#tb,Tan Tock Seng Hospital--University of Melbourne,Tan Tock Seng Hospital,University of Melbourne,tb,1,Singapore,Australia,Southeast Asia,Oceania,1,1
Mahidol University--Nanyang Technological University#vector_borne,Mahidol University--Nanyang Technological University,Mahidol University,Nanyang Technological University,vector_borne,1,Thailand,Singapore,Southeast Asia,Southeast Asia,1,1
Duke-NUS Medical School--Johns Hopkins University#tb,Duke-NUS Medical School--Johns Hopkins University,Duke-NUS Medical School,Johns Hopkins University,tb,1,Singapore,United States,Southeast Asia,North America,1,1
Johns Hopkins University--Nanyang Technological University#tb,Johns Hopkins University--Nanyang Technological University,Johns Hopkins University,Nanyang Technological University,tb,1,United States,Singapore,North America,Southeast Asia,1,1
Johns Hopkins University--Tan Tock Seng Hospital#tb,Johns Hopkins University--Tan Tock Seng Hospital,Johns Hopkins University,Tan Tock Seng Hospital,tb,1,United States,Singapore,North America,Southeast Asia,1,1
Johns Hopkins University--Universitas Indonesia#tb,Johns Hopkins University--Universitas Indonesia,Johns Hopkins University,Universitas Indonesia,tb,1,United States,Indonesia,North America,Southeast Asia,1,0
Duke-NUS Medical School--London School of Hygiene & Tropical Medicine#sti,Duke-NUS Medical School--London School of Hygiene & Tropical Medicine,Duke-NUS Medical School,London School of Hygiene & Tropical Medicine,sti,1,Singapore,United Kingdom,Southeast Asia,Europe,1,1
Duke-NUS Medical School--University of Hong Kong#sti,Duke-NUS Medical School--University of Hong Kong,Duke-NUS Medical School,University of Hong Kong,sti,1,Singapore,Hong Kong SAR,Southeast Asia,East Asia,1,1
National Cancer Centre Singapore--University of Hong Kong#tb,National Cancer Centre Singapore--University of Hong Kong,National Cancer Centre Singapore,University of Hong Kong,tb,1,Singapore,Hong Kong SAR,Southeast Asia,East Asia,1,1
Singapore General Hospital--University of Hong Kong#tb,Singapore General Hospital--University of Hong Kong,Singapore General Hospital,University of Hong Kong,tb,1,Singapore,Hong Kong SAR,Southeast Asia,East Asia,1,1
Tan Tock Seng Hospital--University of Hong Kong#tb,Tan Tock Seng Hospital--University of Hong Kong,Tan Tock Seng Hospital,University of Hong Kong,tb,1,Singapore,Hong Kong SAR,Southeast Asia,East Asia,1,1
Mahidol University--University of Malaya#vector_borne,Mahidol University--University of Malaya,Mahidol University,University of Malaya,vector_borne,1,Thailand,Malaysia,Southeast Asia,Southeast Asia,1,0
Harvard University--US Centers for Disease Control and Prevention#tb,Harvard University--US Centers for Disease Control and Prevention,Harvard University,US Centers for Disease Control and Prevention,tb,1,United States,United States,North America,North America,0,0
London School of Hygiene & Tropical Medicine--US Centers for Disease Control and Prevention#tb,London School of Hygiene & Tropical Medicine--US Centers for Disease Control and Prevention,London School of Hygiene & Tropical Medicine,US Centers for Disease Control and Prevention,tb,1,United Kingdom,United States,Europe,North America,1,0
Duke-NUS Medical School--KK Women's and Children's Hospital#amr_hai,Duke-NUS Medical School--KK Women's and Children's Hospital,Duke-NUS Medical School,KK Women's and Children's Hospital,amr_hai,1,Singapore,Singapore,Southeast Asia,Southeast Asia,0,1
Duke-NUS Medical School--Singapore General Hospital#amr_hai,Duke-NUS Medical School--Singapore General Hospital,Duke-NUS Medical School,Singapore General Hospital,amr_hai,1,Singapore,Singapore,Southeast Asia,Southeast Asia,0,1
KK Women's and Children's Hospital--Singapore General Hospital#amr_hai,KK Women's and Children's Hospital--Singapore General Hospital,KK Women's and Children's Hospital,Singapore General Hospital,amr_hai,1,Singapore,Singapore,Southeast Asia,Southeast Asia,0,1
Johns Hopkins University--National University of Singapore#sti,Johns Hopkins University--National University of Singapore,Johns Hopkins University,National University of Singapore,sti,1,United States,Singapore,North America,Southeast Asia,1,1
Johns Hopkins University--University of Oxford#sti,Johns Hopkins University--University of Oxford,Johns Hopkins University,University of Oxford,sti,1,United States,United Kingdom,North America,Europe,1,0
Nanyang Technological University--SingHealth#amr_hai,Nanyang Technological University--SingHealth,Nanyang Technological University,SingHealth,amr_hai,1,Singapore,Singapore,Southeast Asia,Southeast Asia,0,1
National Centre for Infectious Diseases--SingHealth#amr_hai,National Centre for Infectious Diseases--SingHealth,National Centre for Infectious Diseases,SingHealth,amr_hai,1,Singapore,Singapore,Southeast Asia,Southeast Asia,0,1
National Centre for Infectious Diseases--Singapore General Hospital#amr_hai,National Centre for Infectious Diseases--Singapore General Hospital,National Centre for Infectious Diseases,Singapore General Hospital,amr_hai,1,Singapore,Singapore,Southeast Asia,Southeast Asia,0,1
National University of Singapore--SingHealth#amr_hai,National University of Singapore--SingHealth,National University of Singapore,SingHealth,amr_hai,1,Singapore,Singapore,Southeast Asia,Southeast Asia,0,1
SingHealth--Singapore General Hospital#amr_hai,SingHealth--Singapore General Hospital,SingHealth,Singapore General Hospital,amr_hai,1,Singapore,Singapore,Southeast Asia,Southeast Asia,0,1
SingHealth--Tan Tock Seng Hospital#amr_hai,SingHealth--Tan Tock Seng Hospital,SingHealth,Tan Tock Seng Hospital,amr_hai,1,Singapore,Singapore,Southeast Asia,Southeast Asia,0,1
SingHealth--University of Melbourne#amr_hai,SingHealth--University of Melbourne,SingHealth,University of Melbourne,amr_hai,1,Singapore,Australia,Southeast Asia,Oceania,1,1
Singapore General Hospital--Tan Tock Seng Hospital#amr_hai,Singapore General Hospital--Tan Tock Seng Hospital,Singapore General Hospital,Tan Tock Seng Hospital,amr_hai,1,Singapore,Singapore,Southeast Asia,Southeast Asia,0,1
Singapore General Hospital--University of Melbourne#amr_hai,Singapore General Hospital--University of Melbourne,Singapore General Hospital,University of Melbourne,amr_hai,1,Singapore,Australia,Southeast Asia,Oceania,1,1
Duke-NUS Medical School--Nanyang Technological University#sti,Duke-NUS Medical School--Nanyang Technological University,Duke-NUS Medical School,Nanyang Technological University,sti,1,Singapore,Singapore,Southeast Asia,Southeast Asia,0,1
National University Hospital--Woodlands Health#rti,National University Hospital--Woodlands Health,National University Hospital,Woodlands Health,rti,1,Singapore,Singapore,Southeast Asia,Southeast Asia,0,1
National University of Singapore--Woodlands Health#rti,National University of Singapore--Woodlands Health,National University of Singapore,Woodlands Health,rti,1,Singapore,Singapore,Southeast Asia,Southeast Asia,0,1
Tan Tock Seng Hospital--Woodlands Health#rti,Tan Tock Seng Hospital--Woodlands Health,Tan Tock Seng Hospital,Woodlands Health,rti,1,Singapore,Singapore,Southeast Asia,Southeast Asia,0,1
London School of Hygiene & Tropical Medicine--University of Oxford#sti,London School of Hygiene & Tropical Medicine--University of Oxford,London School of Hygiene & Tropical Medicine,University of Oxford,sti,1,United Kingdom,United Kingdom,Europe,Europe,0,0
London School of Hygiene & Tropical Medicine--National University Health System#tb,London School of Hygiene & Tropical Medicine--National University Health System,London School of Hygiene & Tropical Medicine,National University Health System,tb,1,United Kingdom,Singapore,Europe,Southeast Asia,1,1
London School of Hygiene & Tropical Medicine--Oxford University Clinical Research Unit#tb,London School of Hygiene & Tropical Medicine--Oxford University Clinical Research Unit,London School of Hygiene & Tropical Medicine,Oxford University Clinical Research Unit,tb,1,United Kingdom,Viet Nam,Europe,Southeast Asia,1,0
London School of Hygiene & Tropical Medicine--University of Oxford#tb,London School of Hygiene & Tropical Medicine--University of Oxford,London School of Hygiene & Tropical Medicine,University of Oxford,tb,1,United Kingdom,United Kingdom,Europe,Europe,0,0
National University Health System--University of Oxford#tb,National University Health System--University of Oxford,National University Health System,University of Oxford,tb,1,Singapore,United Kingdom,Southeast Asia,Europe,1,1
Oxford University Clinical Research Unit--University of Oxford#tb,Oxford University Clinical Research Unit--University of Oxford,Oxford University Clinical Research Unit,University of Oxford,tb,1,Viet Nam,United Kingdom,Southeast Asia,Europe,1,0
University of Melbourne--University of Oxford#tb,University of Melbourne--University of Oxford,University of Melbourne,University of Oxford,tb,1,Australia,United Kingdom,Oceania,Europe,1,0
National University of Singapore--World Health Organization#amr_hai,National University of Singapore--World Health Organization,National University of Singapore,World Health Organization,amr_hai,1,Singapore,Switzerland,Southeast Asia,Europe,1,1
University of Malaya--World Health Organization#vector_borne,University of Malaya--World Health Organization,University of Malaya,World Health Organization,vector_borne,1,Malaysia,Switzerland,Southeast Asia,Europe,1,0
Nanyang Technological University--University of Hong Kong#rti,Nanyang Technological University--University of Hong Kong,Nanyang Technological University,University of Hong Kong,rti,1,Singapore,Hong Kong SAR,Southeast Asia,East Asia,1,1
A*STAR Infectious Diseases Labs--Oxford University Clinical Research Unit#other_id,A*STAR Infectious Diseases Labs--Oxford University Clinical Research Unit,A*STAR Infectious Diseases Labs,Oxford University Clinical Research Unit,other_id,1,Singapore,Viet Nam,Southeast Asia,Southeast Asia,1,1
A*STAR Infectious Diseases Labs--University of Oxford#other_id,A*STAR Infectious Diseases Labs--University of Oxford,A*STAR Infectious Diseases Labs,University of Oxford,other_id,1,Singapore,United Kingdom,Southeast Asia,Europe,1,1
Oxford University Clinical Research Unit--University of Oxford#other_id,Oxford University Clinical Research Unit--University of Oxford,Oxford University Clinical Research Unit,University of Oxford,other_id,1,Viet Nam,United Kingdom,Southeast Asia,Europe,1,0
A*STAR Infectious Diseases Labs--Temasek Life Sciences Laboratory#other_id,A*STAR Infectious Diseases Labs--Temasek Life Sciences Laboratory,A*STAR Infectious Diseases Labs,Temasek Life Sciences Laboratory,other_id,1,Singapore,Singapore,Southeast Asia,Southeast Asia,0,1
National University of Singapore--University of Hong Kong#sti,National University of Singapore--University of Hong Kong,National University of Singapore,University of Hong Kong,sti,1,Singapore,Hong Kong SAR,Southeast Asia,East Asia,1,1
Alexandra Hospital--National University Health System#rti,Alexandra Hospital--National University Health System,Alexandra Hospital,National University Health System,rti,1,Singapore,Singapore,Southeast Asia,Southeast Asia,0,1
Alexandra Hospital--National University of Singapore#rti,Alexandra Hospital--National University of Singapore,Alexandra Hospital,National University of Singapore,rti,1,Singapore,Singapore,Southeast Asia,Southeast Asia,0,1
Alexandra Hospital--Tan Tock Seng Hospital#rti,Alexandra Hospital--Tan Tock Seng Hospital,Alexandra Hospital,Tan Tock Seng Hospital,rti,1,Singapore,Singapore,Southeast Asia,Southeast Asia,0,1
Institute of Mental Health--National Centre for Infectious Diseases#amr_hai,Institute of Mental Health--National Centre for Infectious Diseases,Institute of Mental Health,National Centre for Infectious Diseases,amr_hai,1,Singapore,Singapore,Southeast Asia,Southeast Asia,0,1
Institute of Mental Health--National Public Health Laboratory#amr_hai,Institute of Mental Health--National Public Health Laboratory,Institute of Mental Health,National Public Health Laboratory,amr_hai,1,Singapore,Singapore,Southeast Asia,Southeast Asia,0,1
Institute of Mental Health--National University of Singapore#amr_hai,Institute of Mental Health--National University of Singapore,Institute of Mental Health,National University of Singapore,amr_hai,1,Singapore,Singapore,Southeast Asia,Southeast Asia,0,1
National Centre for Infectious Diseases--National Public Health Laboratory#amr_hai,National Centre for Infectious Diseases--National Public Health Laboratory,National Centre for Infectious Diseases,National Public Health Laboratory,amr_hai,1,Singapore,Singapore,Southeast Asia,Southeast Asia,0,1
National Public Health Laboratory--National University of Singapore#amr_hai,National Public Health Laboratory--National University of Singapore,National Public Health Laboratory,National University of Singapore,amr_hai,1,Singapore,Singapore,Southeast Asia,Southeast Asia,0,1
National Skin Centre--Peter Doherty Institute for Infection and Immunity#sti,National Skin Centre--Peter Doherty Institute for Infection and Immunity,National Skin Centre,Peter Doherty Institute for Infection and Immunity,sti,1,Singapore,Australia,Southeast Asia,Oceania,1,1
National University of Singapore--Singapore Immunology Network#rti,National University of Singapore--Singapore Immunology Network,National University of Singapore,Singapore Immunology Network,rti,1,Singapore,Singapore,Southeast Asia,Southeast Asia,0,1
National University Health System--National University Hospital#other_id,National University Health System--National University Hospital,National University Health System,National University Hospital,other_id,1,Singapore,Singapore,Southeast Asia,Southeast Asia,0,1
Duke-NUS Medical School--London School of Hygiene & Tropical Medicine#rti,Duke-NUS Medical School--London School of Hygiene & Tropical Medicine,Duke-NUS Medical School,London School of Hygiene & Tropical Medicine,rti,1,Singapore,United Kingdom,Southeast Asia,Europe,1,1
Mahidol University--Singapore General Hospital#vector_borne,Mahidol University--Singapore General Hospital,Mahidol University,Singapore General Hospital,vector_borne,1,Thailand,Singapore,Southeast Asia,Southeast Asia,1,1
Mahidol University--Takeda Pharmaceuticals#vector_borne,Mahidol University--Takeda Pharmaceuticals,Mahidol University,Takeda Pharmaceuticals,vector_borne,1,Thailand,United States,Southeast Asia,North America,1,0
Singapore General Hospital--Takeda Pharmaceuticals#vector_borne,Singapore General Hospital--Takeda Pharmaceuticals,Singapore General Hospital,Takeda Pharmaceuticals,vector_borne,1,Singapore,United States,Southeast Asia,North America,1,1
National University Health System--University of Hong Kong#rti,National University Health System--University of Hong Kong,National University Health System,University of Hong Kong,rti,1,Singapore,Hong Kong SAR,Southeast Asia,East Asia,1,1
Changi General Hospital--DSO National Laboratories#other_id,Changi General Hospital--DSO National Laboratories,Changi General Hospital,DSO National Laboratories,other_id,1,Singapore,Singapore,Southeast Asia,Southeast Asia,0,1
Changi General Hospital--National University Health System#other_id,Changi General Hospital--National University Health System,Changi General Hospital,National University Health System,other_id,1,Singapore,Singapore,Southeast Asia,Southeast Asia,0,1
DSO National Laboratories--National University Health System#other_id,DSO National Laboratories--National University Health System,DSO National Laboratories,National University Health System,other_id,1,Singapore,Singapore,Southeast Asia,Southeast Asia,0,1
DSO National Laboratories--National University of Singapore#other_id,DSO National Laboratories--National University of Singapore,DSO National Laboratories,National University of Singapore,other_id,1,Singapore,Singapore,Southeast Asia,Southeast Asia,0,1
DSO National Laboratories--Singapore General Hospital#other_id,DSO National Laboratories--Singapore General Hospital,DSO National Laboratories,Singapore General Hospital,other_id,1,Singapore,Singapore,Southeast Asia,Southeast Asia,0,1
National University Health System--National University of Singapore#other_id,National University Health System--National University of Singapore,National University Health System,National University of Singapore,other_id,1,Singapore,Singapore,Southeast Asia,Southeast Asia,0,1
National University Health System--Singapore General Hospital#other_id,National University Health System--Singapore General Hospital,National University Health System,Singapore General Hospital,other_id,1,Singapore,Singapore,Southeast Asia,Southeast Asia,0,1
Peter Doherty Institute for Infection and Immunity--SingHealth#vector_borne,Peter Doherty Institute for Infection and Immunity--SingHealth,Peter Doherty Institute for Infection and Immunity,SingHealth,vector_borne,1,Australia,Singapore,Oceania,Southeast Asia,1,1
Peter Doherty Institute for Infection and Immunity--Singapore Immunology Network#vector_borne,Peter Doherty Institute for Infection and Immunity--Singapore Immunology Network,Peter Doherty Institute for Infection and Immunity,Singapore Immunology Network,vector_borne,1,Australia,Singapore,Oceania,Southeast Asia,1,1
Duke-NUS Medical School--Mahidol University#amr_hai,Duke-NUS Medical School--Mahidol University,Duke-NUS Medical School,Mahidol University,amr_hai,1,Singapore,Thailand,Southeast Asia,Southeast Asia,1,1
Duke-NUS Medical School--University of Oxford#amr_hai,Duke-NUS Medical School--University of Oxford,Duke-NUS Medical School,University of Oxford,amr_hai,1,Singapore,United Kingdom,Southeast Asia,Europe,1,1
Khoo Teck Puat Hospital--Tan Tock Seng Hospital#tb,Khoo Teck Puat Hospital--Tan Tock Seng Hospital,Khoo Teck Puat Hospital,Tan Tock Seng Hospital,tb,1,Singapore,Singapore,Southeast Asia,Southeast Asia,0,1
Nanyang Technological University--Peter Doherty Institute for Infection and Immunity#vector_borne,Nanyang Technological University--Peter Doherty Institute for Infection and Immunity,Nanyang Technological University,Peter Doherty Institute for Infection and Immunity,vector_borne,1,Singapore,Australia,Southeast Asia,Oceania,1,1
Peter Doherty Institute for Infection and Immunity--University of Melbourne#vector_borne,Peter Doherty Institute for Infection and Immunity--University of Melbourne,Peter Doherty Institute for Infection and Immunity,University of Melbourne,vector_borne,1,Australia,Australia,Oceania,Oceania,0,0
National Cancer Centre Singapore--National Centre for Infectious Diseases#tb,National Cancer Centre Singapore--National Centre for Infectious Diseases,National Cancer Centre Singapore,National Centre for Infectious Diseases,tb,1,Singapore,Singapore,Southeast Asia,Southeast Asia,0,1
National University of Singapore--Temasek Life Sciences Laboratory#amr_hai,National University of Singapore--Temasek Life Sciences Laboratory,National University of Singapore,Temasek Life Sciences Laboratory,amr_hai,1,Singapore,Singapore,Southeast Asia,Southeast Asia,0,1
Duke-NUS Medical School--SingHealth#other_id,Duke-NUS Medical School--SingHealth,Duke-NUS Medical School,SingHealth,other_id,1,Singapore,Singapore,Southeast Asia,Southeast Asia,0,1
National University of Singapore--SingHealth#other_id,National University of Singapore--SingHealth,National University of Singapore,SingHealth,other_id,1,Singapore,Singapore,Southeast Asia,Southeast Asia,0,1
SingHealth--Singapore General Hospital#other_id,SingHealth--Singapore General Hospital,SingHealth,Singapore General Hospital,other_id,1,Singapore,Singapore,Southeast Asia,Southeast Asia,0,1
Harvard University--National University of Singapore#rti,Harvard University--National University of Singapore,Harvard University,National University of Singapore,rti,1,United States,Singapore,North America,Southeast Asia,1,1
Alexandra Hospital--National University Hospital#rti,Alexandra Hospital--National University Hospital,Alexandra Hospital,National University Hospital,rti,1,Singapore,Singapore,Southeast Asia,Southeast Asia,0,1
London School of Hygiene & Tropical Medicine--Mahidol University#amr_hai,London School of Hygiene & Tropical Medicine--Mahidol University,London School of Hygiene & Tropical Medicine,Mahidol University,amr_hai,1,United Kingdom,Thailand,Europe,Southeast Asia,1,0
London School of Hygiene & Tropical Medicine--Oxford University Clinical Research Unit#amr_hai,London School of Hygiene & Tropical Medicine--Oxford University Clinical Research Unit,London School of Hygiene & Tropical Medicine,Oxford University Clinical Research Unit,amr_hai,1,United Kingdom,Viet Nam,Europe,Southeast Asia,1,0
London School of Hygiene & Tropical Medicine--University of Oxford#amr_hai,London School of Hygiene & Tropical Medicine--University of Oxford,London School of Hygiene & Tropical Medicine,University of Oxford,amr_hai,1,United Kingdom,United Kingdom,Europe,Europe,0,0
London School of Hygiene & Tropical Medicine--Mahidol University#vector_borne,London School of Hygiene & Tropical Medicine--Mahidol University,London School of Hygiene & Tropical Medicine,Mahidol University,vector_borne,1,United Kingdom,Thailand,Europe,Southeast Asia,1,0
London School of Hygiene & Tropical Medicine--University of Oxford#vector_borne,London School of Hygiene & Tropical Medicine--University of Oxford,London School of Hygiene & Tropical Medicine,University of Oxford,vector_borne,1,United Kingdom,United Kingdom,Europe,Europe,0,0
National Public Health Laboratory--National University of Singapore#vector_borne,National Public Health Laboratory--National University of Singapore,National Public Health Laboratory,National University of Singapore,vector_borne,1,Singapore,Singapore,Southeast Asia,Southeast Asia,0,1
Nanyang Technological University--Oxford University Clinical Research Unit#vector_borne,Nanyang Technological University--Oxford University Clinical Research Unit,Nanyang Technological University,Oxford University Clinical Research Unit,vector_borne,1,Singapore,Viet Nam,Southeast Asia,Southeast Asia,1,1
Nanyang Technological University--University of Oxford#vector_borne,Nanyang Technological University--University of Oxford,Nanyang Technological University,University of Oxford,vector_borne,1,Singapore,United Kingdom,Southeast Asia,Europe,1,1
National University of Singapore--University of Hong Kong#tb,National University of Singapore--University of Hong Kong,National University of Singapore,University of Hong Kong,tb,1,Singapore,Hong Kong SAR,Southeast Asia,East Asia,1,1
London School of Hygiene & Tropical Medicine--Nanyang Technological University#amr_hai,London School of Hygiene & Tropical Medicine--Nanyang Technological University,London School of Hygiene & Tropical Medicine,Nanyang Technological University,amr_hai,1,United Kingdom,Singapore,Europe,Southeast Asia,1,1
London School of Hygiene & Tropical Medicine--National Centre for Infectious Diseases#amr_hai,London School of Hygiene & Tropical Medicine--National Centre for Infectious Diseases,London School of Hygiene & Tropical Medicine,National Centre for Infectious Diseases,amr_hai,1,United Kingdom,Singapore,Europe,Southeast Asia,1,1
London School of Hygiene & Tropical Medicine--Peter Doherty Institute for Infection and Immunity#amr_hai,London School of Hygiene & Tropical Medicine--Peter Doherty Institute for Infection and Immunity,London School of Hygiene & Tropical Medicine,Peter Doherty Institute for Infection and Immunity,amr_hai,1,United Kingdom,Australia,Europe,Oceania,1,0
London School of Hygiene & Tropical Medicine--Tan Tock Seng Hospital#amr_hai,London School of Hygiene & Tropical Medicine--Tan Tock Seng Hospital,London School of Hygiene & Tropical Medicine,Tan Tock Seng Hospital,amr_hai,1,United Kingdom,Singapore,Europe,Southeast Asia,1,1
London School of Hygiene & Tropical Medicine--University of Melbourne#amr_hai,London School of Hygiene & Tropical Medicine--University of Melbourne,London School of Hygiene & Tropical Medicine,University of Melbourne,amr_hai,1,United Kingdom,Australia,Europe,Oceania,1,0
Nanyang Technological University--Peter Doherty Institute for Infection and Immunity#amr_hai,Nanyang Technological University--Peter Doherty Institute for Infection and Immunity,Nanyang Technological University,Peter Doherty Institute for Infection and Immunity,amr_hai,1,Singapore,Australia,Southeast Asia,Oceania,1,1
National Centre for Infectious Diseases--Peter Doherty Institute for Infection and Immunity#amr_hai,National Centre for Infectious Diseases--Peter Doherty Institute for Infection and Immunity,National Centre for Infectious Diseases,Peter Doherty Institute for Infection and Immunity,amr_hai,1,Singapore,Australia,Southeast Asia,Oceania,1,1
National University of Singapore--Peter Doherty Institute for Infection and Immunity#amr_hai,National University of Singapore--Peter Doherty Institute for Infection and Immunity,National University of Singapore,Peter Doherty Institute for Infection and Immunity,amr_hai,1,Singapore,Australia,Southeast Asia,Oceania,1,1
Peter Doherty Institute for Infection and Immunity--Tan Tock Seng Hospital#amr_hai,Peter Doherty Institute for Infection and Immunity--Tan Tock Seng Hospital,Peter Doherty Institute for Infection and Immunity,Tan Tock Seng Hospital,amr_hai,1,Australia,Singapore,Oceania,Southeast Asia,1,1
Peter Doherty Institute for Infection and Immunity--University of Melbourne#amr_hai,Peter Doherty Institute for Infection and Immunity--University of Melbourne,Peter Doherty Institute for Infection and Immunity,University of Melbourne,amr_hai,1,Australia,Australia,Oceania,Oceania,0,0
Communicable Diseases Agency--Duke-NUS Medical School#other_id,Communicable Diseases Agency--Duke-NUS Medical School,Communicable Diseases Agency,Duke-NUS Medical School,other_id,1,Singapore,Singapore,Southeast Asia,Southeast Asia,0,1
Communicable Diseases Agency--Mahidol University#other_id,Communicable Diseases Agency--Mahidol University,Communicable Diseases Agency,Mahidol University,other_id,1,Singapore,Thailand,Southeast Asia,Southeast Asia,1,1
Communicable Diseases Agency--Nanyang Technological University#other_id,Communicable Diseases Agency--Nanyang Technological University,Communicable Diseases Agency,Nanyang Technological University,other_id,1,Singapore,Singapore,Southeast Asia,Southeast Asia,0,1
Communicable Diseases Agency--National Centre for Infectious Diseases#other_id,Communicable Diseases Agency--National Centre for Infectious Diseases,Communicable Diseases Agency,National Centre for Infectious Diseases,other_id,1,Singapore,Singapore,Southeast Asia,Southeast Asia,0,1
Communicable Diseases Agency--National University Hospital#other_id,Communicable Diseases Agency--National University Hospital,Communicable Diseases Agency,National University Hospital,other_id,1,Singapore,Singapore,Southeast Asia,Southeast Asia,0,1
Communicable Diseases Agency--National University of Singapore#other_id,Communicable Diseases Agency--National University of Singapore,Communicable Diseases Agency,National University of Singapore,other_id,1,Singapore,Singapore,Southeast Asia,Southeast Asia,0,1
Communicable Diseases Agency--Singapore General Hospital#other_id,Communicable Diseases Agency--Singapore General Hospital,Communicable Diseases Agency,Singapore General Hospital,other_id,1,Singapore,Singapore,Southeast Asia,Southeast Asia,0,1
Communicable Diseases Agency--Tan Tock Seng Hospital#other_id,Communicable Diseases Agency--Tan Tock Seng Hospital,Communicable Diseases Agency,Tan Tock Seng Hospital,other_id,1,Singapore,Singapore,Southeast Asia,Southeast Asia,0,1
Communicable Diseases Agency--University of Malaya#other_id,Communicable Diseases Agency--University of Malaya,Communicable Diseases Agency,University of Malaya,other_id,1,Singapore,Malaysia,Southeast Asia,Southeast Asia,1,1
Communicable Diseases Agency--University of Oxford#other_id,Communicable Diseases Agency--University of Oxford,Communicable Diseases Agency,University of Oxford,other_id,1,Singapore,United Kingdom,Southeast Asia,Europe,1,1
Duke-NUS Medical School--Mahidol University#other_id,Duke-NUS Medical School--Mahidol University,Duke-NUS Medical School,Mahidol University,other_id,1,Singapore,Thailand,Southeast Asia,Southeast Asia,1,1
Duke-NUS Medical School--Nanyang Technological University#other_id,Duke-NUS Medical School--Nanyang Technological University,Duke-NUS Medical School,Nanyang Technological University,other_id,1,Singapore,Singapore,Southeast Asia,Southeast Asia,0,1
Duke-NUS Medical School--National Centre for Infectious Diseases#other_id,Duke-NUS Medical School--National Centre for Infectious Diseases,Duke-NUS Medical School,National Centre for Infectious Diseases,other_id,1,Singapore,Singapore,Southeast Asia,Southeast Asia,0,1
Duke-NUS Medical School--National University Hospital#other_id,Duke-NUS Medical School--National University Hospital,Duke-NUS Medical School,National University Hospital,other_id,1,Singapore,Singapore,Southeast Asia,Southeast Asia,0,1
Duke-NUS Medical School--Tan Tock Seng Hospital#other_id,Duke-NUS Medical School--Tan Tock Seng Hospital,Duke-NUS Medical School,Tan Tock Seng Hospital,other_id,1,Singapore,Singapore,Southeast Asia,Southeast Asia,0,1
Duke-NUS Medical School--University of Malaya#other_id,Duke-NUS Medical School--University of Malaya,Duke-NUS Medical School,University of Malaya,other_id,1,Singapore,Malaysia,Southeast Asia,Southeast Asia,1,1
Duke-NUS Medical School--University of Oxford#other_id,Duke-NUS Medical School--University of Oxford,Duke-NUS Medical School,University of Oxford,other_id,1,Singapore,United Kingdom,Southeast Asia,Europe,1,1
Mahidol University--Nanyang Technological University#other_id,Mahidol University--Nanyang Technological University,Mahidol University,Nanyang Technological University,other_id,1,Thailand,Singapore,Southeast Asia,Southeast Asia,1,1
Mahidol University--National Centre for Infectious Diseases#other_id,Mahidol University--National Centre for Infectious Diseases,Mahidol University,National Centre for Infectious Diseases,other_id,1,Thailand,Singapore,Southeast Asia,Southeast Asia,1,1
Mahidol University--National University Hospital#other_id,Mahidol University--National University Hospital,Mahidol University,National University Hospital,other_id,1,Thailand,Singapore,Southeast Asia,Southeast Asia,1,1
Mahidol University--National University of Singapore#other_id,Mahidol University--National University of Singapore,Mahidol University,National University of Singapore,other_id,1,Thailand,Singapore,Southeast Asia,Southeast Asia,1,1
Mahidol University--Singapore General Hospital#other_id,Mahidol University--Singapore General Hospital,Mahidol University,Singapore General Hospital,other_id,1,Thailand,Singapore,Southeast Asia,Southeast Asia,1,1
Mahidol University--Tan Tock Seng Hospital#other_id,Mahidol University--Tan Tock Seng Hospital,Mahidol University,Tan Tock Seng Hospital,other_id,1,Thailand,Singapore,Southeast Asia,Southeast Asia,1,1
Mahidol University--University of Malaya#other_id,Mahidol University--University of Malaya,Mahidol University,University of Malaya,other_id,1,Thailand,Malaysia,Southeast Asia,Southeast Asia,1,0
Mahidol University--University of Oxford#other_id,Mahidol University--University of Oxford,Mahidol University,University of Oxford,other_id,1,Thailand,United Kingdom,Southeast Asia,Europe,1,0
Nanyang Technological University--Tan Tock Seng Hospital#other_id,Nanyang Technological University--Tan Tock Seng Hospital,Nanyang Technological University,Tan Tock Seng Hospital,other_id,1,Singapore,Singapore,Southeast Asia,Southeast Asia,0,1
Nanyang Technological University--University of Malaya#other_id,Nanyang Technological University--University of Malaya,Nanyang Technological University,University of Malaya,other_id,1,Singapore,Malaysia,Southeast Asia,Southeast Asia,1,1
Nanyang Technological University--University of Oxford#other_id,Nanyang Technological University--University of Oxford,Nanyang Technological University,University of Oxford,other_id,1,Singapore,United Kingdom,Southeast Asia,Europe,1,1
National Centre for Infectious Diseases--National University Hospital#other_id,National Centre for Infectious Diseases--National University Hospital,National Centre for Infectious Diseases,National University Hospital,other_id,1,Singapore,Singapore,Southeast Asia,Southeast Asia,0,1
National Centre for Infectious Diseases--Singapore General Hospital#other_id,National Centre for Infectious Diseases--Singapore General Hospital,National Centre for Infectious Diseases,Singapore General Hospital,other_id,1,Singapore,Singapore,Southeast Asia,Southeast Asia,0,1
National Centre for Infectious Diseases--Tan Tock Seng Hospital#other_id,National Centre for Infectious Diseases--Tan Tock Seng Hospital,National Centre for Infectious Diseases,Tan Tock Seng Hospital,other_id,1,Singapore,Singapore,Southeast Asia,Southeast Asia,0,1
National Centre for Infectious Diseases--University of Malaya#other_id,National Centre for Infectious Diseases--University of Malaya,National Centre for Infectious Diseases,University of Malaya,other_id,1,Singapore,Malaysia,Southeast Asia,Southeast Asia,1,1
National Centre for Infectious Diseases--University of Oxford#other_id,National Centre for Infectious Diseases--University of Oxford,National Centre for Infectious Diseases,University of Oxford,other_id,1,Singapore,United Kingdom,Southeast Asia,Europe,1,1
National University Hospital--Tan Tock Seng Hospital#other_id,National University Hospital--Tan Tock Seng Hospital,National University Hospital,Tan Tock Seng Hospital,other_id,1,Singapore,Singapore,Southeast Asia,Southeast Asia,0,1
National University Hospital--University of Malaya#other_id,National University Hospital--University of Malaya,National University Hospital,University of Malaya,other_id,1,Singapore,Malaysia,Southeast Asia,Southeast Asia,1,1
National University Hospital--University of Oxford#other_id,National University Hospital--University of Oxford,National University Hospital,University of Oxford,other_id,1,Singapore,United Kingdom,Southeast Asia,Europe,1,1
National University of Singapore--Tan Tock Seng Hospital#other_id,National University of Singapore--Tan Tock Seng Hospital,National University of Singapore,Tan Tock Seng Hospital,other_id,1,Singapore,Singapore,Southeast Asia,Southeast Asia,0,1
National University of Singapore--University of Malaya#other_id,National University of Singapore--University of Malaya,National University of Singapore,University of Malaya,other_id,1,Singapore,Malaysia,Southeast Asia,Southeast Asia,1,1
National University of Singapore--University of Oxford#other_id,National University of Singapore--University of Oxford,National University of Singapore,University of Oxford,other_id,1,Singapore,United Kingdom,Southeast Asia,Europe,1,1
Singapore General Hospital--Tan Tock Seng Hospital#other_id,Singapore General Hospital--Tan Tock Seng Hospital,Singapore General Hospital,Tan Tock Seng Hospital,other_id,1,Singapore,Singapore,Southeast Asia,Southeast Asia,0,1
Singapore General Hospital--University of Malaya#other_id,Singapore General Hospital--University of Malaya,Singapore General Hospital,University of Malaya,other_id,1,Singapore,Malaysia,Southeast Asia,Southeast Asia,1,1
Singapore General Hospital--University of Oxford#other_id,Singapore General Hospital--University of Oxford,Singapore General Hospital,University of Oxford,other_id,1,Singapore,United Kingdom,Southeast Asia,Europe,1,1
Tan Tock Seng Hospital--University of Malaya#other_id,Tan Tock Seng Hospital--University of Malaya,Tan Tock Seng Hospital,University of Malaya,other_id,1,Singapore,Malaysia,Southeast Asia,Southeast Asia,1,1
Tan Tock Seng Hospital--University of Oxford#other_id,Tan Tock Seng Hospital--University of Oxford,Tan Tock Seng Hospital,University of Oxford,other_id,1,Singapore,United Kingdom,Southeast Asia,Europe,1,1
University of Malaya--University of Oxford#other_id,University of Malaya--University of Oxford,University of Malaya,University of Oxford,other_id,1,Malaysia,United Kingdom,Southeast Asia,Europe,1,0
Alexandra Hospital--National University Hospital#amr_hai,Alexandra Hospital--National University Hospital,Alexandra Hospital,National University Hospital,amr_hai,1,Singapore,Singapore,Southeast Asia,Southeast Asia,0,1
Alexandra Hospital--National University of Singapore#amr_hai,Alexandra Hospital--National University of Singapore,Alexandra Hospital,National University of Singapore,amr_hai,1,Singapore,Singapore,Southeast Asia,Southeast Asia,0,1
A*STAR Infectious Diseases Labs--University of Oxford#tb,A*STAR Infectious Diseases Labs--University of Oxford,A*STAR Infectious Diseases Labs,University of Oxford,tb,1,Singapore,United Kingdom,Southeast Asia,Europe,1,1
National Centre for Infectious Diseases--University of Oxford#tb,National Centre for Infectious Diseases--University of Oxford,National Centre for Infectious Diseases,University of Oxford,tb,1,Singapore,United Kingdom,Southeast Asia,Europe,1,1
Environmental Health Institute--National Environment Agency#vector_borne,Environmental Health Institute--National Environment Agency,Environmental Health Institute,National Environment Agency,vector_borne,1,Singapore,Singapore,Southeast Asia,Southeast Asia,0,1
Experimental Drug Development Centre--Nanyang Technological University#tb,Experimental Drug Development Centre--Nanyang Technological University,Experimental Drug Development Centre,Nanyang Technological University,tb,1,Singapore,Singapore,Southeast Asia,Southeast Asia,0,1
Experimental Drug Development Centre--National Centre for Infectious Diseases#tb,Experimental Drug Development Centre--National Centre for Infectious Diseases,Experimental Drug Development Centre,National Centre for Infectious Diseases,tb,1,Singapore,Singapore,Southeast Asia,Southeast Asia,0,1
National University Health System--National University of Singapore#vector_borne,National University Health System--National University of Singapore,National University Health System,National University of Singapore,vector_borne,1,Singapore,Singapore,Southeast Asia,Southeast Asia,0,1
National University of Singapore--US Centers for Disease Control and Prevention#vector_borne,National University of Singapore--US Centers for Disease Control and Prevention,National University of Singapore,US Centers for Disease Control and Prevention,vector_borne,1,Singapore,United States,Southeast Asia,North America,1,1
US Centers for Disease Control and Prevention--World Health Organization#vector_borne,US Centers for Disease Control and Prevention--World Health Organization,US Centers for Disease Control and Prevention,World Health Organization,vector_borne,1,United States,Switzerland,North America,Europe,1,0
Duke-NUS Medical School--Harvard University#tb,Duke-NUS Medical School--Harvard University,Duke-NUS Medical School,Harvard University,tb,1,Singapore,United States,Southeast Asia,North America,1,1
Duke-NUS Medical School--National University of Singapore#tb,Duke-NUS Medical School--National University of Singapore,Duke-NUS Medical School,National University of Singapore,tb,1,Singapore,Singapore,Southeast Asia,Southeast Asia,0,1
Harvard University--Nanyang Technological University#tb,Harvard University--Nanyang Technological University,Harvard University,Nanyang Technological University,tb,1,United States,Singapore,North America,Southeast Asia,1,1
Harvard University--National University of Singapore#tb,Harvard University--National University of Singapore,Harvard University,National University of Singapore,tb,1,United States,Singapore,North America,Southeast Asia,1,1
Harvard University--Tan Tock Seng Hospital#tb,Harvard University--Tan Tock Seng Hospital,Harvard University,Tan Tock Seng Hospital,tb,1,United States,Singapore,North America,Southeast Asia,1,1
Harvard University--Universitas Indonesia#tb,Harvard University--Universitas Indonesia,Harvard University,Universitas Indonesia,tb,1,United States,Indonesia,North America,Southeast Asia,1,0
National University of Singapore--Universitas Indonesia#tb,National University of Singapore--Universitas Indonesia,National University of Singapore,Universitas Indonesia,tb,1,Singapore,Indonesia,Southeast Asia,Southeast Asia,1,1
National University Health System--National University of Singapore#sti,National University Health System--National University of Singapore,National University Health System,National University of Singapore,sti,1,Singapore,Singapore,Southeast Asia,Southeast Asia,0,1
Duke-NUS Medical School--Ng Teng Fong General Hospital#amr_hai,Duke-NUS Medical School--Ng Teng Fong General Hospital,Duke-NUS Medical School,Ng Teng Fong General Hospital,amr_hai,1,Singapore,Singapore,Southeast Asia,Southeast Asia,0,1
Environmental Health Institute--University of Melbourne#vector_borne,Environmental Health Institute--University of Melbourne,Environmental Health Institute,University of Melbourne,vector_borne,1,Singapore,Australia,Southeast Asia,Oceania,1,1
Alexandra Hospital--National University Hospital#tb,Alexandra Hospital--National University Hospital,Alexandra Hospital,National University Hospital,tb,1,Singapore,Singapore,Southeast Asia,Southeast Asia,0,1
Alexandra Hospital--National University of Singapore#tb,Alexandra Hospital--National University of Singapore,Alexandra Hospital,National University of Singapore,tb,1,Singapore,Singapore,Southeast Asia,Southeast Asia,0,1
Alexandra Hospital--Sengkang General Hospital#tb,Alexandra Hospital--Sengkang General Hospital,Alexandra Hospital,Sengkang General Hospital,tb,1,Singapore,Singapore,Southeast Asia,Southeast Asia,0,1
Alexandra Hospital--Singapore General Hospital#tb,Alexandra Hospital--Singapore General Hospital,Alexandra Hospital,Singapore General Hospital,tb,1,Singapore,Singapore,Southeast Asia,Southeast Asia,0,1
Alexandra Hospital--Tan Tock Seng Hospital#tb,Alexandra Hospital--Tan Tock Seng Hospital,Alexandra Hospital,Tan Tock Seng Hospital,tb,1,Singapore,Singapore,Southeast Asia,Southeast Asia,0,1
National University Hospital--Sengkang General Hospital#tb,National University Hospital--Sengkang General Hospital,National University Hospital,Sengkang General Hospital,tb,1,Singapore,Singapore,Southeast Asia,Southeast Asia,0,1
National University of Singapore--Sengkang General Hospital#tb,National University of Singapore--Sengkang General Hospital,National University of Singapore,Sengkang General Hospital,tb,1,Singapore,Singapore,Southeast Asia,Southeast Asia,0,1
Sengkang General Hospital--Tan Tock Seng Hospital#tb,Sengkang General Hospital--Tan Tock Seng Hospital,Sengkang General Hospital,Tan Tock Seng Hospital,tb,1,Singapore,Singapore,Southeast Asia,Southeast Asia,0,1
Johns Hopkins University--National University Hospital#tb,Johns Hopkins University--National University Hospital,Johns Hopkins University,National University Hospital,tb,1,United States,Singapore,North America,Southeast Asia,1,1
Harvard University--Imperial College London#tb,Harvard University--Imperial College London,Harvard University,Imperial College London,tb,1,United States,United Kingdom,North America,Europe,1,0
Harvard University--University of Melbourne#tb,Harvard University--University of Melbourne,Harvard University,University of Melbourne,tb,1,United States,Australia,North America,Oceania,1,0
Imperial College London--London School of Hygiene & Tropical Medicine#tb,Imperial College London--London School of Hygiene & Tropical Medicine,Imperial College London,London School of Hygiene & Tropical Medicine,tb,1,United Kingdom,United Kingdom,Europe,Europe,0,0
Imperial College London--University of Melbourne#tb,Imperial College London--University of Melbourne,Imperial College London,University of Melbourne,tb,1,United Kingdom,Australia,Europe,Oceania,1,0
Imperial College London--World Health Organization#tb,Imperial College London--World Health Organization,Imperial College London,World Health Organization,tb,1,United Kingdom,Switzerland,Europe,Europe,1,0
University of Melbourne--World Health Organization#tb,University of Melbourne--World Health Organization,University of Melbourne,World Health Organization,tb,1,Australia,Switzerland,Oceania,Europe,1,0
Changi General Hospital--Sengkang General Hospital#amr_hai,Changi General Hospital--Sengkang General Hospital,Changi General Hospital,Sengkang General Hospital,amr_hai,1,Singapore,Singapore,Southeast Asia,Southeast Asia,0,1
Mahidol University--National University of Singapore#sti,Mahidol University--National University of Singapore,Mahidol University,National University of Singapore,sti,1,Thailand,Singapore,Southeast Asia,Southeast Asia,1,1
Changi General Hospital--KK Women's and Children's Hospital#other_id,Changi General Hospital--KK Women's and Children's Hospital,Changi General Hospital,KK Women's and Children's Hospital,other_id,1,Singapore,Singapore,Southeast Asia,Southeast Asia,0,1
Changi General Hospital--Nanyang Technological University#other_id,Changi General Hospital--Nanyang Technological University,Changi General Hospital,Nanyang Technological University,other_id,1,Singapore,Singapore,Southeast Asia,Southeast Asia,0,1
Changi General Hospital--National University Hospital#other_id,Changi General Hospital--National University Hospital,Changi General Hospital,National University Hospital,other_id,1,Singapore,Singapore,Southeast Asia,Southeast Asia,0,1
Changi General Hospital--Singapore Food Agency#other_id,Changi General Hospital--Singapore Food Agency,Changi General Hospital,Singapore Food Agency,other_id,1,Singapore,Singapore,Southeast Asia,Southeast Asia,0,1
KK Women's and Children's Hospital--Nanyang Technological University#other_id,KK Women's and Children's Hospital--Nanyang Technological University,KK Women's and Children's Hospital,Nanyang Technological University,other_id,1,Singapore,Singapore,Southeast Asia,Southeast Asia,0,1
KK Women's and Children's Hospital--National University Hospital#other_id,KK Women's and Children's Hospital--National University Hospital,KK Women's and Children's Hospital,National University Hospital,other_id,1,Singapore,Singapore,Southeast Asia,Southeast Asia,0,1
KK Women's and Children's Hospital--National University of Singapore#other_id,KK Women's and Children's Hospital--National University of Singapore,KK Women's and Children's Hospital,National University of Singapore,other_id,1,Singapore,Singapore,Southeast Asia,Southeast Asia,0,1
KK Women's and Children's Hospital--Singapore Food Agency#other_id,KK Women's and Children's Hospital--Singapore Food Agency,KK Women's and Children's Hospital,Singapore Food Agency,other_id,1,Singapore,Singapore,Southeast Asia,Southeast Asia,0,1
KK Women's and Children's Hospital--Singapore General Hospital#other_id,KK Women's and Children's Hospital--Singapore General Hospital,KK Women's and Children's Hospital,Singapore General Hospital,other_id,1,Singapore,Singapore,Southeast Asia,Southeast Asia,0,1
Nanyang Technological University--Singapore Food Agency#other_id,Nanyang Technological University--Singapore Food Agency,Nanyang Technological University,Singapore Food Agency,other_id,1,Singapore,Singapore,Southeast Asia,Southeast Asia,0,1
National University Hospital--Singapore Food Agency#other_id,National University Hospital--Singapore Food Agency,National University Hospital,Singapore Food Agency,other_id,1,Singapore,Singapore,Southeast Asia,Southeast Asia,0,1
National University of Singapore--Singapore Food Agency#other_id,National University of Singapore--Singapore Food Agency,National University of Singapore,Singapore Food Agency,other_id,1,Singapore,Singapore,Southeast Asia,Southeast Asia,0,1
Singapore Food Agency--Singapore General Hospital#other_id,Singapore Food Agency--Singapore General Hospital,Singapore Food Agency,Singapore General Hospital,other_id,1,Singapore,Singapore,Southeast Asia,Southeast Asia,0,1
Communicable Diseases Agency--Nanyang Technological University#amr_hai,Communicable Diseases Agency--Nanyang Technological University,Communicable Diseases Agency,Nanyang Technological University,amr_hai,1,Singapore,Singapore,Southeast Asia,Southeast Asia,0,1
Communicable Diseases Agency--National Centre for Infectious Diseases#amr_hai,Communicable Diseases Agency--National Centre for Infectious Diseases,Communicable Diseases Agency,National Centre for Infectious Diseases,amr_hai,1,Singapore,Singapore,Southeast Asia,Southeast Asia,0,1
Communicable Diseases Agency--National University Health System#amr_hai,Communicable Diseases Agency--National University Health System,Communicable Diseases Agency,National University Health System,amr_hai,1,Singapore,Singapore,Southeast Asia,Southeast Asia,0,1
Communicable Diseases Agency--National University of Singapore#amr_hai,Communicable Diseases Agency--National University of Singapore,Communicable Diseases Agency,National University of Singapore,amr_hai,1,Singapore,Singapore,Southeast Asia,Southeast Asia,0,1
Communicable Diseases Agency--Tan Tock Seng Hospital#amr_hai,Communicable Diseases Agency--Tan Tock Seng Hospital,Communicable Diseases Agency,Tan Tock Seng Hospital,amr_hai,1,Singapore,Singapore,Southeast Asia,Southeast Asia,0,1
National Centre for Infectious Diseases--National University Health System#amr_hai,National Centre for Infectious Diseases--National University Health System,National Centre for Infectious Diseases,National University Health System,amr_hai,1,Singapore,Singapore,Southeast Asia,Southeast Asia,0,1
National Centre for Infectious Diseases--University of Hong Kong#sti,National Centre for Infectious Diseases--University of Hong Kong,National Centre for Infectious Diseases,University of Hong Kong,sti,1,Singapore,Hong Kong SAR,Southeast Asia,East Asia,1,1
National University Hospital--University of Hong Kong#sti,National University Hospital--University of Hong Kong,National University Hospital,University of Hong Kong,sti,1,Singapore,Hong Kong SAR,Southeast Asia,East Asia,1,1
National University Hospital--University of Malaya#sti,National University Hospital--University of Malaya,National University Hospital,University of Malaya,sti,1,Singapore,Malaysia,Southeast Asia,Southeast Asia,1,1
University of Hong Kong--University of Malaya#sti,University of Hong Kong--University of Malaya,University of Hong Kong,University of Malaya,sti,1,Hong Kong SAR,Malaysia,East Asia,Southeast Asia,1,0
London School of Hygiene & Tropical Medicine--Nanyang Technological University#vector_borne,London School of Hygiene & Tropical Medicine--Nanyang Technological University,London School of Hygiene & Tropical Medicine,Nanyang Technological University,vector_borne,1,United Kingdom,Singapore,Europe,Southeast Asia,1,1
London School of Hygiene & Tropical Medicine--National Environment Agency#vector_borne,London School of Hygiene & Tropical Medicine--National Environment Agency,London School of Hygiene & Tropical Medicine,National Environment Agency,vector_borne,1,United Kingdom,Singapore,Europe,Southeast Asia,1,1
London School of Hygiene & Tropical Medicine--University of Cambridge#vector_borne,London School of Hygiene & Tropical Medicine--University of Cambridge,London School of Hygiene & Tropical Medicine,University of Cambridge,vector_borne,1,United Kingdom,United Kingdom,Europe,Europe,0,0
National Environment Agency--University of Cambridge#vector_borne,National Environment Agency--University of Cambridge,National Environment Agency,University of Cambridge,vector_borne,1,Singapore,United Kingdom,Southeast Asia,Europe,1,1
National University of Singapore--University of Cambridge#vector_borne,National University of Singapore--University of Cambridge,National University of Singapore,University of Cambridge,vector_borne,1,Singapore,United Kingdom,Southeast Asia,Europe,1,1
A*STAR Infectious Diseases Labs--National Centre for Infectious Diseases#other_id,A*STAR Infectious Diseases Labs--National Centre for Infectious Diseases,A*STAR Infectious Diseases Labs,National Centre for Infectious Diseases,other_id,1,Singapore,Singapore,Southeast Asia,Southeast Asia,0,1
Changi General Hospital--KK Women's and Children's Hospital#tb,Changi General Hospital--KK Women's and Children's Hospital,Changi General Hospital,KK Women's and Children's Hospital,tb,1,Singapore,Singapore,Southeast Asia,Southeast Asia,0,1
Changi General Hospital--National Centre for Infectious Diseases#tb,Changi General Hospital--National Centre for Infectious Diseases,Changi General Hospital,National Centre for Infectious Diseases,tb,1,Singapore,Singapore,Southeast Asia,Southeast Asia,0,1
Changi General Hospital--National University Hospital#tb,Changi General Hospital--National University Hospital,Changi General Hospital,National University Hospital,tb,1,Singapore,Singapore,Southeast Asia,Southeast Asia,0,1
Changi General Hospital--National University of Singapore#tb,Changi General Hospital--National University of Singapore,Changi General Hospital,National University of Singapore,tb,1,Singapore,Singapore,Southeast Asia,Southeast Asia,0,1
Changi General Hospital--SingHealth#tb,Changi General Hospital--SingHealth,Changi General Hospital,SingHealth,tb,1,Singapore,Singapore,Southeast Asia,Southeast Asia,0,1
Changi General Hospital--Tan Tock Seng Hospital#tb,Changi General Hospital--Tan Tock Seng Hospital,Changi General Hospital,Tan Tock Seng Hospital,tb,1,Singapore,Singapore,Southeast Asia,Southeast Asia,0,1
KK Women's and Children's Hospital--National Centre for Infectious Diseases#tb,KK Women's and Children's Hospital--National Centre for Infectious Diseases,KK Women's and Children's Hospital,National Centre for Infectious Diseases,tb,1,Singapore,Singapore,Southeast Asia,Southeast Asia,0,1
KK Women's and Children's Hospital--National University Hospital#tb,KK Women's and Children's Hospital--National University Hospital,KK Women's and Children's Hospital,National University Hospital,tb,1,Singapore,Singapore,Southeast Asia,Southeast Asia,0,1
KK Women's and Children's Hospital--National University of Singapore#tb,KK Women's and Children's Hospital--National University of Singapore,KK Women's and Children's Hospital,National University of Singapore,tb,1,Singapore,Singapore,Southeast Asia,Southeast Asia,0,1
KK Women's and Children's Hospital--SingHealth#tb,KK Women's and Children's Hospital--SingHealth,KK Women's and Children's Hospital,SingHealth,tb,1,Singapore,Singapore,Southeast Asia,Southeast Asia,0,1
KK Women's and Children's Hospital--Singapore General Hospital#tb,KK Women's and Children's Hospital--Singapore General Hospital,KK Women's and Children's Hospital,Singapore General Hospital,tb,1,Singapore,Singapore,Southeast Asia,Southeast Asia,0,1
KK Women's and Children's Hospital--Tan Tock Seng Hospital#tb,KK Women's and Children's Hospital--Tan Tock Seng Hospital,KK Women's and Children's Hospital,Tan Tock Seng Hospital,tb,1,Singapore,Singapore,Southeast Asia,Southeast Asia,0,1
National Centre for Infectious Diseases--National University Hospital#tb,National Centre for Infectious Diseases--National University Hospital,National Centre for Infectious Diseases,National University Hospital,tb,1,Singapore,Singapore,Southeast Asia,Southeast Asia,0,1
National Centre for Infectious Diseases--National University of Singapore#tb,National Centre for Infectious Diseases--National University of Singapore,National Centre for Infectious Diseases,National University of Singapore,tb,1,Singapore,Singapore,Southeast Asia,Southeast Asia,0,1
National Centre for Infectious Diseases--SingHealth#tb,National Centre for Infectious Diseases--SingHealth,National Centre for Infectious Diseases,SingHealth,tb,1,Singapore,Singapore,Southeast Asia,Southeast Asia,0,1
National University Hospital--SingHealth#tb,National University Hospital--SingHealth,National University Hospital,SingHealth,tb,1,Singapore,Singapore,Southeast Asia,Southeast Asia,0,1
National University of Singapore--SingHealth#tb,National University of Singapore--SingHealth,National University of Singapore,SingHealth,tb,1,Singapore,Singapore,Southeast Asia,Southeast Asia,0,1
SingHealth--Singapore General Hospital#tb,SingHealth--Singapore General Hospital,SingHealth,Singapore General Hospital,tb,1,Singapore,Singapore,Southeast Asia,Southeast Asia,0,1
SingHealth--Tan Tock Seng Hospital#tb,SingHealth--Tan Tock Seng Hospital,SingHealth,Tan Tock Seng Hospital,tb,1,Singapore,Singapore,Southeast Asia,Southeast Asia,0,1
National Environment Agency--University of Melbourne#vector_borne,National Environment Agency--University of Melbourne,National Environment Agency,University of Melbourne,vector_borne,1,Singapore,Australia,Southeast Asia,Oceania,1,1
National Skin Centre--SingHealth#vector_borne,National Skin Centre--SingHealth,National Skin Centre,SingHealth,vector_borne,1,Singapore,Singapore,Southeast Asia,Southeast Asia,0,1
National Skin Centre--Singapore Immunology Network#vector_borne,National Skin Centre--Singapore Immunology Network,National Skin Centre,Singapore Immunology Network,vector_borne,1,Singapore,Singapore,Southeast Asia,Southeast Asia,0,1
GlaxoSmithKline--London School of Hygiene & Tropical Medicine#tb,GlaxoSmithKline--London School of Hygiene & Tropical Medicine,GlaxoSmithKline,London School of Hygiene & Tropical Medicine,tb,1,United Kingdom,United Kingdom,Europe,Europe,0,0
GlaxoSmithKline--National University of Singapore#tb,GlaxoSmithKline--National University of Singapore,GlaxoSmithKline,National University of Singapore,tb,1,United Kingdom,Singapore,Europe,Southeast Asia,1,1
GlaxoSmithKline--University of Malaya#tb,GlaxoSmithKline--University of Malaya,GlaxoSmithKline,University of Malaya,tb,1,United Kingdom,Malaysia,Europe,Southeast Asia,1,0
London School of Hygiene & Tropical Medicine--University of Malaya#tb,London School of Hygiene & Tropical Medicine--University of Malaya,London School of Hygiene & Tropical Medicine,University of Malaya,tb,1,United Kingdom,Malaysia,Europe,Southeast Asia,1,0
National University of Singapore--University of Malaya#tb,National University of Singapore--University of Malaya,National University of Singapore,University of Malaya,tb,1,Singapore,Malaysia,Southeast Asia,Southeast Asia,1,1
