edge_id,pair_id,domain,path_order,node_id,label,x,y,weight,source,target,is_cross_border,involves_singapore
Nanyang Technological University--National University of Singapore#vector_borne,Nanyang Technological University--National University of Singapore,vector_borne,1,Nanyang Technological University,Nanyang Technological University,0.664988,0.515565,16,Nanyang Technological University,National University of Singapore,0,1
Nanyang Technological University--National University of Singapore#vector_borne,Nanyang Technological University--National University of Singapore,vector_borne,2,National University of Singapore,National University of Singapore,0.59751,0.507684,16,Nanyang Technological University,National University of Singapore,0,1
Harvard University--London School of Hygiene & Tropical Medicine#tb,Harvard University--London School of Hygiene & Tropical Medicine,tb,1,Harvard University,Harvard University,0.690017,0.63864,9,Harvard University,London School of Hygiene & Tropical Medicine,1,0
Harvard University--London School of Hygiene & Tropical Medicine#tb,Harvard University--London School of Hygiene & Tropical Medicine,tb,2,London School of Hygiene & Tropical Medicine,London School of Hygiene & Tropical Medicine,0.690267,0.57095,9,Harvard University,London School of Hygiene & Tropical Medicine,1,0
National University Hospital--National University of Singapore#tb,National University Hospital--National University of Singapore,tb,1,National University Hospital,National University Hospital,0.51926,0.342069,9,National University Hospital,National University of Singapore,0,1
National University Hospital--National University of Singapore#tb,National University Hospital--National University of Singapore,tb,2,National University of Singapore,National University of Singapore,0.59751,0.507684,9,National University Hospital,National University of Singapore,0,1
Mahidol University--National University of Singapore#amr_hai,Mahidol University--National University of Singapore,amr_hai,1,Mahidol University,Mahidol University,0.601502,0.392831,7,Mahidol University,National University of Singapore,1,1
Mahidol University--National University of Singapore#amr_hai,Mahidol University--National University of Singapore,amr_hai,2,National University of Singapore,National University of Singapore,0.59751,0.507684,7,Mahidol University,National University of Singapore,1,1
London School of Hygiene & Tropical Medicine--National University of Singapore#sti,London School of Hygiene & Tropical Medicine--National University of Singapore,sti,1,London School of Hygiene & Tropical Medicine,London School of Hygiene & Tropical Medicine,0.690267,0.57095,7,London School of Hygiene & Tropical Medicine,National University of Singapore,1,1
London School of Hygiene & Tropical Medicine--National University of Singapore#sti,London School of Hygiene & Tropical Medicine--National University of Singapore,sti,2,National University of Singapore,National University of Singapore,0.59751,0.507684,7,London School of Hygiene & Tropical Medicine,National University of Singapore,1,1
National Centre for Infectious Diseases--National University of Singapore#amr_hai,National Centre for Infectious Diseases--National University of Singapore,amr_hai,1,National Centre for Infectious Diseases,National Centre for Infectious Diseases,0.63178,0.485666,7,National Centre for Infectious Diseases,National University of Singapore,0,1
National Centre for Infectious Diseases--National University of Singapore#amr_hai,National Centre for Infectious Diseases--National University of Singapore,amr_hai,2,National University of Singapore,National University of Singapore,0.59751,0.507684,7,National Centre for Infectious Diseases,National University of Singapore,0,1
National University of Singapore--Tan Tock Seng Hospital#amr_hai,National University of Singapore--Tan Tock Seng Hospital,amr_hai,1,National University of Singapore,National University of Singapore,0.59751,0.507684,7,National University of Singapore,Tan Tock Seng Hospital,0,1
National University of Singapore--Tan Tock Seng Hospital#amr_hai,National University of Singapore--Tan Tock Seng Hospital,amr_hai,2,Tan Tock Seng Hospital,Tan Tock Seng Hospital,0.54699,0.379399,7,National University of Singapore,Tan Tock Seng Hospital,0,1
Nanyang Technological University--National University of Singapore#amr_hai,Nanyang Technological University--National University of Singapore,amr_hai,1,Nanyang Technological University,Nanyang Technological University,0.664988,0.515565,7,Nanyang Technological University,National University of Singapore,0,1
Nanyang Technological University--National University of Singapore#amr_hai,Nanyang Technological University--National University of Singapore,amr_hai,2,National University of Singapore,National University of Singapore,0.59751,0.507684,7,Nanyang Technological University,National University of Singapore,0,1
Environmental Health Institute--Nanyang Technological University#vector_borne,Environmental Health Institute--Nanyang Technological University,vector_borne,1,Environmental Health Institute,Environmental Health Institute,0.603339,0.790288,7,Environmental Health Institute,Nanyang Technological University,0,1
Environmental Health Institute--Nanyang Technological University#vector_borne,Environmental Health Institute--Nanyang Technological University,vector_borne,2,Nanyang Technological University,Nanyang Technological University,0.664988,0.515565,7,Environmental Health Institute,Nanyang Technological University,0,1
Environmental Health Institute--National University of Singapore#vector_borne,Environmental Health Institute--National University of Singapore,vector_borne,1,Environmental Health Institute,Environmental Health Institute,0.603339,0.790288,7,Environmental Health Institute,National University of Singapore,0,1
Environmental Health Institute--National University of Singapore#vector_borne,Environmental Health Institute--National University of Singapore,vector_borne,2,National University of Singapore,National University of Singapore,0.59751,0.507684,7,Environmental Health Institute,National University of Singapore,0,1
National University Hospital--National University of Singapore#rti,National University Hospital--National University of Singapore,rti,1,National University Hospital,National University Hospital,0.51926,0.342069,6,National University Hospital,National University of Singapore,0,1
National University Hospital--National University of Singapore#rti,National University Hospital--National University of Singapore,rti,2,National University of Singapore,National University of Singapore,0.59751,0.507684,6,National University Hospital,National University of Singapore,0,1
National University of Singapore--University of Oxford#amr_hai,National University of Singapore--University of Oxford,amr_hai,1,National University of Singapore,National University of Singapore,0.59751,0.507684,6,National University of Singapore,University of Oxford,1,1
National University of Singapore--University of Oxford#amr_hai,National University of Singapore--University of Oxford,amr_hai,2,University of Oxford,University of Oxford,0.658401,0.434596,6,National University of Singapore,University of Oxford,1,1
National University Hospital--National University of Singapore#amr_hai,National University Hospital--National University of Singapore,amr_hai,1,National University Hospital,National University Hospital,0.51926,0.342069,6,National University Hospital,National University of Singapore,0,1
National University Hospital--National University of Singapore#amr_hai,National University Hospital--National University of Singapore,amr_hai,2,National University of Singapore,National University of Singapore,0.59751,0.507684,6,National University Hospital,National University of Singapore,0,1
London School of Hygiene & Tropical Medicine--National University of Singapore#tb,London School of Hygiene & Tropical Medicine--National University of Singapore,tb,1,London School of Hygiene & Tropical Medicine,London School of Hygiene & Tropical Medicine,0.690267,0.57095,6,London School of Hygiene & Tropical Medicine,National University of Singapore,1,1
London School of Hygiene & Tropical Medicine--National University of Singapore#tb,London School of Hygiene & Tropical Medicine--National University of Singapore,tb,2,National University of Singapore,National University of Singapore,0.59751,0.507684,6,London School of Hygiene & Tropical Medicine,National University of Singapore,1,1
Nanyang Technological University--National University of Singapore#tb,Nanyang Technological University--National University of Singapore,tb,1,Nanyang Technological University,Nanyang Technological University,0.664988,0.515565,5,Nanyang Technological University,National University of Singapore,0,1
Nanyang Technological University--National University of Singapore#tb,Nanyang Technological University--National University of Singapore,tb,2,National University of Singapore,National University of Singapore,0.59751,0.507684,5,Nanyang Technological University,National University of Singapore,0,1
National University of Singapore--University of Oxford#vector_borne,National University of Singapore--University of Oxford,vector_borne,1,National University of Singapore,National University of Singapore,0.59751,0.507684,5,National University of Singapore,University of Oxford,1,1
National University of Singapore--University of Oxford#vector_borne,National University of Singapore--University of Oxford,vector_borne,2,University of Oxford,University of Oxford,0.658401,0.434596,5,National University of Singapore,University of Oxford,1,1
Nanyang Technological University--National University of Singapore#rti,Nanyang Technological University--National University of Singapore,rti,1,Nanyang Technological University,Nanyang Technological University,0.664988,0.515565,5,Nanyang Technological University,National University of Singapore,0,1
Nanyang Technological University--National University of Singapore#rti,Nanyang Technological University--National University of Singapore,rti,2,National University of Singapore,National University of Singapore,0.59751,0.507684,5,Nanyang Technological University,National University of Singapore,0,1
National University Health System--National University of Singapore#rti,National University Health System--National University of Singapore,rti,1,National University Health System,National University Health System,0.554169,0.437829,5,National University Health System,National University of Singapore,0,1
National University Health System--National University of Singapore#rti,National University Health System--National University of Singapore,rti,2,National University of Singapore,National University of Singapore,0.59751,0.507684,5,National University Health System,National University of Singapore,0,1
Duke-NUS Medical School--National University of Singapore#amr_hai,Duke-NUS Medical School--National University of Singapore,amr_hai,1,Duke-NUS Medical School,Duke-NUS Medical School,0.465633,0.441401,5,Duke-NUS Medical School,National University of Singapore,0,1
Duke-NUS Medical School--National University of Singapore#amr_hai,Duke-NUS Medical School--National University of Singapore,amr_hai,2,National University of Singapore,National University of Singapore,0.59751,0.507684,5,Duke-NUS Medical School,National University of Singapore,0,1
London School of Hygiene & Tropical Medicine--National University of Singapore#vector_borne,London School of Hygiene & Tropical Medicine--National University of Singapore,vector_borne,1,London School of Hygiene & Tropical Medicine,London School of Hygiene & Tropical Medicine,0.690267,0.57095,5,London School of Hygiene & Tropical Medicine,National University of Singapore,1,1
London School of Hygiene & Tropical Medicine--National University of Singapore#vector_borne,London School of Hygiene & Tropical Medicine--National University of Singapore,vector_borne,2,National University of Singapore,National University of Singapore,0.59751,0.507684,5,London School of Hygiene & Tropical Medicine,National University of Singapore,1,1
Mahidol University--University of Oxford#amr_hai,Mahidol University--University of Oxford,amr_hai,1,Mahidol University,Mahidol University,0.601502,0.392831,5,Mahidol University,University of Oxford,1,0
Mahidol University--University of Oxford#amr_hai,Mahidol University--University of Oxford,amr_hai,2,University of Oxford,University of Oxford,0.658401,0.434596,5,Mahidol University,University of Oxford,1,0
National University Health System--National University of Singapore#amr_hai,National University Health System--National University of Singapore,amr_hai,1,National University Health System,National University Health System,0.554169,0.437829,5,National University Health System,National University of Singapore,0,1
National University Health System--National University of Singapore#amr_hai,National University Health System--National University of Singapore,amr_hai,2,National University of Singapore,National University of Singapore,0.59751,0.507684,5,National University Health System,National University of Singapore,0,1
National University of Singapore--Oxford University Clinical Research Unit#amr_hai,National University of Singapore--Oxford University Clinical Research Unit,amr_hai,1,National University of Singapore,National University of Singapore,0.59751,0.507684,5,National University of Singapore,Oxford University Clinical Research Unit,1,1
National University of Singapore--Oxford University Clinical Research Unit#amr_hai,National University of Singapore--Oxford University Clinical Research Unit,amr_hai,2,Oxford University Clinical Research Unit,Oxford University Clinical Research Unit,0.703504,0.365802,5,National University of Singapore,Oxford University Clinical Research Unit,1,1
Nanyang Technological University--National Centre for Infectious Diseases#vector_borne,Nanyang Technological University--National Centre for Infectious Diseases,vector_borne,1,Nanyang Technological University,Nanyang Technological University,0.664988,0.515565,5,Nanyang Technological University,National Centre for Infectious Diseases,0,1
Nanyang Technological University--National Centre for Infectious Diseases#vector_borne,Nanyang Technological University--National Centre for Infectious Diseases,vector_borne,2,National Centre for Infectious Diseases,National Centre for Infectious Diseases,0.63178,0.485666,5,Nanyang Technological University,National Centre for Infectious Diseases,0,1
National Centre for Infectious Diseases--Tan Tock Seng Hospital#amr_hai,National Centre for Infectious Diseases--Tan Tock Seng Hospital,amr_hai,1,National Centre for Infectious Diseases,National Centre for Infectious Diseases,0.63178,0.485666,5,National Centre for Infectious Diseases,Tan Tock Seng Hospital,0,1
National Centre for Infectious Diseases--Tan Tock Seng Hospital#amr_hai,National Centre for Infectious Diseases--Tan Tock Seng Hospital,amr_hai,2,Tan Tock Seng Hospital,Tan Tock Seng Hospital,0.54699,0.379399,5,National Centre for Infectious Diseases,Tan Tock Seng Hospital,0,1
National Centre for Infectious Diseases--Tan Tock Seng Hospital#tb,National Centre for Infectious Diseases--Tan Tock Seng Hospital,tb,1,National Centre for Infectious Diseases,National Centre for Infectious Diseases,0.63178,0.485666,5,National Centre for Infectious Diseases,Tan Tock Seng Hospital,0,1
National Centre for Infectious Diseases--Tan Tock Seng Hospital#tb,National Centre for Infectious Diseases--Tan Tock Seng Hospital,tb,2,Tan Tock Seng Hospital,Tan Tock Seng Hospital,0.54699,0.379399,5,National Centre for Infectious Diseases,Tan Tock Seng Hospital,0,1
Nanyang Technological University--Tan Tock Seng Hospital#tb,Nanyang Technological University--Tan Tock Seng Hospital,tb,1,Nanyang Technological University,Nanyang Technological University,0.664988,0.515565,5,Nanyang Technological University,Tan Tock Seng Hospital,0,1
Nanyang Technological University--Tan Tock Seng Hospital#tb,Nanyang Technological University--Tan Tock Seng Hospital,tb,2,Tan Tock Seng Hospital,Tan Tock Seng Hospital,0.54699,0.379399,5,Nanyang Technological University,Tan Tock Seng Hospital,0,1
Nanyang Technological University--University of Melbourne#vector_borne,Nanyang Technological University--University of Melbourne,vector_borne,1,Nanyang Technological University,Nanyang Technological University,0.664988,0.515565,5,Nanyang Technological University,University of Melbourne,1,1
Nanyang Technological University--University of Melbourne#vector_borne,Nanyang Technological University--University of Melbourne,vector_borne,2,University of Melbourne,University of Melbourne,0.717864,0.499267,5,Nanyang Technological University,University of Melbourne,1,1
Mahidol University--National University of Singapore#vector_borne,Mahidol University--National University of Singapore,vector_borne,1,Mahidol University,Mahidol University,0.601502,0.392831,4,Mahidol University,National University of Singapore,1,1
Mahidol University--National University of Singapore#vector_borne,Mahidol University--National University of Singapore,vector_borne,2,National University of Singapore,National University of Singapore,0.59751,0.507684,4,Mahidol University,National University of Singapore,1,1
National University of Singapore--World Health Organization#vector_borne,National University of Singapore--World Health Organization,vector_borne,1,National University of Singapore,National University of Singapore,0.59751,0.507684,4,National University of Singapore,World Health Organization,1,1
National University of Singapore--World Health Organization#vector_borne,National University of Singapore--World Health Organization,vector_borne,2,World Health Organization,World Health Organization,0.823585,0.550849,4,National University of Singapore,World Health Organization,1,1
KK Women's and Children's Hospital--National University of Singapore#rti,KK Women's and Children's Hospital--National University of Singapore,rti,1,KK Women's and Children's Hospital,KK Women's and Children's Hospital,0.460123,0.505295,4,KK Women's and Children's Hospital,National University of Singapore,0,1
KK Women's and Children's Hospital--National University of Singapore#rti,KK Women's and Children's Hospital--National University of Singapore,rti,2,National University of Singapore,National University of Singapore,0.59751,0.507684,4,KK Women's and Children's Hospital,National University of Singapore,0,1
National University of Singapore--Singapore General Hospital#rti,National University of Singapore--Singapore General Hospital,rti,1,National University of Singapore,National University of Singapore,0.59751,0.507684,4,National University of Singapore,Singapore General Hospital,0,1
National University of Singapore--Singapore General Hospital#rti,National University of Singapore--Singapore General Hospital,rti,2,Singapore General Hospital,Singapore General Hospital,0.475209,0.374832,4,National University of Singapore,Singapore General Hospital,0,1
National University of Singapore--Tan Tock Seng Hospital#rti,National University of Singapore--Tan Tock Seng Hospital,rti,1,National University of Singapore,National University of Singapore,0.59751,0.507684,4,National University of Singapore,Tan Tock Seng Hospital,0,1
National University of Singapore--Tan Tock Seng Hospital#rti,National University of Singapore--Tan Tock Seng Hospital,rti,2,Tan Tock Seng Hospital,Tan Tock Seng Hospital,0.54699,0.379399,4,National University of Singapore,Tan Tock Seng Hospital,0,1
Nanyang Technological University--National Centre for Infectious Diseases#tb,Nanyang Technological University--National Centre for Infectious Diseases,tb,1,Nanyang Technological University,Nanyang Technological University,0.664988,0.515565,4,Nanyang Technological University,National Centre for Infectious Diseases,0,1
Nanyang Technological University--National Centre for Infectious Diseases#tb,Nanyang Technological University--National Centre for Infectious Diseases,tb,2,National Centre for Infectious Diseases,National Centre for Infectious Diseases,0.63178,0.485666,4,Nanyang Technological University,National Centre for Infectious Diseases,0,1
Oxford University Clinical Research Unit--University of Oxford#amr_hai,Oxford University Clinical Research Unit--University of Oxford,amr_hai,1,Oxford University Clinical Research Unit,Oxford University Clinical Research Unit,0.703504,0.365802,4,Oxford University Clinical Research Unit,University of Oxford,1,0
Oxford University Clinical Research Unit--University of Oxford#amr_hai,Oxford University Clinical Research Unit--University of Oxford,amr_hai,2,University of Oxford,University of Oxford,0.658401,0.434596,4,Oxford University Clinical Research Unit,University of Oxford,1,0
Duke-NUS Medical School--National University of Singapore#rti,Duke-NUS Medical School--National University of Singapore,rti,1,Duke-NUS Medical School,Duke-NUS Medical School,0.465633,0.441401,4,Duke-NUS Medical School,National University of Singapore,0,1
Duke-NUS Medical School--National University of Singapore#rti,Duke-NUS Medical School--National University of Singapore,rti,2,National University of Singapore,National University of Singapore,0.59751,0.507684,4,Duke-NUS Medical School,National University of Singapore,0,1
Nanyang Technological University--National University of Singapore#other_id,Nanyang Technological University--National University of Singapore,other_id,1,Nanyang Technological University,Nanyang Technological University,0.664988,0.515565,4,Nanyang Technological University,National University of Singapore,0,1
Nanyang Technological University--National University of Singapore#other_id,Nanyang Technological University--National University of Singapore,other_id,2,National University of Singapore,National University of Singapore,0.59751,0.507684,4,Nanyang Technological University,National University of Singapore,0,1
Nanyang Technological University--Tan Tock Seng Hospital#amr_hai,Nanyang Technological University--Tan Tock Seng Hospital,amr_hai,1,Nanyang Technological University,Nanyang Technological University,0.664988,0.515565,4,Nanyang Technological University,Tan Tock Seng Hospital,0,1
Nanyang Technological University--Tan Tock Seng Hospital#amr_hai,Nanyang Technological University--Tan Tock Seng Hospital,amr_hai,2,Tan Tock Seng Hospital,Tan Tock Seng Hospital,0.54699,0.379399,4,Nanyang Technological University,Tan Tock Seng Hospital,0,1
National University of Singapore--Tan Tock Seng Hospital#tb,National University of Singapore--Tan Tock Seng Hospital,tb,1,National University of Singapore,National University of Singapore,0.59751,0.507684,4,National University of Singapore,Tan Tock Seng Hospital,0,1
National University of Singapore--Tan Tock Seng Hospital#tb,National University of Singapore--Tan Tock Seng Hospital,tb,2,Tan Tock Seng Hospital,Tan Tock Seng Hospital,0.54699,0.379399,4,National University of Singapore,Tan Tock Seng Hospital,0,1
Singapore General Hospital--Tan Tock Seng Hospital#tb,Singapore General Hospital--Tan Tock Seng Hospital,tb,1,Singapore General Hospital,Singapore General Hospital,0.475209,0.374832,4,Singapore General Hospital,Tan Tock Seng Hospital,0,1
Singapore General Hospital--Tan Tock Seng Hospital#tb,Singapore General Hospital--Tan Tock Seng Hospital,tb,2,Tan Tock Seng Hospital,Tan Tock Seng Hospital,0.54699,0.379399,4,Singapore General Hospital,Tan Tock Seng Hospital,0,1
Nanyang Technological University--National Centre for Infectious Diseases#amr_hai,Nanyang Technological University--National Centre for Infectious Diseases,amr_hai,1,Nanyang Technological University,Nanyang Technological University,0.664988,0.515565,4,Nanyang Technological University,National Centre for Infectious Diseases,0,1
Nanyang Technological University--National Centre for Infectious Diseases#amr_hai,Nanyang Technological University--National Centre for Infectious Diseases,amr_hai,2,National Centre for Infectious Diseases,National Centre for Infectious Diseases,0.63178,0.485666,4,Nanyang Technological University,National Centre for Infectious Diseases,0,1
National University of Singapore--Singapore General Hospital#other_id,National University of Singapore--Singapore General Hospital,other_id,1,National University of Singapore,National University of Singapore,0.59751,0.507684,4,National University of Singapore,Singapore General Hospital,0,1
National University of Singapore--Singapore General Hospital#other_id,National University of Singapore--Singapore General Hospital,other_id,2,Singapore General Hospital,Singapore General Hospital,0.475209,0.374832,4,National University of Singapore,Singapore General Hospital,0,1
A*STAR Infectious Diseases Labs--Nanyang Technological University#tb,A*STAR Infectious Diseases Labs--Nanyang Technological University,tb,1,A*STAR Infectious Diseases Labs,A*STAR Infectious Diseases Labs,0.805549,0.407654,3,A*STAR Infectious Diseases Labs,Nanyang Technological University,0,1
A*STAR Infectious Diseases Labs--Nanyang Technological University#tb,A*STAR Infectious Diseases Labs--Nanyang Technological University,tb,2,Nanyang Technological University,Nanyang Technological University,0.664988,0.515565,3,A*STAR Infectious Diseases Labs,Nanyang Technological University,0,1
A*STAR Infectious Diseases Labs--National University of Singapore#tb,A*STAR Infectious Diseases Labs--National University of Singapore,tb,1,A*STAR Infectious Diseases Labs,A*STAR Infectious Diseases Labs,0.805549,0.407654,3,A*STAR Infectious Diseases Labs,National University of Singapore,0,1
A*STAR Infectious Diseases Labs--National University of Singapore#tb,A*STAR Infectious Diseases Labs--National University of Singapore,tb,2,National University of Singapore,National University of Singapore,0.59751,0.507684,3,A*STAR Infectious Diseases Labs,National University of Singapore,0,1
Mahidol University--University of Oxford#vector_borne,Mahidol University--University of Oxford,vector_borne,1,Mahidol University,Mahidol University,0.601502,0.392831,3,Mahidol University,University of Oxford,1,0
Mahidol University--University of Oxford#vector_borne,Mahidol University--University of Oxford,vector_borne,2,University of Oxford,University of Oxford,0.658401,0.434596,3,Mahidol University,University of Oxford,1,0
National Centre for Infectious Diseases--National University of Singapore#rti,National Centre for Infectious Diseases--National University of Singapore,rti,1,National Centre for Infectious Diseases,National Centre for Infectious Diseases,0.63178,0.485666,3,National Centre for Infectious Diseases,National University of Singapore,0,1
National Centre for Infectious Diseases--National University of Singapore#rti,National Centre for Infectious Diseases--National University of Singapore,rti,2,National University of Singapore,National University of Singapore,0.59751,0.507684,3,National Centre for Infectious Diseases,National University of Singapore,0,1
Mahidol University--Oxford University Clinical Research Unit#amr_hai,Mahidol University--Oxford University Clinical Research Unit,amr_hai,1,Mahidol University,Mahidol University,0.601502,0.392831,3,Mahidol University,Oxford University Clinical Research Unit,1,0
Mahidol University--Oxford University Clinical Research Unit#amr_hai,Mahidol University--Oxford University Clinical Research Unit,amr_hai,2,Oxford University Clinical Research Unit,Oxford University Clinical Research Unit,0.703504,0.365802,3,Mahidol University,Oxford University Clinical Research Unit,1,0
National Centre for Infectious Diseases--National University of Singapore#vector_borne,National Centre for Infectious Diseases--National University of Singapore,vector_borne,1,National Centre for Infectious Diseases,National Centre for Infectious Diseases,0.63178,0.485666,3,National Centre for Infectious Diseases,National University of Singapore,0,1
National Centre for Infectious Diseases--National University of Singapore#vector_borne,National Centre for Infectious Diseases--National University of Singapore,vector_borne,2,National University of Singapore,National University of Singapore,0.59751,0.507684,3,National Centre for Infectious Diseases,National University of Singapore,0,1
London School of Hygiene & Tropical Medicine--National University of Singapore#rti,London School of Hygiene & Tropical Medicine--National University of Singapore,rti,1,London School of Hygiene & Tropical Medicine,London School of Hygiene & Tropical Medicine,0.690267,0.57095,3,London School of Hygiene & Tropical Medicine,National University of Singapore,1,1
London School of Hygiene & Tropical Medicine--National University of Singapore#rti,London School of Hygiene & Tropical Medicine--National University of Singapore,rti,2,National University of Singapore,National University of Singapore,0.59751,0.507684,3,London School of Hygiene & Tropical Medicine,National University of Singapore,1,1
National University Hospital--University of Oxford#amr_hai,National University Hospital--University of Oxford,amr_hai,1,National University Hospital,National University Hospital,0.51926,0.342069,3,National University Hospital,University of Oxford,1,1
National University Hospital--University of Oxford#amr_hai,National University Hospital--University of Oxford,amr_hai,2,University of Oxford,University of Oxford,0.658401,0.434596,3,National University Hospital,University of Oxford,1,1
National University of Singapore--Singapore General Hospital#amr_hai,National University of Singapore--Singapore General Hospital,amr_hai,1,National University of Singapore,National University of Singapore,0.59751,0.507684,3,National University of Singapore,Singapore General Hospital,0,1
National University of Singapore--Singapore General Hospital#amr_hai,National University of Singapore--Singapore General Hospital,amr_hai,2,Singapore General Hospital,Singapore General Hospital,0.475209,0.374832,3,National University of Singapore,Singapore General Hospital,0,1
National Centre for Infectious Diseases--National University Hospital#sti,National Centre for Infectious Diseases--National University Hospital,sti,1,National Centre for Infectious Diseases,National Centre for Infectious Diseases,0.63178,0.485666,3,National Centre for Infectious Diseases,National University Hospital,0,1
National Centre for Infectious Diseases--National University Hospital#sti,National Centre for Infectious Diseases--National University Hospital,sti,2,National University Hospital,National University Hospital,0.51926,0.342069,3,National Centre for Infectious Diseases,National University Hospital,0,1
"Agency for Science, Technology and Research--National University of Singapore#rti","Agency for Science, Technology and Research--National University of Singapore",rti,1,"Agency for Science, Technology and Research","Agency for Science, Technology and Research",0.770378,0.467146,3,"Agency for Science, Technology and Research",National University of Singapore,0,1
"Agency for Science, Technology and Research--National University of Singapore#rti","Agency for Science, Technology and Research--National University of Singapore",rti,2,National University of Singapore,National University of Singapore,0.59751,0.507684,3,"Agency for Science, Technology and Research",National University of Singapore,0,1
Duke-NUS Medical School--National University of Singapore#vector_borne,Duke-NUS Medical School--National University of Singapore,vector_borne,1,Duke-NUS Medical School,Duke-NUS Medical School,0.465633,0.441401,3,Duke-NUS Medical School,National University of Singapore,0,1
Duke-NUS Medical School--National University of Singapore#vector_borne,Duke-NUS Medical School--National University of Singapore,vector_borne,2,National University of Singapore,National University of Singapore,0.59751,0.507684,3,Duke-NUS Medical School,National University of Singapore,0,1
National University of Singapore--SingHealth#vector_borne,National University of Singapore--SingHealth,vector_borne,1,National University of Singapore,National University of Singapore,0.59751,0.507684,3,National University of Singapore,SingHealth,0,1
National University of Singapore--SingHealth#vector_borne,National University of Singapore--SingHealth,vector_borne,2,SingHealth,SingHealth,0.566166,0.304445,3,National University of Singapore,SingHealth,0,1
A*STAR Infectious Diseases Labs--University of Malaya#vector_borne,A*STAR Infectious Diseases Labs--University of Malaya,vector_borne,1,A*STAR Infectious Diseases Labs,A*STAR Infectious Diseases Labs,0.805549,0.407654,3,A*STAR Infectious Diseases Labs,University of Malaya,1,1
A*STAR Infectious Diseases Labs--University of Malaya#vector_borne,A*STAR Infectious Diseases Labs--University of Malaya,vector_borne,2,University of Malaya,University of Malaya,0.573788,0.583368,3,A*STAR Infectious Diseases Labs,University of Malaya,1,1
Nanyang Technological University--National Centre for Infectious Diseases#other_id,Nanyang Technological University--National Centre for Infectious Diseases,other_id,1,Nanyang Technological University,Nanyang Technological University,0.664988,0.515565,3,Nanyang Technological University,National Centre for Infectious Diseases,0,1
Nanyang Technological University--National Centre for Infectious Diseases#other_id,Nanyang Technological University--National Centre for Infectious Diseases,other_id,2,National Centre for Infectious Diseases,National Centre for Infectious Diseases,0.63178,0.485666,3,Nanyang Technological University,National Centre for Infectious Diseases,0,1
A*STAR Infectious Diseases Labs--National University of Singapore#vector_borne,A*STAR Infectious Diseases Labs--National University of Singapore,vector_borne,1,A*STAR Infectious Diseases Labs,A*STAR Infectious Diseases Labs,0.805549,0.407654,3,A*STAR Infectious Diseases Labs,National University of Singapore,0,1
A*STAR Infectious Diseases Labs--National University of Singapore#vector_borne,A*STAR Infectious Diseases Labs--National University of Singapore,vector_borne,2,National University of Singapore,National University of Singapore,0.59751,0.507684,3,A*STAR Infectious Diseases Labs,National University of Singapore,0,1
Duke-NUS Medical School--Nanyang Technological University#tb,Duke-NUS Medical School--Nanyang Technological University,tb,1,Duke-NUS Medical School,Duke-NUS Medical School,0.465633,0.441401,3,Duke-NUS Medical School,Nanyang Technological University,0,1
Duke-NUS Medical School--Nanyang Technological University#tb,Duke-NUS Medical School--Nanyang Technological University,tb,2,Nanyang Technological University,Nanyang Technological University,0.664988,0.515565,3,Duke-NUS Medical School,Nanyang Technological University,0,1
Duke-NUS Medical School--Tan Tock Seng Hospital#tb,Duke-NUS Medical School--Tan Tock Seng Hospital,tb,1,Duke-NUS Medical School,Duke-NUS Medical School,0.465633,0.441401,3,Duke-NUS Medical School,Tan Tock Seng Hospital,0,1
Duke-NUS Medical School--Tan Tock Seng Hospital#tb,Duke-NUS Medical School--Tan Tock Seng Hospital,tb,2,Tan Tock Seng Hospital,Tan Tock Seng Hospital,0.54699,0.379399,3,Duke-NUS Medical School,Tan Tock Seng Hospital,0,1
Duke-NUS Medical School--Universitas Indonesia#tb,Duke-NUS Medical School--Universitas Indonesia,tb,1,Duke-NUS Medical School,Duke-NUS Medical School,0.465633,0.441401,3,Duke-NUS Medical School,Universitas Indonesia,1,1
Duke-NUS Medical School--Universitas Indonesia#tb,Duke-NUS Medical School--Universitas Indonesia,tb,2,Universitas Indonesia,Universitas Indonesia,0.62933,0.345326,3,Duke-NUS Medical School,Universitas Indonesia,1,1
Nanyang Technological University--Universitas Indonesia#tb,Nanyang Technological University--Universitas Indonesia,tb,1,Nanyang Technological University,Nanyang Technological University,0.664988,0.515565,3,Nanyang Technological University,Universitas Indonesia,1,1
Nanyang Technological University--Universitas Indonesia#tb,Nanyang Technological University--Universitas Indonesia,tb,2,Universitas Indonesia,Universitas Indonesia,0.62933,0.345326,3,Nanyang Technological University,Universitas Indonesia,1,1
Tan Tock Seng Hospital--Universitas Indonesia#tb,Tan Tock Seng Hospital--Universitas Indonesia,tb,1,Tan Tock Seng Hospital,Tan Tock Seng Hospital,0.54699,0.379399,3,Tan Tock Seng Hospital,Universitas Indonesia,1,1
Tan Tock Seng Hospital--Universitas Indonesia#tb,Tan Tock Seng Hospital--Universitas Indonesia,tb,2,Universitas Indonesia,Universitas Indonesia,0.62933,0.345326,3,Tan Tock Seng Hospital,Universitas Indonesia,1,1
National University of Singapore--University of Melbourne#amr_hai,National University of Singapore--University of Melbourne,amr_hai,1,National University of Singapore,National University of Singapore,0.59751,0.507684,3,National University of Singapore,University of Melbourne,1,1
National University of Singapore--University of Melbourne#amr_hai,National University of Singapore--University of Melbourne,amr_hai,2,University of Melbourne,University of Melbourne,0.717864,0.499267,3,National University of Singapore,University of Melbourne,1,1
Experimental Drug Development Centre--Nanyang Technological University#vector_borne,Experimental Drug Development Centre--Nanyang Technological University,vector_borne,1,Experimental Drug Development Centre,Experimental Drug Development Centre,0.825502,0.790908,3,Experimental Drug Development Centre,Nanyang Technological University,0,1
Experimental Drug Development Centre--Nanyang Technological University#vector_borne,Experimental Drug Development Centre--Nanyang Technological University,vector_borne,2,Nanyang Technological University,Nanyang Technological University,0.664988,0.515565,3,Experimental Drug Development Centre,Nanyang Technological University,0,1
Harvard University--World Health Organization#tb,Harvard University--World Health Organization,tb,1,Harvard University,Harvard University,0.690017,0.63864,3,Harvard University,World Health Organization,1,0
Harvard University--World Health Organization#tb,Harvard University--World Health Organization,tb,2,World Health Organization,World Health Organization,0.823585,0.550849,3,Harvard University,World Health Organization,1,0
London School of Hygiene & Tropical Medicine--World Health Organization#tb,London School of Hygiene & Tropical Medicine--World Health Organization,tb,1,London School of Hygiene & Tropical Medicine,London School of Hygiene & Tropical Medicine,0.690267,0.57095,3,London School of Hygiene & Tropical Medicine,World Health Organization,1,0
London School of Hygiene & Tropical Medicine--World Health Organization#tb,London School of Hygiene & Tropical Medicine--World Health Organization,tb,2,World Health Organization,World Health Organization,0.823585,0.550849,3,London School of Hygiene & Tropical Medicine,World Health Organization,1,0
Nanyang Technological University--National Environment Agency#vector_borne,Nanyang Technological University--National Environment Agency,vector_borne,1,Nanyang Technological University,Nanyang Technological University,0.664988,0.515565,3,Nanyang Technological University,National Environment Agency,0,1
Nanyang Technological University--National Environment Agency#vector_borne,Nanyang Technological University--National Environment Agency,vector_borne,2,National Environment Agency,National Environment Agency,0.727957,0.791093,3,Nanyang Technological University,National Environment Agency,0,1
National Environment Agency--National University of Singapore#vector_borne,National Environment Agency--National University of Singapore,vector_borne,1,National Environment Agency,National Environment Agency,0.727957,0.791093,3,National Environment Agency,National University of Singapore,0,1
National Environment Agency--National University of Singapore#vector_borne,National Environment Agency--National University of Singapore,vector_borne,2,National University of Singapore,National University of Singapore,0.59751,0.507684,3,National Environment Agency,National University of Singapore,0,1
National University of Singapore--University of Melbourne#vector_borne,National University of Singapore--University of Melbourne,vector_borne,1,National University of Singapore,National University of Singapore,0.59751,0.507684,3,National University of Singapore,University of Melbourne,1,1
National University of Singapore--University of Melbourne#vector_borne,National University of Singapore--University of Melbourne,vector_borne,2,University of Melbourne,University of Melbourne,0.717864,0.499267,3,National University of Singapore,University of Melbourne,1,1
National University of Singapore--Singapore Food Agency#amr_hai,National University of Singapore--Singapore Food Agency,amr_hai,1,National University of Singapore,National University of Singapore,0.59751,0.507684,2,National University of Singapore,Singapore Food Agency,0,1
National University of Singapore--Singapore Food Agency#amr_hai,National University of Singapore--Singapore Food Agency,amr_hai,2,Singapore Food Agency,Singapore Food Agency,0.37064,0.381025,2,National University of Singapore,Singapore Food Agency,0,1
Communicable Diseases Agency--Nanyang Technological University#rti,Communicable Diseases Agency--Nanyang Technological University,rti,1,Communicable Diseases Agency,Communicable Diseases Agency,0.485721,0.581763,2,Communicable Diseases Agency,Nanyang Technological University,0,1
Communicable Diseases Agency--Nanyang Technological University#rti,Communicable Diseases Agency--Nanyang Technological University,rti,2,Nanyang Technological University,Nanyang Technological University,0.664988,0.515565,2,Communicable Diseases Agency,Nanyang Technological University,0,1
Communicable Diseases Agency--National Centre for Infectious Diseases#rti,Communicable Diseases Agency--National Centre for Infectious Diseases,rti,1,Communicable Diseases Agency,Communicable Diseases Agency,0.485721,0.581763,2,Communicable Diseases Agency,National Centre for Infectious Diseases,0,1
Communicable Diseases Agency--National Centre for Infectious Diseases#rti,Communicable Diseases Agency--National Centre for Infectious Diseases,rti,2,National Centre for Infectious Diseases,National Centre for Infectious Diseases,0.63178,0.485666,2,Communicable Diseases Agency,National Centre for Infectious Diseases,0,1
Communicable Diseases Agency--National University of Singapore#rti,Communicable Diseases Agency--National University of Singapore,rti,1,Communicable Diseases Agency,Communicable Diseases Agency,0.485721,0.581763,2,Communicable Diseases Agency,National University of Singapore,0,1
Communicable Diseases Agency--National University of Singapore#rti,Communicable Diseases Agency--National University of Singapore,rti,2,National University of Singapore,National University of Singapore,0.59751,0.507684,2,Communicable Diseases Agency,National University of Singapore,0,1
Communicable Diseases Agency--Singapore General Hospital#rti,Communicable Diseases Agency--Singapore General Hospital,rti,1,Communicable Diseases Agency,Communicable Diseases Agency,0.485721,0.581763,2,Communicable Diseases Agency,Singapore General Hospital,0,1
Communicable Diseases Agency--Singapore General Hospital#rti,Communicable Diseases Agency--Singapore General Hospital,rti,2,Singapore General Hospital,Singapore General Hospital,0.475209,0.374832,2,Communicable Diseases Agency,Singapore General Hospital,0,1
Communicable Diseases Agency--Tan Tock Seng Hospital#rti,Communicable Diseases Agency--Tan Tock Seng Hospital,rti,1,Communicable Diseases Agency,Communicable Diseases Agency,0.485721,0.581763,2,Communicable Diseases Agency,Tan Tock Seng Hospital,0,1
Communicable Diseases Agency--Tan Tock Seng Hospital#rti,Communicable Diseases Agency--Tan Tock Seng Hospital,rti,2,Tan Tock Seng Hospital,Tan Tock Seng Hospital,0.54699,0.379399,2,Communicable Diseases Agency,Tan Tock Seng Hospital,0,1
KK Women's and Children's Hospital--Nanyang Technological University#rti,KK Women's and Children's Hospital--Nanyang Technological University,rti,1,KK Women's and Children's Hospital,KK Women's and Children's Hospital,0.460123,0.505295,2,KK Women's and Children's Hospital,Nanyang Technological University,0,1
KK Women's and Children's Hospital--Nanyang Technological University#rti,KK Women's and Children's Hospital--Nanyang Technological University,rti,2,Nanyang Technological University,Nanyang Technological University,0.664988,0.515565,2,KK Women's and Children's Hospital,Nanyang Technological University,0,1
KK Women's and Children's Hospital--National University Health System#rti,KK Women's and Children's Hospital--National University Health System,rti,1,KK Women's and Children's Hospital,KK Women's and Children's Hospital,0.460123,0.505295,2,KK Women's and Children's Hospital,National University Health System,0,1
KK Women's and Children's Hospital--National University Health System#rti,KK Women's and Children's Hospital--National University Health System,rti,2,National University Health System,National University Health System,0.554169,0.437829,2,KK Women's and Children's Hospital,National University Health System,0,1
KK Women's and Children's Hospital--National University Hospital#rti,KK Women's and Children's Hospital--National University Hospital,rti,1,KK Women's and Children's Hospital,KK Women's and Children's Hospital,0.460123,0.505295,2,KK Women's and Children's Hospital,National University Hospital,0,1
KK Women's and Children's Hospital--National University Hospital#rti,KK Women's and Children's Hospital--National University Hospital,rti,2,National University Hospital,National University Hospital,0.51926,0.342069,2,KK Women's and Children's Hospital,National University Hospital,0,1
KK Women's and Children's Hospital--Singapore General Hospital#rti,KK Women's and Children's Hospital--Singapore General Hospital,rti,1,KK Women's and Children's Hospital,KK Women's and Children's Hospital,0.460123,0.505295,2,KK Women's and Children's Hospital,Singapore General Hospital,0,1
KK Women's and Children's Hospital--Singapore General Hospital#rti,KK Women's and Children's Hospital--Singapore General Hospital,rti,2,Singapore General Hospital,Singapore General Hospital,0.475209,0.374832,2,KK Women's and Children's Hospital,Singapore General Hospital,0,1
Nanyang Technological University--National Centre for Infectious Diseases#rti,Nanyang Technological University--National Centre for Infectious Diseases,rti,1,Nanyang Technological University,Nanyang Technological University,0.664988,0.515565,2,Nanyang Technological University,National Centre for Infectious Diseases,0,1
Nanyang Technological University--National Centre for Infectious Diseases#rti,Nanyang Technological University--National Centre for Infectious Diseases,rti,2,National Centre for Infectious Diseases,National Centre for Infectious Diseases,0.63178,0.485666,2,Nanyang Technological University,National Centre for Infectious Diseases,0,1
Nanyang Technological University--Singapore General Hospital#rti,Nanyang Technological University--Singapore General Hospital,rti,1,Nanyang Technological University,Nanyang Technological University,0.664988,0.515565,2,Nanyang Technological University,Singapore General Hospital,0,1
Nanyang Technological University--Singapore General Hospital#rti,Nanyang Technological University--Singapore General Hospital,rti,2,Singapore General Hospital,Singapore General Hospital,0.475209,0.374832,2,Nanyang Technological University,Singapore General Hospital,0,1
Nanyang Technological University--Tan Tock Seng Hospital#rti,Nanyang Technological University--Tan Tock Seng Hospital,rti,1,Nanyang Technological University,Nanyang Technological University,0.664988,0.515565,2,Nanyang Technological University,Tan Tock Seng Hospital,0,1
Nanyang Technological University--Tan Tock Seng Hospital#rti,Nanyang Technological University--Tan Tock Seng Hospital,rti,2,Tan Tock Seng Hospital,Tan Tock Seng Hospital,0.54699,0.379399,2,Nanyang Technological University,Tan Tock Seng Hospital,0,1
National Centre for Infectious Diseases--Singapore General Hospital#rti,National Centre for Infectious Diseases--Singapore General Hospital,rti,1,National Centre for Infectious Diseases,National Centre for Infectious Diseases,0.63178,0.485666,2,National Centre for Infectious Diseases,Singapore General Hospital,0,1
National Centre for Infectious Diseases--Singapore General Hospital#rti,National Centre for Infectious Diseases--Singapore General Hospital,rti,2,Singapore General Hospital,Singapore General Hospital,0.475209,0.374832,2,National Centre for Infectious Diseases,Singapore General Hospital,0,1
National Centre for Infectious Diseases--Tan Tock Seng Hospital#rti,National Centre for Infectious Diseases--Tan Tock Seng Hospital,rti,1,National Centre for Infectious Diseases,National Centre for Infectious Diseases,0.63178,0.485666,2,National Centre for Infectious Diseases,Tan Tock Seng Hospital,0,1
National Centre for Infectious Diseases--Tan Tock Seng Hospital#rti,National Centre for Infectious Diseases--Tan Tock Seng Hospital,rti,2,Tan Tock Seng Hospital,Tan Tock Seng Hospital,0.54699,0.379399,2,National Centre for Infectious Diseases,Tan Tock Seng Hospital,0,1
National University Health System--National University Hospital#rti,National University Health System--National University Hospital,rti,1,National University Health System,National University Health System,0.554169,0.437829,2,National University Health System,National University Hospital,0,1
National University Health System--National University Hospital#rti,National University Health System--National University Hospital,rti,2,National University Hospital,National University Hospital,0.51926,0.342069,2,National University Health System,National University Hospital,0,1
National University Health System--Tan Tock Seng Hospital#rti,National University Health System--Tan Tock Seng Hospital,rti,1,National University Health System,National University Health System,0.554169,0.437829,2,National University Health System,Tan Tock Seng Hospital,0,1
National University Health System--Tan Tock Seng Hospital#rti,National University Health System--Tan Tock Seng Hospital,rti,2,Tan Tock Seng Hospital,Tan Tock Seng Hospital,0.54699,0.379399,2,National University Health System,Tan Tock Seng Hospital,0,1
National University Hospital--Singapore General Hospital#rti,National University Hospital--Singapore General Hospital,rti,1,National University Hospital,National University Hospital,0.51926,0.342069,2,National University Hospital,Singapore General Hospital,0,1
National University Hospital--Singapore General Hospital#rti,National University Hospital--Singapore General Hospital,rti,2,Singapore General Hospital,Singapore General Hospital,0.475209,0.374832,2,National University Hospital,Singapore General Hospital,0,1
National University Hospital--Tan Tock Seng Hospital#rti,National University Hospital--Tan Tock Seng Hospital,rti,1,National University Hospital,National University Hospital,0.51926,0.342069,2,National University Hospital,Tan Tock Seng Hospital,0,1
National University Hospital--Tan Tock Seng Hospital#rti,National University Hospital--Tan Tock Seng Hospital,rti,2,Tan Tock Seng Hospital,Tan Tock Seng Hospital,0.54699,0.379399,2,National University Hospital,Tan Tock Seng Hospital,0,1
Singapore General Hospital--Tan Tock Seng Hospital#rti,Singapore General Hospital--Tan Tock Seng Hospital,rti,1,Singapore General Hospital,Singapore General Hospital,0.475209,0.374832,2,Singapore General Hospital,Tan Tock Seng Hospital,0,1
Singapore General Hospital--Tan Tock Seng Hospital#rti,Singapore General Hospital--Tan Tock Seng Hospital,rti,2,Tan Tock Seng Hospital,Tan Tock Seng Hospital,0.54699,0.379399,2,Singapore General Hospital,Tan Tock Seng Hospital,0,1
Johns Hopkins University--National University of Singapore#tb,Johns Hopkins University--National University of Singapore,tb,1,Johns Hopkins University,Johns Hopkins University,0.616645,0.578135,2,Johns Hopkins University,National University of Singapore,1,1
Johns Hopkins University--National University of Singapore#tb,Johns Hopkins University--National University of Singapore,tb,2,National University of Singapore,National University of Singapore,0.59751,0.507684,2,Johns Hopkins University,National University of Singapore,1,1
National Centre for Infectious Diseases--University of Malaya#sti,National Centre for Infectious Diseases--University of Malaya,sti,1,National Centre for Infectious Diseases,National Centre for Infectious Diseases,0.63178,0.485666,2,National Centre for Infectious Diseases,University of Malaya,1,1
National Centre for Infectious Diseases--University of Malaya#sti,National Centre for Infectious Diseases--University of Malaya,sti,2,University of Malaya,University of Malaya,0.573788,0.583368,2,National Centre for Infectious Diseases,University of Malaya,1,1
Imperial College London--World Health Organization#vector_borne,Imperial College London--World Health Organization,vector_borne,1,Imperial College London,Imperial College London,0.855768,0.625981,2,Imperial College London,World Health Organization,1,0
Imperial College London--World Health Organization#vector_borne,Imperial College London--World Health Organization,vector_borne,2,World Health Organization,World Health Organization,0.823585,0.550849,2,Imperial College London,World Health Organization,1,0
Mahidol University--National University Health System#amr_hai,Mahidol University--National University Health System,amr_hai,1,Mahidol University,Mahidol University,0.601502,0.392831,2,Mahidol University,National University Health System,1,1
Mahidol University--National University Health System#amr_hai,Mahidol University--National University Health System,amr_hai,2,National University Health System,National University Health System,0.554169,0.437829,2,Mahidol University,National University Health System,1,1
National University Health System--Oxford University Clinical Research Unit#amr_hai,National University Health System--Oxford University Clinical Research Unit,amr_hai,1,National University Health System,National University Health System,0.554169,0.437829,2,National University Health System,Oxford University Clinical Research Unit,1,1
National University Health System--Oxford University Clinical Research Unit#amr_hai,National University Health System--Oxford University Clinical Research Unit,amr_hai,2,Oxford University Clinical Research Unit,Oxford University Clinical Research Unit,0.703504,0.365802,2,National University Health System,Oxford University Clinical Research Unit,1,1
National University Health System--University of Oxford#amr_hai,National University Health System--University of Oxford,amr_hai,1,National University Health System,National University Health System,0.554169,0.437829,2,National University Health System,University of Oxford,1,1
National University Health System--University of Oxford#amr_hai,National University Health System--University of Oxford,amr_hai,2,University of Oxford,University of Oxford,0.658401,0.434596,2,National University Health System,University of Oxford,1,1
National Centre for Infectious Diseases--Oxford University Clinical Research Unit#vector_borne,National Centre for Infectious Diseases--Oxford University Clinical Research Unit,vector_borne,1,National Centre for Infectious Diseases,National Centre for Infectious Diseases,0.63178,0.485666,2,National Centre for Infectious Diseases,Oxford University Clinical Research Unit,1,1
National Centre for Infectious Diseases--Oxford University Clinical Research Unit#vector_borne,National Centre for Infectious Diseases--Oxford University Clinical Research Unit,vector_borne,2,Oxford University Clinical Research Unit,Oxford University Clinical Research Unit,0.703504,0.365802,2,National Centre for Infectious Diseases,Oxford University Clinical Research Unit,1,1
National Centre for Infectious Diseases--University of Oxford#vector_borne,National Centre for Infectious Diseases--University of Oxford,vector_borne,1,National Centre for Infectious Diseases,National Centre for Infectious Diseases,0.63178,0.485666,2,National Centre for Infectious Diseases,University of Oxford,1,1
National Centre for Infectious Diseases--University of Oxford#vector_borne,National Centre for Infectious Diseases--University of Oxford,vector_borne,2,University of Oxford,University of Oxford,0.658401,0.434596,2,National Centre for Infectious Diseases,University of Oxford,1,1
National University of Singapore--Oxford University Clinical Research Unit#vector_borne,National University of Singapore--Oxford University Clinical Research Unit,vector_borne,1,National University of Singapore,National University of Singapore,0.59751,0.507684,2,National University of Singapore,Oxford University Clinical Research Unit,1,1
National University of Singapore--Oxford University Clinical Research Unit#vector_borne,National University of Singapore--Oxford University Clinical Research Unit,vector_borne,2,Oxford University Clinical Research Unit,Oxford University Clinical Research Unit,0.703504,0.365802,2,National University of Singapore,Oxford University Clinical Research Unit,1,1
Oxford University Clinical Research Unit--University of Oxford#vector_borne,Oxford University Clinical Research Unit--University of Oxford,vector_borne,1,Oxford University Clinical Research Unit,Oxford University Clinical Research Unit,0.703504,0.365802,2,Oxford University Clinical Research Unit,University of Oxford,1,0
Oxford University Clinical Research Unit--University of Oxford#vector_borne,Oxford University Clinical Research Unit--University of Oxford,vector_borne,2,University of Oxford,University of Oxford,0.658401,0.434596,2,Oxford University Clinical Research Unit,University of Oxford,1,0
SingHealth--Singapore General Hospital#rti,SingHealth--Singapore General Hospital,rti,1,SingHealth,SingHealth,0.566166,0.304445,2,SingHealth,Singapore General Hospital,0,1
SingHealth--Singapore General Hospital#rti,SingHealth--Singapore General Hospital,rti,2,Singapore General Hospital,Singapore General Hospital,0.475209,0.374832,2,SingHealth,Singapore General Hospital,0,1
London School of Hygiene & Tropical Medicine--National University of Singapore#other_id,London School of Hygiene & Tropical Medicine--National University of Singapore,other_id,1,London School of Hygiene & Tropical Medicine,London School of Hygiene & Tropical Medicine,0.690267,0.57095,2,London School of Hygiene & Tropical Medicine,National University of Singapore,1,1
London School of Hygiene & Tropical Medicine--National University of Singapore#other_id,London School of Hygiene & Tropical Medicine--National University of Singapore,other_id,2,National University of Singapore,National University of Singapore,0.59751,0.507684,2,London School of Hygiene & Tropical Medicine,National University of Singapore,1,1
Mahidol University--National University Hospital#amr_hai,Mahidol University--National University Hospital,amr_hai,1,Mahidol University,Mahidol University,0.601502,0.392831,2,Mahidol University,National University Hospital,1,1
Mahidol University--National University Hospital#amr_hai,Mahidol University--National University Hospital,amr_hai,2,National University Hospital,National University Hospital,0.51926,0.342069,2,Mahidol University,National University Hospital,1,1
National University Hospital--Oxford University Clinical Research Unit#amr_hai,National University Hospital--Oxford University Clinical Research Unit,amr_hai,1,National University Hospital,National University Hospital,0.51926,0.342069,2,National University Hospital,Oxford University Clinical Research Unit,1,1
National University Hospital--Oxford University Clinical Research Unit#amr_hai,National University Hospital--Oxford University Clinical Research Unit,amr_hai,2,Oxford University Clinical Research Unit,Oxford University Clinical Research Unit,0.703504,0.365802,2,National University Hospital,Oxford University Clinical Research Unit,1,1
Singapore General Hospital--University of Hong Kong#amr_hai,Singapore General Hospital--University of Hong Kong,amr_hai,1,Singapore General Hospital,Singapore General Hospital,0.475209,0.374832,2,Singapore General Hospital,University of Hong Kong,1,1
Singapore General Hospital--University of Hong Kong#amr_hai,Singapore General Hospital--University of Hong Kong,amr_hai,2,University of Hong Kong,University of Hong Kong,0.711454,0.426862,2,Singapore General Hospital,University of Hong Kong,1,1
National Centre for Infectious Diseases--National University of Singapore#sti,National Centre for Infectious Diseases--National University of Singapore,sti,1,National Centre for Infectious Diseases,National Centre for Infectious Diseases,0.63178,0.485666,2,National Centre for Infectious Diseases,National University of Singapore,0,1
National Centre for Infectious Diseases--National University of Singapore#sti,National Centre for Infectious Diseases--National University of Singapore,sti,2,National University of Singapore,National University of Singapore,0.59751,0.507684,2,National Centre for Infectious Diseases,National University of Singapore,0,1
National University Health System--Tan Tock Seng Hospital#amr_hai,National University Health System--Tan Tock Seng Hospital,amr_hai,1,National University Health System,National University Health System,0.554169,0.437829,2,National University Health System,Tan Tock Seng Hospital,0,1
National University Health System--Tan Tock Seng Hospital#amr_hai,National University Health System--Tan Tock Seng Hospital,amr_hai,2,Tan Tock Seng Hospital,Tan Tock Seng Hospital,0.54699,0.379399,2,National University Health System,Tan Tock Seng Hospital,0,1
National University of Singapore--SingHealth#rti,National University of Singapore--SingHealth,rti,1,National University of Singapore,National University of Singapore,0.59751,0.507684,2,National University of Singapore,SingHealth,0,1
National University of Singapore--SingHealth#rti,National University of Singapore--SingHealth,rti,2,SingHealth,SingHealth,0.566166,0.304445,2,National University of Singapore,SingHealth,0,1
National Skin Centre--National University of Singapore#vector_borne,National Skin Centre--National University of Singapore,vector_borne,1,National Skin Centre,National Skin Centre,0.569459,0.179669,2,National Skin Centre,National University of Singapore,0,1
National Skin Centre--National University of Singapore#vector_borne,National Skin Centre--National University of Singapore,vector_borne,2,National University of Singapore,National University of Singapore,0.59751,0.507684,2,National Skin Centre,National University of Singapore,0,1
Duke-NUS Medical School--Singapore General Hospital#rti,Duke-NUS Medical School--Singapore General Hospital,rti,1,Duke-NUS Medical School,Duke-NUS Medical School,0.465633,0.441401,2,Duke-NUS Medical School,Singapore General Hospital,0,1
Duke-NUS Medical School--Singapore General Hospital#rti,Duke-NUS Medical School--Singapore General Hospital,rti,2,Singapore General Hospital,Singapore General Hospital,0.475209,0.374832,2,Duke-NUS Medical School,Singapore General Hospital,0,1
National Centre for Infectious Diseases--Tan Tock Seng Hospital#sti,National Centre for Infectious Diseases--Tan Tock Seng Hospital,sti,1,National Centre for Infectious Diseases,National Centre for Infectious Diseases,0.63178,0.485666,2,National Centre for Infectious Diseases,Tan Tock Seng Hospital,0,1
National Centre for Infectious Diseases--Tan Tock Seng Hospital#sti,National Centre for Infectious Diseases--Tan Tock Seng Hospital,sti,2,Tan Tock Seng Hospital,Tan Tock Seng Hospital,0.54699,0.379399,2,National Centre for Infectious Diseases,Tan Tock Seng Hospital,0,1
National University Hospital--National University of Singapore#sti,National University Hospital--National University of Singapore,sti,1,National University Hospital,National University Hospital,0.51926,0.342069,2,National University Hospital,National University of Singapore,0,1
National University Hospital--National University of Singapore#sti,National University Hospital--National University of Singapore,sti,2,National University of Singapore,National University of Singapore,0.59751,0.507684,2,National University Hospital,National University of Singapore,0,1
National University Hospital--Singapore General Hospital#sti,National University Hospital--Singapore General Hospital,sti,1,National University Hospital,National University Hospital,0.51926,0.342069,2,National University Hospital,Singapore General Hospital,0,1
National University Hospital--Singapore General Hospital#sti,National University Hospital--Singapore General Hospital,sti,2,Singapore General Hospital,Singapore General Hospital,0.475209,0.374832,2,National University Hospital,Singapore General Hospital,0,1
National University Hospital--Tan Tock Seng Hospital#sti,National University Hospital--Tan Tock Seng Hospital,sti,1,National University Hospital,National University Hospital,0.51926,0.342069,2,National University Hospital,Tan Tock Seng Hospital,0,1
National University Hospital--Tan Tock Seng Hospital#sti,National University Hospital--Tan Tock Seng Hospital,sti,2,Tan Tock Seng Hospital,Tan Tock Seng Hospital,0.54699,0.379399,2,National University Hospital,Tan Tock Seng Hospital,0,1
Duke-NUS Medical School--National University Hospital#rti,Duke-NUS Medical School--National University Hospital,rti,1,Duke-NUS Medical School,Duke-NUS Medical School,0.465633,0.441401,2,Duke-NUS Medical School,National University Hospital,0,1
Duke-NUS Medical School--National University Hospital#rti,Duke-NUS Medical School--National University Hospital,rti,2,National University Hospital,National University Hospital,0.51926,0.342069,2,Duke-NUS Medical School,National University Hospital,0,1
Nanyang Technological University--University of Cambridge#vector_borne,Nanyang Technological University--University of Cambridge,vector_borne,1,Nanyang Technological University,Nanyang Technological University,0.664988,0.515565,2,Nanyang Technological University,University of Cambridge,1,1
Nanyang Technological University--University of Cambridge#vector_borne,Nanyang Technological University--University of Cambridge,vector_borne,2,University of Cambridge,University of Cambridge,0.795279,0.581232,2,Nanyang Technological University,University of Cambridge,1,1
Nanyang Technological University--University of Hong Kong#vector_borne,Nanyang Technological University--University of Hong Kong,vector_borne,1,Nanyang Technological University,Nanyang Technological University,0.664988,0.515565,2,Nanyang Technological University,University of Hong Kong,1,1
Nanyang Technological University--University of Hong Kong#vector_borne,Nanyang Technological University--University of Hong Kong,vector_borne,2,University of Hong Kong,University of Hong Kong,0.711454,0.426862,2,Nanyang Technological University,University of Hong Kong,1,1
National University Health System--National University Hospital#amr_hai,National University Health System--National University Hospital,amr_hai,1,National University Health System,National University Health System,0.554169,0.437829,2,National University Health System,National University Hospital,0,1
National University Health System--National University Hospital#amr_hai,National University Health System--National University Hospital,amr_hai,2,National University Hospital,National University Hospital,0.51926,0.342069,2,National University Health System,National University Hospital,0,1
Changi General Hospital--Singapore General Hospital#tb,Changi General Hospital--Singapore General Hospital,tb,1,Changi General Hospital,Changi General Hospital,0.384499,0.459909,2,Changi General Hospital,Singapore General Hospital,0,1
Changi General Hospital--Singapore General Hospital#tb,Changi General Hospital--Singapore General Hospital,tb,2,Singapore General Hospital,Singapore General Hospital,0.475209,0.374832,2,Changi General Hospital,Singapore General Hospital,0,1
Duke-NUS Medical School--Singapore General Hospital#tb,Duke-NUS Medical School--Singapore General Hospital,tb,1,Duke-NUS Medical School,Duke-NUS Medical School,0.465633,0.441401,2,Duke-NUS Medical School,Singapore General Hospital,0,1
Duke-NUS Medical School--Singapore General Hospital#tb,Duke-NUS Medical School--Singapore General Hospital,tb,2,Singapore General Hospital,Singapore General Hospital,0.475209,0.374832,2,Duke-NUS Medical School,Singapore General Hospital,0,1
Sengkang General Hospital--Singapore General Hospital#tb,Sengkang General Hospital--Singapore General Hospital,tb,1,Sengkang General Hospital,Sengkang General Hospital,0.288901,0.349634,2,Sengkang General Hospital,Singapore General Hospital,0,1
Sengkang General Hospital--Singapore General Hospital#tb,Sengkang General Hospital--Singapore General Hospital,tb,2,Singapore General Hospital,Singapore General Hospital,0.475209,0.374832,2,Sengkang General Hospital,Singapore General Hospital,0,1
KK Women's and Children's Hospital--Nanyang Technological University#amr_hai,KK Women's and Children's Hospital--Nanyang Technological University,amr_hai,1,KK Women's and Children's Hospital,KK Women's and Children's Hospital,0.460123,0.505295,2,KK Women's and Children's Hospital,Nanyang Technological University,0,1
KK Women's and Children's Hospital--Nanyang Technological University#amr_hai,KK Women's and Children's Hospital--Nanyang Technological University,amr_hai,2,Nanyang Technological University,Nanyang Technological University,0.664988,0.515565,2,KK Women's and Children's Hospital,Nanyang Technological University,0,1
KK Women's and Children's Hospital--National University of Singapore#amr_hai,KK Women's and Children's Hospital--National University of Singapore,amr_hai,1,KK Women's and Children's Hospital,KK Women's and Children's Hospital,0.460123,0.505295,2,KK Women's and Children's Hospital,National University of Singapore,0,1
KK Women's and Children's Hospital--National University of Singapore#amr_hai,KK Women's and Children's Hospital--National University of Singapore,amr_hai,2,National University of Singapore,National University of Singapore,0.59751,0.507684,2,KK Women's and Children's Hospital,National University of Singapore,0,1
Nanyang Technological University--National University Health System#amr_hai,Nanyang Technological University--National University Health System,amr_hai,1,Nanyang Technological University,Nanyang Technological University,0.664988,0.515565,2,Nanyang Technological University,National University Health System,0,1
Nanyang Technological University--National University Health System#amr_hai,Nanyang Technological University--National University Health System,amr_hai,2,National University Health System,National University Health System,0.554169,0.437829,2,Nanyang Technological University,National University Health System,0,1
A*STAR Infectious Diseases Labs--Nanyang Technological University#other_id,A*STAR Infectious Diseases Labs--Nanyang Technological University,other_id,1,A*STAR Infectious Diseases Labs,A*STAR Infectious Diseases Labs,0.805549,0.407654,2,A*STAR Infectious Diseases Labs,Nanyang Technological University,0,1
A*STAR Infectious Diseases Labs--Nanyang Technological University#other_id,A*STAR Infectious Diseases Labs--Nanyang Technological University,other_id,2,Nanyang Technological University,Nanyang Technological University,0.664988,0.515565,2,A*STAR Infectious Diseases Labs,Nanyang Technological University,0,1
A*STAR Infectious Diseases Labs--National University of Singapore#other_id,A*STAR Infectious Diseases Labs--National University of Singapore,other_id,1,A*STAR Infectious Diseases Labs,A*STAR Infectious Diseases Labs,0.805549,0.407654,2,A*STAR Infectious Diseases Labs,National University of Singapore,0,1
A*STAR Infectious Diseases Labs--National University of Singapore#other_id,A*STAR Infectious Diseases Labs--National University of Singapore,other_id,2,National University of Singapore,National University of Singapore,0.59751,0.507684,2,A*STAR Infectious Diseases Labs,National University of Singapore,0,1
"Agency for Science, Technology and Research--Bioinformatics Institute#rti","Agency for Science, Technology and Research--Bioinformatics Institute",rti,1,"Agency for Science, Technology and Research","Agency for Science, Technology and Research",0.770378,0.467146,2,"Agency for Science, Technology and Research",Bioinformatics Institute,1,1
"Agency for Science, Technology and Research--Bioinformatics Institute#rti","Agency for Science, Technology and Research--Bioinformatics Institute",rti,2,Bioinformatics Institute,Bioinformatics Institute,0.951638,0.602685,2,"Agency for Science, Technology and Research",Bioinformatics Institute,1,1
Bioinformatics Institute--National University of Singapore#rti,Bioinformatics Institute--National University of Singapore,rti,1,Bioinformatics Institute,Bioinformatics Institute,0.951638,0.602685,2,Bioinformatics Institute,National University of Singapore,1,1
Bioinformatics Institute--National University of Singapore#rti,Bioinformatics Institute--National University of Singapore,rti,2,National University of Singapore,National University of Singapore,0.59751,0.507684,2,Bioinformatics Institute,National University of Singapore,1,1
A*STAR Infectious Diseases Labs--Nanyang Technological University#vector_borne,A*STAR Infectious Diseases Labs--Nanyang Technological University,vector_borne,1,A*STAR Infectious Diseases Labs,A*STAR Infectious Diseases Labs,0.805549,0.407654,2,A*STAR Infectious Diseases Labs,Nanyang Technological University,0,1
A*STAR Infectious Diseases Labs--Nanyang Technological University#vector_borne,A*STAR Infectious Diseases Labs--Nanyang Technological University,vector_borne,2,Nanyang Technological University,Nanyang Technological University,0.664988,0.515565,2,A*STAR Infectious Diseases Labs,Nanyang Technological University,0,1
National Skin Centre--Singapore General Hospital#sti,National Skin Centre--Singapore General Hospital,sti,1,National Skin Centre,National Skin Centre,0.569459,0.179669,2,National Skin Centre,Singapore General Hospital,0,1
National Skin Centre--Singapore General Hospital#sti,National Skin Centre--Singapore General Hospital,sti,2,Singapore General Hospital,Singapore General Hospital,0.475209,0.374832,2,National Skin Centre,Singapore General Hospital,0,1
National University of Singapore--Singapore Immunology Network#vector_borne,National University of Singapore--Singapore Immunology Network,vector_borne,1,National University of Singapore,National University of Singapore,0.59751,0.507684,2,National University of Singapore,Singapore Immunology Network,0,1
National University of Singapore--Singapore Immunology Network#vector_borne,National University of Singapore--Singapore Immunology Network,vector_borne,2,Singapore Immunology Network,Singapore Immunology Network,0.726572,0.281452,2,National University of Singapore,Singapore Immunology Network,0,1
National University Health System--National University of Singapore#tb,National University Health System--National University of Singapore,tb,1,National University Health System,National University Health System,0.554169,0.437829,2,National University Health System,National University of Singapore,0,1
National University Health System--National University of Singapore#tb,National University Health System--National University of Singapore,tb,2,National University of Singapore,National University of Singapore,0.59751,0.507684,2,National University Health System,National University of Singapore,0,1
National University Health System--Oxford University Clinical Research Unit#tb,National University Health System--Oxford University Clinical Research Unit,tb,1,National University Health System,National University Health System,0.554169,0.437829,2,National University Health System,Oxford University Clinical Research Unit,1,1
National University Health System--Oxford University Clinical Research Unit#tb,National University Health System--Oxford University Clinical Research Unit,tb,2,Oxford University Clinical Research Unit,Oxford University Clinical Research Unit,0.703504,0.365802,2,National University Health System,Oxford University Clinical Research Unit,1,1
National University Health System--University of Melbourne#tb,National University Health System--University of Melbourne,tb,1,National University Health System,National University Health System,0.554169,0.437829,2,National University Health System,University of Melbourne,1,1
National University Health System--University of Melbourne#tb,National University Health System--University of Melbourne,tb,2,University of Melbourne,University of Melbourne,0.717864,0.499267,2,National University Health System,University of Melbourne,1,1
National University of Singapore--Oxford University Clinical Research Unit#tb,National University of Singapore--Oxford University Clinical Research Unit,tb,1,National University of Singapore,National University of Singapore,0.59751,0.507684,2,National University of Singapore,Oxford University Clinical Research Unit,1,1
National University of Singapore--Oxford University Clinical Research Unit#tb,National University of Singapore--Oxford University Clinical Research Unit,tb,2,Oxford University Clinical Research Unit,Oxford University Clinical Research Unit,0.703504,0.365802,2,National University of Singapore,Oxford University Clinical Research Unit,1,1
National University of Singapore--University of Melbourne#tb,National University of Singapore--University of Melbourne,tb,1,National University of Singapore,National University of Singapore,0.59751,0.507684,2,National University of Singapore,University of Melbourne,1,1
National University of Singapore--University of Melbourne#tb,National University of Singapore--University of Melbourne,tb,2,University of Melbourne,University of Melbourne,0.717864,0.499267,2,National University of Singapore,University of Melbourne,1,1
Oxford University Clinical Research Unit--University of Melbourne#tb,Oxford University Clinical Research Unit--University of Melbourne,tb,1,Oxford University Clinical Research Unit,Oxford University Clinical Research Unit,0.703504,0.365802,2,Oxford University Clinical Research Unit,University of Melbourne,1,0
Oxford University Clinical Research Unit--University of Melbourne#tb,Oxford University Clinical Research Unit--University of Melbourne,tb,2,University of Melbourne,University of Melbourne,0.717864,0.499267,2,Oxford University Clinical Research Unit,University of Melbourne,1,0
A*STAR Infectious Diseases Labs--Mahidol University#vector_borne,A*STAR Infectious Diseases Labs--Mahidol University,vector_borne,1,A*STAR Infectious Diseases Labs,A*STAR Infectious Diseases Labs,0.805549,0.407654,2,A*STAR Infectious Diseases Labs,Mahidol University,1,1
A*STAR Infectious Diseases Labs--Mahidol University#vector_borne,A*STAR Infectious Diseases Labs--Mahidol University,vector_borne,2,Mahidol University,Mahidol University,0.601502,0.392831,2,A*STAR Infectious Diseases Labs,Mahidol University,1,1
London School of Hygiene & Tropical Medicine--University of Hong Kong#sti,London School of Hygiene & Tropical Medicine--University of Hong Kong,sti,1,London School of Hygiene & Tropical Medicine,London School of Hygiene & Tropical Medicine,0.690267,0.57095,2,London School of Hygiene & Tropical Medicine,University of Hong Kong,1,0
London School of Hygiene & Tropical Medicine--University of Hong Kong#sti,London School of Hygiene & Tropical Medicine--University of Hong Kong,sti,2,University of Hong Kong,University of Hong Kong,0.711454,0.426862,2,London School of Hygiene & Tropical Medicine,University of Hong Kong,1,0
National Cancer Centre Singapore--Singapore General Hospital#tb,National Cancer Centre Singapore--Singapore General Hospital,tb,1,National Cancer Centre Singapore,National Cancer Centre Singapore,0.481842,0.196834,2,National Cancer Centre Singapore,Singapore General Hospital,0,1
National Cancer Centre Singapore--Singapore General Hospital#tb,National Cancer Centre Singapore--Singapore General Hospital,tb,2,Singapore General Hospital,Singapore General Hospital,0.475209,0.374832,2,National Cancer Centre Singapore,Singapore General Hospital,0,1
National Cancer Centre Singapore--Tan Tock Seng Hospital#tb,National Cancer Centre Singapore--Tan Tock Seng Hospital,tb,1,National Cancer Centre Singapore,National Cancer Centre Singapore,0.481842,0.196834,2,National Cancer Centre Singapore,Tan Tock Seng Hospital,0,1
National Cancer Centre Singapore--Tan Tock Seng Hospital#tb,National Cancer Centre Singapore--Tan Tock Seng Hospital,tb,2,Tan Tock Seng Hospital,Tan Tock Seng Hospital,0.54699,0.379399,2,National Cancer Centre Singapore,Tan Tock Seng Hospital,0,1
Duke-NUS Medical School--Nanyang Technological University#amr_hai,Duke-NUS Medical School--Nanyang Technological University,amr_hai,1,Duke-NUS Medical School,Duke-NUS Medical School,0.465633,0.441401,2,Duke-NUS Medical School,Nanyang Technological University,0,1
Duke-NUS Medical School--Nanyang Technological University#amr_hai,Duke-NUS Medical School--Nanyang Technological University,amr_hai,2,Nanyang Technological University,Nanyang Technological University,0.664988,0.515565,2,Duke-NUS Medical School,Nanyang Technological University,0,1
Nanyang Technological University--Singapore General Hospital#amr_hai,Nanyang Technological University--Singapore General Hospital,amr_hai,1,Nanyang Technological University,Nanyang Technological University,0.664988,0.515565,2,Nanyang Technological University,Singapore General Hospital,0,1
Nanyang Technological University--Singapore General Hospital#amr_hai,Nanyang Technological University--Singapore General Hospital,amr_hai,2,Singapore General Hospital,Singapore General Hospital,0.475209,0.374832,2,Nanyang Technological University,Singapore General Hospital,0,1
National University of Singapore--University of Oxford#sti,National University of Singapore--University of Oxford,sti,1,National University of Singapore,National University of Singapore,0.59751,0.507684,2,National University of Singapore,University of Oxford,1,1
National University of Singapore--University of Oxford#sti,National University of Singapore--University of Oxford,sti,2,University of Oxford,University of Oxford,0.658401,0.434596,2,National University of Singapore,University of Oxford,1,1
Nanyang Technological University--University of Melbourne#amr_hai,Nanyang Technological University--University of Melbourne,amr_hai,1,Nanyang Technological University,Nanyang Technological University,0.664988,0.515565,2,Nanyang Technological University,University of Melbourne,1,1
Nanyang Technological University--University of Melbourne#amr_hai,Nanyang Technological University--University of Melbourne,amr_hai,2,University of Melbourne,University of Melbourne,0.717864,0.499267,2,Nanyang Technological University,University of Melbourne,1,1
National Centre for Infectious Diseases--University of Melbourne#amr_hai,National Centre for Infectious Diseases--University of Melbourne,amr_hai,1,National Centre for Infectious Diseases,National Centre for Infectious Diseases,0.63178,0.485666,2,National Centre for Infectious Diseases,University of Melbourne,1,1
National Centre for Infectious Diseases--University of Melbourne#amr_hai,National Centre for Infectious Diseases--University of Melbourne,amr_hai,2,University of Melbourne,University of Melbourne,0.717864,0.499267,2,National Centre for Infectious Diseases,University of Melbourne,1,1
Tan Tock Seng Hospital--University of Melbourne#amr_hai,Tan Tock Seng Hospital--University of Melbourne,amr_hai,1,Tan Tock Seng Hospital,Tan Tock Seng Hospital,0.54699,0.379399,2,Tan Tock Seng Hospital,University of Melbourne,1,1
Tan Tock Seng Hospital--University of Melbourne#amr_hai,Tan Tock Seng Hospital--University of Melbourne,amr_hai,2,University of Melbourne,University of Melbourne,0.717864,0.499267,2,Tan Tock Seng Hospital,University of Melbourne,1,1
London School of Hygiene & Tropical Medicine--University of Melbourne#tb,London School of Hygiene & Tropical Medicine--University of Melbourne,tb,1,London School of Hygiene & Tropical Medicine,London School of Hygiene & Tropical Medicine,0.690267,0.57095,2,London School of Hygiene & Tropical Medicine,University of Melbourne,1,0
London School of Hygiene & Tropical Medicine--University of Melbourne#tb,London School of Hygiene & Tropical Medicine--University of Melbourne,tb,2,University of Melbourne,University of Melbourne,0.717864,0.499267,2,London School of Hygiene & Tropical Medicine,University of Melbourne,1,0
National University of Singapore--University of Oxford#tb,National University of Singapore--University of Oxford,tb,1,National University of Singapore,National University of Singapore,0.59751,0.507684,2,National University of Singapore,University of Oxford,1,1
National University of Singapore--University of Oxford#tb,National University of Singapore--University of Oxford,tb,2,University of Oxford,University of Oxford,0.658401,0.434596,2,National University of Singapore,University of Oxford,1,1
National University of Singapore--University of Malaya#vector_borne,National University of Singapore--University of Malaya,vector_borne,1,National University of Singapore,National University of Singapore,0.59751,0.507684,2,National University of Singapore,University of Malaya,1,1
National University of Singapore--University of Malaya#vector_borne,National University of Singapore--University of Malaya,vector_borne,2,University of Malaya,University of Malaya,0.573788,0.583368,2,National University of Singapore,University of Malaya,1,1
Experimental Drug Development Centre--National Centre for Infectious Diseases#vector_borne,Experimental Drug Development Centre--National Centre for Infectious Diseases,vector_borne,1,Experimental Drug Development Centre,Experimental Drug Development Centre,0.825502,0.790908,2,Experimental Drug Development Centre,National Centre for Infectious Diseases,0,1
Experimental Drug Development Centre--National Centre for Infectious Diseases#vector_borne,Experimental Drug Development Centre--National Centre for Infectious Diseases,vector_borne,2,National Centre for Infectious Diseases,National Centre for Infectious Diseases,0.63178,0.485666,2,Experimental Drug Development Centre,National Centre for Infectious Diseases,0,1
National University of Singapore--World Health Organization#tb,National University of Singapore--World Health Organization,tb,1,National University of Singapore,National University of Singapore,0.59751,0.507684,2,National University of Singapore,World Health Organization,1,1
National University of Singapore--World Health Organization#tb,National University of Singapore--World Health Organization,tb,2,World Health Organization,World Health Organization,0.823585,0.550849,2,National University of Singapore,World Health Organization,1,1
Changi General Hospital--National University of Singapore#other_id,Changi General Hospital--National University of Singapore,other_id,1,Changi General Hospital,Changi General Hospital,0.384499,0.459909,2,Changi General Hospital,National University of Singapore,0,1
Changi General Hospital--National University of Singapore#other_id,Changi General Hospital--National University of Singapore,other_id,2,National University of Singapore,National University of Singapore,0.59751,0.507684,2,Changi General Hospital,National University of Singapore,0,1
Changi General Hospital--Singapore General Hospital#other_id,Changi General Hospital--Singapore General Hospital,other_id,1,Changi General Hospital,Changi General Hospital,0.384499,0.459909,2,Changi General Hospital,Singapore General Hospital,0,1
Changi General Hospital--Singapore General Hospital#other_id,Changi General Hospital--Singapore General Hospital,other_id,2,Singapore General Hospital,Singapore General Hospital,0.475209,0.374832,2,Changi General Hospital,Singapore General Hospital,0,1
SingHealth--Singapore Immunology Network#vector_borne,SingHealth--Singapore Immunology Network,vector_borne,1,SingHealth,SingHealth,0.566166,0.304445,2,SingHealth,Singapore Immunology Network,0,1
SingHealth--Singapore Immunology Network#vector_borne,SingHealth--Singapore Immunology Network,vector_borne,2,Singapore Immunology Network,Singapore Immunology Network,0.726572,0.281452,2,SingHealth,Singapore Immunology Network,0,1
National Centre for Infectious Diseases--Singapore General Hospital#tb,National Centre for Infectious Diseases--Singapore General Hospital,tb,1,National Centre for Infectious Diseases,National Centre for Infectious Diseases,0.63178,0.485666,2,National Centre for Infectious Diseases,Singapore General Hospital,0,1
National Centre for Infectious Diseases--Singapore General Hospital#tb,National Centre for Infectious Diseases--Singapore General Hospital,tb,2,Singapore General Hospital,Singapore General Hospital,0.475209,0.374832,2,National Centre for Infectious Diseases,Singapore General Hospital,0,1
Duke-NUS Medical School--National University of Singapore#other_id,Duke-NUS Medical School--National University of Singapore,other_id,1,Duke-NUS Medical School,Duke-NUS Medical School,0.465633,0.441401,2,Duke-NUS Medical School,National University of Singapore,0,1
Duke-NUS Medical School--National University of Singapore#other_id,Duke-NUS Medical School--National University of Singapore,other_id,2,National University of Singapore,National University of Singapore,0.59751,0.507684,2,Duke-NUS Medical School,National University of Singapore,0,1
Duke-NUS Medical School--Singapore General Hospital#other_id,Duke-NUS Medical School--Singapore General Hospital,other_id,1,Duke-NUS Medical School,Duke-NUS Medical School,0.465633,0.441401,2,Duke-NUS Medical School,Singapore General Hospital,0,1
Duke-NUS Medical School--Singapore General Hospital#other_id,Duke-NUS Medical School--Singapore General Hospital,other_id,2,Singapore General Hospital,Singapore General Hospital,0.475209,0.374832,2,Duke-NUS Medical School,Singapore General Hospital,0,1
London School of Hygiene & Tropical Medicine--National University of Singapore#amr_hai,London School of Hygiene & Tropical Medicine--National University of Singapore,amr_hai,1,London School of Hygiene & Tropical Medicine,London School of Hygiene & Tropical Medicine,0.690267,0.57095,2,London School of Hygiene & Tropical Medicine,National University of Singapore,1,1
London School of Hygiene & Tropical Medicine--National University of Singapore#amr_hai,London School of Hygiene & Tropical Medicine--National University of Singapore,amr_hai,2,National University of Singapore,National University of Singapore,0.59751,0.507684,2,London School of Hygiene & Tropical Medicine,National University of Singapore,1,1
Nanyang Technological University--National University Hospital#other_id,Nanyang Technological University--National University Hospital,other_id,1,Nanyang Technological University,Nanyang Technological University,0.664988,0.515565,2,Nanyang Technological University,National University Hospital,0,1
Nanyang Technological University--National University Hospital#other_id,Nanyang Technological University--National University Hospital,other_id,2,National University Hospital,National University Hospital,0.51926,0.342069,2,Nanyang Technological University,National University Hospital,0,1
Nanyang Technological University--Singapore General Hospital#other_id,Nanyang Technological University--Singapore General Hospital,other_id,1,Nanyang Technological University,Nanyang Technological University,0.664988,0.515565,2,Nanyang Technological University,Singapore General Hospital,0,1
Nanyang Technological University--Singapore General Hospital#other_id,Nanyang Technological University--Singapore General Hospital,other_id,2,Singapore General Hospital,Singapore General Hospital,0.475209,0.374832,2,Nanyang Technological University,Singapore General Hospital,0,1
National Centre for Infectious Diseases--National University of Singapore#other_id,National Centre for Infectious Diseases--National University of Singapore,other_id,1,National Centre for Infectious Diseases,National Centre for Infectious Diseases,0.63178,0.485666,2,National Centre for Infectious Diseases,National University of Singapore,0,1
National Centre for Infectious Diseases--National University of Singapore#other_id,National Centre for Infectious Diseases--National University of Singapore,other_id,2,National University of Singapore,National University of Singapore,0.59751,0.507684,2,National Centre for Infectious Diseases,National University of Singapore,0,1
National University Hospital--National University of Singapore#other_id,National University Hospital--National University of Singapore,other_id,1,National University Hospital,National University Hospital,0.51926,0.342069,2,National University Hospital,National University of Singapore,0,1
National University Hospital--National University of Singapore#other_id,National University Hospital--National University of Singapore,other_id,2,National University of Singapore,National University of Singapore,0.59751,0.507684,2,National University Hospital,National University of Singapore,0,1
National University Hospital--Singapore General Hospital#other_id,National University Hospital--Singapore General Hospital,other_id,1,National University Hospital,National University Hospital,0.51926,0.342069,2,National University Hospital,Singapore General Hospital,0,1
National University Hospital--Singapore General Hospital#other_id,National University Hospital--Singapore General Hospital,other_id,2,Singapore General Hospital,Singapore General Hospital,0.475209,0.374832,2,National University Hospital,Singapore General Hospital,0,1
Nanyang Technological University--University of Oxford#tb,Nanyang Technological University--University of Oxford,tb,1,Nanyang Technological University,Nanyang Technological University,0.664988,0.515565,2,Nanyang Technological University,University of Oxford,1,1
Nanyang Technological University--University of Oxford#tb,Nanyang Technological University--University of Oxford,tb,2,University of Oxford,University of Oxford,0.658401,0.434596,2,Nanyang Technological University,University of Oxford,1,1
National University Hospital--Singapore General Hospital#tb,National University Hospital--Singapore General Hospital,tb,1,National University Hospital,National University Hospital,0.51926,0.342069,2,National University Hospital,Singapore General Hospital,0,1
National University Hospital--Singapore General Hospital#tb,National University Hospital--Singapore General Hospital,tb,2,Singapore General Hospital,Singapore General Hospital,0.475209,0.374832,2,National University Hospital,Singapore General Hospital,0,1
National University Hospital--Tan Tock Seng Hospital#tb,National University Hospital--Tan Tock Seng Hospital,tb,1,National University Hospital,National University Hospital,0.51926,0.342069,2,National University Hospital,Tan Tock Seng Hospital,0,1
National University Hospital--Tan Tock Seng Hospital#tb,National University Hospital--Tan Tock Seng Hospital,tb,2,Tan Tock Seng Hospital,Tan Tock Seng Hospital,0.54699,0.379399,2,National University Hospital,Tan Tock Seng Hospital,0,1
National University of Singapore--Singapore General Hospital#tb,National University of Singapore--Singapore General Hospital,tb,1,National University of Singapore,National University of Singapore,0.59751,0.507684,2,National University of Singapore,Singapore General Hospital,0,1
National University of Singapore--Singapore General Hospital#tb,National University of Singapore--Singapore General Hospital,tb,2,Singapore General Hospital,Singapore General Hospital,0.475209,0.374832,2,National University of Singapore,Singapore General Hospital,0,1
London School of Hygiene & Tropical Medicine--National University Hospital#tb,London School of Hygiene & Tropical Medicine--National University Hospital,tb,1,London School of Hygiene & Tropical Medicine,London School of Hygiene & Tropical Medicine,0.690267,0.57095,2,London School of Hygiene & Tropical Medicine,National University Hospital,1,1
London School of Hygiene & Tropical Medicine--National University Hospital#tb,London School of Hygiene & Tropical Medicine--National University Hospital,tb,2,National University Hospital,National University Hospital,0.51926,0.342069,2,London School of Hygiene & Tropical Medicine,National University Hospital,1,1
Mahidol University--World Health Organization#vector_borne,Mahidol University--World Health Organization,vector_borne,1,Mahidol University,Mahidol University,0.601502,0.392831,1,Mahidol University,World Health Organization,1,0
Mahidol University--World Health Organization#vector_borne,Mahidol University--World Health Organization,vector_borne,2,World Health Organization,World Health Organization,0.823585,0.550849,1,Mahidol University,World Health Organization,1,0
University of Oxford--World Health Organization#vector_borne,University of Oxford--World Health Organization,vector_borne,1,University of Oxford,University of Oxford,0.658401,0.434596,1,University of Oxford,World Health Organization,1,0
University of Oxford--World Health Organization#vector_borne,University of Oxford--World Health Organization,vector_borne,2,World Health Organization,World Health Organization,0.823585,0.550849,1,University of Oxford,World Health Organization,1,0
National Centre for Infectious Diseases--University of Melbourne#tb,National Centre for Infectious Diseases--University of Melbourne,tb,1,National Centre for Infectious Diseases,National Centre for Infectious Diseases,0.63178,0.485666,1,National Centre for Infectious Diseases,University of Melbourne,1,1
National Centre for Infectious Diseases--University of Melbourne#tb,National Centre for Infectious Diseases--University of Melbourne,tb,2,University of Melbourne,University of Melbourne,0.717864,0.499267,1,National Centre for Infectious Diseases,University of Melbourne,1,1
Communicable Diseases Agency--KK Women's and Children's Hospital#rti,Communicable Diseases Agency--KK Women's and Children's Hospital,rti,1,Communicable Diseases Agency,Communicable Diseases Agency,0.485721,0.581763,1,Communicable Diseases Agency,KK Women's and Children's Hospital,0,1
Communicable Diseases Agency--KK Women's and Children's Hospital#rti,Communicable Diseases Agency--KK Women's and Children's Hospital,rti,2,KK Women's and Children's Hospital,KK Women's and Children's Hospital,0.460123,0.505295,1,Communicable Diseases Agency,KK Women's and Children's Hospital,0,1
Communicable Diseases Agency--National University Health System#rti,Communicable Diseases Agency--National University Health System,rti,1,Communicable Diseases Agency,Communicable Diseases Agency,0.485721,0.581763,1,Communicable Diseases Agency,National University Health System,0,1
Communicable Diseases Agency--National University Health System#rti,Communicable Diseases Agency--National University Health System,rti,2,National University Health System,National University Health System,0.554169,0.437829,1,Communicable Diseases Agency,National University Health System,0,1
Communicable Diseases Agency--National University Hospital#rti,Communicable Diseases Agency--National University Hospital,rti,1,Communicable Diseases Agency,Communicable Diseases Agency,0.485721,0.581763,1,Communicable Diseases Agency,National University Hospital,0,1
Communicable Diseases Agency--National University Hospital#rti,Communicable Diseases Agency--National University Hospital,rti,2,National University Hospital,National University Hospital,0.51926,0.342069,1,Communicable Diseases Agency,National University Hospital,0,1
KK Women's and Children's Hospital--National Centre for Infectious Diseases#rti,KK Women's and Children's Hospital--National Centre for Infectious Diseases,rti,1,KK Women's and Children's Hospital,KK Women's and Children's Hospital,0.460123,0.505295,1,KK Women's and Children's Hospital,National Centre for Infectious Diseases,0,1
KK Women's and Children's Hospital--National Centre for Infectious Diseases#rti,KK Women's and Children's Hospital--National Centre for Infectious Diseases,rti,2,National Centre for Infectious Diseases,National Centre for Infectious Diseases,0.63178,0.485666,1,KK Women's and Children's Hospital,National Centre for Infectious Diseases,0,1
KK Women's and Children's Hospital--Tan Tock Seng Hospital#rti,KK Women's and Children's Hospital--Tan Tock Seng Hospital,rti,1,KK Women's and Children's Hospital,KK Women's and Children's Hospital,0.460123,0.505295,1,KK Women's and Children's Hospital,Tan Tock Seng Hospital,0,1
KK Women's and Children's Hospital--Tan Tock Seng Hospital#rti,KK Women's and Children's Hospital--Tan Tock Seng Hospital,rti,2,Tan Tock Seng Hospital,Tan Tock Seng Hospital,0.54699,0.379399,1,KK Women's and Children's Hospital,Tan Tock Seng Hospital,0,1
Nanyang Technological University--National University Health System#rti,Nanyang Technological University--National University Health System,rti,1,Nanyang Technological University,Nanyang Technological University,0.664988,0.515565,1,Nanyang Technological University,National University Health System,0,1
Nanyang Technological University--National University Health System#rti,Nanyang Technological University--National University Health System,rti,2,National University Health System,National University Health System,0.554169,0.437829,1,Nanyang Technological University,National University Health System,0,1
Nanyang Technological University--National University Hospital#rti,Nanyang Technological University--National University Hospital,rti,1,Nanyang Technological University,Nanyang Technological University,0.664988,0.515565,1,Nanyang Technological University,National University Hospital,0,1
Nanyang Technological University--National University Hospital#rti,Nanyang Technological University--National University Hospital,rti,2,National University Hospital,National University Hospital,0.51926,0.342069,1,Nanyang Technological University,National University Hospital,0,1
National Centre for Infectious Diseases--National University Health System#rti,National Centre for Infectious Diseases--National University Health System,rti,1,National Centre for Infectious Diseases,National Centre for Infectious Diseases,0.63178,0.485666,1,National Centre for Infectious Diseases,National University Health System,0,1
National Centre for Infectious Diseases--National University Health System#rti,National Centre for Infectious Diseases--National University Health System,rti,2,National University Health System,National University Health System,0.554169,0.437829,1,National Centre for Infectious Diseases,National University Health System,0,1
National Centre for Infectious Diseases--National University Hospital#rti,National Centre for Infectious Diseases--National University Hospital,rti,1,National Centre for Infectious Diseases,National Centre for Infectious Diseases,0.63178,0.485666,1,National Centre for Infectious Diseases,National University Hospital,0,1
National Centre for Infectious Diseases--National University Hospital#rti,National Centre for Infectious Diseases--National University Hospital,rti,2,National University Hospital,National University Hospital,0.51926,0.342069,1,National Centre for Infectious Diseases,National University Hospital,0,1
National University Health System--Singapore General Hospital#rti,National University Health System--Singapore General Hospital,rti,1,National University Health System,National University Health System,0.554169,0.437829,1,National University Health System,Singapore General Hospital,0,1
National University Health System--Singapore General Hospital#rti,National University Health System--Singapore General Hospital,rti,2,Singapore General Hospital,Singapore General Hospital,0.475209,0.374832,1,National University Health System,Singapore General Hospital,0,1
Khoo Teck Puat Hospital--National University Hospital#tb,Khoo Teck Puat Hospital--National University Hospital,tb,1,Khoo Teck Puat Hospital,Khoo Teck Puat Hospital,0.27351,0.071954,1,Khoo Teck Puat Hospital,National University Hospital,0,1
Khoo Teck Puat Hospital--National University Hospital#tb,Khoo Teck Puat Hospital--National University Hospital,tb,2,National University Hospital,National University Hospital,0.51926,0.342069,1,Khoo Teck Puat Hospital,National University Hospital,0,1
National University of Singapore--US Centers for Disease Control and Prevention#tb,National University of Singapore--US Centers for Disease Control and Prevention,tb,1,National University of Singapore,National University of Singapore,0.59751,0.507684,1,National University of Singapore,US Centers for Disease Control and Prevention,1,1
National University of Singapore--US Centers for Disease Control and Prevention#tb,National University of Singapore--US Centers for Disease Control and Prevention,tb,2,US Centers for Disease Control and Prevention,US Centers for Disease Control and Prevention,0.889454,0.787793,1,National University of Singapore,US Centers for Disease Control and Prevention,1,1
Mahidol University--National Centre for Infectious Diseases#sti,Mahidol University--National Centre for Infectious Diseases,sti,1,Mahidol University,Mahidol University,0.601502,0.392831,1,Mahidol University,National Centre for Infectious Diseases,1,1
Mahidol University--National Centre for Infectious Diseases#sti,Mahidol University--National Centre for Infectious Diseases,sti,2,National Centre for Infectious Diseases,National Centre for Infectious Diseases,0.63178,0.485666,1,Mahidol University,National Centre for Infectious Diseases,1,1
Mahidol University--Universitas Indonesia#sti,Mahidol University--Universitas Indonesia,sti,1,Mahidol University,Mahidol University,0.601502,0.392831,1,Mahidol University,Universitas Indonesia,1,0
Mahidol University--Universitas Indonesia#sti,Mahidol University--Universitas Indonesia,sti,2,Universitas Indonesia,Universitas Indonesia,0.62933,0.345326,1,Mahidol University,Universitas Indonesia,1,0
Mahidol University--University of Malaya#sti,Mahidol University--University of Malaya,sti,1,Mahidol University,Mahidol University,0.601502,0.392831,1,Mahidol University,University of Malaya,1,0
Mahidol University--University of Malaya#sti,Mahidol University--University of Malaya,sti,2,University of Malaya,University of Malaya,0.573788,0.583368,1,Mahidol University,University of Malaya,1,0
National Centre for Infectious Diseases--Universitas Indonesia#sti,National Centre for Infectious Diseases--Universitas Indonesia,sti,1,National Centre for Infectious Diseases,National Centre for Infectious Diseases,0.63178,0.485666,1,National Centre for Infectious Diseases,Universitas Indonesia,1,1
National Centre for Infectious Diseases--Universitas Indonesia#sti,National Centre for Infectious Diseases--Universitas Indonesia,sti,2,Universitas Indonesia,Universitas Indonesia,0.62933,0.345326,1,National Centre for Infectious Diseases,Universitas Indonesia,1,1
Universitas Indonesia--University of Malaya#sti,Universitas Indonesia--University of Malaya,sti,1,Universitas Indonesia,Universitas Indonesia,0.62933,0.345326,1,Universitas Indonesia,University of Malaya,1,0
Universitas Indonesia--University of Malaya#sti,Universitas Indonesia--University of Malaya,sti,2,University of Malaya,University of Malaya,0.573788,0.583368,1,Universitas Indonesia,University of Malaya,1,0
Imperial College London--London School of Hygiene & Tropical Medicine#vector_borne,Imperial College London--London School of Hygiene & Tropical Medicine,vector_borne,1,Imperial College London,Imperial College London,0.855768,0.625981,1,Imperial College London,London School of Hygiene & Tropical Medicine,0,0
Imperial College London--London School of Hygiene & Tropical Medicine#vector_borne,Imperial College London--London School of Hygiene & Tropical Medicine,vector_borne,2,London School of Hygiene & Tropical Medicine,London School of Hygiene & Tropical Medicine,0.690267,0.57095,1,Imperial College London,London School of Hygiene & Tropical Medicine,0,0
Imperial College London--National University of Singapore#vector_borne,Imperial College London--National University of Singapore,vector_borne,1,Imperial College London,Imperial College London,0.855768,0.625981,1,Imperial College London,National University of Singapore,1,1
Imperial College London--National University of Singapore#vector_borne,Imperial College London--National University of Singapore,vector_borne,2,National University of Singapore,National University of Singapore,0.59751,0.507684,1,Imperial College London,National University of Singapore,1,1
London School of Hygiene & Tropical Medicine--World Health Organization#vector_borne,London School of Hygiene & Tropical Medicine--World Health Organization,vector_borne,1,London School of Hygiene & Tropical Medicine,London School of Hygiene & Tropical Medicine,0.690267,0.57095,1,London School of Hygiene & Tropical Medicine,World Health Organization,1,0
London School of Hygiene & Tropical Medicine--World Health Organization#vector_borne,London School of Hygiene & Tropical Medicine--World Health Organization,vector_borne,2,World Health Organization,World Health Organization,0.823585,0.550849,1,London School of Hygiene & Tropical Medicine,World Health Organization,1,0
National Cancer Centre Singapore--SingHealth#rti,National Cancer Centre Singapore--SingHealth,rti,1,National Cancer Centre Singapore,National Cancer Centre Singapore,0.481842,0.196834,1,National Cancer Centre Singapore,SingHealth,0,1
National Cancer Centre Singapore--SingHealth#rti,National Cancer Centre Singapore--SingHealth,rti,2,SingHealth,SingHealth,0.566166,0.304445,1,National Cancer Centre Singapore,SingHealth,0,1
National Cancer Centre Singapore--Singapore General Hospital#rti,National Cancer Centre Singapore--Singapore General Hospital,rti,1,National Cancer Centre Singapore,National Cancer Centre Singapore,0.481842,0.196834,1,National Cancer Centre Singapore,Singapore General Hospital,0,1
National Cancer Centre Singapore--Singapore General Hospital#rti,National Cancer Centre Singapore--Singapore General Hospital,rti,2,Singapore General Hospital,Singapore General Hospital,0.475209,0.374832,1,National Cancer Centre Singapore,Singapore General Hospital,0,1
National University Hospital--University of Hong Kong#rti,National University Hospital--University of Hong Kong,rti,1,National University Hospital,National University Hospital,0.51926,0.342069,1,National University Hospital,University of Hong Kong,1,1
National University Hospital--University of Hong Kong#rti,National University Hospital--University of Hong Kong,rti,2,University of Hong Kong,University of Hong Kong,0.711454,0.426862,1,National University Hospital,University of Hong Kong,1,1
Harvard University--National University of Singapore#sti,Harvard University--National University of Singapore,sti,1,Harvard University,Harvard University,0.690017,0.63864,1,Harvard University,National University of Singapore,1,1
Harvard University--National University of Singapore#sti,Harvard University--National University of Singapore,sti,2,National University of Singapore,National University of Singapore,0.59751,0.507684,1,Harvard University,National University of Singapore,1,1
Mahidol University--Singapore General Hospital#amr_hai,Mahidol University--Singapore General Hospital,amr_hai,1,Mahidol University,Mahidol University,0.601502,0.392831,1,Mahidol University,Singapore General Hospital,1,1
Mahidol University--Singapore General Hospital#amr_hai,Mahidol University--Singapore General Hospital,amr_hai,2,Singapore General Hospital,Singapore General Hospital,0.475209,0.374832,1,Mahidol University,Singapore General Hospital,1,1
Mahidol University--Universitas Indonesia#amr_hai,Mahidol University--Universitas Indonesia,amr_hai,1,Mahidol University,Mahidol University,0.601502,0.392831,1,Mahidol University,Universitas Indonesia,1,0
Mahidol University--Universitas Indonesia#amr_hai,Mahidol University--Universitas Indonesia,amr_hai,2,Universitas Indonesia,Universitas Indonesia,0.62933,0.345326,1,Mahidol University,Universitas Indonesia,1,0
Mahidol University--University of Hong Kong#amr_hai,Mahidol University--University of Hong Kong,amr_hai,1,Mahidol University,Mahidol University,0.601502,0.392831,1,Mahidol University,University of Hong Kong,1,0
Mahidol University--University of Hong Kong#amr_hai,Mahidol University--University of Hong Kong,amr_hai,2,University of Hong Kong,University of Hong Kong,0.711454,0.426862,1,Mahidol University,University of Hong Kong,1,0
National University Hospital--Singapore General Hospital#amr_hai,National University Hospital--Singapore General Hospital,amr_hai,1,National University Hospital,National University Hospital,0.51926,0.342069,1,National University Hospital,Singapore General Hospital,0,1
National University Hospital--Singapore General Hospital#amr_hai,National University Hospital--Singapore General Hospital,amr_hai,2,Singapore General Hospital,Singapore General Hospital,0.475209,0.374832,1,National University Hospital,Singapore General Hospital,0,1
National University Hospital--Universitas Indonesia#amr_hai,National University Hospital--Universitas Indonesia,amr_hai,1,National University Hospital,National University Hospital,0.51926,0.342069,1,National University Hospital,Universitas Indonesia,1,1
National University Hospital--Universitas Indonesia#amr_hai,National University Hospital--Universitas Indonesia,amr_hai,2,Universitas Indonesia,Universitas Indonesia,0.62933,0.345326,1,National University Hospital,Universitas Indonesia,1,1
National University Hospital--University of Hong Kong#amr_hai,National University Hospital--University of Hong Kong,amr_hai,1,National University Hospital,National University Hospital,0.51926,0.342069,1,National University Hospital,University of Hong Kong,1,1
National University Hospital--University of Hong Kong#amr_hai,National University Hospital--University of Hong Kong,amr_hai,2,University of Hong Kong,University of Hong Kong,0.711454,0.426862,1,National University Hospital,University of Hong Kong,1,1
National University of Singapore--Universitas Indonesia#amr_hai,National University of Singapore--Universitas Indonesia,amr_hai,1,National University of Singapore,National University of Singapore,0.59751,0.507684,1,National University of Singapore,Universitas Indonesia,1,1
National University of Singapore--Universitas Indonesia#amr_hai,National University of Singapore--Universitas Indonesia,amr_hai,2,Universitas Indonesia,Universitas Indonesia,0.62933,0.345326,1,National University of Singapore,Universitas Indonesia,1,1
National University of Singapore--University of Hong Kong#amr_hai,National University of Singapore--University of Hong Kong,amr_hai,1,National University of Singapore,National University of Singapore,0.59751,0.507684,1,National University of Singapore,University of Hong Kong,1,1
National University of Singapore--University of Hong Kong#amr_hai,National University of Singapore--University of Hong Kong,amr_hai,2,University of Hong Kong,University of Hong Kong,0.711454,0.426862,1,National University of Singapore,University of Hong Kong,1,1
Oxford University Clinical Research Unit--Singapore General Hospital#amr_hai,Oxford University Clinical Research Unit--Singapore General Hospital,amr_hai,1,Oxford University Clinical Research Unit,Oxford University Clinical Research Unit,0.703504,0.365802,1,Oxford University Clinical Research Unit,Singapore General Hospital,1,1
Oxford University Clinical Research Unit--Singapore General Hospital#amr_hai,Oxford University Clinical Research Unit--Singapore General Hospital,amr_hai,2,Singapore General Hospital,Singapore General Hospital,0.475209,0.374832,1,Oxford University Clinical Research Unit,Singapore General Hospital,1,1
Oxford University Clinical Research Unit--Universitas Indonesia#amr_hai,Oxford University Clinical Research Unit--Universitas Indonesia,amr_hai,1,Oxford University Clinical Research Unit,Oxford University Clinical Research Unit,0.703504,0.365802,1,Oxford University Clinical Research Unit,Universitas Indonesia,1,0
Oxford University Clinical Research Unit--Universitas Indonesia#amr_hai,Oxford University Clinical Research Unit--Universitas Indonesia,amr_hai,2,Universitas Indonesia,Universitas Indonesia,0.62933,0.345326,1,Oxford University Clinical Research Unit,Universitas Indonesia,1,0
Oxford University Clinical Research Unit--University of Hong Kong#amr_hai,Oxford University Clinical Research Unit--University of Hong Kong,amr_hai,1,Oxford University Clinical Research Unit,Oxford University Clinical Research Unit,0.703504,0.365802,1,Oxford University Clinical Research Unit,University of Hong Kong,1,0
Oxford University Clinical Research Unit--University of Hong Kong#amr_hai,Oxford University Clinical Research Unit--University of Hong Kong,amr_hai,2,University of Hong Kong,University of Hong Kong,0.711454,0.426862,1,Oxford University Clinical Research Unit,University of Hong Kong,1,0
Singapore General Hospital--Universitas Indonesia#amr_hai,Singapore General Hospital--Universitas Indonesia,amr_hai,1,Singapore General Hospital,Singapore General Hospital,0.475209,0.374832,1,Singapore General Hospital,Universitas Indonesia,1,1
Singapore General Hospital--Universitas Indonesia#amr_hai,Singapore General Hospital--Universitas Indonesia,amr_hai,2,Universitas Indonesia,Universitas Indonesia,0.62933,0.345326,1,Singapore General Hospital,Universitas Indonesia,1,1
Singapore General Hospital--University of Oxford#amr_hai,Singapore General Hospital--University of Oxford,amr_hai,1,Singapore General Hospital,Singapore General Hospital,0.475209,0.374832,1,Singapore General Hospital,University of Oxford,1,1
Singapore General Hospital--University of Oxford#amr_hai,Singapore General Hospital--University of Oxford,amr_hai,2,University of Oxford,University of Oxford,0.658401,0.434596,1,Singapore General Hospital,University of Oxford,1,1
Universitas Indonesia--University of Hong Kong#amr_hai,Universitas Indonesia--University of Hong Kong,amr_hai,1,Universitas Indonesia,Universitas Indonesia,0.62933,0.345326,1,Universitas Indonesia,University of Hong Kong,1,0
Universitas Indonesia--University of Hong Kong#amr_hai,Universitas Indonesia--University of Hong Kong,amr_hai,2,University of Hong Kong,University of Hong Kong,0.711454,0.426862,1,Universitas Indonesia,University of Hong Kong,1,0
Universitas Indonesia--University of Oxford#amr_hai,Universitas Indonesia--University of Oxford,amr_hai,1,Universitas Indonesia,Universitas Indonesia,0.62933,0.345326,1,Universitas Indonesia,University of Oxford,1,0
Universitas Indonesia--University of Oxford#amr_hai,Universitas Indonesia--University of Oxford,amr_hai,2,University of Oxford,University of Oxford,0.658401,0.434596,1,Universitas Indonesia,University of Oxford,1,0
University of Hong Kong--University of Oxford#amr_hai,University of Hong Kong--University of Oxford,amr_hai,1,University of Hong Kong,University of Hong Kong,0.711454,0.426862,1,University of Hong Kong,University of Oxford,1,0
University of Hong Kong--University of Oxford#amr_hai,University of Hong Kong--University of Oxford,amr_hai,2,University of Oxford,University of Oxford,0.658401,0.434596,1,University of Hong Kong,University of Oxford,1,0
National University of Singapore--University of Cambridge#other_id,National University of Singapore--University of Cambridge,other_id,1,National University of Singapore,National University of Singapore,0.59751,0.507684,1,National University of Singapore,University of Cambridge,1,1
National University of Singapore--University of Cambridge#other_id,National University of Singapore--University of Cambridge,other_id,2,University of Cambridge,University of Cambridge,0.795279,0.581232,1,National University of Singapore,University of Cambridge,1,1
London School of Hygiene & Tropical Medicine--Nanyang Technological University#sti,London School of Hygiene & Tropical Medicine--Nanyang Technological University,sti,1,London School of Hygiene & Tropical Medicine,London School of Hygiene & Tropical Medicine,0.690267,0.57095,1,London School of Hygiene & Tropical Medicine,Nanyang Technological University,1,1
London School of Hygiene & Tropical Medicine--Nanyang Technological University#sti,London School of Hygiene & Tropical Medicine--Nanyang Technological University,sti,2,Nanyang Technological University,Nanyang Technological University,0.664988,0.515565,1,London School of Hygiene & Tropical Medicine,Nanyang Technological University,1,1
London School of Hygiene & Tropical Medicine--National Centre for Infectious Diseases#sti,London School of Hygiene & Tropical Medicine--National Centre for Infectious Diseases,sti,1,London School of Hygiene & Tropical Medicine,London School of Hygiene & Tropical Medicine,0.690267,0.57095,1,London School of Hygiene & Tropical Medicine,National Centre for Infectious Diseases,1,1
London School of Hygiene & Tropical Medicine--National Centre for Infectious Diseases#sti,London School of Hygiene & Tropical Medicine--National Centre for Infectious Diseases,sti,2,National Centre for Infectious Diseases,National Centre for Infectious Diseases,0.63178,0.485666,1,London School of Hygiene & Tropical Medicine,National Centre for Infectious Diseases,1,1
Nanyang Technological University--National Centre for Infectious Diseases#sti,Nanyang Technological University--National Centre for Infectious Diseases,sti,1,Nanyang Technological University,Nanyang Technological University,0.664988,0.515565,1,Nanyang Technological University,National Centre for Infectious Diseases,0,1
Nanyang Technological University--National Centre for Infectious Diseases#sti,Nanyang Technological University--National Centre for Infectious Diseases,sti,2,National Centre for Infectious Diseases,National Centre for Infectious Diseases,0.63178,0.485666,1,Nanyang Technological University,National Centre for Infectious Diseases,0,1
Nanyang Technological University--National University of Singapore#sti,Nanyang Technological University--National University of Singapore,sti,1,Nanyang Technological University,Nanyang Technological University,0.664988,0.515565,1,Nanyang Technological University,National University of Singapore,0,1
Nanyang Technological University--National University of Singapore#sti,Nanyang Technological University--National University of Singapore,sti,2,National University of Singapore,National University of Singapore,0.59751,0.507684,1,Nanyang Technological University,National University of Singapore,0,1
Communicable Diseases Agency--Institute of Mental Health#rti,Communicable Diseases Agency--Institute of Mental Health,rti,1,Communicable Diseases Agency,Communicable Diseases Agency,0.485721,0.581763,1,Communicable Diseases Agency,Institute of Mental Health,0,1
Communicable Diseases Agency--Institute of Mental Health#rti,Communicable Diseases Agency--Institute of Mental Health,rti,2,Institute of Mental Health,Institute of Mental Health,0.410534,0.644783,1,Communicable Diseases Agency,Institute of Mental Health,0,1
Institute of Mental Health--Nanyang Technological University#rti,Institute of Mental Health--Nanyang Technological University,rti,1,Institute of Mental Health,Institute of Mental Health,0.410534,0.644783,1,Institute of Mental Health,Nanyang Technological University,0,1
Institute of Mental Health--Nanyang Technological University#rti,Institute of Mental Health--Nanyang Technological University,rti,2,Nanyang Technological University,Nanyang Technological University,0.664988,0.515565,1,Institute of Mental Health,Nanyang Technological University,0,1
Institute of Mental Health--National Centre for Infectious Diseases#rti,Institute of Mental Health--National Centre for Infectious Diseases,rti,1,Institute of Mental Health,Institute of Mental Health,0.410534,0.644783,1,Institute of Mental Health,National Centre for Infectious Diseases,0,1
Institute of Mental Health--National Centre for Infectious Diseases#rti,Institute of Mental Health--National Centre for Infectious Diseases,rti,2,National Centre for Infectious Diseases,National Centre for Infectious Diseases,0.63178,0.485666,1,Institute of Mental Health,National Centre for Infectious Diseases,0,1
Institute of Mental Health--National University of Singapore#rti,Institute of Mental Health--National University of Singapore,rti,1,Institute of Mental Health,Institute of Mental Health,0.410534,0.644783,1,Institute of Mental Health,National University of Singapore,0,1
Institute of Mental Health--National University of Singapore#rti,Institute of Mental Health--National University of Singapore,rti,2,National University of Singapore,National University of Singapore,0.59751,0.507684,1,Institute of Mental Health,National University of Singapore,0,1
Institute of Mental Health--Singapore General Hospital#rti,Institute of Mental Health--Singapore General Hospital,rti,1,Institute of Mental Health,Institute of Mental Health,0.410534,0.644783,1,Institute of Mental Health,Singapore General Hospital,0,1
Institute of Mental Health--Singapore General Hospital#rti,Institute of Mental Health--Singapore General Hospital,rti,2,Singapore General Hospital,Singapore General Hospital,0.475209,0.374832,1,Institute of Mental Health,Singapore General Hospital,0,1
Institute of Mental Health--Tan Tock Seng Hospital#rti,Institute of Mental Health--Tan Tock Seng Hospital,rti,1,Institute of Mental Health,Institute of Mental Health,0.410534,0.644783,1,Institute of Mental Health,Tan Tock Seng Hospital,0,1
Institute of Mental Health--Tan Tock Seng Hospital#rti,Institute of Mental Health--Tan Tock Seng Hospital,rti,2,Tan Tock Seng Hospital,Tan Tock Seng Hospital,0.54699,0.379399,1,Institute of Mental Health,Tan Tock Seng Hospital,0,1
Institute of Molecular and Cell Biology--National University of Singapore#rti,Institute of Molecular and Cell Biology--National University of Singapore,rti,1,Institute of Molecular and Cell Biology,Institute of Molecular and Cell Biology,0.373079,1.0,1,Institute of Molecular and Cell Biology,National University of Singapore,0,1
Institute of Molecular and Cell Biology--National University of Singapore#rti,Institute of Molecular and Cell Biology--National University of Singapore,rti,2,National University of Singapore,National University of Singapore,0.59751,0.507684,1,Institute of Molecular and Cell Biology,National University of Singapore,0,1
Duke-NUS Medical School--SingHealth#rti,Duke-NUS Medical School--SingHealth,rti,1,Duke-NUS Medical School,Duke-NUS Medical School,0.465633,0.441401,1,Duke-NUS Medical School,SingHealth,0,1
Duke-NUS Medical School--SingHealth#rti,Duke-NUS Medical School--SingHealth,rti,2,SingHealth,SingHealth,0.566166,0.304445,1,Duke-NUS Medical School,SingHealth,0,1
A*STAR Infectious Diseases Labs--Bioinformatics Institute#rti,A*STAR Infectious Diseases Labs--Bioinformatics Institute,rti,1,A*STAR Infectious Diseases Labs,A*STAR Infectious Diseases Labs,0.805549,0.407654,1,A*STAR Infectious Diseases Labs,Bioinformatics Institute,1,1
A*STAR Infectious Diseases Labs--Bioinformatics Institute#rti,A*STAR Infectious Diseases Labs--Bioinformatics Institute,rti,2,Bioinformatics Institute,Bioinformatics Institute,0.951638,0.602685,1,A*STAR Infectious Diseases Labs,Bioinformatics Institute,1,1
A*STAR Infectious Diseases Labs--UK Health Security Agency#rti,A*STAR Infectious Diseases Labs--UK Health Security Agency,rti,1,A*STAR Infectious Diseases Labs,A*STAR Infectious Diseases Labs,0.805549,0.407654,1,A*STAR Infectious Diseases Labs,UK Health Security Agency,1,1
A*STAR Infectious Diseases Labs--UK Health Security Agency#rti,A*STAR Infectious Diseases Labs--UK Health Security Agency,rti,2,UK Health Security Agency,UK Health Security Agency,0.948338,0.521661,1,A*STAR Infectious Diseases Labs,UK Health Security Agency,1,1
A*STAR Infectious Diseases Labs--University of Cambridge#rti,A*STAR Infectious Diseases Labs--University of Cambridge,rti,1,A*STAR Infectious Diseases Labs,A*STAR Infectious Diseases Labs,0.805549,0.407654,1,A*STAR Infectious Diseases Labs,University of Cambridge,1,1
A*STAR Infectious Diseases Labs--University of Cambridge#rti,A*STAR Infectious Diseases Labs--University of Cambridge,rti,2,University of Cambridge,University of Cambridge,0.795279,0.581232,1,A*STAR Infectious Diseases Labs,University of Cambridge,1,1
Bioinformatics Institute--UK Health Security Agency#rti,Bioinformatics Institute--UK Health Security Agency,rti,1,Bioinformatics Institute,Bioinformatics Institute,0.951638,0.602685,1,Bioinformatics Institute,UK Health Security Agency,0,0
Bioinformatics Institute--UK Health Security Agency#rti,Bioinformatics Institute--UK Health Security Agency,rti,2,UK Health Security Agency,UK Health Security Agency,0.948338,0.521661,1,Bioinformatics Institute,UK Health Security Agency,0,0
Bioinformatics Institute--University of Cambridge#rti,Bioinformatics Institute--University of Cambridge,rti,1,Bioinformatics Institute,Bioinformatics Institute,0.951638,0.602685,1,Bioinformatics Institute,University of Cambridge,0,0
Bioinformatics Institute--University of Cambridge#rti,Bioinformatics Institute--University of Cambridge,rti,2,University of Cambridge,University of Cambridge,0.795279,0.581232,1,Bioinformatics Institute,University of Cambridge,0,0
UK Health Security Agency--University of Cambridge#rti,UK Health Security Agency--University of Cambridge,rti,1,UK Health Security Agency,UK Health Security Agency,0.948338,0.521661,1,UK Health Security Agency,University of Cambridge,0,0
UK Health Security Agency--University of Cambridge#rti,UK Health Security Agency--University of Cambridge,rti,2,University of Cambridge,University of Cambridge,0.795279,0.581232,1,UK Health Security Agency,University of Cambridge,0,0
Communicable Diseases Agency--Environmental Health Institute#tb,Communicable Diseases Agency--Environmental Health Institute,tb,1,Communicable Diseases Agency,Communicable Diseases Agency,0.485721,0.581763,1,Communicable Diseases Agency,Environmental Health Institute,0,1
Communicable Diseases Agency--Environmental Health Institute#tb,Communicable Diseases Agency--Environmental Health Institute,tb,2,Environmental Health Institute,Environmental Health Institute,0.603339,0.790288,1,Communicable Diseases Agency,Environmental Health Institute,0,1
Communicable Diseases Agency--Nanyang Technological University#tb,Communicable Diseases Agency--Nanyang Technological University,tb,1,Communicable Diseases Agency,Communicable Diseases Agency,0.485721,0.581763,1,Communicable Diseases Agency,Nanyang Technological University,0,1
Communicable Diseases Agency--Nanyang Technological University#tb,Communicable Diseases Agency--Nanyang Technological University,tb,2,Nanyang Technological University,Nanyang Technological University,0.664988,0.515565,1,Communicable Diseases Agency,Nanyang Technological University,0,1
Communicable Diseases Agency--National University of Singapore#tb,Communicable Diseases Agency--National University of Singapore,tb,1,Communicable Diseases Agency,Communicable Diseases Agency,0.485721,0.581763,1,Communicable Diseases Agency,National University of Singapore,0,1
Communicable Diseases Agency--National University of Singapore#tb,Communicable Diseases Agency--National University of Singapore,tb,2,National University of Singapore,National University of Singapore,0.59751,0.507684,1,Communicable Diseases Agency,National University of Singapore,0,1
Environmental Health Institute--Nanyang Technological University#tb,Environmental Health Institute--Nanyang Technological University,tb,1,Environmental Health Institute,Environmental Health Institute,0.603339,0.790288,1,Environmental Health Institute,Nanyang Technological University,0,1
Environmental Health Institute--Nanyang Technological University#tb,Environmental Health Institute--Nanyang Technological University,tb,2,Nanyang Technological University,Nanyang Technological University,0.664988,0.515565,1,Environmental Health Institute,Nanyang Technological University,0,1
Environmental Health Institute--National University of Singapore#tb,Environmental Health Institute--National University of Singapore,tb,1,Environmental Health Institute,Environmental Health Institute,0.603339,0.790288,1,Environmental Health Institute,National University of Singapore,0,1
Environmental Health Institute--National University of Singapore#tb,Environmental Health Institute--National University of Singapore,tb,2,National University of Singapore,National University of Singapore,0.59751,0.507684,1,Environmental Health Institute,National University of Singapore,0,1
National Centre for Infectious Diseases--National Skin Centre#vector_borne,National Centre for Infectious Diseases--National Skin Centre,vector_borne,1,National Centre for Infectious Diseases,National Centre for Infectious Diseases,0.63178,0.485666,1,National Centre for Infectious Diseases,National Skin Centre,0,1
National Centre for Infectious Diseases--National Skin Centre#vector_borne,National Centre for Infectious Diseases--National Skin Centre,vector_borne,2,National Skin Centre,National Skin Centre,0.569459,0.179669,1,National Centre for Infectious Diseases,National Skin Centre,0,1
Changi General Hospital--National Centre for Infectious Diseases#sti,Changi General Hospital--National Centre for Infectious Diseases,sti,1,Changi General Hospital,Changi General Hospital,0.384499,0.459909,1,Changi General Hospital,National Centre for Infectious Diseases,0,1
Changi General Hospital--National Centre for Infectious Diseases#sti,Changi General Hospital--National Centre for Infectious Diseases,sti,2,National Centre for Infectious Diseases,National Centre for Infectious Diseases,0.63178,0.485666,1,Changi General Hospital,National Centre for Infectious Diseases,0,1
Changi General Hospital--National University Hospital#sti,Changi General Hospital--National University Hospital,sti,1,Changi General Hospital,Changi General Hospital,0.384499,0.459909,1,Changi General Hospital,National University Hospital,0,1
Changi General Hospital--National University Hospital#sti,Changi General Hospital--National University Hospital,sti,2,National University Hospital,National University Hospital,0.51926,0.342069,1,Changi General Hospital,National University Hospital,0,1
Changi General Hospital--National University of Singapore#sti,Changi General Hospital--National University of Singapore,sti,1,Changi General Hospital,Changi General Hospital,0.384499,0.459909,1,Changi General Hospital,National University of Singapore,0,1
Changi General Hospital--National University of Singapore#sti,Changi General Hospital--National University of Singapore,sti,2,National University of Singapore,National University of Singapore,0.59751,0.507684,1,Changi General Hospital,National University of Singapore,0,1
Changi General Hospital--Singapore General Hospital#sti,Changi General Hospital--Singapore General Hospital,sti,1,Changi General Hospital,Changi General Hospital,0.384499,0.459909,1,Changi General Hospital,Singapore General Hospital,0,1
Changi General Hospital--Singapore General Hospital#sti,Changi General Hospital--Singapore General Hospital,sti,2,Singapore General Hospital,Singapore General Hospital,0.475209,0.374832,1,Changi General Hospital,Singapore General Hospital,0,1
Changi General Hospital--Tan Tock Seng Hospital#sti,Changi General Hospital--Tan Tock Seng Hospital,sti,1,Changi General Hospital,Changi General Hospital,0.384499,0.459909,1,Changi General Hospital,Tan Tock Seng Hospital,0,1
Changi General Hospital--Tan Tock Seng Hospital#sti,Changi General Hospital--Tan Tock Seng Hospital,sti,2,Tan Tock Seng Hospital,Tan Tock Seng Hospital,0.54699,0.379399,1,Changi General Hospital,Tan Tock Seng Hospital,0,1
National Centre for Infectious Diseases--Singapore General Hospital#sti,National Centre for Infectious Diseases--Singapore General Hospital,sti,1,National Centre for Infectious Diseases,National Centre for Infectious Diseases,0.63178,0.485666,1,National Centre for Infectious Diseases,Singapore General Hospital,0,1
National Centre for Infectious Diseases--Singapore General Hospital#sti,National Centre for Infectious Diseases--Singapore General Hospital,sti,2,Singapore General Hospital,Singapore General Hospital,0.475209,0.374832,1,National Centre for Infectious Diseases,Singapore General Hospital,0,1
National University of Singapore--Singapore General Hospital#sti,National University of Singapore--Singapore General Hospital,sti,1,National University of Singapore,National University of Singapore,0.59751,0.507684,1,National University of Singapore,Singapore General Hospital,0,1
National University of Singapore--Singapore General Hospital#sti,National University of Singapore--Singapore General Hospital,sti,2,Singapore General Hospital,Singapore General Hospital,0.475209,0.374832,1,National University of Singapore,Singapore General Hospital,0,1
National University of Singapore--Tan Tock Seng Hospital#sti,National University of Singapore--Tan Tock Seng Hospital,sti,1,National University of Singapore,National University of Singapore,0.59751,0.507684,1,National University of Singapore,Tan Tock Seng Hospital,0,1
National University of Singapore--Tan Tock Seng Hospital#sti,National University of Singapore--Tan Tock Seng Hospital,sti,2,Tan Tock Seng Hospital,Tan Tock Seng Hospital,0.54699,0.379399,1,National University of Singapore,Tan Tock Seng Hospital,0,1
Singapore General Hospital--Tan Tock Seng Hospital#sti,Singapore General Hospital--Tan Tock Seng Hospital,sti,1,Singapore General Hospital,Singapore General Hospital,0.475209,0.374832,1,Singapore General Hospital,Tan Tock Seng Hospital,0,1
Singapore General Hospital--Tan Tock Seng Hospital#sti,Singapore General Hospital--Tan Tock Seng Hospital,sti,2,Tan Tock Seng Hospital,Tan Tock Seng Hospital,0.54699,0.379399,1,Singapore General Hospital,Tan Tock Seng Hospital,0,1
Imperial College London--Nanyang Technological University#vector_borne,Imperial College London--Nanyang Technological University,vector_borne,1,Imperial College London,Imperial College London,0.855768,0.625981,1,Imperial College London,Nanyang Technological University,1,1
Imperial College London--Nanyang Technological University#vector_borne,Imperial College London--Nanyang Technological University,vector_borne,2,Nanyang Technological University,Nanyang Technological University,0.664988,0.515565,1,Imperial College London,Nanyang Technological University,1,1
Imperial College London--National Centre for Infectious Diseases#vector_borne,Imperial College London--National Centre for Infectious Diseases,vector_borne,1,Imperial College London,Imperial College London,0.855768,0.625981,1,Imperial College London,National Centre for Infectious Diseases,1,1
Imperial College London--National Centre for Infectious Diseases#vector_borne,Imperial College London--National Centre for Infectious Diseases,vector_borne,2,National Centre for Infectious Diseases,National Centre for Infectious Diseases,0.63178,0.485666,1,Imperial College London,National Centre for Infectious Diseases,1,1
Imperial College London--National Institutes of Health#vector_borne,Imperial College London--National Institutes of Health,vector_borne,1,Imperial College London,Imperial College London,0.855768,0.625981,1,Imperial College London,National Institutes of Health,1,0
Imperial College London--National Institutes of Health#vector_borne,Imperial College London--National Institutes of Health,vector_borne,2,National Institutes of Health,National Institutes of Health,0.954073,0.453793,1,Imperial College London,National Institutes of Health,1,0
Imperial College London--UK Health Security Agency#vector_borne,Imperial College London--UK Health Security Agency,vector_borne,1,Imperial College London,Imperial College London,0.855768,0.625981,1,Imperial College London,UK Health Security Agency,0,0
Imperial College London--UK Health Security Agency#vector_borne,Imperial College London--UK Health Security Agency,vector_borne,2,UK Health Security Agency,UK Health Security Agency,0.948338,0.521661,1,Imperial College London,UK Health Security Agency,0,0
Imperial College London--University of Cambridge#vector_borne,Imperial College London--University of Cambridge,vector_borne,1,Imperial College London,Imperial College London,0.855768,0.625981,1,Imperial College London,University of Cambridge,0,0
Imperial College London--University of Cambridge#vector_borne,Imperial College London--University of Cambridge,vector_borne,2,University of Cambridge,University of Cambridge,0.795279,0.581232,1,Imperial College London,University of Cambridge,0,0
Imperial College London--University of Hong Kong#vector_borne,Imperial College London--University of Hong Kong,vector_borne,1,Imperial College London,Imperial College London,0.855768,0.625981,1,Imperial College London,University of Hong Kong,1,0
Imperial College London--University of Hong Kong#vector_borne,Imperial College London--University of Hong Kong,vector_borne,2,University of Hong Kong,University of Hong Kong,0.711454,0.426862,1,Imperial College London,University of Hong Kong,1,0
Nanyang Technological University--National Institutes of Health#vector_borne,Nanyang Technological University--National Institutes of Health,vector_borne,1,Nanyang Technological University,Nanyang Technological University,0.664988,0.515565,1,Nanyang Technological University,National Institutes of Health,1,1
Nanyang Technological University--National Institutes of Health#vector_borne,Nanyang Technological University--National Institutes of Health,vector_borne,2,National Institutes of Health,National Institutes of Health,0.954073,0.453793,1,Nanyang Technological University,National Institutes of Health,1,1
Nanyang Technological University--UK Health Security Agency#vector_borne,Nanyang Technological University--UK Health Security Agency,vector_borne,1,Nanyang Technological University,Nanyang Technological University,0.664988,0.515565,1,Nanyang Technological University,UK Health Security Agency,1,1
Nanyang Technological University--UK Health Security Agency#vector_borne,Nanyang Technological University--UK Health Security Agency,vector_borne,2,UK Health Security Agency,UK Health Security Agency,0.948338,0.521661,1,Nanyang Technological University,UK Health Security Agency,1,1
Nanyang Technological University--World Health Organization#vector_borne,Nanyang Technological University--World Health Organization,vector_borne,1,Nanyang Technological University,Nanyang Technological University,0.664988,0.515565,1,Nanyang Technological University,World Health Organization,1,1
Nanyang Technological University--World Health Organization#vector_borne,Nanyang Technological University--World Health Organization,vector_borne,2,World Health Organization,World Health Organization,0.823585,0.550849,1,Nanyang Technological University,World Health Organization,1,1
National Centre for Infectious Diseases--National Institutes of Health#vector_borne,National Centre for Infectious Diseases--National Institutes of Health,vector_borne,1,National Centre for Infectious Diseases,National Centre for Infectious Diseases,0.63178,0.485666,1,National Centre for Infectious Diseases,National Institutes of Health,1,1
National Centre for Infectious Diseases--National Institutes of Health#vector_borne,National Centre for Infectious Diseases--National Institutes of Health,vector_borne,2,National Institutes of Health,National Institutes of Health,0.954073,0.453793,1,National Centre for Infectious Diseases,National Institutes of Health,1,1
National Centre for Infectious Diseases--UK Health Security Agency#vector_borne,National Centre for Infectious Diseases--UK Health Security Agency,vector_borne,1,National Centre for Infectious Diseases,National Centre for Infectious Diseases,0.63178,0.485666,1,National Centre for Infectious Diseases,UK Health Security Agency,1,1
National Centre for Infectious Diseases--UK Health Security Agency#vector_borne,National Centre for Infectious Diseases--UK Health Security Agency,vector_borne,2,UK Health Security Agency,UK Health Security Agency,0.948338,0.521661,1,National Centre for Infectious Diseases,UK Health Security Agency,1,1
National Centre for Infectious Diseases--University of Cambridge#vector_borne,National Centre for Infectious Diseases--University of Cambridge,vector_borne,1,National Centre for Infectious Diseases,National Centre for Infectious Diseases,0.63178,0.485666,1,National Centre for Infectious Diseases,University of Cambridge,1,1
National Centre for Infectious Diseases--University of Cambridge#vector_borne,National Centre for Infectious Diseases--University of Cambridge,vector_borne,2,University of Cambridge,University of Cambridge,0.795279,0.581232,1,National Centre for Infectious Diseases,University of Cambridge,1,1
National Centre for Infectious Diseases--University of Hong Kong#vector_borne,National Centre for Infectious Diseases--University of Hong Kong,vector_borne,1,National Centre for Infectious Diseases,National Centre for Infectious Diseases,0.63178,0.485666,1,National Centre for Infectious Diseases,University of Hong Kong,1,1
National Centre for Infectious Diseases--University of Hong Kong#vector_borne,National Centre for Infectious Diseases--University of Hong Kong,vector_borne,2,University of Hong Kong,University of Hong Kong,0.711454,0.426862,1,National Centre for Infectious Diseases,University of Hong Kong,1,1
National Centre for Infectious Diseases--World Health Organization#vector_borne,National Centre for Infectious Diseases--World Health Organization,vector_borne,1,National Centre for Infectious Diseases,National Centre for Infectious Diseases,0.63178,0.485666,1,National Centre for Infectious Diseases,World Health Organization,1,1
National Centre for Infectious Diseases--World Health Organization#vector_borne,National Centre for Infectious Diseases--World Health Organization,vector_borne,2,World Health Organization,World Health Organization,0.823585,0.550849,1,National Centre for Infectious Diseases,World Health Organization,1,1
National Institutes of Health--UK Health Security Agency#vector_borne,National Institutes of Health--UK Health Security Agency,vector_borne,1,National Institutes of Health,National Institutes of Health,0.954073,0.453793,1,National Institutes of Health,UK Health Security Agency,1,0
National Institutes of Health--UK Health Security Agency#vector_borne,National Institutes of Health--UK Health Security Agency,vector_borne,2,UK Health Security Agency,UK Health Security Agency,0.948338,0.521661,1,National Institutes of Health,UK Health Security Agency,1,0
National Institutes of Health--University of Cambridge#vector_borne,National Institutes of Health--University of Cambridge,vector_borne,1,National Institutes of Health,National Institutes of Health,0.954073,0.453793,1,National Institutes of Health,University of Cambridge,1,0
National Institutes of Health--University of Cambridge#vector_borne,National Institutes of Health--University of Cambridge,vector_borne,2,University of Cambridge,University of Cambridge,0.795279,0.581232,1,National Institutes of Health,University of Cambridge,1,0
National Institutes of Health--University of Hong Kong#vector_borne,National Institutes of Health--University of Hong Kong,vector_borne,1,National Institutes of Health,National Institutes of Health,0.954073,0.453793,1,National Institutes of Health,University of Hong Kong,1,0
National Institutes of Health--University of Hong Kong#vector_borne,National Institutes of Health--University of Hong Kong,vector_borne,2,University of Hong Kong,University of Hong Kong,0.711454,0.426862,1,National Institutes of Health,University of Hong Kong,1,0
National Institutes of Health--World Health Organization#vector_borne,National Institutes of Health--World Health Organization,vector_borne,1,National Institutes of Health,National Institutes of Health,0.954073,0.453793,1,National Institutes of Health,World Health Organization,1,0
National Institutes of Health--World Health Organization#vector_borne,National Institutes of Health--World Health Organization,vector_borne,2,World Health Organization,World Health Organization,0.823585,0.550849,1,National Institutes of Health,World Health Organization,1,0
UK Health Security Agency--University of Cambridge#vector_borne,UK Health Security Agency--University of Cambridge,vector_borne,1,UK Health Security Agency,UK Health Security Agency,0.948338,0.521661,1,UK Health Security Agency,University of Cambridge,0,0
UK Health Security Agency--University of Cambridge#vector_borne,UK Health Security Agency--University of Cambridge,vector_borne,2,University of Cambridge,University of Cambridge,0.795279,0.581232,1,UK Health Security Agency,University of Cambridge,0,0
UK Health Security Agency--University of Hong Kong#vector_borne,UK Health Security Agency--University of Hong Kong,vector_borne,1,UK Health Security Agency,UK Health Security Agency,0.948338,0.521661,1,UK Health Security Agency,University of Hong Kong,1,0
UK Health Security Agency--University of Hong Kong#vector_borne,UK Health Security Agency--University of Hong Kong,vector_borne,2,University of Hong Kong,University of Hong Kong,0.711454,0.426862,1,UK Health Security Agency,University of Hong Kong,1,0
UK Health Security Agency--World Health Organization#vector_borne,UK Health Security Agency--World Health Organization,vector_borne,1,UK Health Security Agency,UK Health Security Agency,0.948338,0.521661,1,UK Health Security Agency,World Health Organization,1,0
UK Health Security Agency--World Health Organization#vector_borne,UK Health Security Agency--World Health Organization,vector_borne,2,World Health Organization,World Health Organization,0.823585,0.550849,1,UK Health Security Agency,World Health Organization,1,0
University of Cambridge--University of Hong Kong#vector_borne,University of Cambridge--University of Hong Kong,vector_borne,1,University of Cambridge,University of Cambridge,0.795279,0.581232,1,University of Cambridge,University of Hong Kong,1,0
University of Cambridge--University of Hong Kong#vector_borne,University of Cambridge--University of Hong Kong,vector_borne,2,University of Hong Kong,University of Hong Kong,0.711454,0.426862,1,University of Cambridge,University of Hong Kong,1,0
University of Cambridge--World Health Organization#vector_borne,University of Cambridge--World Health Organization,vector_borne,1,University of Cambridge,University of Cambridge,0.795279,0.581232,1,University of Cambridge,World Health Organization,1,0
University of Cambridge--World Health Organization#vector_borne,University of Cambridge--World Health Organization,vector_borne,2,World Health Organization,World Health Organization,0.823585,0.550849,1,University of Cambridge,World Health Organization,1,0
University of Hong Kong--World Health Organization#vector_borne,University of Hong Kong--World Health Organization,vector_borne,1,University of Hong Kong,University of Hong Kong,0.711454,0.426862,1,University of Hong Kong,World Health Organization,1,0
University of Hong Kong--World Health Organization#vector_borne,University of Hong Kong--World Health Organization,vector_borne,2,World Health Organization,World Health Organization,0.823585,0.550849,1,University of Hong Kong,World Health Organization,1,0
Duke-NUS Medical School--Harvard University#sti,Duke-NUS Medical School--Harvard University,sti,1,Duke-NUS Medical School,Duke-NUS Medical School,0.465633,0.441401,1,Duke-NUS Medical School,Harvard University,1,1
Duke-NUS Medical School--Harvard University#sti,Duke-NUS Medical School--Harvard University,sti,2,Harvard University,Harvard University,0.690017,0.63864,1,Duke-NUS Medical School,Harvard University,1,1
Duke-NUS Medical School--KK Women's and Children's Hospital#rti,Duke-NUS Medical School--KK Women's and Children's Hospital,rti,1,Duke-NUS Medical School,Duke-NUS Medical School,0.465633,0.441401,1,Duke-NUS Medical School,KK Women's and Children's Hospital,0,1
Duke-NUS Medical School--KK Women's and Children's Hospital#rti,Duke-NUS Medical School--KK Women's and Children's Hospital,rti,2,KK Women's and Children's Hospital,KK Women's and Children's Hospital,0.460123,0.505295,1,Duke-NUS Medical School,KK Women's and Children's Hospital,0,1
Nanyang Technological University--University of Oxford#amr_hai,Nanyang Technological University--University of Oxford,amr_hai,1,Nanyang Technological University,Nanyang Technological University,0.664988,0.515565,1,Nanyang Technological University,University of Oxford,1,1
Nanyang Technological University--University of Oxford#amr_hai,Nanyang Technological University--University of Oxford,amr_hai,2,University of Oxford,University of Oxford,0.658401,0.434596,1,Nanyang Technological University,University of Oxford,1,1
Duke-NUS Medical School--London School of Hygiene & Tropical Medicine#vector_borne,Duke-NUS Medical School--London School of Hygiene & Tropical Medicine,vector_borne,1,Duke-NUS Medical School,Duke-NUS Medical School,0.465633,0.441401,1,Duke-NUS Medical School,London School of Hygiene & Tropical Medicine,1,1
Duke-NUS Medical School--London School of Hygiene & Tropical Medicine#vector_borne,Duke-NUS Medical School--London School of Hygiene & Tropical Medicine,vector_borne,2,London School of Hygiene & Tropical Medicine,London School of Hygiene & Tropical Medicine,0.690267,0.57095,1,Duke-NUS Medical School,London School of Hygiene & Tropical Medicine,1,1
Genome Institute of Singapore--National University Health System#amr_hai,Genome Institute of Singapore--National University Health System,amr_hai,1,Genome Institute of Singapore,Genome Institute of Singapore,0.775324,0.298298,1,Genome Institute of Singapore,National University Health System,0,1
Genome Institute of Singapore--National University Health System#amr_hai,Genome Institute of Singapore--National University Health System,amr_hai,2,National University Health System,National University Health System,0.554169,0.437829,1,Genome Institute of Singapore,National University Health System,0,1
Genome Institute of Singapore--National University Hospital#amr_hai,Genome Institute of Singapore--National University Hospital,amr_hai,1,Genome Institute of Singapore,Genome Institute of Singapore,0.775324,0.298298,1,Genome Institute of Singapore,National University Hospital,0,1
Genome Institute of Singapore--National University Hospital#amr_hai,Genome Institute of Singapore--National University Hospital,amr_hai,2,National University Hospital,National University Hospital,0.51926,0.342069,1,Genome Institute of Singapore,National University Hospital,0,1
Genome Institute of Singapore--National University of Singapore#amr_hai,Genome Institute of Singapore--National University of Singapore,amr_hai,1,Genome Institute of Singapore,Genome Institute of Singapore,0.775324,0.298298,1,Genome Institute of Singapore,National University of Singapore,0,1
Genome Institute of Singapore--National University of Singapore#amr_hai,Genome Institute of Singapore--National University of Singapore,amr_hai,2,National University of Singapore,National University of Singapore,0.59751,0.507684,1,Genome Institute of Singapore,National University of Singapore,0,1
Genome Institute of Singapore--Oxford University Clinical Research Unit#amr_hai,Genome Institute of Singapore--Oxford University Clinical Research Unit,amr_hai,1,Genome Institute of Singapore,Genome Institute of Singapore,0.775324,0.298298,1,Genome Institute of Singapore,Oxford University Clinical Research Unit,1,1
Genome Institute of Singapore--Oxford University Clinical Research Unit#amr_hai,Genome Institute of Singapore--Oxford University Clinical Research Unit,amr_hai,2,Oxford University Clinical Research Unit,Oxford University Clinical Research Unit,0.703504,0.365802,1,Genome Institute of Singapore,Oxford University Clinical Research Unit,1,1
Genome Institute of Singapore--University of Oxford#amr_hai,Genome Institute of Singapore--University of Oxford,amr_hai,1,Genome Institute of Singapore,Genome Institute of Singapore,0.775324,0.298298,1,Genome Institute of Singapore,University of Oxford,1,1
Genome Institute of Singapore--University of Oxford#amr_hai,Genome Institute of Singapore--University of Oxford,amr_hai,2,University of Oxford,University of Oxford,0.658401,0.434596,1,Genome Institute of Singapore,University of Oxford,1,1
Changi General Hospital--Duke-NUS Medical School#tb,Changi General Hospital--Duke-NUS Medical School,tb,1,Changi General Hospital,Changi General Hospital,0.384499,0.459909,1,Changi General Hospital,Duke-NUS Medical School,0,1
Changi General Hospital--Duke-NUS Medical School#tb,Changi General Hospital--Duke-NUS Medical School,tb,2,Duke-NUS Medical School,Duke-NUS Medical School,0.465633,0.441401,1,Changi General Hospital,Duke-NUS Medical School,0,1
Changi General Hospital--Sengkang General Hospital#tb,Changi General Hospital--Sengkang General Hospital,tb,1,Changi General Hospital,Changi General Hospital,0.384499,0.459909,1,Changi General Hospital,Sengkang General Hospital,0,1
Changi General Hospital--Sengkang General Hospital#tb,Changi General Hospital--Sengkang General Hospital,tb,2,Sengkang General Hospital,Sengkang General Hospital,0.288901,0.349634,1,Changi General Hospital,Sengkang General Hospital,0,1
Duke-NUS Medical School--Sengkang General Hospital#tb,Duke-NUS Medical School--Sengkang General Hospital,tb,1,Duke-NUS Medical School,Duke-NUS Medical School,0.465633,0.441401,1,Duke-NUS Medical School,Sengkang General Hospital,0,1
Duke-NUS Medical School--Sengkang General Hospital#tb,Duke-NUS Medical School--Sengkang General Hospital,tb,2,Sengkang General Hospital,Sengkang General Hospital,0.288901,0.349634,1,Duke-NUS Medical School,Sengkang General Hospital,0,1
National University of Singapore--University of Hong Kong#vector_borne,National University of Singapore--University of Hong Kong,vector_borne,1,National University of Singapore,National University of Singapore,0.59751,0.507684,1,National University of Singapore,University of Hong Kong,1,1
National University of Singapore--University of Hong Kong#vector_borne,National University of Singapore--University of Hong Kong,vector_borne,2,University of Hong Kong,University of Hong Kong,0.711454,0.426862,1,National University of Singapore,University of Hong Kong,1,1
"Agency for Science, Technology and Research--KK Women's and Children's Hospital#amr_hai","Agency for Science, Technology and Research--KK Women's and Children's Hospital",amr_hai,1,"Agency for Science, Technology and Research","Agency for Science, Technology and Research",0.770378,0.467146,1,"Agency for Science, Technology and Research",KK Women's and Children's Hospital,0,1
"Agency for Science, Technology and Research--KK Women's and Children's Hospital#amr_hai","Agency for Science, Technology and Research--KK Women's and Children's Hospital",amr_hai,2,KK Women's and Children's Hospital,KK Women's and Children's Hospital,0.460123,0.505295,1,"Agency for Science, Technology and Research",KK Women's and Children's Hospital,0,1
"Agency for Science, Technology and Research--Nanyang Technological University#amr_hai","Agency for Science, Technology and Research--Nanyang Technological University",amr_hai,1,"Agency for Science, Technology and Research","Agency for Science, Technology and Research",0.770378,0.467146,1,"Agency for Science, Technology and Research",Nanyang Technological University,0,1
"Agency for Science, Technology and Research--Nanyang Technological University#amr_hai","Agency for Science, Technology and Research--Nanyang Technological University",amr_hai,2,Nanyang Technological University,Nanyang Technological University,0.664988,0.515565,1,"Agency for Science, Technology and Research",Nanyang Technological University,0,1
"Agency for Science, Technology and Research--National University Health System#amr_hai","Agency for Science, Technology and Research--National University Health System",amr_hai,1,"Agency for Science, Technology and Research","Agency for Science, Technology and Research",0.770378,0.467146,1,"Agency for Science, Technology and Research",National University Health System,0,1
"Agency for Science, Technology and Research--National University Health System#amr_hai","Agency for Science, Technology and Research--National University Health System",amr_hai,2,National University Health System,National University Health System,0.554169,0.437829,1,"Agency for Science, Technology and Research",National University Health System,0,1
"Agency for Science, Technology and Research--National University Hospital#amr_hai","Agency for Science, Technology and Research--National University Hospital",amr_hai,1,"Agency for Science, Technology and Research","Agency for Science, Technology and Research",0.770378,0.467146,1,"Agency for Science, Technology and Research",National University Hospital,0,1
"Agency for Science, Technology and Research--National University Hospital#amr_hai","Agency for Science, Technology and Research--National University Hospital",amr_hai,2,National University Hospital,National University Hospital,0.51926,0.342069,1,"Agency for Science, Technology and Research",National University Hospital,0,1
"Agency for Science, Technology and Research--National University of Singapore#amr_hai","Agency for Science, Technology and Research--National University of Singapore",amr_hai,1,"Agency for Science, Technology and Research","Agency for Science, Technology and Research",0.770378,0.467146,1,"Agency for Science, Technology and Research",National University of Singapore,0,1
"Agency for Science, Technology and Research--National University of Singapore#amr_hai","Agency for Science, Technology and Research--National University of Singapore",amr_hai,2,National University of Singapore,National University of Singapore,0.59751,0.507684,1,"Agency for Science, Technology and Research",National University of Singapore,0,1
KK Women's and Children's Hospital--National University Health System#amr_hai,KK Women's and Children's Hospital--National University Health System,amr_hai,1,KK Women's and Children's Hospital,KK Women's and Children's Hospital,0.460123,0.505295,1,KK Women's and Children's Hospital,National University Health System,0,1
KK Women's and Children's Hospital--National University Health System#amr_hai,KK Women's and Children's Hospital--National University Health System,amr_hai,2,National University Health System,National University Health System,0.554169,0.437829,1,KK Women's and Children's Hospital,National University Health System,0,1
KK Women's and Children's Hospital--National University Hospital#amr_hai,KK Women's and Children's Hospital--National University Hospital,amr_hai,1,KK Women's and Children's Hospital,KK Women's and Children's Hospital,0.460123,0.505295,1,KK Women's and Children's Hospital,National University Hospital,0,1
KK Women's and Children's Hospital--National University Hospital#amr_hai,KK Women's and Children's Hospital--National University Hospital,amr_hai,2,National University Hospital,National University Hospital,0.51926,0.342069,1,KK Women's and Children's Hospital,National University Hospital,0,1
Nanyang Technological University--National University Hospital#amr_hai,Nanyang Technological University--National University Hospital,amr_hai,1,Nanyang Technological University,Nanyang Technological University,0.664988,0.515565,1,Nanyang Technological University,National University Hospital,0,1
Nanyang Technological University--National University Hospital#amr_hai,Nanyang Technological University--National University Hospital,amr_hai,2,National University Hospital,National University Hospital,0.51926,0.342069,1,Nanyang Technological University,National University Hospital,0,1
"Agency for Science, Technology and Research--Nanyang Technological University#rti","Agency for Science, Technology and Research--Nanyang Technological University",rti,1,"Agency for Science, Technology and Research","Agency for Science, Technology and Research",0.770378,0.467146,1,"Agency for Science, Technology and Research",Nanyang Technological University,0,1
"Agency for Science, Technology and Research--Nanyang Technological University#rti","Agency for Science, Technology and Research--Nanyang Technological University",rti,2,Nanyang Technological University,Nanyang Technological University,0.664988,0.515565,1,"Agency for Science, Technology and Research",Nanyang Technological University,0,1
Bioinformatics Institute--Nanyang Technological University#rti,Bioinformatics Institute--Nanyang Technological University,rti,1,Bioinformatics Institute,Bioinformatics Institute,0.951638,0.602685,1,Bioinformatics Institute,Nanyang Technological University,1,1
Bioinformatics Institute--Nanyang Technological University#rti,Bioinformatics Institute--Nanyang Technological University,rti,2,Nanyang Technological University,Nanyang Technological University,0.664988,0.515565,1,Bioinformatics Institute,Nanyang Technological University,1,1
"Agency for Science, Technology and Research--Experimental Drug Development Centre#amr_hai","Agency for Science, Technology and Research--Experimental Drug Development Centre",amr_hai,1,"Agency for Science, Technology and Research","Agency for Science, Technology and Research",0.770378,0.467146,1,"Agency for Science, Technology and Research",Experimental Drug Development Centre,0,1
"Agency for Science, Technology and Research--Experimental Drug Development Centre#amr_hai","Agency for Science, Technology and Research--Experimental Drug Development Centre",amr_hai,2,Experimental Drug Development Centre,Experimental Drug Development Centre,0.825502,0.790908,1,"Agency for Science, Technology and Research",Experimental Drug Development Centre,0,1
National University of Singapore--University of Malaya#sti,National University of Singapore--University of Malaya,sti,1,National University of Singapore,National University of Singapore,0.59751,0.507684,1,National University of Singapore,University of Malaya,1,1
National University of Singapore--University of Malaya#sti,National University of Singapore--University of Malaya,sti,2,University of Malaya,University of Malaya,0.573788,0.583368,1,National University of Singapore,University of Malaya,1,1
Harvard University--SingHealth#sti,Harvard University--SingHealth,sti,1,Harvard University,Harvard University,0.690017,0.63864,1,Harvard University,SingHealth,1,1
Harvard University--SingHealth#sti,Harvard University--SingHealth,sti,2,SingHealth,SingHealth,0.566166,0.304445,1,Harvard University,SingHealth,1,1
Duke-NUS Medical School--SingHealth#vector_borne,Duke-NUS Medical School--SingHealth,vector_borne,1,Duke-NUS Medical School,Duke-NUS Medical School,0.465633,0.441401,1,Duke-NUS Medical School,SingHealth,0,1
Duke-NUS Medical School--SingHealth#vector_borne,Duke-NUS Medical School--SingHealth,vector_borne,2,SingHealth,SingHealth,0.566166,0.304445,1,Duke-NUS Medical School,SingHealth,0,1
Duke-NUS Medical School--Singapore General Hospital#vector_borne,Duke-NUS Medical School--Singapore General Hospital,vector_borne,1,Duke-NUS Medical School,Duke-NUS Medical School,0.465633,0.441401,1,Duke-NUS Medical School,Singapore General Hospital,0,1
Duke-NUS Medical School--Singapore General Hospital#vector_borne,Duke-NUS Medical School--Singapore General Hospital,vector_borne,2,Singapore General Hospital,Singapore General Hospital,0.475209,0.374832,1,Duke-NUS Medical School,Singapore General Hospital,0,1
National University of Singapore--Singapore General Hospital#vector_borne,National University of Singapore--Singapore General Hospital,vector_borne,1,National University of Singapore,National University of Singapore,0.59751,0.507684,1,National University of Singapore,Singapore General Hospital,0,1
National University of Singapore--Singapore General Hospital#vector_borne,National University of Singapore--Singapore General Hospital,vector_borne,2,Singapore General Hospital,Singapore General Hospital,0.475209,0.374832,1,National University of Singapore,Singapore General Hospital,0,1
SingHealth--Singapore General Hospital#vector_borne,SingHealth--Singapore General Hospital,vector_borne,1,SingHealth,SingHealth,0.566166,0.304445,1,SingHealth,Singapore General Hospital,0,1
SingHealth--Singapore General Hospital#vector_borne,SingHealth--Singapore General Hospital,vector_borne,2,Singapore General Hospital,Singapore General Hospital,0.475209,0.374832,1,SingHealth,Singapore General Hospital,0,1
Duke-NUS Medical School--Johns Hopkins University#amr_hai,Duke-NUS Medical School--Johns Hopkins University,amr_hai,1,Duke-NUS Medical School,Duke-NUS Medical School,0.465633,0.441401,1,Duke-NUS Medical School,Johns Hopkins University,1,1
Duke-NUS Medical School--Johns Hopkins University#amr_hai,Duke-NUS Medical School--Johns Hopkins University,amr_hai,2,Johns Hopkins University,Johns Hopkins University,0.616645,0.578135,1,Duke-NUS Medical School,Johns Hopkins University,1,1
Communicable Diseases Agency--National Centre for Infectious Diseases#tb,Communicable Diseases Agency--National Centre for Infectious Diseases,tb,1,Communicable Diseases Agency,Communicable Diseases Agency,0.485721,0.581763,1,Communicable Diseases Agency,National Centre for Infectious Diseases,0,1
Communicable Diseases Agency--National Centre for Infectious Diseases#tb,Communicable Diseases Agency--National Centre for Infectious Diseases,tb,2,National Centre for Infectious Diseases,National Centre for Infectious Diseases,0.63178,0.485666,1,Communicable Diseases Agency,National Centre for Infectious Diseases,0,1
Communicable Diseases Agency--Tan Tock Seng Hospital#tb,Communicable Diseases Agency--Tan Tock Seng Hospital,tb,1,Communicable Diseases Agency,Communicable Diseases Agency,0.485721,0.581763,1,Communicable Diseases Agency,Tan Tock Seng Hospital,0,1
Communicable Diseases Agency--Tan Tock Seng Hospital#tb,Communicable Diseases Agency--Tan Tock Seng Hospital,tb,2,Tan Tock Seng Hospital,Tan Tock Seng Hospital,0.54699,0.379399,1,Communicable Diseases Agency,Tan Tock Seng Hospital,0,1
KK Women's and Children's Hospital--Nanyang Technological University#vector_borne,KK Women's and Children's Hospital--Nanyang Technological University,vector_borne,1,KK Women's and Children's Hospital,KK Women's and Children's Hospital,0.460123,0.505295,1,KK Women's and Children's Hospital,Nanyang Technological University,0,1
KK Women's and Children's Hospital--Nanyang Technological University#vector_borne,KK Women's and Children's Hospital--Nanyang Technological University,vector_borne,2,Nanyang Technological University,Nanyang Technological University,0.664988,0.515565,1,KK Women's and Children's Hospital,Nanyang Technological University,0,1
KK Women's and Children's Hospital--National University of Singapore#vector_borne,KK Women's and Children's Hospital--National University of Singapore,vector_borne,1,KK Women's and Children's Hospital,KK Women's and Children's Hospital,0.460123,0.505295,1,KK Women's and Children's Hospital,National University of Singapore,0,1
KK Women's and Children's Hospital--National University of Singapore#vector_borne,KK Women's and Children's Hospital--National University of Singapore,vector_borne,2,National University of Singapore,National University of Singapore,0.59751,0.507684,1,KK Women's and Children's Hospital,National University of Singapore,0,1
"Agency for Science, Technology and Research--University of Oxford#rti","Agency for Science, Technology and Research--University of Oxford",rti,1,"Agency for Science, Technology and Research","Agency for Science, Technology and Research",0.770378,0.467146,1,"Agency for Science, Technology and Research",University of Oxford,1,1
"Agency for Science, Technology and Research--University of Oxford#rti","Agency for Science, Technology and Research--University of Oxford",rti,2,University of Oxford,University of Oxford,0.658401,0.434596,1,"Agency for Science, Technology and Research",University of Oxford,1,1
Nanyang Technological University--University of Malaya#vector_borne,Nanyang Technological University--University of Malaya,vector_borne,1,Nanyang Technological University,Nanyang Technological University,0.664988,0.515565,1,Nanyang Technological University,University of Malaya,1,1
Nanyang Technological University--University of Malaya#vector_borne,Nanyang Technological University--University of Malaya,vector_borne,2,University of Malaya,University of Malaya,0.573788,0.583368,1,Nanyang Technological University,University of Malaya,1,1
Duke-NUS Medical School--National Cancer Centre Singapore#sti,Duke-NUS Medical School--National Cancer Centre Singapore,sti,1,Duke-NUS Medical School,Duke-NUS Medical School,0.465633,0.441401,1,Duke-NUS Medical School,National Cancer Centre Singapore,0,1
Duke-NUS Medical School--National Cancer Centre Singapore#sti,Duke-NUS Medical School--National Cancer Centre Singapore,sti,2,National Cancer Centre Singapore,National Cancer Centre Singapore,0.481842,0.196834,1,Duke-NUS Medical School,National Cancer Centre Singapore,0,1
Duke-NUS Medical School--National Skin Centre#sti,Duke-NUS Medical School--National Skin Centre,sti,1,Duke-NUS Medical School,Duke-NUS Medical School,0.465633,0.441401,1,Duke-NUS Medical School,National Skin Centre,0,1
Duke-NUS Medical School--National Skin Centre#sti,Duke-NUS Medical School--National Skin Centre,sti,2,National Skin Centre,National Skin Centre,0.569459,0.179669,1,Duke-NUS Medical School,National Skin Centre,0,1
Duke-NUS Medical School--National University Hospital#sti,Duke-NUS Medical School--National University Hospital,sti,1,Duke-NUS Medical School,Duke-NUS Medical School,0.465633,0.441401,1,Duke-NUS Medical School,National University Hospital,0,1
Duke-NUS Medical School--National University Hospital#sti,Duke-NUS Medical School--National University Hospital,sti,2,National University Hospital,National University Hospital,0.51926,0.342069,1,Duke-NUS Medical School,National University Hospital,0,1
Duke-NUS Medical School--Singapore General Hospital#sti,Duke-NUS Medical School--Singapore General Hospital,sti,1,Duke-NUS Medical School,Duke-NUS Medical School,0.465633,0.441401,1,Duke-NUS Medical School,Singapore General Hospital,0,1
Duke-NUS Medical School--Singapore General Hospital#sti,Duke-NUS Medical School--Singapore General Hospital,sti,2,Singapore General Hospital,Singapore General Hospital,0.475209,0.374832,1,Duke-NUS Medical School,Singapore General Hospital,0,1
National Cancer Centre Singapore--National Skin Centre#sti,National Cancer Centre Singapore--National Skin Centre,sti,1,National Cancer Centre Singapore,National Cancer Centre Singapore,0.481842,0.196834,1,National Cancer Centre Singapore,National Skin Centre,0,1
National Cancer Centre Singapore--National Skin Centre#sti,National Cancer Centre Singapore--National Skin Centre,sti,2,National Skin Centre,National Skin Centre,0.569459,0.179669,1,National Cancer Centre Singapore,National Skin Centre,0,1
National Cancer Centre Singapore--National University Hospital#sti,National Cancer Centre Singapore--National University Hospital,sti,1,National Cancer Centre Singapore,National Cancer Centre Singapore,0.481842,0.196834,1,National Cancer Centre Singapore,National University Hospital,0,1
National Cancer Centre Singapore--National University Hospital#sti,National Cancer Centre Singapore--National University Hospital,sti,2,National University Hospital,National University Hospital,0.51926,0.342069,1,National Cancer Centre Singapore,National University Hospital,0,1
National Cancer Centre Singapore--Singapore General Hospital#sti,National Cancer Centre Singapore--Singapore General Hospital,sti,1,National Cancer Centre Singapore,National Cancer Centre Singapore,0.481842,0.196834,1,National Cancer Centre Singapore,Singapore General Hospital,0,1
National Cancer Centre Singapore--Singapore General Hospital#sti,National Cancer Centre Singapore--Singapore General Hospital,sti,2,Singapore General Hospital,Singapore General Hospital,0.475209,0.374832,1,National Cancer Centre Singapore,Singapore General Hospital,0,1
National Skin Centre--National University Hospital#sti,National Skin Centre--National University Hospital,sti,1,National Skin Centre,National Skin Centre,0.569459,0.179669,1,National Skin Centre,National University Hospital,0,1
National Skin Centre--National University Hospital#sti,National Skin Centre--National University Hospital,sti,2,National University Hospital,National University Hospital,0.51926,0.342069,1,National Skin Centre,National University Hospital,0,1
Johns Hopkins University--London School of Hygiene & Tropical Medicine#rti,Johns Hopkins University--London School of Hygiene & Tropical Medicine,rti,1,Johns Hopkins University,Johns Hopkins University,0.616645,0.578135,1,Johns Hopkins University,London School of Hygiene & Tropical Medicine,1,0
Johns Hopkins University--London School of Hygiene & Tropical Medicine#rti,Johns Hopkins University--London School of Hygiene & Tropical Medicine,rti,2,London School of Hygiene & Tropical Medicine,London School of Hygiene & Tropical Medicine,0.690267,0.57095,1,Johns Hopkins University,London School of Hygiene & Tropical Medicine,1,0
Johns Hopkins University--Mahidol University#rti,Johns Hopkins University--Mahidol University,rti,1,Johns Hopkins University,Johns Hopkins University,0.616645,0.578135,1,Johns Hopkins University,Mahidol University,1,0
Johns Hopkins University--Mahidol University#rti,Johns Hopkins University--Mahidol University,rti,2,Mahidol University,Mahidol University,0.601502,0.392831,1,Johns Hopkins University,Mahidol University,1,0
Johns Hopkins University--National University of Singapore#rti,Johns Hopkins University--National University of Singapore,rti,1,Johns Hopkins University,Johns Hopkins University,0.616645,0.578135,1,Johns Hopkins University,National University of Singapore,1,1
Johns Hopkins University--National University of Singapore#rti,Johns Hopkins University--National University of Singapore,rti,2,National University of Singapore,National University of Singapore,0.59751,0.507684,1,Johns Hopkins University,National University of Singapore,1,1
Johns Hopkins University--Oxford University Clinical Research Unit#rti,Johns Hopkins University--Oxford University Clinical Research Unit,rti,1,Johns Hopkins University,Johns Hopkins University,0.616645,0.578135,1,Johns Hopkins University,Oxford University Clinical Research Unit,1,0
Johns Hopkins University--Oxford University Clinical Research Unit#rti,Johns Hopkins University--Oxford University Clinical Research Unit,rti,2,Oxford University Clinical Research Unit,Oxford University Clinical Research Unit,0.703504,0.365802,1,Johns Hopkins University,Oxford University Clinical Research Unit,1,0
Johns Hopkins University--University of Cambridge#rti,Johns Hopkins University--University of Cambridge,rti,1,Johns Hopkins University,Johns Hopkins University,0.616645,0.578135,1,Johns Hopkins University,University of Cambridge,1,0
Johns Hopkins University--University of Cambridge#rti,Johns Hopkins University--University of Cambridge,rti,2,University of Cambridge,University of Cambridge,0.795279,0.581232,1,Johns Hopkins University,University of Cambridge,1,0
Johns Hopkins University--University of Hong Kong#rti,Johns Hopkins University--University of Hong Kong,rti,1,Johns Hopkins University,Johns Hopkins University,0.616645,0.578135,1,Johns Hopkins University,University of Hong Kong,1,0
Johns Hopkins University--University of Hong Kong#rti,Johns Hopkins University--University of Hong Kong,rti,2,University of Hong Kong,University of Hong Kong,0.711454,0.426862,1,Johns Hopkins University,University of Hong Kong,1,0
Johns Hopkins University--University of Melbourne#rti,Johns Hopkins University--University of Melbourne,rti,1,Johns Hopkins University,Johns Hopkins University,0.616645,0.578135,1,Johns Hopkins University,University of Melbourne,1,0
Johns Hopkins University--University of Melbourne#rti,Johns Hopkins University--University of Melbourne,rti,2,University of Melbourne,University of Melbourne,0.717864,0.499267,1,Johns Hopkins University,University of Melbourne,1,0
Johns Hopkins University--University of Oxford#rti,Johns Hopkins University--University of Oxford,rti,1,Johns Hopkins University,Johns Hopkins University,0.616645,0.578135,1,Johns Hopkins University,University of Oxford,1,0
Johns Hopkins University--University of Oxford#rti,Johns Hopkins University--University of Oxford,rti,2,University of Oxford,University of Oxford,0.658401,0.434596,1,Johns Hopkins University,University of Oxford,1,0
London School of Hygiene & Tropical Medicine--Mahidol University#rti,London School of Hygiene & Tropical Medicine--Mahidol University,rti,1,London School of Hygiene & Tropical Medicine,London School of Hygiene & Tropical Medicine,0.690267,0.57095,1,London School of Hygiene & Tropical Medicine,Mahidol University,1,0
London School of Hygiene & Tropical Medicine--Mahidol University#rti,London School of Hygiene & Tropical Medicine--Mahidol University,rti,2,Mahidol University,Mahidol University,0.601502,0.392831,1,London School of Hygiene & Tropical Medicine,Mahidol University,1,0
London School of Hygiene & Tropical Medicine--Oxford University Clinical Research Unit#rti,London School of Hygiene & Tropical Medicine--Oxford University Clinical Research Unit,rti,1,London School of Hygiene & Tropical Medicine,London School of Hygiene & Tropical Medicine,0.690267,0.57095,1,London School of Hygiene & Tropical Medicine,Oxford University Clinical Research Unit,1,0
London School of Hygiene & Tropical Medicine--Oxford University Clinical Research Unit#rti,London School of Hygiene & Tropical Medicine--Oxford University Clinical Research Unit,rti,2,Oxford University Clinical Research Unit,Oxford University Clinical Research Unit,0.703504,0.365802,1,London School of Hygiene & Tropical Medicine,Oxford University Clinical Research Unit,1,0
London School of Hygiene & Tropical Medicine--University of Cambridge#rti,London School of Hygiene & Tropical Medicine--University of Cambridge,rti,1,London School of Hygiene & Tropical Medicine,London School of Hygiene & Tropical Medicine,0.690267,0.57095,1,London School of Hygiene & Tropical Medicine,University of Cambridge,0,0
London School of Hygiene & Tropical Medicine--University of Cambridge#rti,London School of Hygiene & Tropical Medicine--University of Cambridge,rti,2,University of Cambridge,University of Cambridge,0.795279,0.581232,1,London School of Hygiene & Tropical Medicine,University of Cambridge,0,0
London School of Hygiene & Tropical Medicine--University of Hong Kong#rti,London School of Hygiene & Tropical Medicine--University of Hong Kong,rti,1,London School of Hygiene & Tropical Medicine,London School of Hygiene & Tropical Medicine,0.690267,0.57095,1,London School of Hygiene & Tropical Medicine,University of Hong Kong,1,0
London School of Hygiene & Tropical Medicine--University of Hong Kong#rti,London School of Hygiene & Tropical Medicine--University of Hong Kong,rti,2,University of Hong Kong,University of Hong Kong,0.711454,0.426862,1,London School of Hygiene & Tropical Medicine,University of Hong Kong,1,0
London School of Hygiene & Tropical Medicine--University of Melbourne#rti,London School of Hygiene & Tropical Medicine--University of Melbourne,rti,1,London School of Hygiene & Tropical Medicine,London School of Hygiene & Tropical Medicine,0.690267,0.57095,1,London School of Hygiene & Tropical Medicine,University of Melbourne,1,0
London School of Hygiene & Tropical Medicine--University of Melbourne#rti,London School of Hygiene & Tropical Medicine--University of Melbourne,rti,2,University of Melbourne,University of Melbourne,0.717864,0.499267,1,London School of Hygiene & Tropical Medicine,University of Melbourne,1,0
London School of Hygiene & Tropical Medicine--University of Oxford#rti,London School of Hygiene & Tropical Medicine--University of Oxford,rti,1,London School of Hygiene & Tropical Medicine,London School of Hygiene & Tropical Medicine,0.690267,0.57095,1,London School of Hygiene & Tropical Medicine,University of Oxford,0,0
London School of Hygiene & Tropical Medicine--University of Oxford#rti,London School of Hygiene & Tropical Medicine--University of Oxford,rti,2,University of Oxford,University of Oxford,0.658401,0.434596,1,London School of Hygiene & Tropical Medicine,University of Oxford,0,0
Mahidol University--National University of Singapore#rti,Mahidol University--National University of Singapore,rti,1,Mahidol University,Mahidol University,0.601502,0.392831,1,Mahidol University,National University of Singapore,1,1
Mahidol University--National University of Singapore#rti,Mahidol University--National University of Singapore,rti,2,National University of Singapore,National University of Singapore,0.59751,0.507684,1,Mahidol University,National University of Singapore,1,1
Mahidol University--Oxford University Clinical Research Unit#rti,Mahidol University--Oxford University Clinical Research Unit,rti,1,Mahidol University,Mahidol University,0.601502,0.392831,1,Mahidol University,Oxford University Clinical Research Unit,1,0
Mahidol University--Oxford University Clinical Research Unit#rti,Mahidol University--Oxford University Clinical Research Unit,rti,2,Oxford University Clinical Research Unit,Oxford University Clinical Research Unit,0.703504,0.365802,1,Mahidol University,Oxford University Clinical Research Unit,1,0
Mahidol University--University of Cambridge#rti,Mahidol University--University of Cambridge,rti,1,Mahidol University,Mahidol University,0.601502,0.392831,1,Mahidol University,University of Cambridge,1,0
Mahidol University--University of Cambridge#rti,Mahidol University--University of Cambridge,rti,2,University of Cambridge,University of Cambridge,0.795279,0.581232,1,Mahidol University,University of Cambridge,1,0
Mahidol University--University of Hong Kong#rti,Mahidol University--University of Hong Kong,rti,1,Mahidol University,Mahidol University,0.601502,0.392831,1,Mahidol University,University of Hong Kong,1,0
Mahidol University--University of Hong Kong#rti,Mahidol University--University of Hong Kong,rti,2,University of Hong Kong,University of Hong Kong,0.711454,0.426862,1,Mahidol University,University of Hong Kong,1,0
Mahidol University--University of Melbourne#rti,Mahidol University--University of Melbourne,rti,1,Mahidol University,Mahidol University,0.601502,0.392831,1,Mahidol University,University of Melbourne,1,0
Mahidol University--University of Melbourne#rti,Mahidol University--University of Melbourne,rti,2,University of Melbourne,University of Melbourne,0.717864,0.499267,1,Mahidol University,University of Melbourne,1,0
Mahidol University--University of Oxford#rti,Mahidol University--University of Oxford,rti,1,Mahidol University,Mahidol University,0.601502,0.392831,1,Mahidol University,University of Oxford,1,0
Mahidol University--University of Oxford#rti,Mahidol University--University of Oxford,rti,2,University of Oxford,University of Oxford,0.658401,0.434596,1,Mahidol University,University of Oxford,1,0
National University of Singapore--Oxford University Clinical Research Unit#rti,National University of Singapore--Oxford University Clinical Research Unit,rti,1,National University of Singapore,National University of Singapore,0.59751,0.507684,1,National University of Singapore,Oxford University Clinical Research Unit,1,1
National University of Singapore--Oxford University Clinical Research Unit#rti,National University of Singapore--Oxford University Clinical Research Unit,rti,2,Oxford University Clinical Research Unit,Oxford University Clinical Research Unit,0.703504,0.365802,1,National University of Singapore,Oxford University Clinical Research Unit,1,1
National University of Singapore--University of Cambridge#rti,National University of Singapore--University of Cambridge,rti,1,National University of Singapore,National University of Singapore,0.59751,0.507684,1,National University of Singapore,University of Cambridge,1,1
National University of Singapore--University of Cambridge#rti,National University of Singapore--University of Cambridge,rti,2,University of Cambridge,University of Cambridge,0.795279,0.581232,1,National University of Singapore,University of Cambridge,1,1
National University of Singapore--University of Hong Kong#rti,National University of Singapore--University of Hong Kong,rti,1,National University of Singapore,National University of Singapore,0.59751,0.507684,1,National University of Singapore,University of Hong Kong,1,1
National University of Singapore--University of Hong Kong#rti,National University of Singapore--University of Hong Kong,rti,2,University of Hong Kong,University of Hong Kong,0.711454,0.426862,1,National University of Singapore,University of Hong Kong,1,1
National University of Singapore--University of Melbourne#rti,National University of Singapore--University of Melbourne,rti,1,National University of Singapore,National University of Singapore,0.59751,0.507684,1,National University of Singapore,University of Melbourne,1,1
National University of Singapore--University of Melbourne#rti,National University of Singapore--University of Melbourne,rti,2,University of Melbourne,University of Melbourne,0.717864,0.499267,1,National University of Singapore,University of Melbourne,1,1
National University of Singapore--University of Oxford#rti,National University of Singapore--University of Oxford,rti,1,National University of Singapore,National University of Singapore,0.59751,0.507684,1,National University of Singapore,University of Oxford,1,1
National University of Singapore--University of Oxford#rti,National University of Singapore--University of Oxford,rti,2,University of Oxford,University of Oxford,0.658401,0.434596,1,National University of Singapore,University of Oxford,1,1
Oxford University Clinical Research Unit--University of Cambridge#rti,Oxford University Clinical Research Unit--University of Cambridge,rti,1,Oxford University Clinical Research Unit,Oxford University Clinical Research Unit,0.703504,0.365802,1,Oxford University Clinical Research Unit,University of Cambridge,1,0
Oxford University Clinical Research Unit--University of Cambridge#rti,Oxford University Clinical Research Unit--University of Cambridge,rti,2,University of Cambridge,University of Cambridge,0.795279,0.581232,1,Oxford University Clinical Research Unit,University of Cambridge,1,0
Oxford University Clinical Research Unit--University of Hong Kong#rti,Oxford University Clinical Research Unit--University of Hong Kong,rti,1,Oxford University Clinical Research Unit,Oxford University Clinical Research Unit,0.703504,0.365802,1,Oxford University Clinical Research Unit,University of Hong Kong,1,0
Oxford University Clinical Research Unit--University of Hong Kong#rti,Oxford University Clinical Research Unit--University of Hong Kong,rti,2,University of Hong Kong,University of Hong Kong,0.711454,0.426862,1,Oxford University Clinical Research Unit,University of Hong Kong,1,0
Oxford University Clinical Research Unit--University of Melbourne#rti,Oxford University Clinical Research Unit--University of Melbourne,rti,1,Oxford University Clinical Research Unit,Oxford University Clinical Research Unit,0.703504,0.365802,1,Oxford University Clinical Research Unit,University of Melbourne,1,0
Oxford University Clinical Research Unit--University of Melbourne#rti,Oxford University Clinical Research Unit--University of Melbourne,rti,2,University of Melbourne,University of Melbourne,0.717864,0.499267,1,Oxford University Clinical Research Unit,University of Melbourne,1,0
Oxford University Clinical Research Unit--University of Oxford#rti,Oxford University Clinical Research Unit--University of Oxford,rti,1,Oxford University Clinical Research Unit,Oxford University Clinical Research Unit,0.703504,0.365802,1,Oxford University Clinical Research Unit,University of Oxford,1,0
Oxford University Clinical Research Unit--University of Oxford#rti,Oxford University Clinical Research Unit--University of Oxford,rti,2,University of Oxford,University of Oxford,0.658401,0.434596,1,Oxford University Clinical Research Unit,University of Oxford,1,0
University of Cambridge--University of Hong Kong#rti,University of Cambridge--University of Hong Kong,rti,1,University of Cambridge,University of Cambridge,0.795279,0.581232,1,University of Cambridge,University of Hong Kong,1,0
University of Cambridge--University of Hong Kong#rti,University of Cambridge--University of Hong Kong,rti,2,University of Hong Kong,University of Hong Kong,0.711454,0.426862,1,University of Cambridge,University of Hong Kong,1,0
University of Cambridge--University of Melbourne#rti,University of Cambridge--University of Melbourne,rti,1,University of Cambridge,University of Cambridge,0.795279,0.581232,1,University of Cambridge,University of Melbourne,1,0
University of Cambridge--University of Melbourne#rti,University of Cambridge--University of Melbourne,rti,2,University of Melbourne,University of Melbourne,0.717864,0.499267,1,University of Cambridge,University of Melbourne,1,0
University of Cambridge--University of Oxford#rti,University of Cambridge--University of Oxford,rti,1,University of Cambridge,University of Cambridge,0.795279,0.581232,1,University of Cambridge,University of Oxford,0,0
University of Cambridge--University of Oxford#rti,University of Cambridge--University of Oxford,rti,2,University of Oxford,University of Oxford,0.658401,0.434596,1,University of Cambridge,University of Oxford,0,0
University of Hong Kong--University of Melbourne#rti,University of Hong Kong--University of Melbourne,rti,1,University of Hong Kong,University of Hong Kong,0.711454,0.426862,1,University of Hong Kong,University of Melbourne,1,0
University of Hong Kong--University of Melbourne#rti,University of Hong Kong--University of Melbourne,rti,2,University of Melbourne,University of Melbourne,0.717864,0.499267,1,University of Hong Kong,University of Melbourne,1,0
University of Hong Kong--University of Oxford#rti,University of Hong Kong--University of Oxford,rti,1,University of Hong Kong,University of Hong Kong,0.711454,0.426862,1,University of Hong Kong,University of Oxford,1,0
University of Hong Kong--University of Oxford#rti,University of Hong Kong--University of Oxford,rti,2,University of Oxford,University of Oxford,0.658401,0.434596,1,University of Hong Kong,University of Oxford,1,0
University of Melbourne--University of Oxford#rti,University of Melbourne--University of Oxford,rti,1,University of Melbourne,University of Melbourne,0.717864,0.499267,1,University of Melbourne,University of Oxford,1,0
University of Melbourne--University of Oxford#rti,University of Melbourne--University of Oxford,rti,2,University of Oxford,University of Oxford,0.658401,0.434596,1,University of Melbourne,University of Oxford,1,0
Mahidol University--Singapore Food Agency#amr_hai,Mahidol University--Singapore Food Agency,amr_hai,1,Mahidol University,Mahidol University,0.601502,0.392831,1,Mahidol University,Singapore Food Agency,1,1
Mahidol University--Singapore Food Agency#amr_hai,Mahidol University--Singapore Food Agency,amr_hai,2,Singapore Food Agency,Singapore Food Agency,0.37064,0.381025,1,Mahidol University,Singapore Food Agency,1,1
Mahidol University--Tan Tock Seng Hospital#amr_hai,Mahidol University--Tan Tock Seng Hospital,amr_hai,1,Mahidol University,Mahidol University,0.601502,0.392831,1,Mahidol University,Tan Tock Seng Hospital,1,1
Mahidol University--Tan Tock Seng Hospital#amr_hai,Mahidol University--Tan Tock Seng Hospital,amr_hai,2,Tan Tock Seng Hospital,Tan Tock Seng Hospital,0.54699,0.379399,1,Mahidol University,Tan Tock Seng Hospital,1,1
Singapore Food Agency--Tan Tock Seng Hospital#amr_hai,Singapore Food Agency--Tan Tock Seng Hospital,amr_hai,1,Singapore Food Agency,Singapore Food Agency,0.37064,0.381025,1,Singapore Food Agency,Tan Tock Seng Hospital,0,1
Singapore Food Agency--Tan Tock Seng Hospital#amr_hai,Singapore Food Agency--Tan Tock Seng Hospital,amr_hai,2,Tan Tock Seng Hospital,Tan Tock Seng Hospital,0.54699,0.379399,1,Singapore Food Agency,Tan Tock Seng Hospital,0,1
London School of Hygiene & Tropical Medicine--Singapore Immunology Network#vector_borne,London School of Hygiene & Tropical Medicine--Singapore Immunology Network,vector_borne,1,London School of Hygiene & Tropical Medicine,London School of Hygiene & Tropical Medicine,0.690267,0.57095,1,London School of Hygiene & Tropical Medicine,Singapore Immunology Network,1,1
London School of Hygiene & Tropical Medicine--Singapore Immunology Network#vector_borne,London School of Hygiene & Tropical Medicine--Singapore Immunology Network,vector_borne,2,Singapore Immunology Network,Singapore Immunology Network,0.726572,0.281452,1,London School of Hygiene & Tropical Medicine,Singapore Immunology Network,1,1
"A*STAR Infectious Diseases Labs--Agency for Science, Technology and Research#tb","A*STAR Infectious Diseases Labs--Agency for Science, Technology and Research",tb,1,A*STAR Infectious Diseases Labs,A*STAR Infectious Diseases Labs,0.805549,0.407654,1,A*STAR Infectious Diseases Labs,"Agency for Science, Technology and Research",0,1
"A*STAR Infectious Diseases Labs--Agency for Science, Technology and Research#tb","A*STAR Infectious Diseases Labs--Agency for Science, Technology and Research",tb,2,"Agency for Science, Technology and Research","Agency for Science, Technology and Research",0.770378,0.467146,1,A*STAR Infectious Diseases Labs,"Agency for Science, Technology and Research",0,1
A*STAR Infectious Diseases Labs--Genome Institute of Singapore#tb,A*STAR Infectious Diseases Labs--Genome Institute of Singapore,tb,1,A*STAR Infectious Diseases Labs,A*STAR Infectious Diseases Labs,0.805549,0.407654,1,A*STAR Infectious Diseases Labs,Genome Institute of Singapore,0,1
A*STAR Infectious Diseases Labs--Genome Institute of Singapore#tb,A*STAR Infectious Diseases Labs--Genome Institute of Singapore,tb,2,Genome Institute of Singapore,Genome Institute of Singapore,0.775324,0.298298,1,A*STAR Infectious Diseases Labs,Genome Institute of Singapore,0,1
A*STAR Infectious Diseases Labs--National University Health System#tb,A*STAR Infectious Diseases Labs--National University Health System,tb,1,A*STAR Infectious Diseases Labs,A*STAR Infectious Diseases Labs,0.805549,0.407654,1,A*STAR Infectious Diseases Labs,National University Health System,0,1
A*STAR Infectious Diseases Labs--National University Health System#tb,A*STAR Infectious Diseases Labs--National University Health System,tb,2,National University Health System,National University Health System,0.554169,0.437829,1,A*STAR Infectious Diseases Labs,National University Health System,0,1
A*STAR Infectious Diseases Labs--Oxford University Clinical Research Unit#tb,A*STAR Infectious Diseases Labs--Oxford University Clinical Research Unit,tb,1,A*STAR Infectious Diseases Labs,A*STAR Infectious Diseases Labs,0.805549,0.407654,1,A*STAR Infectious Diseases Labs,Oxford University Clinical Research Unit,1,1
A*STAR Infectious Diseases Labs--Oxford University Clinical Research Unit#tb,A*STAR Infectious Diseases Labs--Oxford University Clinical Research Unit,tb,2,Oxford University Clinical Research Unit,Oxford University Clinical Research Unit,0.703504,0.365802,1,A*STAR Infectious Diseases Labs,Oxford University Clinical Research Unit,1,1
A*STAR Infectious Diseases Labs--Singapore Immunology Network#tb,A*STAR Infectious Diseases Labs--Singapore Immunology Network,tb,1,A*STAR Infectious Diseases Labs,A*STAR Infectious Diseases Labs,0.805549,0.407654,1,A*STAR Infectious Diseases Labs,Singapore Immunology Network,0,1
A*STAR Infectious Diseases Labs--Singapore Immunology Network#tb,A*STAR Infectious Diseases Labs--Singapore Immunology Network,tb,2,Singapore Immunology Network,Singapore Immunology Network,0.726572,0.281452,1,A*STAR Infectious Diseases Labs,Singapore Immunology Network,0,1
A*STAR Infectious Diseases Labs--Tan Tock Seng Hospital#tb,A*STAR Infectious Diseases Labs--Tan Tock Seng Hospital,tb,1,A*STAR Infectious Diseases Labs,A*STAR Infectious Diseases Labs,0.805549,0.407654,1,A*STAR Infectious Diseases Labs,Tan Tock Seng Hospital,0,1
A*STAR Infectious Diseases Labs--Tan Tock Seng Hospital#tb,A*STAR Infectious Diseases Labs--Tan Tock Seng Hospital,tb,2,Tan Tock Seng Hospital,Tan Tock Seng Hospital,0.54699,0.379399,1,A*STAR Infectious Diseases Labs,Tan Tock Seng Hospital,0,1
A*STAR Infectious Diseases Labs--University of Melbourne#tb,A*STAR Infectious Diseases Labs--University of Melbourne,tb,1,A*STAR Infectious Diseases Labs,A*STAR Infectious Diseases Labs,0.805549,0.407654,1,A*STAR Infectious Diseases Labs,University of Melbourne,1,1
A*STAR Infectious Diseases Labs--University of Melbourne#tb,A*STAR Infectious Diseases Labs--University of Melbourne,tb,2,University of Melbourne,University of Melbourne,0.717864,0.499267,1,A*STAR Infectious Diseases Labs,University of Melbourne,1,1
"Agency for Science, Technology and Research--Genome Institute of Singapore#tb","Agency for Science, Technology and Research--Genome Institute of Singapore",tb,1,"Agency for Science, Technology and Research","Agency for Science, Technology and Research",0.770378,0.467146,1,"Agency for Science, Technology and Research",Genome Institute of Singapore,0,1
"Agency for Science, Technology and Research--Genome Institute of Singapore#tb","Agency for Science, Technology and Research--Genome Institute of Singapore",tb,2,Genome Institute of Singapore,Genome Institute of Singapore,0.775324,0.298298,1,"Agency for Science, Technology and Research",Genome Institute of Singapore,0,1
"Agency for Science, Technology and Research--Nanyang Technological University#tb","Agency for Science, Technology and Research--Nanyang Technological University",tb,1,"Agency for Science, Technology and Research","Agency for Science, Technology and Research",0.770378,0.467146,1,"Agency for Science, Technology and Research",Nanyang Technological University,0,1
"Agency for Science, Technology and Research--Nanyang Technological University#tb","Agency for Science, Technology and Research--Nanyang Technological University",tb,2,Nanyang Technological University,Nanyang Technological University,0.664988,0.515565,1,"Agency for Science, Technology and Research",Nanyang Technological University,0,1
"Agency for Science, Technology and Research--National University Health System#tb","Agency for Science, Technology and Research--National University Health System",tb,1,"Agency for Science, Technology and Research","Agency for Science, Technology and Research",0.770378,0.467146,1,"Agency for Science, Technology and Research",National University Health System,0,1
"Agency for Science, Technology and Research--National University Health System#tb","Agency for Science, Technology and Research--National University Health System",tb,2,National University Health System,National University Health System,0.554169,0.437829,1,"Agency for Science, Technology and Research",National University Health System,0,1
"Agency for Science, Technology and Research--National University of Singapore#tb","Agency for Science, Technology and Research--National University of Singapore",tb,1,"Agency for Science, Technology and Research","Agency for Science, Technology and Research",0.770378,0.467146,1,"Agency for Science, Technology and Research",National University of Singapore,0,1
"Agency for Science, Technology and Research--National University of Singapore#tb","Agency for Science, Technology and Research--National University of Singapore",tb,2,National University of Singapore,National University of Singapore,0.59751,0.507684,1,"Agency for Science, Technology and Research",National University of Singapore,0,1
"Agency for Science, Technology and Research--Oxford University Clinical Research Unit#tb","Agency for Science, Technology and Research--Oxford University Clinical Research Unit",tb,1,"Agency for Science, Technology and Research","Agency for Science, Technology and Research",0.770378,0.467146,1,"Agency for Science, Technology and Research",Oxford University Clinical Research Unit,1,1
"Agency for Science, Technology and Research--Oxford University Clinical Research Unit#tb","Agency for Science, Technology and Research--Oxford University Clinical Research Unit",tb,2,Oxford University Clinical Research Unit,Oxford University Clinical Research Unit,0.703504,0.365802,1,"Agency for Science, Technology and Research",Oxford University Clinical Research Unit,1,1
"Agency for Science, Technology and Research--Singapore Immunology Network#tb","Agency for Science, Technology and Research--Singapore Immunology Network",tb,1,"Agency for Science, Technology and Research","Agency for Science, Technology and Research",0.770378,0.467146,1,"Agency for Science, Technology and Research",Singapore Immunology Network,0,1
"Agency for Science, Technology and Research--Singapore Immunology Network#tb","Agency for Science, Technology and Research--Singapore Immunology Network",tb,2,Singapore Immunology Network,Singapore Immunology Network,0.726572,0.281452,1,"Agency for Science, Technology and Research",Singapore Immunology Network,0,1
"Agency for Science, Technology and Research--Tan Tock Seng Hospital#tb","Agency for Science, Technology and Research--Tan Tock Seng Hospital",tb,1,"Agency for Science, Technology and Research","Agency for Science, Technology and Research",0.770378,0.467146,1,"Agency for Science, Technology and Research",Tan Tock Seng Hospital,0,1
"Agency for Science, Technology and Research--Tan Tock Seng Hospital#tb","Agency for Science, Technology and Research--Tan Tock Seng Hospital",tb,2,Tan Tock Seng Hospital,Tan Tock Seng Hospital,0.54699,0.379399,1,"Agency for Science, Technology and Research",Tan Tock Seng Hospital,0,1
"Agency for Science, Technology and Research--University of Melbourne#tb","Agency for Science, Technology and Research--University of Melbourne",tb,1,"Agency for Science, Technology and Research","Agency for Science, Technology and Research",0.770378,0.467146,1,"Agency for Science, Technology and Research",University of Melbourne,1,1
"Agency for Science, Technology and Research--University of Melbourne#tb","Agency for Science, Technology and Research--University of Melbourne",tb,2,University of Melbourne,University of Melbourne,0.717864,0.499267,1,"Agency for Science, Technology and Research",University of Melbourne,1,1
Genome Institute of Singapore--Nanyang Technological University#tb,Genome Institute of Singapore--Nanyang Technological University,tb,1,Genome Institute of Singapore,Genome Institute of Singapore,0.775324,0.298298,1,Genome Institute of Singapore,Nanyang Technological University,0,1
Genome Institute of Singapore--Nanyang Technological University#tb,Genome Institute of Singapore--Nanyang Technological University,tb,2,Nanyang Technological University,Nanyang Technological University,0.664988,0.515565,1,Genome Institute of Singapore,Nanyang Technological University,0,1
Genome Institute of Singapore--National University Health System#tb,Genome Institute of Singapore--National University Health System,tb,1,Genome Institute of Singapore,Genome Institute of Singapore,0.775324,0.298298,1,Genome Institute of Singapore,National University Health System,0,1
Genome Institute of Singapore--National University Health System#tb,Genome Institute of Singapore--National University Health System,tb,2,National University Health System,National University Health System,0.554169,0.437829,1,Genome Institute of Singapore,National University Health System,0,1
Genome Institute of Singapore--National University of Singapore#tb,Genome Institute of Singapore--National University of Singapore,tb,1,Genome Institute of Singapore,Genome Institute of Singapore,0.775324,0.298298,1,Genome Institute of Singapore,National University of Singapore,0,1
Genome Institute of Singapore--National University of Singapore#tb,Genome Institute of Singapore--National University of Singapore,tb,2,National University of Singapore,National University of Singapore,0.59751,0.507684,1,Genome Institute of Singapore,National University of Singapore,0,1
Genome Institute of Singapore--Oxford University Clinical Research Unit#tb,Genome Institute of Singapore--Oxford University Clinical Research Unit,tb,1,Genome Institute of Singapore,Genome Institute of Singapore,0.775324,0.298298,1,Genome Institute of Singapore,Oxford University Clinical Research Unit,1,1
Genome Institute of Singapore--Oxford University Clinical Research Unit#tb,Genome Institute of Singapore--Oxford University Clinical Research Unit,tb,2,Oxford University Clinical Research Unit,Oxford University Clinical Research Unit,0.703504,0.365802,1,Genome Institute of Singapore,Oxford University Clinical Research Unit,1,1
Genome Institute of Singapore--Singapore Immunology Network#tb,Genome Institute of Singapore--Singapore Immunology Network,tb,1,Genome Institute of Singapore,Genome Institute of Singapore,0.775324,0.298298,1,Genome Institute of Singapore,Singapore Immunology Network,0,1
Genome Institute of Singapore--Singapore Immunology Network#tb,Genome Institute of Singapore--Singapore Immunology Network,tb,2,Singapore Immunology Network,Singapore Immunology Network,0.726572,0.281452,1,Genome Institute of Singapore,Singapore Immunology Network,0,1
Genome Institute of Singapore--Tan Tock Seng Hospital#tb,Genome Institute of Singapore--Tan Tock Seng Hospital,tb,1,Genome Institute of Singapore,Genome Institute of Singapore,0.775324,0.298298,1,Genome Institute of Singapore,Tan Tock Seng Hospital,0,1
Genome Institute of Singapore--Tan Tock Seng Hospital#tb,Genome Institute of Singapore--Tan Tock Seng Hospital,tb,2,Tan Tock Seng Hospital,Tan Tock Seng Hospital,0.54699,0.379399,1,Genome Institute of Singapore,Tan Tock Seng Hospital,0,1
Genome Institute of Singapore--University of Melbourne#tb,Genome Institute of Singapore--University of Melbourne,tb,1,Genome Institute of Singapore,Genome Institute of Singapore,0.775324,0.298298,1,Genome Institute of Singapore,University of Melbourne,1,1
Genome Institute of Singapore--University of Melbourne#tb,Genome Institute of Singapore--University of Melbourne,tb,2,University of Melbourne,University of Melbourne,0.717864,0.499267,1,Genome Institute of Singapore,University of Melbourne,1,1
Nanyang Technological University--National University Health System#tb,Nanyang Technological University--National University Health System,tb,1,Nanyang Technological University,Nanyang Technological University,0.664988,0.515565,1,Nanyang Technological University,National University Health System,0,1
Nanyang Technological University--National University Health System#tb,Nanyang Technological University--National University Health System,tb,2,National University Health System,National University Health System,0.554169,0.437829,1,Nanyang Technological University,National University Health System,0,1
Nanyang Technological University--Oxford University Clinical Research Unit#tb,Nanyang Technological University--Oxford University Clinical Research Unit,tb,1,Nanyang Technological University,Nanyang Technological University,0.664988,0.515565,1,Nanyang Technological University,Oxford University Clinical Research Unit,1,1
Nanyang Technological University--Oxford University Clinical Research Unit#tb,Nanyang Technological University--Oxford University Clinical Research Unit,tb,2,Oxford University Clinical Research Unit,Oxford University Clinical Research Unit,0.703504,0.365802,1,Nanyang Technological University,Oxford University Clinical Research Unit,1,1
Nanyang Technological University--Singapore Immunology Network#tb,Nanyang Technological University--Singapore Immunology Network,tb,1,Nanyang Technological University,Nanyang Technological University,0.664988,0.515565,1,Nanyang Technological University,Singapore Immunology Network,0,1
Nanyang Technological University--Singapore Immunology Network#tb,Nanyang Technological University--Singapore Immunology Network,tb,2,Singapore Immunology Network,Singapore Immunology Network,0.726572,0.281452,1,Nanyang Technological University,Singapore Immunology Network,0,1
Nanyang Technological University--University of Melbourne#tb,Nanyang Technological University--University of Melbourne,tb,1,Nanyang Technological University,Nanyang Technological University,0.664988,0.515565,1,Nanyang Technological University,University of Melbourne,1,1
Nanyang Technological University--University of Melbourne#tb,Nanyang Technological University--University of Melbourne,tb,2,University of Melbourne,University of Melbourne,0.717864,0.499267,1,Nanyang Technological University,University of Melbourne,1,1
National University Health System--Singapore Immunology Network#tb,National University Health System--Singapore Immunology Network,tb,1,National University Health System,National University Health System,0.554169,0.437829,1,National University Health System,Singapore Immunology Network,0,1
National University Health System--Singapore Immunology Network#tb,National University Health System--Singapore Immunology Network,tb,2,Singapore Immunology Network,Singapore Immunology Network,0.726572,0.281452,1,National University Health System,Singapore Immunology Network,0,1
National University Health System--Tan Tock Seng Hospital#tb,National University Health System--Tan Tock Seng Hospital,tb,1,National University Health System,National University Health System,0.554169,0.437829,1,National University Health System,Tan Tock Seng Hospital,0,1
National University Health System--Tan Tock Seng Hospital#tb,National University Health System--Tan Tock Seng Hospital,tb,2,Tan Tock Seng Hospital,Tan Tock Seng Hospital,0.54699,0.379399,1,National University Health System,Tan Tock Seng Hospital,0,1
National University of Singapore--Singapore Immunology Network#tb,National University of Singapore--Singapore Immunology Network,tb,1,National University of Singapore,National University of Singapore,0.59751,0.507684,1,National University of Singapore,Singapore Immunology Network,0,1
National University of Singapore--Singapore Immunology Network#tb,National University of Singapore--Singapore Immunology Network,tb,2,Singapore Immunology Network,Singapore Immunology Network,0.726572,0.281452,1,National University of Singapore,Singapore Immunology Network,0,1
Oxford University Clinical Research Unit--Singapore Immunology Network#tb,Oxford University Clinical Research Unit--Singapore Immunology Network,tb,1,Oxford University Clinical Research Unit,Oxford University Clinical Research Unit,0.703504,0.365802,1,Oxford University Clinical Research Unit,Singapore Immunology Network,1,1
Oxford University Clinical Research Unit--Singapore Immunology Network#tb,Oxford University Clinical Research Unit--Singapore Immunology Network,tb,2,Singapore Immunology Network,Singapore Immunology Network,0.726572,0.281452,1,Oxford University Clinical Research Unit,Singapore Immunology Network,1,1
Oxford University Clinical Research Unit--Tan Tock Seng Hospital#tb,Oxford University Clinical Research Unit--Tan Tock Seng Hospital,tb,1,Oxford University Clinical Research Unit,Oxford University Clinical Research Unit,0.703504,0.365802,1,Oxford University Clinical Research Unit,Tan Tock Seng Hospital,1,1
Oxford University Clinical Research Unit--Tan Tock Seng Hospital#tb,Oxford University Clinical Research Unit--Tan Tock Seng Hospital,tb,2,Tan Tock Seng Hospital,Tan Tock Seng Hospital,0.54699,0.379399,1,Oxford University Clinical Research Unit,Tan Tock Seng Hospital,1,1
Singapore Immunology Network--Tan Tock Seng Hospital#tb,Singapore Immunology Network--Tan Tock Seng Hospital,tb,1,Singapore Immunology Network,Singapore Immunology Network,0.726572,0.281452,1,Singapore Immunology Network,Tan Tock Seng Hospital,0,1
Singapore Immunology Network--Tan Tock Seng Hospital#tb,Singapore Immunology Network--Tan Tock Seng Hospital,tb,2,Tan Tock Seng Hospital,Tan Tock Seng Hospital,0.54699,0.379399,1,Singapore Immunology Network,Tan Tock Seng Hospital,0,1
Singapore Immunology Network--University of Melbourne#tb,Singapore Immunology Network--University of Melbourne,tb,1,Singapore Immunology Network,Singapore Immunology Network,0.726572,0.281452,1,Singapore Immunology Network,University of Melbourne,1,1
Singapore Immunology Network--University of Melbourne#tb,Singapore Immunology Network--University of Melbourne,tb,2,University of Melbourne,University of Melbourne,0.717864,0.499267,1,Singapore Immunology Network,University of Melbourne,1,1
Tan Tock Seng Hospital--University of Melbourne#tb,Tan Tock Seng Hospital--University of Melbourne,tb,1,Tan Tock Seng Hospital,Tan Tock Seng Hospital,0.54699,0.379399,1,Tan Tock Seng Hospital,University of Melbourne,1,1
Tan Tock Seng Hospital--University of Melbourne#tb,Tan Tock Seng Hospital--University of Melbourne,tb,2,University of Melbourne,University of Melbourne,0.717864,0.499267,1,Tan Tock Seng Hospital,University of Melbourne,1,1
Mahidol University--Nanyang Technological University#vector_borne,Mahidol University--Nanyang Technological University,vector_borne,1,Mahidol University,Mahidol University,0.601502,0.392831,1,Mahidol University,Nanyang Technological University,1,1
Mahidol University--Nanyang Technological University#vector_borne,Mahidol University--Nanyang Technological University,vector_borne,2,Nanyang Technological University,Nanyang Technological University,0.664988,0.515565,1,Mahidol University,Nanyang Technological University,1,1
Duke-NUS Medical School--Johns Hopkins University#tb,Duke-NUS Medical School--Johns Hopkins University,tb,1,Duke-NUS Medical School,Duke-NUS Medical School,0.465633,0.441401,1,Duke-NUS Medical School,Johns Hopkins University,1,1
Duke-NUS Medical School--Johns Hopkins University#tb,Duke-NUS Medical School--Johns Hopkins University,tb,2,Johns Hopkins University,Johns Hopkins University,0.616645,0.578135,1,Duke-NUS Medical School,Johns Hopkins University,1,1
Johns Hopkins University--Nanyang Technological University#tb,Johns Hopkins University--Nanyang Technological University,tb,1,Johns Hopkins University,Johns Hopkins University,0.616645,0.578135,1,Johns Hopkins University,Nanyang Technological University,1,1
Johns Hopkins University--Nanyang Technological University#tb,Johns Hopkins University--Nanyang Technological University,tb,2,Nanyang Technological University,Nanyang Technological University,0.664988,0.515565,1,Johns Hopkins University,Nanyang Technological University,1,1
Johns Hopkins University--Tan Tock Seng Hospital#tb,Johns Hopkins University--Tan Tock Seng Hospital,tb,1,Johns Hopkins University,Johns Hopkins University,0.616645,0.578135,1,Johns Hopkins University,Tan Tock Seng Hospital,1,1
Johns Hopkins University--Tan Tock Seng Hospital#tb,Johns Hopkins University--Tan Tock Seng Hospital,tb,2,Tan Tock Seng Hospital,Tan Tock Seng Hospital,0.54699,0.379399,1,Johns Hopkins University,Tan Tock Seng Hospital,1,1
Johns Hopkins University--Universitas Indonesia#tb,Johns Hopkins University--Universitas Indonesia,tb,1,Johns Hopkins University,Johns Hopkins University,0.616645,0.578135,1,Johns Hopkins University,Universitas Indonesia,1,0
Johns Hopkins University--Universitas Indonesia#tb,Johns Hopkins University--Universitas Indonesia,tb,2,Universitas Indonesia,Universitas Indonesia,0.62933,0.345326,1,Johns Hopkins University,Universitas Indonesia,1,0
Duke-NUS Medical School--London School of Hygiene & Tropical Medicine#sti,Duke-NUS Medical School--London School of Hygiene & Tropical Medicine,sti,1,Duke-NUS Medical School,Duke-NUS Medical School,0.465633,0.441401,1,Duke-NUS Medical School,London School of Hygiene & Tropical Medicine,1,1
Duke-NUS Medical School--London School of Hygiene & Tropical Medicine#sti,Duke-NUS Medical School--London School of Hygiene & Tropical Medicine,sti,2,London School of Hygiene & Tropical Medicine,London School of Hygiene & Tropical Medicine,0.690267,0.57095,1,Duke-NUS Medical School,London School of Hygiene & Tropical Medicine,1,1
Duke-NUS Medical School--University of Hong Kong#sti,Duke-NUS Medical School--University of Hong Kong,sti,1,Duke-NUS Medical School,Duke-NUS Medical School,0.465633,0.441401,1,Duke-NUS Medical School,University of Hong Kong,1,1
Duke-NUS Medical School--University of Hong Kong#sti,Duke-NUS Medical School--University of Hong Kong,sti,2,University of Hong Kong,University of Hong Kong,0.711454,0.426862,1,Duke-NUS Medical School,University of Hong Kong,1,1
National Cancer Centre Singapore--University of Hong Kong#tb,National Cancer Centre Singapore--University of Hong Kong,tb,1,National Cancer Centre Singapore,National Cancer Centre Singapore,0.481842,0.196834,1,National Cancer Centre Singapore,University of Hong Kong,1,1
National Cancer Centre Singapore--University of Hong Kong#tb,National Cancer Centre Singapore--University of Hong Kong,tb,2,University of Hong Kong,University of Hong Kong,0.711454,0.426862,1,National Cancer Centre Singapore,University of Hong Kong,1,1
Singapore General Hospital--University of Hong Kong#tb,Singapore General Hospital--University of Hong Kong,tb,1,Singapore General Hospital,Singapore General Hospital,0.475209,0.374832,1,Singapore General Hospital,University of Hong Kong,1,1
Singapore General Hospital--University of Hong Kong#tb,Singapore General Hospital--University of Hong Kong,tb,2,University of Hong Kong,University of Hong Kong,0.711454,0.426862,1,Singapore General Hospital,University of Hong Kong,1,1
Tan Tock Seng Hospital--University of Hong Kong#tb,Tan Tock Seng Hospital--University of Hong Kong,tb,1,Tan Tock Seng Hospital,Tan Tock Seng Hospital,0.54699,0.379399,1,Tan Tock Seng Hospital,University of Hong Kong,1,1
Tan Tock Seng Hospital--University of Hong Kong#tb,Tan Tock Seng Hospital--University of Hong Kong,tb,2,University of Hong Kong,University of Hong Kong,0.711454,0.426862,1,Tan Tock Seng Hospital,University of Hong Kong,1,1
Mahidol University--University of Malaya#vector_borne,Mahidol University--University of Malaya,vector_borne,1,Mahidol University,Mahidol University,0.601502,0.392831,1,Mahidol University,University of Malaya,1,0
Mahidol University--University of Malaya#vector_borne,Mahidol University--University of Malaya,vector_borne,2,University of Malaya,University of Malaya,0.573788,0.583368,1,Mahidol University,University of Malaya,1,0
Harvard University--US Centers for Disease Control and Prevention#tb,Harvard University--US Centers for Disease Control and Prevention,tb,1,Harvard University,Harvard University,0.690017,0.63864,1,Harvard University,US Centers for Disease Control and Prevention,0,0
Harvard University--US Centers for Disease Control and Prevention#tb,Harvard University--US Centers for Disease Control and Prevention,tb,2,US Centers for Disease Control and Prevention,US Centers for Disease Control and Prevention,0.889454,0.787793,1,Harvard University,US Centers for Disease Control and Prevention,0,0
London School of Hygiene & Tropical Medicine--US Centers for Disease Control and Prevention#tb,London School of Hygiene & Tropical Medicine--US Centers for Disease Control and Prevention,tb,1,London School of Hygiene & Tropical Medicine,London School of Hygiene & Tropical Medicine,0.690267,0.57095,1,London School of Hygiene & Tropical Medicine,US Centers for Disease Control and Prevention,1,0
London School of Hygiene & Tropical Medicine--US Centers for Disease Control and Prevention#tb,London School of Hygiene & Tropical Medicine--US Centers for Disease Control and Prevention,tb,2,US Centers for Disease Control and Prevention,US Centers for Disease Control and Prevention,0.889454,0.787793,1,London School of Hygiene & Tropical Medicine,US Centers for Disease Control and Prevention,1,0
Duke-NUS Medical School--KK Women's and Children's Hospital#amr_hai,Duke-NUS Medical School--KK Women's and Children's Hospital,amr_hai,1,Duke-NUS Medical School,Duke-NUS Medical School,0.465633,0.441401,1,Duke-NUS Medical School,KK Women's and Children's Hospital,0,1
Duke-NUS Medical School--KK Women's and Children's Hospital#amr_hai,Duke-NUS Medical School--KK Women's and Children's Hospital,amr_hai,2,KK Women's and Children's Hospital,KK Women's and Children's Hospital,0.460123,0.505295,1,Duke-NUS Medical School,KK Women's and Children's Hospital,0,1
Duke-NUS Medical School--Singapore General Hospital#amr_hai,Duke-NUS Medical School--Singapore General Hospital,amr_hai,1,Duke-NUS Medical School,Duke-NUS Medical School,0.465633,0.441401,1,Duke-NUS Medical School,Singapore General Hospital,0,1
Duke-NUS Medical School--Singapore General Hospital#amr_hai,Duke-NUS Medical School--Singapore General Hospital,amr_hai,2,Singapore General Hospital,Singapore General Hospital,0.475209,0.374832,1,Duke-NUS Medical School,Singapore General Hospital,0,1
KK Women's and Children's Hospital--Singapore General Hospital#amr_hai,KK Women's and Children's Hospital--Singapore General Hospital,amr_hai,1,KK Women's and Children's Hospital,KK Women's and Children's Hospital,0.460123,0.505295,1,KK Women's and Children's Hospital,Singapore General Hospital,0,1
KK Women's and Children's Hospital--Singapore General Hospital#amr_hai,KK Women's and Children's Hospital--Singapore General Hospital,amr_hai,2,Singapore General Hospital,Singapore General Hospital,0.475209,0.374832,1,KK Women's and Children's Hospital,Singapore General Hospital,0,1
Johns Hopkins University--National University of Singapore#sti,Johns Hopkins University--National University of Singapore,sti,1,Johns Hopkins University,Johns Hopkins University,0.616645,0.578135,1,Johns Hopkins University,National University of Singapore,1,1
Johns Hopkins University--National University of Singapore#sti,Johns Hopkins University--National University of Singapore,sti,2,National University of Singapore,National University of Singapore,0.59751,0.507684,1,Johns Hopkins University,National University of Singapore,1,1
Johns Hopkins University--University of Oxford#sti,Johns Hopkins University--University of Oxford,sti,1,Johns Hopkins University,Johns Hopkins University,0.616645,0.578135,1,Johns Hopkins University,University of Oxford,1,0
Johns Hopkins University--University of Oxford#sti,Johns Hopkins University--University of Oxford,sti,2,University of Oxford,University of Oxford,0.658401,0.434596,1,Johns Hopkins University,University of Oxford,1,0
Nanyang Technological University--SingHealth#amr_hai,Nanyang Technological University--SingHealth,amr_hai,1,Nanyang Technological University,Nanyang Technological University,0.664988,0.515565,1,Nanyang Technological University,SingHealth,0,1
Nanyang Technological University--SingHealth#amr_hai,Nanyang Technological University--SingHealth,amr_hai,2,SingHealth,SingHealth,0.566166,0.304445,1,Nanyang Technological University,SingHealth,0,1
National Centre for Infectious Diseases--SingHealth#amr_hai,National Centre for Infectious Diseases--SingHealth,amr_hai,1,National Centre for Infectious Diseases,National Centre for Infectious Diseases,0.63178,0.485666,1,National Centre for Infectious Diseases,SingHealth,0,1
National Centre for Infectious Diseases--SingHealth#amr_hai,National Centre for Infectious Diseases--SingHealth,amr_hai,2,SingHealth,SingHealth,0.566166,0.304445,1,National Centre for Infectious Diseases,SingHealth,0,1
National Centre for Infectious Diseases--Singapore General Hospital#amr_hai,National Centre for Infectious Diseases--Singapore General Hospital,amr_hai,1,National Centre for Infectious Diseases,National Centre for Infectious Diseases,0.63178,0.485666,1,National Centre for Infectious Diseases,Singapore General Hospital,0,1
National Centre for Infectious Diseases--Singapore General Hospital#amr_hai,National Centre for Infectious Diseases--Singapore General Hospital,amr_hai,2,Singapore General Hospital,Singapore General Hospital,0.475209,0.374832,1,National Centre for Infectious Diseases,Singapore General Hospital,0,1
National University of Singapore--SingHealth#amr_hai,National University of Singapore--SingHealth,amr_hai,1,National University of Singapore,National University of Singapore,0.59751,0.507684,1,National University of Singapore,SingHealth,0,1
National University of Singapore--SingHealth#amr_hai,National University of Singapore--SingHealth,amr_hai,2,SingHealth,SingHealth,0.566166,0.304445,1,National University of Singapore,SingHealth,0,1
SingHealth--Singapore General Hospital#amr_hai,SingHealth--Singapore General Hospital,amr_hai,1,SingHealth,SingHealth,0.566166,0.304445,1,SingHealth,Singapore General Hospital,0,1
SingHealth--Singapore General Hospital#amr_hai,SingHealth--Singapore General Hospital,amr_hai,2,Singapore General Hospital,Singapore General Hospital,0.475209,0.374832,1,SingHealth,Singapore General Hospital,0,1
SingHealth--Tan Tock Seng Hospital#amr_hai,SingHealth--Tan Tock Seng Hospital,amr_hai,1,SingHealth,SingHealth,0.566166,0.304445,1,SingHealth,Tan Tock Seng Hospital,0,1
SingHealth--Tan Tock Seng Hospital#amr_hai,SingHealth--Tan Tock Seng Hospital,amr_hai,2,Tan Tock Seng Hospital,Tan Tock Seng Hospital,0.54699,0.379399,1,SingHealth,Tan Tock Seng Hospital,0,1
SingHealth--University of Melbourne#amr_hai,SingHealth--University of Melbourne,amr_hai,1,SingHealth,SingHealth,0.566166,0.304445,1,SingHealth,University of Melbourne,1,1
SingHealth--University of Melbourne#amr_hai,SingHealth--University of Melbourne,amr_hai,2,University of Melbourne,University of Melbourne,0.717864,0.499267,1,SingHealth,University of Melbourne,1,1
Singapore General Hospital--Tan Tock Seng Hospital#amr_hai,Singapore General Hospital--Tan Tock Seng Hospital,amr_hai,1,Singapore General Hospital,Singapore General Hospital,0.475209,0.374832,1,Singapore General Hospital,Tan Tock Seng Hospital,0,1
Singapore General Hospital--Tan Tock Seng Hospital#amr_hai,Singapore General Hospital--Tan Tock Seng Hospital,amr_hai,2,Tan Tock Seng Hospital,Tan Tock Seng Hospital,0.54699,0.379399,1,Singapore General Hospital,Tan Tock Seng Hospital,0,1
Singapore General Hospital--University of Melbourne#amr_hai,Singapore General Hospital--University of Melbourne,amr_hai,1,Singapore General Hospital,Singapore General Hospital,0.475209,0.374832,1,Singapore General Hospital,University of Melbourne,1,1
Singapore General Hospital--University of Melbourne#amr_hai,Singapore General Hospital--University of Melbourne,amr_hai,2,University of Melbourne,University of Melbourne,0.717864,0.499267,1,Singapore General Hospital,University of Melbourne,1,1
Duke-NUS Medical School--Nanyang Technological University#sti,Duke-NUS Medical School--Nanyang Technological University,sti,1,Duke-NUS Medical School,Duke-NUS Medical School,0.465633,0.441401,1,Duke-NUS Medical School,Nanyang Technological University,0,1
Duke-NUS Medical School--Nanyang Technological University#sti,Duke-NUS Medical School--Nanyang Technological University,sti,2,Nanyang Technological University,Nanyang Technological University,0.664988,0.515565,1,Duke-NUS Medical School,Nanyang Technological University,0,1
National University Hospital--Woodlands Health#rti,National University Hospital--Woodlands Health,rti,1,National University Hospital,National University Hospital,0.51926,0.342069,1,National University Hospital,Woodlands Health,0,1
National University Hospital--Woodlands Health#rti,National University Hospital--Woodlands Health,rti,2,Woodlands Health,Woodlands Health,0.536939,0.057434,1,National University Hospital,Woodlands Health,0,1
National University of Singapore--Woodlands Health#rti,National University of Singapore--Woodlands Health,rti,1,National University of Singapore,National University of Singapore,0.59751,0.507684,1,National University of Singapore,Woodlands Health,0,1
National University of Singapore--Woodlands Health#rti,National University of Singapore--Woodlands Health,rti,2,Woodlands Health,Woodlands Health,0.536939,0.057434,1,National University of Singapore,Woodlands Health,0,1
Tan Tock Seng Hospital--Woodlands Health#rti,Tan Tock Seng Hospital--Woodlands Health,rti,1,Tan Tock Seng Hospital,Tan Tock Seng Hospital,0.54699,0.379399,1,Tan Tock Seng Hospital,Woodlands Health,0,1
Tan Tock Seng Hospital--Woodlands Health#rti,Tan Tock Seng Hospital--Woodlands Health,rti,2,Woodlands Health,Woodlands Health,0.536939,0.057434,1,Tan Tock Seng Hospital,Woodlands Health,0,1
London School of Hygiene & Tropical Medicine--University of Oxford#sti,London School of Hygiene & Tropical Medicine--University of Oxford,sti,1,London School of Hygiene & Tropical Medicine,London School of Hygiene & Tropical Medicine,0.690267,0.57095,1,London School of Hygiene & Tropical Medicine,University of Oxford,0,0
London School of Hygiene & Tropical Medicine--University of Oxford#sti,London School of Hygiene & Tropical Medicine--University of Oxford,sti,2,University of Oxford,University of Oxford,0.658401,0.434596,1,London School of Hygiene & Tropical Medicine,University of Oxford,0,0
London School of Hygiene & Tropical Medicine--National University Health System#tb,London School of Hygiene & Tropical Medicine--National University Health System,tb,1,London School of Hygiene & Tropical Medicine,London School of Hygiene & Tropical Medicine,0.690267,0.57095,1,London School of Hygiene & Tropical Medicine,National University Health System,1,1
London School of Hygiene & Tropical Medicine--National University Health System#tb,London School of Hygiene & Tropical Medicine--National University Health System,tb,2,National University Health System,National University Health System,0.554169,0.437829,1,London School of Hygiene & Tropical Medicine,National University Health System,1,1
London School of Hygiene & Tropical Medicine--Oxford University Clinical Research Unit#tb,London School of Hygiene & Tropical Medicine--Oxford University Clinical Research Unit,tb,1,London School of Hygiene & Tropical Medicine,London School of Hygiene & Tropical Medicine,0.690267,0.57095,1,London School of Hygiene & Tropical Medicine,Oxford University Clinical Research Unit,1,0
London School of Hygiene & Tropical Medicine--Oxford University Clinical Research Unit#tb,London School of Hygiene & Tropical Medicine--Oxford University Clinical Research Unit,tb,2,Oxford University Clinical Research Unit,Oxford University Clinical Research Unit,0.703504,0.365802,1,London School of Hygiene & Tropical Medicine,Oxford University Clinical Research Unit,1,0
London School of Hygiene & Tropical Medicine--University of Oxford#tb,London School of Hygiene & Tropical Medicine--University of Oxford,tb,1,London School of Hygiene & Tropical Medicine,London School of Hygiene & Tropical Medicine,0.690267,0.57095,1,London School of Hygiene & Tropical Medicine,University of Oxford,0,0
London School of Hygiene & Tropical Medicine--University of Oxford#tb,London School of Hygiene & Tropical Medicine--University of Oxford,tb,2,University of Oxford,University of Oxford,0.658401,0.434596,1,London School of Hygiene & Tropical Medicine,University of Oxford,0,0
National University Health System--University of Oxford#tb,National University Health System--University of Oxford,tb,1,National University Health System,National University Health System,0.554169,0.437829,1,National University Health System,University of Oxford,1,1
National University Health System--University of Oxford#tb,National University Health System--University of Oxford,tb,2,University of Oxford,University of Oxford,0.658401,0.434596,1,National University Health System,University of Oxford,1,1
Oxford University Clinical Research Unit--University of Oxford#tb,Oxford University Clinical Research Unit--University of Oxford,tb,1,Oxford University Clinical Research Unit,Oxford University Clinical Research Unit,0.703504,0.365802,1,Oxford University Clinical Research Unit,University of Oxford,1,0
Oxford University Clinical Research Unit--University of Oxford#tb,Oxford University Clinical Research Unit--University of Oxford,tb,2,University of Oxford,University of Oxford,0.658401,0.434596,1,Oxford University Clinical Research Unit,University of Oxford,1,0
University of Melbourne--University of Oxford#tb,University of Melbourne--University of Oxford,tb,1,University of Melbourne,University of Melbourne,0.717864,0.499267,1,University of Melbourne,University of Oxford,1,0
University of Melbourne--University of Oxford#tb,University of Melbourne--University of Oxford,tb,2,University of Oxford,University of Oxford,0.658401,0.434596,1,University of Melbourne,University of Oxford,1,0
National University of Singapore--World Health Organization#amr_hai,National University of Singapore--World Health Organization,amr_hai,1,National University of Singapore,National University of Singapore,0.59751,0.507684,1,National University of Singapore,World Health Organization,1,1
National University of Singapore--World Health Organization#amr_hai,National University of Singapore--World Health Organization,amr_hai,2,World Health Organization,World Health Organization,0.823585,0.550849,1,National University of Singapore,World Health Organization,1,1
University of Malaya--World Health Organization#vector_borne,University of Malaya--World Health Organization,vector_borne,1,University of Malaya,University of Malaya,0.573788,0.583368,1,University of Malaya,World Health Organization,1,0
University of Malaya--World Health Organization#vector_borne,University of Malaya--World Health Organization,vector_borne,2,World Health Organization,World Health Organization,0.823585,0.550849,1,University of Malaya,World Health Organization,1,0
Nanyang Technological University--University of Hong Kong#rti,Nanyang Technological University--University of Hong Kong,rti,1,Nanyang Technological University,Nanyang Technological University,0.664988,0.515565,1,Nanyang Technological University,University of Hong Kong,1,1
Nanyang Technological University--University of Hong Kong#rti,Nanyang Technological University--University of Hong Kong,rti,2,University of Hong Kong,University of Hong Kong,0.711454,0.426862,1,Nanyang Technological University,University of Hong Kong,1,1
A*STAR Infectious Diseases Labs--Oxford University Clinical Research Unit#other_id,A*STAR Infectious Diseases Labs--Oxford University Clinical Research Unit,other_id,1,A*STAR Infectious Diseases Labs,A*STAR Infectious Diseases Labs,0.805549,0.407654,1,A*STAR Infectious Diseases Labs,Oxford University Clinical Research Unit,1,1
A*STAR Infectious Diseases Labs--Oxford University Clinical Research Unit#other_id,A*STAR Infectious Diseases Labs--Oxford University Clinical Research Unit,other_id,2,Oxford University Clinical Research Unit,Oxford University Clinical Research Unit,0.703504,0.365802,1,A*STAR Infectious Diseases Labs,Oxford University Clinical Research Unit,1,1
A*STAR Infectious Diseases Labs--University of Oxford#other_id,A*STAR Infectious Diseases Labs--University of Oxford,other_id,1,A*STAR Infectious Diseases Labs,A*STAR Infectious Diseases Labs,0.805549,0.407654,1,A*STAR Infectious Diseases Labs,University of Oxford,1,1
A*STAR Infectious Diseases Labs--University of Oxford#other_id,A*STAR Infectious Diseases Labs--University of Oxford,other_id,2,University of Oxford,University of Oxford,0.658401,0.434596,1,A*STAR Infectious Diseases Labs,University of Oxford,1,1
Oxford University Clinical Research Unit--University of Oxford#other_id,Oxford University Clinical Research Unit--University of Oxford,other_id,1,Oxford University Clinical Research Unit,Oxford University Clinical Research Unit,0.703504,0.365802,1,Oxford University Clinical Research Unit,University of Oxford,1,0
Oxford University Clinical Research Unit--University of Oxford#other_id,Oxford University Clinical Research Unit--University of Oxford,other_id,2,University of Oxford,University of Oxford,0.658401,0.434596,1,Oxford University Clinical Research Unit,University of Oxford,1,0
A*STAR Infectious Diseases Labs--Temasek Life Sciences Laboratory#other_id,A*STAR Infectious Diseases Labs--Temasek Life Sciences Laboratory,other_id,1,A*STAR Infectious Diseases Labs,A*STAR Infectious Diseases Labs,0.805549,0.407654,1,A*STAR Infectious Diseases Labs,Temasek Life Sciences Laboratory,0,1
A*STAR Infectious Diseases Labs--Temasek Life Sciences Laboratory#other_id,A*STAR Infectious Diseases Labs--Temasek Life Sciences Laboratory,other_id,2,Temasek Life Sciences Laboratory,Temasek Life Sciences Laboratory,1.0,0.23735,1,A*STAR Infectious Diseases Labs,Temasek Life Sciences Laboratory,0,1
National University of Singapore--University of Hong Kong#sti,National University of Singapore--University of Hong Kong,sti,1,National University of Singapore,National University of Singapore,0.59751,0.507684,1,National University of Singapore,University of Hong Kong,1,1
National University of Singapore--University of Hong Kong#sti,National University of Singapore--University of Hong Kong,sti,2,University of Hong Kong,University of Hong Kong,0.711454,0.426862,1,National University of Singapore,University of Hong Kong,1,1
Alexandra Hospital--National University Health System#rti,Alexandra Hospital--National University Health System,rti,1,Alexandra Hospital,Alexandra Hospital,0.348574,0.256501,1,Alexandra Hospital,National University Health System,0,1
Alexandra Hospital--National University Health System#rti,Alexandra Hospital--National University Health System,rti,2,National University Health System,National University Health System,0.554169,0.437829,1,Alexandra Hospital,National University Health System,0,1
Alexandra Hospital--National University of Singapore#rti,Alexandra Hospital--National University of Singapore,rti,1,Alexandra Hospital,Alexandra Hospital,0.348574,0.256501,1,Alexandra Hospital,National University of Singapore,0,1
Alexandra Hospital--National University of Singapore#rti,Alexandra Hospital--National University of Singapore,rti,2,National University of Singapore,National University of Singapore,0.59751,0.507684,1,Alexandra Hospital,National University of Singapore,0,1
Alexandra Hospital--Tan Tock Seng Hospital#rti,Alexandra Hospital--Tan Tock Seng Hospital,rti,1,Alexandra Hospital,Alexandra Hospital,0.348574,0.256501,1,Alexandra Hospital,Tan Tock Seng Hospital,0,1
Alexandra Hospital--Tan Tock Seng Hospital#rti,Alexandra Hospital--Tan Tock Seng Hospital,rti,2,Tan Tock Seng Hospital,Tan Tock Seng Hospital,0.54699,0.379399,1,Alexandra Hospital,Tan Tock Seng Hospital,0,1
Institute of Mental Health--National Centre for Infectious Diseases#amr_hai,Institute of Mental Health--National Centre for Infectious Diseases,amr_hai,1,Institute of Mental Health,Institute of Mental Health,0.410534,0.644783,1,Institute of Mental Health,National Centre for Infectious Diseases,0,1
Institute of Mental Health--National Centre for Infectious Diseases#amr_hai,Institute of Mental Health--National Centre for Infectious Diseases,amr_hai,2,National Centre for Infectious Diseases,National Centre for Infectious Diseases,0.63178,0.485666,1,Institute of Mental Health,National Centre for Infectious Diseases,0,1
Institute of Mental Health--National Public Health Laboratory#amr_hai,Institute of Mental Health--National Public Health Laboratory,amr_hai,1,Institute of Mental Health,Institute of Mental Health,0.410534,0.644783,1,Institute of Mental Health,National Public Health Laboratory,0,1
Institute of Mental Health--National Public Health Laboratory#amr_hai,Institute of Mental Health--National Public Health Laboratory,amr_hai,2,National Public Health Laboratory,National Public Health Laboratory,0.385812,0.801383,1,Institute of Mental Health,National Public Health Laboratory,0,1
Institute of Mental Health--National University of Singapore#amr_hai,Institute of Mental Health--National University of Singapore,amr_hai,1,Institute of Mental Health,Institute of Mental Health,0.410534,0.644783,1,Institute of Mental Health,National University of Singapore,0,1
Institute of Mental Health--National University of Singapore#amr_hai,Institute of Mental Health--National University of Singapore,amr_hai,2,National University of Singapore,National University of Singapore,0.59751,0.507684,1,Institute of Mental Health,National University of Singapore,0,1
National Centre for Infectious Diseases--National Public Health Laboratory#amr_hai,National Centre for Infectious Diseases--National Public Health Laboratory,amr_hai,1,National Centre for Infectious Diseases,National Centre for Infectious Diseases,0.63178,0.485666,1,National Centre for Infectious Diseases,National Public Health Laboratory,0,1
National Centre for Infectious Diseases--National Public Health Laboratory#amr_hai,National Centre for Infectious Diseases--National Public Health Laboratory,amr_hai,2,National Public Health Laboratory,National Public Health Laboratory,0.385812,0.801383,1,National Centre for Infectious Diseases,National Public Health Laboratory,0,1
National Public Health Laboratory--National University of Singapore#amr_hai,National Public Health Laboratory--National University of Singapore,amr_hai,1,National Public Health Laboratory,National Public Health Laboratory,0.385812,0.801383,1,National Public Health Laboratory,National University of Singapore,0,1
National Public Health Laboratory--National University of Singapore#amr_hai,National Public Health Laboratory--National University of Singapore,amr_hai,2,National University of Singapore,National University of Singapore,0.59751,0.507684,1,National Public Health Laboratory,National University of Singapore,0,1
National Skin Centre--Peter Doherty Institute for Infection and Immunity#sti,National Skin Centre--Peter Doherty Institute for Infection and Immunity,sti,1,National Skin Centre,National Skin Centre,0.569459,0.179669,1,National Skin Centre,Peter Doherty Institute for Infection and Immunity,1,1
National Skin Centre--Peter Doherty Institute for Infection and Immunity#sti,National Skin Centre--Peter Doherty Institute for Infection and Immunity,sti,2,Peter Doherty Institute for Infection and Immunity,Peter Doherty Institute for Infection and Immunity,0.689984,0.23488,1,National Skin Centre,Peter Doherty Institute for Infection and Immunity,1,1
National University of Singapore--Singapore Immunology Network#rti,National University of Singapore--Singapore Immunology Network,rti,1,National University of Singapore,National University of Singapore,0.59751,0.507684,1,National University of Singapore,Singapore Immunology Network,0,1
National University of Singapore--Singapore Immunology Network#rti,National University of Singapore--Singapore Immunology Network,rti,2,Singapore Immunology Network,Singapore Immunology Network,0.726572,0.281452,1,National University of Singapore,Singapore Immunology Network,0,1
National University Health System--National University Hospital#other_id,National University Health System--National University Hospital,other_id,1,National University Health System,National University Health System,0.554169,0.437829,1,National University Health System,National University Hospital,0,1
National University Health System--National University Hospital#other_id,National University Health System--National University Hospital,other_id,2,National University Hospital,National University Hospital,0.51926,0.342069,1,National University Health System,National University Hospital,0,1
Duke-NUS Medical School--London School of Hygiene & Tropical Medicine#rti,Duke-NUS Medical School--London School of Hygiene & Tropical Medicine,rti,1,Duke-NUS Medical School,Duke-NUS Medical School,0.465633,0.441401,1,Duke-NUS Medical School,London School of Hygiene & Tropical Medicine,1,1
Duke-NUS Medical School--London School of Hygiene & Tropical Medicine#rti,Duke-NUS Medical School--London School of Hygiene & Tropical Medicine,rti,2,London School of Hygiene & Tropical Medicine,London School of Hygiene & Tropical Medicine,0.690267,0.57095,1,Duke-NUS Medical School,London School of Hygiene & Tropical Medicine,1,1
Mahidol University--Singapore General Hospital#vector_borne,Mahidol University--Singapore General Hospital,vector_borne,1,Mahidol University,Mahidol University,0.601502,0.392831,1,Mahidol University,Singapore General Hospital,1,1
Mahidol University--Singapore General Hospital#vector_borne,Mahidol University--Singapore General Hospital,vector_borne,2,Singapore General Hospital,Singapore General Hospital,0.475209,0.374832,1,Mahidol University,Singapore General Hospital,1,1
Mahidol University--Takeda Pharmaceuticals#vector_borne,Mahidol University--Takeda Pharmaceuticals,vector_borne,1,Mahidol University,Mahidol University,0.601502,0.392831,1,Mahidol University,Takeda Pharmaceuticals,1,0
Mahidol University--Takeda Pharmaceuticals#vector_borne,Mahidol University--Takeda Pharmaceuticals,vector_borne,2,Takeda Pharmaceuticals,Takeda Pharmaceuticals,0.400482,0.0,1,Mahidol University,Takeda Pharmaceuticals,1,0
Singapore General Hospital--Takeda Pharmaceuticals#vector_borne,Singapore General Hospital--Takeda Pharmaceuticals,vector_borne,1,Singapore General Hospital,Singapore General Hospital,0.475209,0.374832,1,Singapore General Hospital,Takeda Pharmaceuticals,1,1
Singapore General Hospital--Takeda Pharmaceuticals#vector_borne,Singapore General Hospital--Takeda Pharmaceuticals,vector_borne,2,Takeda Pharmaceuticals,Takeda Pharmaceuticals,0.400482,0.0,1,Singapore General Hospital,Takeda Pharmaceuticals,1,1
National University Health System--University of Hong Kong#rti,National University Health System--University of Hong Kong,rti,1,National University Health System,National University Health System,0.554169,0.437829,1,National University Health System,University of Hong Kong,1,1
National University Health System--University of Hong Kong#rti,National University Health System--University of Hong Kong,rti,2,University of Hong Kong,University of Hong Kong,0.711454,0.426862,1,National University Health System,University of Hong Kong,1,1
Changi General Hospital--DSO National Laboratories#other_id,Changi General Hospital--DSO National Laboratories,other_id,1,Changi General Hospital,Changi General Hospital,0.384499,0.459909,1,Changi General Hospital,DSO National Laboratories,0,1
Changi General Hospital--DSO National Laboratories#other_id,Changi General Hospital--DSO National Laboratories,other_id,2,DSO National Laboratories,DSO National Laboratories,0.254378,0.530441,1,Changi General Hospital,DSO National Laboratories,0,1
Changi General Hospital--National University Health System#other_id,Changi General Hospital--National University Health System,other_id,1,Changi General Hospital,Changi General Hospital,0.384499,0.459909,1,Changi General Hospital,National University Health System,0,1
Changi General Hospital--National University Health System#other_id,Changi General Hospital--National University Health System,other_id,2,National University Health System,National University Health System,0.554169,0.437829,1,Changi General Hospital,National University Health System,0,1
DSO National Laboratories--National University Health System#other_id,DSO National Laboratories--National University Health System,other_id,1,DSO National Laboratories,DSO National Laboratories,0.254378,0.530441,1,DSO National Laboratories,National University Health System,0,1
DSO National Laboratories--National University Health System#other_id,DSO National Laboratories--National University Health System,other_id,2,National University Health System,National University Health System,0.554169,0.437829,1,DSO National Laboratories,National University Health System,0,1
DSO National Laboratories--National University of Singapore#other_id,DSO National Laboratories--National University of Singapore,other_id,1,DSO National Laboratories,DSO National Laboratories,0.254378,0.530441,1,DSO National Laboratories,National University of Singapore,0,1
DSO National Laboratories--National University of Singapore#other_id,DSO National Laboratories--National University of Singapore,other_id,2,National University of Singapore,National University of Singapore,0.59751,0.507684,1,DSO National Laboratories,National University of Singapore,0,1
DSO National Laboratories--Singapore General Hospital#other_id,DSO National Laboratories--Singapore General Hospital,other_id,1,DSO National Laboratories,DSO National Laboratories,0.254378,0.530441,1,DSO National Laboratories,Singapore General Hospital,0,1
DSO National Laboratories--Singapore General Hospital#other_id,DSO National Laboratories--Singapore General Hospital,other_id,2,Singapore General Hospital,Singapore General Hospital,0.475209,0.374832,1,DSO National Laboratories,Singapore General Hospital,0,1
National University Health System--National University of Singapore#other_id,National University Health System--National University of Singapore,other_id,1,National University Health System,National University Health System,0.554169,0.437829,1,National University Health System,National University of Singapore,0,1
National University Health System--National University of Singapore#other_id,National University Health System--National University of Singapore,other_id,2,National University of Singapore,National University of Singapore,0.59751,0.507684,1,National University Health System,National University of Singapore,0,1
National University Health System--Singapore General Hospital#other_id,National University Health System--Singapore General Hospital,other_id,1,National University Health System,National University Health System,0.554169,0.437829,1,National University Health System,Singapore General Hospital,0,1
National University Health System--Singapore General Hospital#other_id,National University Health System--Singapore General Hospital,other_id,2,Singapore General Hospital,Singapore General Hospital,0.475209,0.374832,1,National University Health System,Singapore General Hospital,0,1
Peter Doherty Institute for Infection and Immunity--SingHealth#vector_borne,Peter Doherty Institute for Infection and Immunity--SingHealth,vector_borne,1,Peter Doherty Institute for Infection and Immunity,Peter Doherty Institute for Infection and Immunity,0.689984,0.23488,1,Peter Doherty Institute for Infection and Immunity,SingHealth,1,1
Peter Doherty Institute for Infection and Immunity--SingHealth#vector_borne,Peter Doherty Institute for Infection and Immunity--SingHealth,vector_borne,2,SingHealth,SingHealth,0.566166,0.304445,1,Peter Doherty Institute for Infection and Immunity,SingHealth,1,1
Peter Doherty Institute for Infection and Immunity--Singapore Immunology Network#vector_borne,Peter Doherty Institute for Infection and Immunity--Singapore Immunology Network,vector_borne,1,Peter Doherty Institute for Infection and Immunity,Peter Doherty Institute for Infection and Immunity,0.689984,0.23488,1,Peter Doherty Institute for Infection and Immunity,Singapore Immunology Network,1,1
Peter Doherty Institute for Infection and Immunity--Singapore Immunology Network#vector_borne,Peter Doherty Institute for Infection and Immunity--Singapore Immunology Network,vector_borne,2,Singapore Immunology Network,Singapore Immunology Network,0.726572,0.281452,1,Peter Doherty Institute for Infection and Immunity,Singapore Immunology Network,1,1
Duke-NUS Medical School--Mahidol University#amr_hai,Duke-NUS Medical School--Mahidol University,amr_hai,1,Duke-NUS Medical School,Duke-NUS Medical School,0.465633,0.441401,1,Duke-NUS Medical School,Mahidol University,1,1
Duke-NUS Medical School--Mahidol University#amr_hai,Duke-NUS Medical School--Mahidol University,amr_hai,2,Mahidol University,Mahidol University,0.601502,0.392831,1,Duke-NUS Medical School,Mahidol University,1,1
Duke-NUS Medical School--University of Oxford#amr_hai,Duke-NUS Medical School--University of Oxford,amr_hai,1,Duke-NUS Medical School,Duke-NUS Medical School,0.465633,0.441401,1,Duke-NUS Medical School,University of Oxford,1,1
Duke-NUS Medical School--University of Oxford#amr_hai,Duke-NUS Medical School--University of Oxford,amr_hai,2,University of Oxford,University of Oxford,0.658401,0.434596,1,Duke-NUS Medical School,University of Oxford,1,1
Khoo Teck Puat Hospital--Tan Tock Seng Hospital#tb,Khoo Teck Puat Hospital--Tan Tock Seng Hospital,tb,1,Khoo Teck Puat Hospital,Khoo Teck Puat Hospital,0.27351,0.071954,1,Khoo Teck Puat Hospital,Tan Tock Seng Hospital,0,1
Khoo Teck Puat Hospital--Tan Tock Seng Hospital#tb,Khoo Teck Puat Hospital--Tan Tock Seng Hospital,tb,2,Tan Tock Seng Hospital,Tan Tock Seng Hospital,0.54699,0.379399,1,Khoo Teck Puat Hospital,Tan Tock Seng Hospital,0,1
Nanyang Technological University--Peter Doherty Institute for Infection and Immunity#vector_borne,Nanyang Technological University--Peter Doherty Institute for Infection and Immunity,vector_borne,1,Nanyang Technological University,Nanyang Technological University,0.664988,0.515565,1,Nanyang Technological University,Peter Doherty Institute for Infection and Immunity,1,1
Nanyang Technological University--Peter Doherty Institute for Infection and Immunity#vector_borne,Nanyang Technological University--Peter Doherty Institute for Infection and Immunity,vector_borne,2,Peter Doherty Institute for Infection and Immunity,Peter Doherty Institute for Infection and Immunity,0.689984,0.23488,1,Nanyang Technological University,Peter Doherty Institute for Infection and Immunity,1,1
Peter Doherty Institute for Infection and Immunity--University of Melbourne#vector_borne,Peter Doherty Institute for Infection and Immunity--University of Melbourne,vector_borne,1,Peter Doherty Institute for Infection and Immunity,Peter Doherty Institute for Infection and Immunity,0.689984,0.23488,1,Peter Doherty Institute for Infection and Immunity,University of Melbourne,0,0
Peter Doherty Institute for Infection and Immunity--University of Melbourne#vector_borne,Peter Doherty Institute for Infection and Immunity--University of Melbourne,vector_borne,2,University of Melbourne,University of Melbourne,0.717864,0.499267,1,Peter Doherty Institute for Infection and Immunity,University of Melbourne,0,0
National Cancer Centre Singapore--National Centre for Infectious Diseases#tb,National Cancer Centre Singapore--National Centre for Infectious Diseases,tb,1,National Cancer Centre Singapore,National Cancer Centre Singapore,0.481842,0.196834,1,National Cancer Centre Singapore,National Centre for Infectious Diseases,0,1
National Cancer Centre Singapore--National Centre for Infectious Diseases#tb,National Cancer Centre Singapore--National Centre for Infectious Diseases,tb,2,National Centre for Infectious Diseases,National Centre for Infectious Diseases,0.63178,0.485666,1,National Cancer Centre Singapore,National Centre for Infectious Diseases,0,1
National University of Singapore--Temasek Life Sciences Laboratory#amr_hai,National University of Singapore--Temasek Life Sciences Laboratory,amr_hai,1,National University of Singapore,National University of Singapore,0.59751,0.507684,1,National University of Singapore,Temasek Life Sciences Laboratory,0,1
National University of Singapore--Temasek Life Sciences Laboratory#amr_hai,National University of Singapore--Temasek Life Sciences Laboratory,amr_hai,2,Temasek Life Sciences Laboratory,Temasek Life Sciences Laboratory,1.0,0.23735,1,National University of Singapore,Temasek Life Sciences Laboratory,0,1
Duke-NUS Medical School--SingHealth#other_id,Duke-NUS Medical School--SingHealth,other_id,1,Duke-NUS Medical School,Duke-NUS Medical School,0.465633,0.441401,1,Duke-NUS Medical School,SingHealth,0,1
Duke-NUS Medical School--SingHealth#other_id,Duke-NUS Medical School--SingHealth,other_id,2,SingHealth,SingHealth,0.566166,0.304445,1,Duke-NUS Medical School,SingHealth,0,1
National University of Singapore--SingHealth#other_id,National University of Singapore--SingHealth,other_id,1,National University of Singapore,National University of Singapore,0.59751,0.507684,1,National University of Singapore,SingHealth,0,1
National University of Singapore--SingHealth#other_id,National University of Singapore--SingHealth,other_id,2,SingHealth,SingHealth,0.566166,0.304445,1,National University of Singapore,SingHealth,0,1
SingHealth--Singapore General Hospital#other_id,SingHealth--Singapore General Hospital,other_id,1,SingHealth,SingHealth,0.566166,0.304445,1,SingHealth,Singapore General Hospital,0,1
SingHealth--Singapore General Hospital#other_id,SingHealth--Singapore General Hospital,other_id,2,Singapore General Hospital,Singapore General Hospital,0.475209,0.374832,1,SingHealth,Singapore General Hospital,0,1
Harvard University--National University of Singapore#rti,Harvard University--National University of Singapore,rti,1,Harvard University,Harvard University,0.690017,0.63864,1,Harvard University,National University of Singapore,1,1
Harvard University--National University of Singapore#rti,Harvard University--National University of Singapore,rti,2,National University of Singapore,National University of Singapore,0.59751,0.507684,1,Harvard University,National University of Singapore,1,1
Alexandra Hospital--National University Hospital#rti,Alexandra Hospital--National University Hospital,rti,1,Alexandra Hospital,Alexandra Hospital,0.348574,0.256501,1,Alexandra Hospital,National University Hospital,0,1
Alexandra Hospital--National University Hospital#rti,Alexandra Hospital--National University Hospital,rti,2,National University Hospital,National University Hospital,0.51926,0.342069,1,Alexandra Hospital,National University Hospital,0,1
London School of Hygiene & Tropical Medicine--Mahidol University#amr_hai,London School of Hygiene & Tropical Medicine--Mahidol University,amr_hai,1,London School of Hygiene & Tropical Medicine,London School of Hygiene & Tropical Medicine,0.690267,0.57095,1,London School of Hygiene & Tropical Medicine,Mahidol University,1,0
London School of Hygiene & Tropical Medicine--Mahidol University#amr_hai,London School of Hygiene & Tropical Medicine--Mahidol University,amr_hai,2,Mahidol University,Mahidol University,0.601502,0.392831,1,London School of Hygiene & Tropical Medicine,Mahidol University,1,0
London School of Hygiene & Tropical Medicine--Oxford University Clinical Research Unit#amr_hai,London School of Hygiene & Tropical Medicine--Oxford University Clinical Research Unit,amr_hai,1,London School of Hygiene & Tropical Medicine,London School of Hygiene & Tropical Medicine,0.690267,0.57095,1,London School of Hygiene & Tropical Medicine,Oxford University Clinical Research Unit,1,0
London School of Hygiene & Tropical Medicine--Oxford University Clinical Research Unit#amr_hai,London School of Hygiene & Tropical Medicine--Oxford University Clinical Research Unit,amr_hai,2,Oxford University Clinical Research Unit,Oxford University Clinical Research Unit,0.703504,0.365802,1,London School of Hygiene & Tropical Medicine,Oxford University Clinical Research Unit,1,0
London School of Hygiene & Tropical Medicine--University of Oxford#amr_hai,London School of Hygiene & Tropical Medicine--University of Oxford,amr_hai,1,London School of Hygiene & Tropical Medicine,London School of Hygiene & Tropical Medicine,0.690267,0.57095,1,London School of Hygiene & Tropical Medicine,University of Oxford,0,0
London School of Hygiene & Tropical Medicine--University of Oxford#amr_hai,London School of Hygiene & Tropical Medicine--University of Oxford,amr_hai,2,University of Oxford,University of Oxford,0.658401,0.434596,1,London School of Hygiene & Tropical Medicine,University of Oxford,0,0
London School of Hygiene & Tropical Medicine--Mahidol University#vector_borne,London School of Hygiene & Tropical Medicine--Mahidol University,vector_borne,1,London School of Hygiene & Tropical Medicine,London School of Hygiene & Tropical Medicine,0.690267,0.57095,1,London School of Hygiene & Tropical Medicine,Mahidol University,1,0
London School of Hygiene & Tropical Medicine--Mahidol University#vector_borne,London School of Hygiene & Tropical Medicine--Mahidol University,vector_borne,2,Mahidol University,Mahidol University,0.601502,0.392831,1,London School of Hygiene & Tropical Medicine,Mahidol University,1,0
London School of Hygiene & Tropical Medicine--University of Oxford#vector_borne,London School of Hygiene & Tropical Medicine--University of Oxford,vector_borne,1,London School of Hygiene & Tropical Medicine,London School of Hygiene & Tropical Medicine,0.690267,0.57095,1,London School of Hygiene & Tropical Medicine,University of Oxford,0,0
London School of Hygiene & Tropical Medicine--University of Oxford#vector_borne,London School of Hygiene & Tropical Medicine--University of Oxford,vector_borne,2,University of Oxford,University of Oxford,0.658401,0.434596,1,London School of Hygiene & Tropical Medicine,University of Oxford,0,0
National Public Health Laboratory--National University of Singapore#vector_borne,National Public Health Laboratory--National University of Singapore,vector_borne,1,National Public Health Laboratory,National Public Health Laboratory,0.385812,0.801383,1,National Public Health Laboratory,National University of Singapore,0,1
National Public Health Laboratory--National University of Singapore#vector_borne,National Public Health Laboratory--National University of Singapore,vector_borne,2,National University of Singapore,National University of Singapore,0.59751,0.507684,1,National Public Health Laboratory,National University of Singapore,0,1
Nanyang Technological University--Oxford University Clinical Research Unit#vector_borne,Nanyang Technological University--Oxford University Clinical Research Unit,vector_borne,1,Nanyang Technological University,Nanyang Technological University,0.664988,0.515565,1,Nanyang Technological University,Oxford University Clinical Research Unit,1,1
Nanyang Technological University--Oxford University Clinical Research Unit#vector_borne,Nanyang Technological University--Oxford University Clinical Research Unit,vector_borne,2,Oxford University Clinical Research Unit,Oxford University Clinical Research Unit,0.703504,0.365802,1,Nanyang Technological University,Oxford University Clinical Research Unit,1,1
Nanyang Technological University--University of Oxford#vector_borne,Nanyang Technological University--University of Oxford,vector_borne,1,Nanyang Technological University,Nanyang Technological University,0.664988,0.515565,1,Nanyang Technological University,University of Oxford,1,1
Nanyang Technological University--University of Oxford#vector_borne,Nanyang Technological University--University of Oxford,vector_borne,2,University of Oxford,University of Oxford,0.658401,0.434596,1,Nanyang Technological University,University of Oxford,1,1
National University of Singapore--University of Hong Kong#tb,National University of Singapore--University of Hong Kong,tb,1,National University of Singapore,National University of Singapore,0.59751,0.507684,1,National University of Singapore,University of Hong Kong,1,1
National University of Singapore--University of Hong Kong#tb,National University of Singapore--University of Hong Kong,tb,2,University of Hong Kong,University of Hong Kong,0.711454,0.426862,1,National University of Singapore,University of Hong Kong,1,1
London School of Hygiene & Tropical Medicine--Nanyang Technological University#amr_hai,London School of Hygiene & Tropical Medicine--Nanyang Technological University,amr_hai,1,London School of Hygiene & Tropical Medicine,London School of Hygiene & Tropical Medicine,0.690267,0.57095,1,London School of Hygiene & Tropical Medicine,Nanyang Technological University,1,1
London School of Hygiene & Tropical Medicine--Nanyang Technological University#amr_hai,London School of Hygiene & Tropical Medicine--Nanyang Technological University,amr_hai,2,Nanyang Technological University,Nanyang Technological University,0.664988,0.515565,1,London School of Hygiene & Tropical Medicine,Nanyang Technological University,1,1
London School of Hygiene & Tropical Medicine--National Centre for Infectious Diseases#amr_hai,London School of Hygiene & Tropical Medicine--National Centre for Infectious Diseases,amr_hai,1,London School of Hygiene & Tropical Medicine,London School of Hygiene & Tropical Medicine,0.690267,0.57095,1,London School of Hygiene & Tropical Medicine,National Centre for Infectious Diseases,1,1
London School of Hygiene & Tropical Medicine--National Centre for Infectious Diseases#amr_hai,London School of Hygiene & Tropical Medicine--National Centre for Infectious Diseases,amr_hai,2,National Centre for Infectious Diseases,National Centre for Infectious Diseases,0.63178,0.485666,1,London School of Hygiene & Tropical Medicine,National Centre for Infectious Diseases,1,1
London School of Hygiene & Tropical Medicine--Peter Doherty Institute for Infection and Immunity#amr_hai,London School of Hygiene & Tropical Medicine--Peter Doherty Institute for Infection and Immunity,amr_hai,1,London School of Hygiene & Tropical Medicine,London School of Hygiene & Tropical Medicine,0.690267,0.57095,1,London School of Hygiene & Tropical Medicine,Peter Doherty Institute for Infection and Immunity,1,0
London School of Hygiene & Tropical Medicine--Peter Doherty Institute for Infection and Immunity#amr_hai,London School of Hygiene & Tropical Medicine--Peter Doherty Institute for Infection and Immunity,amr_hai,2,Peter Doherty Institute for Infection and Immunity,Peter Doherty Institute for Infection and Immunity,0.689984,0.23488,1,London School of Hygiene & Tropical Medicine,Peter Doherty Institute for Infection and Immunity,1,0
London School of Hygiene & Tropical Medicine--Tan Tock Seng Hospital#amr_hai,London School of Hygiene & Tropical Medicine--Tan Tock Seng Hospital,amr_hai,1,London School of Hygiene & Tropical Medicine,London School of Hygiene & Tropical Medicine,0.690267,0.57095,1,London School of Hygiene & Tropical Medicine,Tan Tock Seng Hospital,1,1
London School of Hygiene & Tropical Medicine--Tan Tock Seng Hospital#amr_hai,London School of Hygiene & Tropical Medicine--Tan Tock Seng Hospital,amr_hai,2,Tan Tock Seng Hospital,Tan Tock Seng Hospital,0.54699,0.379399,1,London School of Hygiene & Tropical Medicine,Tan Tock Seng Hospital,1,1
London School of Hygiene & Tropical Medicine--University of Melbourne#amr_hai,London School of Hygiene & Tropical Medicine--University of Melbourne,amr_hai,1,London School of Hygiene & Tropical Medicine,London School of Hygiene & Tropical Medicine,0.690267,0.57095,1,London School of Hygiene & Tropical Medicine,University of Melbourne,1,0
London School of Hygiene & Tropical Medicine--University of Melbourne#amr_hai,London School of Hygiene & Tropical Medicine--University of Melbourne,amr_hai,2,University of Melbourne,University of Melbourne,0.717864,0.499267,1,London School of Hygiene & Tropical Medicine,University of Melbourne,1,0
Nanyang Technological University--Peter Doherty Institute for Infection and Immunity#amr_hai,Nanyang Technological University--Peter Doherty Institute for Infection and Immunity,amr_hai,1,Nanyang Technological University,Nanyang Technological University,0.664988,0.515565,1,Nanyang Technological University,Peter Doherty Institute for Infection and Immunity,1,1
Nanyang Technological University--Peter Doherty Institute for Infection and Immunity#amr_hai,Nanyang Technological University--Peter Doherty Institute for Infection and Immunity,amr_hai,2,Peter Doherty Institute for Infection and Immunity,Peter Doherty Institute for Infection and Immunity,0.689984,0.23488,1,Nanyang Technological University,Peter Doherty Institute for Infection and Immunity,1,1
National Centre for Infectious Diseases--Peter Doherty Institute for Infection and Immunity#amr_hai,National Centre for Infectious Diseases--Peter Doherty Institute for Infection and Immunity,amr_hai,1,National Centre for Infectious Diseases,National Centre for Infectious Diseases,0.63178,0.485666,1,National Centre for Infectious Diseases,Peter Doherty Institute for Infection and Immunity,1,1
National Centre for Infectious Diseases--Peter Doherty Institute for Infection and Immunity#amr_hai,National Centre for Infectious Diseases--Peter Doherty Institute for Infection and Immunity,amr_hai,2,Peter Doherty Institute for Infection and Immunity,Peter Doherty Institute for Infection and Immunity,0.689984,0.23488,1,National Centre for Infectious Diseases,Peter Doherty Institute for Infection and Immunity,1,1
National University of Singapore--Peter Doherty Institute for Infection and Immunity#amr_hai,National University of Singapore--Peter Doherty Institute for Infection and Immunity,amr_hai,1,National University of Singapore,National University of Singapore,0.59751,0.507684,1,National University of Singapore,Peter Doherty Institute for Infection and Immunity,1,1
National University of Singapore--Peter Doherty Institute for Infection and Immunity#amr_hai,National University of Singapore--Peter Doherty Institute for Infection and Immunity,amr_hai,2,Peter Doherty Institute for Infection and Immunity,Peter Doherty Institute for Infection and Immunity,0.689984,0.23488,1,National University of Singapore,Peter Doherty Institute for Infection and Immunity,1,1
Peter Doherty Institute for Infection and Immunity--Tan Tock Seng Hospital#amr_hai,Peter Doherty Institute for Infection and Immunity--Tan Tock Seng Hospital,amr_hai,1,Peter Doherty Institute for Infection and Immunity,Peter Doherty Institute for Infection and Immunity,0.689984,0.23488,1,Peter Doherty Institute for Infection and Immunity,Tan Tock Seng Hospital,1,1
Peter Doherty Institute for Infection and Immunity--Tan Tock Seng Hospital#amr_hai,Peter Doherty Institute for Infection and Immunity--Tan Tock Seng Hospital,amr_hai,2,Tan Tock Seng Hospital,Tan Tock Seng Hospital,0.54699,0.379399,1,Peter Doherty Institute for Infection and Immunity,Tan Tock Seng Hospital,1,1
Peter Doherty Institute for Infection and Immunity--University of Melbourne#amr_hai,Peter Doherty Institute for Infection and Immunity--University of Melbourne,amr_hai,1,Peter Doherty Institute for Infection and Immunity,Peter Doherty Institute for Infection and Immunity,0.689984,0.23488,1,Peter Doherty Institute for Infection and Immunity,University of Melbourne,0,0
Peter Doherty Institute for Infection and Immunity--University of Melbourne#amr_hai,Peter Doherty Institute for Infection and Immunity--University of Melbourne,amr_hai,2,University of Melbourne,University of Melbourne,0.717864,0.499267,1,Peter Doherty Institute for Infection and Immunity,University of Melbourne,0,0
Communicable Diseases Agency--Duke-NUS Medical School#other_id,Communicable Diseases Agency--Duke-NUS Medical School,other_id,1,Communicable Diseases Agency,Communicable Diseases Agency,0.485721,0.581763,1,Communicable Diseases Agency,Duke-NUS Medical School,0,1
Communicable Diseases Agency--Duke-NUS Medical School#other_id,Communicable Diseases Agency--Duke-NUS Medical School,other_id,2,Duke-NUS Medical School,Duke-NUS Medical School,0.465633,0.441401,1,Communicable Diseases Agency,Duke-NUS Medical School,0,1
Communicable Diseases Agency--Mahidol University#other_id,Communicable Diseases Agency--Mahidol University,other_id,1,Communicable Diseases Agency,Communicable Diseases Agency,0.485721,0.581763,1,Communicable Diseases Agency,Mahidol University,1,1
Communicable Diseases Agency--Mahidol University#other_id,Communicable Diseases Agency--Mahidol University,other_id,2,Mahidol University,Mahidol University,0.601502,0.392831,1,Communicable Diseases Agency,Mahidol University,1,1
Communicable Diseases Agency--Nanyang Technological University#other_id,Communicable Diseases Agency--Nanyang Technological University,other_id,1,Communicable Diseases Agency,Communicable Diseases Agency,0.485721,0.581763,1,Communicable Diseases Agency,Nanyang Technological University,0,1
Communicable Diseases Agency--Nanyang Technological University#other_id,Communicable Diseases Agency--Nanyang Technological University,other_id,2,Nanyang Technological University,Nanyang Technological University,0.664988,0.515565,1,Communicable Diseases Agency,Nanyang Technological University,0,1
Communicable Diseases Agency--National Centre for Infectious Diseases#other_id,Communicable Diseases Agency--National Centre for Infectious Diseases,other_id,1,Communicable Diseases Agency,Communicable Diseases Agency,0.485721,0.581763,1,Communicable Diseases Agency,National Centre for Infectious Diseases,0,1
Communicable Diseases Agency--National Centre for Infectious Diseases#other_id,Communicable Diseases Agency--National Centre for Infectious Diseases,other_id,2,National Centre for Infectious Diseases,National Centre for Infectious Diseases,0.63178,0.485666,1,Communicable Diseases Agency,National Centre for Infectious Diseases,0,1
Communicable Diseases Agency--National University Hospital#other_id,Communicable Diseases Agency--National University Hospital,other_id,1,Communicable Diseases Agency,Communicable Diseases Agency,0.485721,0.581763,1,Communicable Diseases Agency,National University Hospital,0,1
Communicable Diseases Agency--National University Hospital#other_id,Communicable Diseases Agency--National University Hospital,other_id,2,National University Hospital,National University Hospital,0.51926,0.342069,1,Communicable Diseases Agency,National University Hospital,0,1
Communicable Diseases Agency--National University of Singapore#other_id,Communicable Diseases Agency--National University of Singapore,other_id,1,Communicable Diseases Agency,Communicable Diseases Agency,0.485721,0.581763,1,Communicable Diseases Agency,National University of Singapore,0,1
Communicable Diseases Agency--National University of Singapore#other_id,Communicable Diseases Agency--National University of Singapore,other_id,2,National University of Singapore,National University of Singapore,0.59751,0.507684,1,Communicable Diseases Agency,National University of Singapore,0,1
Communicable Diseases Agency--Singapore General Hospital#other_id,Communicable Diseases Agency--Singapore General Hospital,other_id,1,Communicable Diseases Agency,Communicable Diseases Agency,0.485721,0.581763,1,Communicable Diseases Agency,Singapore General Hospital,0,1
Communicable Diseases Agency--Singapore General Hospital#other_id,Communicable Diseases Agency--Singapore General Hospital,other_id,2,Singapore General Hospital,Singapore General Hospital,0.475209,0.374832,1,Communicable Diseases Agency,Singapore General Hospital,0,1
Communicable Diseases Agency--Tan Tock Seng Hospital#other_id,Communicable Diseases Agency--Tan Tock Seng Hospital,other_id,1,Communicable Diseases Agency,Communicable Diseases Agency,0.485721,0.581763,1,Communicable Diseases Agency,Tan Tock Seng Hospital,0,1
Communicable Diseases Agency--Tan Tock Seng Hospital#other_id,Communicable Diseases Agency--Tan Tock Seng Hospital,other_id,2,Tan Tock Seng Hospital,Tan Tock Seng Hospital,0.54699,0.379399,1,Communicable Diseases Agency,Tan Tock Seng Hospital,0,1
Communicable Diseases Agency--University of Malaya#other_id,Communicable Diseases Agency--University of Malaya,other_id,1,Communicable Diseases Agency,Communicable Diseases Agency,0.485721,0.581763,1,Communicable Diseases Agency,University of Malaya,1,1
Communicable Diseases Agency--University of Malaya#other_id,Communicable Diseases Agency--University of Malaya,other_id,2,University of Malaya,University of Malaya,0.573788,0.583368,1,Communicable Diseases Agency,University of Malaya,1,1
Communicable Diseases Agency--University of Oxford#other_id,Communicable Diseases Agency--University of Oxford,other_id,1,Communicable Diseases Agency,Communicable Diseases Agency,0.485721,0.581763,1,Communicable Diseases Agency,University of Oxford,1,1
Communicable Diseases Agency--University of Oxford#other_id,Communicable Diseases Agency--University of Oxford,other_id,2,University of Oxford,University of Oxford,0.658401,0.434596,1,Communicable Diseases Agency,University of Oxford,1,1
Duke-NUS Medical School--Mahidol University#other_id,Duke-NUS Medical School--Mahidol University,other_id,1,Duke-NUS Medical School,Duke-NUS Medical School,0.465633,0.441401,1,Duke-NUS Medical School,Mahidol University,1,1
Duke-NUS Medical School--Mahidol University#other_id,Duke-NUS Medical School--Mahidol University,other_id,2,Mahidol University,Mahidol University,0.601502,0.392831,1,Duke-NUS Medical School,Mahidol University,1,1
Duke-NUS Medical School--Nanyang Technological University#other_id,Duke-NUS Medical School--Nanyang Technological University,other_id,1,Duke-NUS Medical School,Duke-NUS Medical School,0.465633,0.441401,1,Duke-NUS Medical School,Nanyang Technological University,0,1
Duke-NUS Medical School--Nanyang Technological University#other_id,Duke-NUS Medical School--Nanyang Technological University,other_id,2,Nanyang Technological University,Nanyang Technological University,0.664988,0.515565,1,Duke-NUS Medical School,Nanyang Technological University,0,1
Duke-NUS Medical School--National Centre for Infectious Diseases#other_id,Duke-NUS Medical School--National Centre for Infectious Diseases,other_id,1,Duke-NUS Medical School,Duke-NUS Medical School,0.465633,0.441401,1,Duke-NUS Medical School,National Centre for Infectious Diseases,0,1
Duke-NUS Medical School--National Centre for Infectious Diseases#other_id,Duke-NUS Medical School--National Centre for Infectious Diseases,other_id,2,National Centre for Infectious Diseases,National Centre for Infectious Diseases,0.63178,0.485666,1,Duke-NUS Medical School,National Centre for Infectious Diseases,0,1
Duke-NUS Medical School--National University Hospital#other_id,Duke-NUS Medical School--National University Hospital,other_id,1,Duke-NUS Medical School,Duke-NUS Medical School,0.465633,0.441401,1,Duke-NUS Medical School,National University Hospital,0,1
Duke-NUS Medical School--National University Hospital#other_id,Duke-NUS Medical School--National University Hospital,other_id,2,National University Hospital,National University Hospital,0.51926,0.342069,1,Duke-NUS Medical School,National University Hospital,0,1
Duke-NUS Medical School--Tan Tock Seng Hospital#other_id,Duke-NUS Medical School--Tan Tock Seng Hospital,other_id,1,Duke-NUS Medical School,Duke-NUS Medical School,0.465633,0.441401,1,Duke-NUS Medical School,Tan Tock Seng Hospital,0,1
Duke-NUS Medical School--Tan Tock Seng Hospital#other_id,Duke-NUS Medical School--Tan Tock Seng Hospital,other_id,2,Tan Tock Seng Hospital,Tan Tock Seng Hospital,0.54699,0.379399,1,Duke-NUS Medical School,Tan Tock Seng Hospital,0,1
Duke-NUS Medical School--University of Malaya#other_id,Duke-NUS Medical School--University of Malaya,other_id,1,Duke-NUS Medical School,Duke-NUS Medical School,0.465633,0.441401,1,Duke-NUS Medical School,University of Malaya,1,1
Duke-NUS Medical School--University of Malaya#other_id,Duke-NUS Medical School--University of Malaya,other_id,2,University of Malaya,University of Malaya,0.573788,0.583368,1,Duke-NUS Medical School,University of Malaya,1,1
Duke-NUS Medical School--University of Oxford#other_id,Duke-NUS Medical School--University of Oxford,other_id,1,Duke-NUS Medical School,Duke-NUS Medical School,0.465633,0.441401,1,Duke-NUS Medical School,University of Oxford,1,1
Duke-NUS Medical School--University of Oxford#other_id,Duke-NUS Medical School--University of Oxford,other_id,2,University of Oxford,University of Oxford,0.658401,0.434596,1,Duke-NUS Medical School,University of Oxford,1,1
Mahidol University--Nanyang Technological University#other_id,Mahidol University--Nanyang Technological University,other_id,1,Mahidol University,Mahidol University,0.601502,0.392831,1,Mahidol University,Nanyang Technological University,1,1
Mahidol University--Nanyang Technological University#other_id,Mahidol University--Nanyang Technological University,other_id,2,Nanyang Technological University,Nanyang Technological University,0.664988,0.515565,1,Mahidol University,Nanyang Technological University,1,1
Mahidol University--National Centre for Infectious Diseases#other_id,Mahidol University--National Centre for Infectious Diseases,other_id,1,Mahidol University,Mahidol University,0.601502,0.392831,1,Mahidol University,National Centre for Infectious Diseases,1,1
Mahidol University--National Centre for Infectious Diseases#other_id,Mahidol University--National Centre for Infectious Diseases,other_id,2,National Centre for Infectious Diseases,National Centre for Infectious Diseases,0.63178,0.485666,1,Mahidol University,National Centre for Infectious Diseases,1,1
Mahidol University--National University Hospital#other_id,Mahidol University--National University Hospital,other_id,1,Mahidol University,Mahidol University,0.601502,0.392831,1,Mahidol University,National University Hospital,1,1
Mahidol University--National University Hospital#other_id,Mahidol University--National University Hospital,other_id,2,National University Hospital,National University Hospital,0.51926,0.342069,1,Mahidol University,National University Hospital,1,1
Mahidol University--National University of Singapore#other_id,Mahidol University--National University of Singapore,other_id,1,Mahidol University,Mahidol University,0.601502,0.392831,1,Mahidol University,National University of Singapore,1,1
Mahidol University--National University of Singapore#other_id,Mahidol University--National University of Singapore,other_id,2,National University of Singapore,National University of Singapore,0.59751,0.507684,1,Mahidol University,National University of Singapore,1,1
Mahidol University--Singapore General Hospital#other_id,Mahidol University--Singapore General Hospital,other_id,1,Mahidol University,Mahidol University,0.601502,0.392831,1,Mahidol University,Singapore General Hospital,1,1
Mahidol University--Singapore General Hospital#other_id,Mahidol University--Singapore General Hospital,other_id,2,Singapore General Hospital,Singapore General Hospital,0.475209,0.374832,1,Mahidol University,Singapore General Hospital,1,1
Mahidol University--Tan Tock Seng Hospital#other_id,Mahidol University--Tan Tock Seng Hospital,other_id,1,Mahidol University,Mahidol University,0.601502,0.392831,1,Mahidol University,Tan Tock Seng Hospital,1,1
Mahidol University--Tan Tock Seng Hospital#other_id,Mahidol University--Tan Tock Seng Hospital,other_id,2,Tan Tock Seng Hospital,Tan Tock Seng Hospital,0.54699,0.379399,1,Mahidol University,Tan Tock Seng Hospital,1,1
Mahidol University--University of Malaya#other_id,Mahidol University--University of Malaya,other_id,1,Mahidol University,Mahidol University,0.601502,0.392831,1,Mahidol University,University of Malaya,1,0
Mahidol University--University of Malaya#other_id,Mahidol University--University of Malaya,other_id,2,University of Malaya,University of Malaya,0.573788,0.583368,1,Mahidol University,University of Malaya,1,0
Mahidol University--University of Oxford#other_id,Mahidol University--University of Oxford,other_id,1,Mahidol University,Mahidol University,0.601502,0.392831,1,Mahidol University,University of Oxford,1,0
Mahidol University--University of Oxford#other_id,Mahidol University--University of Oxford,other_id,2,University of Oxford,University of Oxford,0.658401,0.434596,1,Mahidol University,University of Oxford,1,0
Nanyang Technological University--Tan Tock Seng Hospital#other_id,Nanyang Technological University--Tan Tock Seng Hospital,other_id,1,Nanyang Technological University,Nanyang Technological University,0.664988,0.515565,1,Nanyang Technological University,Tan Tock Seng Hospital,0,1
Nanyang Technological University--Tan Tock Seng Hospital#other_id,Nanyang Technological University--Tan Tock Seng Hospital,other_id,2,Tan Tock Seng Hospital,Tan Tock Seng Hospital,0.54699,0.379399,1,Nanyang Technological University,Tan Tock Seng Hospital,0,1
Nanyang Technological University--University of Malaya#other_id,Nanyang Technological University--University of Malaya,other_id,1,Nanyang Technological University,Nanyang Technological University,0.664988,0.515565,1,Nanyang Technological University,University of Malaya,1,1
Nanyang Technological University--University of Malaya#other_id,Nanyang Technological University--University of Malaya,other_id,2,University of Malaya,University of Malaya,0.573788,0.583368,1,Nanyang Technological University,University of Malaya,1,1
Nanyang Technological University--University of Oxford#other_id,Nanyang Technological University--University of Oxford,other_id,1,Nanyang Technological University,Nanyang Technological University,0.664988,0.515565,1,Nanyang Technological University,University of Oxford,1,1
Nanyang Technological University--University of Oxford#other_id,Nanyang Technological University--University of Oxford,other_id,2,University of Oxford,University of Oxford,0.658401,0.434596,1,Nanyang Technological University,University of Oxford,1,1
National Centre for Infectious Diseases--National University Hospital#other_id,National Centre for Infectious Diseases--National University Hospital,other_id,1,National Centre for Infectious Diseases,National Centre for Infectious Diseases,0.63178,0.485666,1,National Centre for Infectious Diseases,National University Hospital,0,1
National Centre for Infectious Diseases--National University Hospital#other_id,National Centre for Infectious Diseases--National University Hospital,other_id,2,National University Hospital,National University Hospital,0.51926,0.342069,1,National Centre for Infectious Diseases,National University Hospital,0,1
National Centre for Infectious Diseases--Singapore General Hospital#other_id,National Centre for Infectious Diseases--Singapore General Hospital,other_id,1,National Centre for Infectious Diseases,National Centre for Infectious Diseases,0.63178,0.485666,1,National Centre for Infectious Diseases,Singapore General Hospital,0,1
National Centre for Infectious Diseases--Singapore General Hospital#other_id,National Centre for Infectious Diseases--Singapore General Hospital,other_id,2,Singapore General Hospital,Singapore General Hospital,0.475209,0.374832,1,National Centre for Infectious Diseases,Singapore General Hospital,0,1
National Centre for Infectious Diseases--Tan Tock Seng Hospital#other_id,National Centre for Infectious Diseases--Tan Tock Seng Hospital,other_id,1,National Centre for Infectious Diseases,National Centre for Infectious Diseases,0.63178,0.485666,1,National Centre for Infectious Diseases,Tan Tock Seng Hospital,0,1
National Centre for Infectious Diseases--Tan Tock Seng Hospital#other_id,National Centre for Infectious Diseases--Tan Tock Seng Hospital,other_id,2,Tan Tock Seng Hospital,Tan Tock Seng Hospital,0.54699,0.379399,1,National Centre for Infectious Diseases,Tan Tock Seng Hospital,0,1
National Centre for Infectious Diseases--University of Malaya#other_id,National Centre for Infectious Diseases--University of Malaya,other_id,1,National Centre for Infectious Diseases,National Centre for Infectious Diseases,0.63178,0.485666,1,National Centre for Infectious Diseases,University of Malaya,1,1
National Centre for Infectious Diseases--University of Malaya#other_id,National Centre for Infectious Diseases--University of Malaya,other_id,2,University of Malaya,University of Malaya,0.573788,0.583368,1,National Centre for Infectious Diseases,University of Malaya,1,1
National Centre for Infectious Diseases--University of Oxford#other_id,National Centre for Infectious Diseases--University of Oxford,other_id,1,National Centre for Infectious Diseases,National Centre for Infectious Diseases,0.63178,0.485666,1,National Centre for Infectious Diseases,University of Oxford,1,1
National Centre for Infectious Diseases--University of Oxford#other_id,National Centre for Infectious Diseases--University of Oxford,other_id,2,University of Oxford,University of Oxford,0.658401,0.434596,1,National Centre for Infectious Diseases,University of Oxford,1,1
National University Hospital--Tan Tock Seng Hospital#other_id,National University Hospital--Tan Tock Seng Hospital,other_id,1,National University Hospital,National University Hospital,0.51926,0.342069,1,National University Hospital,Tan Tock Seng Hospital,0,1
National University Hospital--Tan Tock Seng Hospital#other_id,National University Hospital--Tan Tock Seng Hospital,other_id,2,Tan Tock Seng Hospital,Tan Tock Seng Hospital,0.54699,0.379399,1,National University Hospital,Tan Tock Seng Hospital,0,1
National University Hospital--University of Malaya#other_id,National University Hospital--University of Malaya,other_id,1,National University Hospital,National University Hospital,0.51926,0.342069,1,National University Hospital,University of Malaya,1,1
National University Hospital--University of Malaya#other_id,National University Hospital--University of Malaya,other_id,2,University of Malaya,University of Malaya,0.573788,0.583368,1,National University Hospital,University of Malaya,1,1
National University Hospital--University of Oxford#other_id,National University Hospital--University of Oxford,other_id,1,National University Hospital,National University Hospital,0.51926,0.342069,1,National University Hospital,University of Oxford,1,1
National University Hospital--University of Oxford#other_id,National University Hospital--University of Oxford,other_id,2,University of Oxford,University of Oxford,0.658401,0.434596,1,National University Hospital,University of Oxford,1,1
National University of Singapore--Tan Tock Seng Hospital#other_id,National University of Singapore--Tan Tock Seng Hospital,other_id,1,National University of Singapore,National University of Singapore,0.59751,0.507684,1,National University of Singapore,Tan Tock Seng Hospital,0,1
National University of Singapore--Tan Tock Seng Hospital#other_id,National University of Singapore--Tan Tock Seng Hospital,other_id,2,Tan Tock Seng Hospital,Tan Tock Seng Hospital,0.54699,0.379399,1,National University of Singapore,Tan Tock Seng Hospital,0,1
National University of Singapore--University of Malaya#other_id,National University of Singapore--University of Malaya,other_id,1,National University of Singapore,National University of Singapore,0.59751,0.507684,1,National University of Singapore,University of Malaya,1,1
National University of Singapore--University of Malaya#other_id,National University of Singapore--University of Malaya,other_id,2,University of Malaya,University of Malaya,0.573788,0.583368,1,National University of Singapore,University of Malaya,1,1
National University of Singapore--University of Oxford#other_id,National University of Singapore--University of Oxford,other_id,1,National University of Singapore,National University of Singapore,0.59751,0.507684,1,National University of Singapore,University of Oxford,1,1
National University of Singapore--University of Oxford#other_id,National University of Singapore--University of Oxford,other_id,2,University of Oxford,University of Oxford,0.658401,0.434596,1,National University of Singapore,University of Oxford,1,1
Singapore General Hospital--Tan Tock Seng Hospital#other_id,Singapore General Hospital--Tan Tock Seng Hospital,other_id,1,Singapore General Hospital,Singapore General Hospital,0.475209,0.374832,1,Singapore General Hospital,Tan Tock Seng Hospital,0,1
Singapore General Hospital--Tan Tock Seng Hospital#other_id,Singapore General Hospital--Tan Tock Seng Hospital,other_id,2,Tan Tock Seng Hospital,Tan Tock Seng Hospital,0.54699,0.379399,1,Singapore General Hospital,Tan Tock Seng Hospital,0,1
Singapore General Hospital--University of Malaya#other_id,Singapore General Hospital--University of Malaya,other_id,1,Singapore General Hospital,Singapore General Hospital,0.475209,0.374832,1,Singapore General Hospital,University of Malaya,1,1
Singapore General Hospital--University of Malaya#other_id,Singapore General Hospital--University of Malaya,other_id,2,University of Malaya,University of Malaya,0.573788,0.583368,1,Singapore General Hospital,University of Malaya,1,1
Singapore General Hospital--University of Oxford#other_id,Singapore General Hospital--University of Oxford,other_id,1,Singapore General Hospital,Singapore General Hospital,0.475209,0.374832,1,Singapore General Hospital,University of Oxford,1,1
Singapore General Hospital--University of Oxford#other_id,Singapore General Hospital--University of Oxford,other_id,2,University of Oxford,University of Oxford,0.658401,0.434596,1,Singapore General Hospital,University of Oxford,1,1
Tan Tock Seng Hospital--University of Malaya#other_id,Tan Tock Seng Hospital--University of Malaya,other_id,1,Tan Tock Seng Hospital,Tan Tock Seng Hospital,0.54699,0.379399,1,Tan Tock Seng Hospital,University of Malaya,1,1
Tan Tock Seng Hospital--University of Malaya#other_id,Tan Tock Seng Hospital--University of Malaya,other_id,2,University of Malaya,University of Malaya,0.573788,0.583368,1,Tan Tock Seng Hospital,University of Malaya,1,1
Tan Tock Seng Hospital--University of Oxford#other_id,Tan Tock Seng Hospital--University of Oxford,other_id,1,Tan Tock Seng Hospital,Tan Tock Seng Hospital,0.54699,0.379399,1,Tan Tock Seng Hospital,University of Oxford,1,1
Tan Tock Seng Hospital--University of Oxford#other_id,Tan Tock Seng Hospital--University of Oxford,other_id,2,University of Oxford,University of Oxford,0.658401,0.434596,1,Tan Tock Seng Hospital,University of Oxford,1,1
University of Malaya--University of Oxford#other_id,University of Malaya--University of Oxford,other_id,1,University of Malaya,University of Malaya,0.573788,0.583368,1,University of Malaya,University of Oxford,1,0
University of Malaya--University of Oxford#other_id,University of Malaya--University of Oxford,other_id,2,University of Oxford,University of Oxford,0.658401,0.434596,1,University of Malaya,University of Oxford,1,0
Alexandra Hospital--National University Hospital#amr_hai,Alexandra Hospital--National University Hospital,amr_hai,1,Alexandra Hospital,Alexandra Hospital,0.348574,0.256501,1,Alexandra Hospital,National University Hospital,0,1
Alexandra Hospital--National University Hospital#amr_hai,Alexandra Hospital--National University Hospital,amr_hai,2,National University Hospital,National University Hospital,0.51926,0.342069,1,Alexandra Hospital,National University Hospital,0,1
Alexandra Hospital--National University of Singapore#amr_hai,Alexandra Hospital--National University of Singapore,amr_hai,1,Alexandra Hospital,Alexandra Hospital,0.348574,0.256501,1,Alexandra Hospital,National University of Singapore,0,1
Alexandra Hospital--National University of Singapore#amr_hai,Alexandra Hospital--National University of Singapore,amr_hai,2,National University of Singapore,National University of Singapore,0.59751,0.507684,1,Alexandra Hospital,National University of Singapore,0,1
A*STAR Infectious Diseases Labs--University of Oxford#tb,A*STAR Infectious Diseases Labs--University of Oxford,tb,1,A*STAR Infectious Diseases Labs,A*STAR Infectious Diseases Labs,0.805549,0.407654,1,A*STAR Infectious Diseases Labs,University of Oxford,1,1
A*STAR Infectious Diseases Labs--University of Oxford#tb,A*STAR Infectious Diseases Labs--University of Oxford,tb,2,University of Oxford,University of Oxford,0.658401,0.434596,1,A*STAR Infectious Diseases Labs,University of Oxford,1,1
National Centre for Infectious Diseases--University of Oxford#tb,National Centre for Infectious Diseases--University of Oxford,tb,1,National Centre for Infectious Diseases,National Centre for Infectious Diseases,0.63178,0.485666,1,National Centre for Infectious Diseases,University of Oxford,1,1
National Centre for Infectious Diseases--University of Oxford#tb,National Centre for Infectious Diseases--University of Oxford,tb,2,University of Oxford,University of Oxford,0.658401,0.434596,1,National Centre for Infectious Diseases,University of Oxford,1,1
Environmental Health Institute--National Environment Agency#vector_borne,Environmental Health Institute--National Environment Agency,vector_borne,1,Environmental Health Institute,Environmental Health Institute,0.603339,0.790288,1,Environmental Health Institute,National Environment Agency,0,1
Environmental Health Institute--National Environment Agency#vector_borne,Environmental Health Institute--National Environment Agency,vector_borne,2,National Environment Agency,National Environment Agency,0.727957,0.791093,1,Environmental Health Institute,National Environment Agency,0,1
Experimental Drug Development Centre--Nanyang Technological University#tb,Experimental Drug Development Centre--Nanyang Technological University,tb,1,Experimental Drug Development Centre,Experimental Drug Development Centre,0.825502,0.790908,1,Experimental Drug Development Centre,Nanyang Technological University,0,1
Experimental Drug Development Centre--Nanyang Technological University#tb,Experimental Drug Development Centre--Nanyang Technological University,tb,2,Nanyang Technological University,Nanyang Technological University,0.664988,0.515565,1,Experimental Drug Development Centre,Nanyang Technological University,0,1
Experimental Drug Development Centre--National Centre for Infectious Diseases#tb,Experimental Drug Development Centre--National Centre for Infectious Diseases,tb,1,Experimental Drug Development Centre,Experimental Drug Development Centre,0.825502,0.790908,1,Experimental Drug Development Centre,National Centre for Infectious Diseases,0,1
Experimental Drug Development Centre--National Centre for Infectious Diseases#tb,Experimental Drug Development Centre--National Centre for Infectious Diseases,tb,2,National Centre for Infectious Diseases,National Centre for Infectious Diseases,0.63178,0.485666,1,Experimental Drug Development Centre,National Centre for Infectious Diseases,0,1
National University Health System--National University of Singapore#vector_borne,National University Health System--National University of Singapore,vector_borne,1,National University Health System,National University Health System,0.554169,0.437829,1,National University Health System,National University of Singapore,0,1
National University Health System--National University of Singapore#vector_borne,National University Health System--National University of Singapore,vector_borne,2,National University of Singapore,National University of Singapore,0.59751,0.507684,1,National University Health System,National University of Singapore,0,1
National University of Singapore--US Centers for Disease Control and Prevention#vector_borne,National University of Singapore--US Centers for Disease Control and Prevention,vector_borne,1,National University of Singapore,National University of Singapore,0.59751,0.507684,1,National University of Singapore,US Centers for Disease Control and Prevention,1,1
National University of Singapore--US Centers for Disease Control and Prevention#vector_borne,National University of Singapore--US Centers for Disease Control and Prevention,vector_borne,2,US Centers for Disease Control and Prevention,US Centers for Disease Control and Prevention,0.889454,0.787793,1,National University of Singapore,US Centers for Disease Control and Prevention,1,1
US Centers for Disease Control and Prevention--World Health Organization#vector_borne,US Centers for Disease Control and Prevention--World Health Organization,vector_borne,1,US Centers for Disease Control and Prevention,US Centers for Disease Control and Prevention,0.889454,0.787793,1,US Centers for Disease Control and Prevention,World Health Organization,1,0
US Centers for Disease Control and Prevention--World Health Organization#vector_borne,US Centers for Disease Control and Prevention--World Health Organization,vector_borne,2,World Health Organization,World Health Organization,0.823585,0.550849,1,US Centers for Disease Control and Prevention,World Health Organization,1,0
Duke-NUS Medical School--Harvard University#tb,Duke-NUS Medical School--Harvard University,tb,1,Duke-NUS Medical School,Duke-NUS Medical School,0.465633,0.441401,1,Duke-NUS Medical School,Harvard University,1,1
Duke-NUS Medical School--Harvard University#tb,Duke-NUS Medical School--Harvard University,tb,2,Harvard University,Harvard University,0.690017,0.63864,1,Duke-NUS Medical School,Harvard University,1,1
Duke-NUS Medical School--National University of Singapore#tb,Duke-NUS Medical School--National University of Singapore,tb,1,Duke-NUS Medical School,Duke-NUS Medical School,0.465633,0.441401,1,Duke-NUS Medical School,National University of Singapore,0,1
Duke-NUS Medical School--National University of Singapore#tb,Duke-NUS Medical School--National University of Singapore,tb,2,National University of Singapore,National University of Singapore,0.59751,0.507684,1,Duke-NUS Medical School,National University of Singapore,0,1
Harvard University--Nanyang Technological University#tb,Harvard University--Nanyang Technological University,tb,1,Harvard University,Harvard University,0.690017,0.63864,1,Harvard University,Nanyang Technological University,1,1
Harvard University--Nanyang Technological University#tb,Harvard University--Nanyang Technological University,tb,2,Nanyang Technological University,Nanyang Technological University,0.664988,0.515565,1,Harvard University,Nanyang Technological University,1,1
Harvard University--National University of Singapore#tb,Harvard University--National University of Singapore,tb,1,Harvard University,Harvard University,0.690017,0.63864,1,Harvard University,National University of Singapore,1,1
Harvard University--National University of Singapore#tb,Harvard University--National University of Singapore,tb,2,National University of Singapore,National University of Singapore,0.59751,0.507684,1,Harvard University,National University of Singapore,1,1
Harvard University--Tan Tock Seng Hospital#tb,Harvard University--Tan Tock Seng Hospital,tb,1,Harvard University,Harvard University,0.690017,0.63864,1,Harvard University,Tan Tock Seng Hospital,1,1
Harvard University--Tan Tock Seng Hospital#tb,Harvard University--Tan Tock Seng Hospital,tb,2,Tan Tock Seng Hospital,Tan Tock Seng Hospital,0.54699,0.379399,1,Harvard University,Tan Tock Seng Hospital,1,1
Harvard University--Universitas Indonesia#tb,Harvard University--Universitas Indonesia,tb,1,Harvard University,Harvard University,0.690017,0.63864,1,Harvard University,Universitas Indonesia,1,0
Harvard University--Universitas Indonesia#tb,Harvard University--Universitas Indonesia,tb,2,Universitas Indonesia,Universitas Indonesia,0.62933,0.345326,1,Harvard University,Universitas Indonesia,1,0
National University of Singapore--Universitas Indonesia#tb,National University of Singapore--Universitas Indonesia,tb,1,National University of Singapore,National University of Singapore,0.59751,0.507684,1,National University of Singapore,Universitas Indonesia,1,1
National University of Singapore--Universitas Indonesia#tb,National University of Singapore--Universitas Indonesia,tb,2,Universitas Indonesia,Universitas Indonesia,0.62933,0.345326,1,National University of Singapore,Universitas Indonesia,1,1
National University Health System--National University of Singapore#sti,National University Health System--National University of Singapore,sti,1,National University Health System,National University Health System,0.554169,0.437829,1,National University Health System,National University of Singapore,0,1
National University Health System--National University of Singapore#sti,National University Health System--National University of Singapore,sti,2,National University of Singapore,National University of Singapore,0.59751,0.507684,1,National University Health System,National University of Singapore,0,1
Duke-NUS Medical School--Ng Teng Fong General Hospital#amr_hai,Duke-NUS Medical School--Ng Teng Fong General Hospital,amr_hai,1,Duke-NUS Medical School,Duke-NUS Medical School,0.465633,0.441401,1,Duke-NUS Medical School,Ng Teng Fong General Hospital,0,1
Duke-NUS Medical School--Ng Teng Fong General Hospital#amr_hai,Duke-NUS Medical School--Ng Teng Fong General Hospital,amr_hai,2,Ng Teng Fong General Hospital,Ng Teng Fong General Hospital,0.0,0.431981,1,Duke-NUS Medical School,Ng Teng Fong General Hospital,0,1
Environmental Health Institute--University of Melbourne#vector_borne,Environmental Health Institute--University of Melbourne,vector_borne,1,Environmental Health Institute,Environmental Health Institute,0.603339,0.790288,1,Environmental Health Institute,University of Melbourne,1,1
Environmental Health Institute--University of Melbourne#vector_borne,Environmental Health Institute--University of Melbourne,vector_borne,2,University of Melbourne,University of Melbourne,0.717864,0.499267,1,Environmental Health Institute,University of Melbourne,1,1
Alexandra Hospital--National University Hospital#tb,Alexandra Hospital--National University Hospital,tb,1,Alexandra Hospital,Alexandra Hospital,0.348574,0.256501,1,Alexandra Hospital,National University Hospital,0,1
Alexandra Hospital--National University Hospital#tb,Alexandra Hospital--National University Hospital,tb,2,National University Hospital,National University Hospital,0.51926,0.342069,1,Alexandra Hospital,National University Hospital,0,1
Alexandra Hospital--National University of Singapore#tb,Alexandra Hospital--National University of Singapore,tb,1,Alexandra Hospital,Alexandra Hospital,0.348574,0.256501,1,Alexandra Hospital,National University of Singapore,0,1
Alexandra Hospital--National University of Singapore#tb,Alexandra Hospital--National University of Singapore,tb,2,National University of Singapore,National University of Singapore,0.59751,0.507684,1,Alexandra Hospital,National University of Singapore,0,1
Alexandra Hospital--Sengkang General Hospital#tb,Alexandra Hospital--Sengkang General Hospital,tb,1,Alexandra Hospital,Alexandra Hospital,0.348574,0.256501,1,Alexandra Hospital,Sengkang General Hospital,0,1
Alexandra Hospital--Sengkang General Hospital#tb,Alexandra Hospital--Sengkang General Hospital,tb,2,Sengkang General Hospital,Sengkang General Hospital,0.288901,0.349634,1,Alexandra Hospital,Sengkang General Hospital,0,1
Alexandra Hospital--Singapore General Hospital#tb,Alexandra Hospital--Singapore General Hospital,tb,1,Alexandra Hospital,Alexandra Hospital,0.348574,0.256501,1,Alexandra Hospital,Singapore General Hospital,0,1
Alexandra Hospital--Singapore General Hospital#tb,Alexandra Hospital--Singapore General Hospital,tb,2,Singapore General Hospital,Singapore General Hospital,0.475209,0.374832,1,Alexandra Hospital,Singapore General Hospital,0,1
Alexandra Hospital--Tan Tock Seng Hospital#tb,Alexandra Hospital--Tan Tock Seng Hospital,tb,1,Alexandra Hospital,Alexandra Hospital,0.348574,0.256501,1,Alexandra Hospital,Tan Tock Seng Hospital,0,1
Alexandra Hospital--Tan Tock Seng Hospital#tb,Alexandra Hospital--Tan Tock Seng Hospital,tb,2,Tan Tock Seng Hospital,Tan Tock Seng Hospital,0.54699,0.379399,1,Alexandra Hospital,Tan Tock Seng Hospital,0,1
National University Hospital--Sengkang General Hospital#tb,National University Hospital--Sengkang General Hospital,tb,1,National University Hospital,National University Hospital,0.51926,0.342069,1,National University Hospital,Sengkang General Hospital,0,1
National University Hospital--Sengkang General Hospital#tb,National University Hospital--Sengkang General Hospital,tb,2,Sengkang General Hospital,Sengkang General Hospital,0.288901,0.349634,1,National University Hospital,Sengkang General Hospital,0,1
National University of Singapore--Sengkang General Hospital#tb,National University of Singapore--Sengkang General Hospital,tb,1,National University of Singapore,National University of Singapore,0.59751,0.507684,1,National University of Singapore,Sengkang General Hospital,0,1
National University of Singapore--Sengkang General Hospital#tb,National University of Singapore--Sengkang General Hospital,tb,2,Sengkang General Hospital,Sengkang General Hospital,0.288901,0.349634,1,National University of Singapore,Sengkang General Hospital,0,1
Sengkang General Hospital--Tan Tock Seng Hospital#tb,Sengkang General Hospital--Tan Tock Seng Hospital,tb,1,Sengkang General Hospital,Sengkang General Hospital,0.288901,0.349634,1,Sengkang General Hospital,Tan Tock Seng Hospital,0,1
Sengkang General Hospital--Tan Tock Seng Hospital#tb,Sengkang General Hospital--Tan Tock Seng Hospital,tb,2,Tan Tock Seng Hospital,Tan Tock Seng Hospital,0.54699,0.379399,1,Sengkang General Hospital,Tan Tock Seng Hospital,0,1
Johns Hopkins University--National University Hospital#tb,Johns Hopkins University--National University Hospital,tb,1,Johns Hopkins University,Johns Hopkins University,0.616645,0.578135,1,Johns Hopkins University,National University Hospital,1,1
Johns Hopkins University--National University Hospital#tb,Johns Hopkins University--National University Hospital,tb,2,National University Hospital,National University Hospital,0.51926,0.342069,1,Johns Hopkins University,National University Hospital,1,1
Harvard University--Imperial College London#tb,Harvard University--Imperial College London,tb,1,Harvard University,Harvard University,0.690017,0.63864,1,Harvard University,Imperial College London,1,0
Harvard University--Imperial College London#tb,Harvard University--Imperial College London,tb,2,Imperial College London,Imperial College London,0.855768,0.625981,1,Harvard University,Imperial College London,1,0
Harvard University--University of Melbourne#tb,Harvard University--University of Melbourne,tb,1,Harvard University,Harvard University,0.690017,0.63864,1,Harvard University,University of Melbourne,1,0
Harvard University--University of Melbourne#tb,Harvard University--University of Melbourne,tb,2,University of Melbourne,University of Melbourne,0.717864,0.499267,1,Harvard University,University of Melbourne,1,0
Imperial College London--London School of Hygiene & Tropical Medicine#tb,Imperial College London--London School of Hygiene & Tropical Medicine,tb,1,Imperial College London,Imperial College London,0.855768,0.625981,1,Imperial College London,London School of Hygiene & Tropical Medicine,0,0
Imperial College London--London School of Hygiene & Tropical Medicine#tb,Imperial College London--London School of Hygiene & Tropical Medicine,tb,2,London School of Hygiene & Tropical Medicine,London School of Hygiene & Tropical Medicine,0.690267,0.57095,1,Imperial College London,London School of Hygiene & Tropical Medicine,0,0
Imperial College London--University of Melbourne#tb,Imperial College London--University of Melbourne,tb,1,Imperial College London,Imperial College London,0.855768,0.625981,1,Imperial College London,University of Melbourne,1,0
Imperial College London--University of Melbourne#tb,Imperial College London--University of Melbourne,tb,2,University of Melbourne,University of Melbourne,0.717864,0.499267,1,Imperial College London,University of Melbourne,1,0
Imperial College London--World Health Organization#tb,Imperial College London--World Health Organization,tb,1,Imperial College London,Imperial College London,0.855768,0.625981,1,Imperial College London,World Health Organization,1,0
Imperial College London--World Health Organization#tb,Imperial College London--World Health Organization,tb,2,World Health Organization,World Health Organization,0.823585,0.550849,1,Imperial College London,World Health Organization,1,0
University of Melbourne--World Health Organization#tb,University of Melbourne--World Health Organization,tb,1,University of Melbourne,University of Melbourne,0.717864,0.499267,1,University of Melbourne,World Health Organization,1,0
University of Melbourne--World Health Organization#tb,University of Melbourne--World Health Organization,tb,2,World Health Organization,World Health Organization,0.823585,0.550849,1,University of Melbourne,World Health Organization,1,0
Changi General Hospital--Sengkang General Hospital#amr_hai,Changi General Hospital--Sengkang General Hospital,amr_hai,1,Changi General Hospital,Changi General Hospital,0.384499,0.459909,1,Changi General Hospital,Sengkang General Hospital,0,1
Changi General Hospital--Sengkang General Hospital#amr_hai,Changi General Hospital--Sengkang General Hospital,amr_hai,2,Sengkang General Hospital,Sengkang General Hospital,0.288901,0.349634,1,Changi General Hospital,Sengkang General Hospital,0,1
Mahidol University--National University of Singapore#sti,Mahidol University--National University of Singapore,sti,1,Mahidol University,Mahidol University,0.601502,0.392831,1,Mahidol University,National University of Singapore,1,1
Mahidol University--National University of Singapore#sti,Mahidol University--National University of Singapore,sti,2,National University of Singapore,National University of Singapore,0.59751,0.507684,1,Mahidol University,National University of Singapore,1,1
Changi General Hospital--KK Women's and Children's Hospital#other_id,Changi General Hospital--KK Women's and Children's Hospital,other_id,1,Changi General Hospital,Changi General Hospital,0.384499,0.459909,1,Changi General Hospital,KK Women's and Children's Hospital,0,1
Changi General Hospital--KK Women's and Children's Hospital#other_id,Changi General Hospital--KK Women's and Children's Hospital,other_id,2,KK Women's and Children's Hospital,KK Women's and Children's Hospital,0.460123,0.505295,1,Changi General Hospital,KK Women's and Children's Hospital,0,1
Changi General Hospital--Nanyang Technological University#other_id,Changi General Hospital--Nanyang Technological University,other_id,1,Changi General Hospital,Changi General Hospital,0.384499,0.459909,1,Changi General Hospital,Nanyang Technological University,0,1
Changi General Hospital--Nanyang Technological University#other_id,Changi General Hospital--Nanyang Technological University,other_id,2,Nanyang Technological University,Nanyang Technological University,0.664988,0.515565,1,Changi General Hospital,Nanyang Technological University,0,1
Changi General Hospital--National University Hospital#other_id,Changi General Hospital--National University Hospital,other_id,1,Changi General Hospital,Changi General Hospital,0.384499,0.459909,1,Changi General Hospital,National University Hospital,0,1
Changi General Hospital--National University Hospital#other_id,Changi General Hospital--National University Hospital,other_id,2,National University Hospital,National University Hospital,0.51926,0.342069,1,Changi General Hospital,National University Hospital,0,1
Changi General Hospital--Singapore Food Agency#other_id,Changi General Hospital--Singapore Food Agency,other_id,1,Changi General Hospital,Changi General Hospital,0.384499,0.459909,1,Changi General Hospital,Singapore Food Agency,0,1
Changi General Hospital--Singapore Food Agency#other_id,Changi General Hospital--Singapore Food Agency,other_id,2,Singapore Food Agency,Singapore Food Agency,0.37064,0.381025,1,Changi General Hospital,Singapore Food Agency,0,1
KK Women's and Children's Hospital--Nanyang Technological University#other_id,KK Women's and Children's Hospital--Nanyang Technological University,other_id,1,KK Women's and Children's Hospital,KK Women's and Children's Hospital,0.460123,0.505295,1,KK Women's and Children's Hospital,Nanyang Technological University,0,1
KK Women's and Children's Hospital--Nanyang Technological University#other_id,KK Women's and Children's Hospital--Nanyang Technological University,other_id,2,Nanyang Technological University,Nanyang Technological University,0.664988,0.515565,1,KK Women's and Children's Hospital,Nanyang Technological University,0,1
KK Women's and Children's Hospital--National University Hospital#other_id,KK Women's and Children's Hospital--National University Hospital,other_id,1,KK Women's and Children's Hospital,KK Women's and Children's Hospital,0.460123,0.505295,1,KK Women's and Children's Hospital,National University Hospital,0,1
KK Women's and Children's Hospital--National University Hospital#other_id,KK Women's and Children's Hospital--National University Hospital,other_id,2,National University Hospital,National University Hospital,0.51926,0.342069,1,KK Women's and Children's Hospital,National University Hospital,0,1
KK Women's and Children's Hospital--National University of Singapore#other_id,KK Women's and Children's Hospital--National University of Singapore,other_id,1,KK Women's and Children's Hospital,KK Women's and Children's Hospital,0.460123,0.505295,1,KK Women's and Children's Hospital,National University of Singapore,0,1
KK Women's and Children's Hospital--National University of Singapore#other_id,KK Women's and Children's Hospital--National University of Singapore,other_id,2,National University of Singapore,National University of Singapore,0.59751,0.507684,1,KK Women's and Children's Hospital,National University of Singapore,0,1
KK Women's and Children's Hospital--Singapore Food Agency#other_id,KK Women's and Children's Hospital--Singapore Food Agency,other_id,1,KK Women's and Children's Hospital,KK Women's and Children's Hospital,0.460123,0.505295,1,KK Women's and Children's Hospital,Singapore Food Agency,0,1
KK Women's and Children's Hospital--Singapore Food Agency#other_id,KK Women's and Children's Hospital--Singapore Food Agency,other_id,2,Singapore Food Agency,Singapore Food Agency,0.37064,0.381025,1,KK Women's and Children's Hospital,Singapore Food Agency,0,1
KK Women's and Children's Hospital--Singapore General Hospital#other_id,KK Women's and Children's Hospital--Singapore General Hospital,other_id,1,KK Women's and Children's Hospital,KK Women's and Children's Hospital,0.460123,0.505295,1,KK Women's and Children's Hospital,Singapore General Hospital,0,1
KK Women's and Children's Hospital--Singapore General Hospital#other_id,KK Women's and Children's Hospital--Singapore General Hospital,other_id,2,Singapore General Hospital,Singapore General Hospital,0.475209,0.374832,1,KK Women's and Children's Hospital,Singapore General Hospital,0,1
Nanyang Technological University--Singapore Food Agency#other_id,Nanyang Technological University--Singapore Food Agency,other_id,1,Nanyang Technological University,Nanyang Technological University,0.664988,0.515565,1,Nanyang Technological University,Singapore Food Agency,0,1
Nanyang Technological University--Singapore Food Agency#other_id,Nanyang Technological University--Singapore Food Agency,other_id,2,Singapore Food Agency,Singapore Food Agency,0.37064,0.381025,1,Nanyang Technological University,Singapore Food Agency,0,1
National University Hospital--Singapore Food Agency#other_id,National University Hospital--Singapore Food Agency,other_id,1,National University Hospital,National University Hospital,0.51926,0.342069,1,National University Hospital,Singapore Food Agency,0,1
National University Hospital--Singapore Food Agency#other_id,National University Hospital--Singapore Food Agency,other_id,2,Singapore Food Agency,Singapore Food Agency,0.37064,0.381025,1,National University Hospital,Singapore Food Agency,0,1
National University of Singapore--Singapore Food Agency#other_id,National University of Singapore--Singapore Food Agency,other_id,1,National University of Singapore,National University of Singapore,0.59751,0.507684,1,National University of Singapore,Singapore Food Agency,0,1
National University of Singapore--Singapore Food Agency#other_id,National University of Singapore--Singapore Food Agency,other_id,2,Singapore Food Agency,Singapore Food Agency,0.37064,0.381025,1,National University of Singapore,Singapore Food Agency,0,1
Singapore Food Agency--Singapore General Hospital#other_id,Singapore Food Agency--Singapore General Hospital,other_id,1,Singapore Food Agency,Singapore Food Agency,0.37064,0.381025,1,Singapore Food Agency,Singapore General Hospital,0,1
Singapore Food Agency--Singapore General Hospital#other_id,Singapore Food Agency--Singapore General Hospital,other_id,2,Singapore General Hospital,Singapore General Hospital,0.475209,0.374832,1,Singapore Food Agency,Singapore General Hospital,0,1
Communicable Diseases Agency--Nanyang Technological University#amr_hai,Communicable Diseases Agency--Nanyang Technological University,amr_hai,1,Communicable Diseases Agency,Communicable Diseases Agency,0.485721,0.581763,1,Communicable Diseases Agency,Nanyang Technological University,0,1
Communicable Diseases Agency--Nanyang Technological University#amr_hai,Communicable Diseases Agency--Nanyang Technological University,amr_hai,2,Nanyang Technological University,Nanyang Technological University,0.664988,0.515565,1,Communicable Diseases Agency,Nanyang Technological University,0,1
Communicable Diseases Agency--National Centre for Infectious Diseases#amr_hai,Communicable Diseases Agency--National Centre for Infectious Diseases,amr_hai,1,Communicable Diseases Agency,Communicable Diseases Agency,0.485721,0.581763,1,Communicable Diseases Agency,National Centre for Infectious Diseases,0,1
Communicable Diseases Agency--National Centre for Infectious Diseases#amr_hai,Communicable Diseases Agency--National Centre for Infectious Diseases,amr_hai,2,National Centre for Infectious Diseases,National Centre for Infectious Diseases,0.63178,0.485666,1,Communicable Diseases Agency,National Centre for Infectious Diseases,0,1
Communicable Diseases Agency--National University Health System#amr_hai,Communicable Diseases Agency--National University Health System,amr_hai,1,Communicable Diseases Agency,Communicable Diseases Agency,0.485721,0.581763,1,Communicable Diseases Agency,National University Health System,0,1
Communicable Diseases Agency--National University Health System#amr_hai,Communicable Diseases Agency--National University Health System,amr_hai,2,National University Health System,National University Health System,0.554169,0.437829,1,Communicable Diseases Agency,National University Health System,0,1
Communicable Diseases Agency--National University of Singapore#amr_hai,Communicable Diseases Agency--National University of Singapore,amr_hai,1,Communicable Diseases Agency,Communicable Diseases Agency,0.485721,0.581763,1,Communicable Diseases Agency,National University of Singapore,0,1
Communicable Diseases Agency--National University of Singapore#amr_hai,Communicable Diseases Agency--National University of Singapore,amr_hai,2,National University of Singapore,National University of Singapore,0.59751,0.507684,1,Communicable Diseases Agency,National University of Singapore,0,1
Communicable Diseases Agency--Tan Tock Seng Hospital#amr_hai,Communicable Diseases Agency--Tan Tock Seng Hospital,amr_hai,1,Communicable Diseases Agency,Communicable Diseases Agency,0.485721,0.581763,1,Communicable Diseases Agency,Tan Tock Seng Hospital,0,1
Communicable Diseases Agency--Tan Tock Seng Hospital#amr_hai,Communicable Diseases Agency--Tan Tock Seng Hospital,amr_hai,2,Tan Tock Seng Hospital,Tan Tock Seng Hospital,0.54699,0.379399,1,Communicable Diseases Agency,Tan Tock Seng Hospital,0,1
National Centre for Infectious Diseases--National University Health System#amr_hai,National Centre for Infectious Diseases--National University Health System,amr_hai,1,National Centre for Infectious Diseases,National Centre for Infectious Diseases,0.63178,0.485666,1,National Centre for Infectious Diseases,National University Health System,0,1
National Centre for Infectious Diseases--National University Health System#amr_hai,National Centre for Infectious Diseases--National University Health System,amr_hai,2,National University Health System,National University Health System,0.554169,0.437829,1,National Centre for Infectious Diseases,National University Health System,0,1
National Centre for Infectious Diseases--University of Hong Kong#sti,National Centre for Infectious Diseases--University of Hong Kong,sti,1,National Centre for Infectious Diseases,National Centre for Infectious Diseases,0.63178,0.485666,1,National Centre for Infectious Diseases,University of Hong Kong,1,1
National Centre for Infectious Diseases--University of Hong Kong#sti,National Centre for Infectious Diseases--University of Hong Kong,sti,2,University of Hong Kong,University of Hong Kong,0.711454,0.426862,1,National Centre for Infectious Diseases,University of Hong Kong,1,1
National University Hospital--University of Hong Kong#sti,National University Hospital--University of Hong Kong,sti,1,National University Hospital,National University Hospital,0.51926,0.342069,1,National University Hospital,University of Hong Kong,1,1
National University Hospital--University of Hong Kong#sti,National University Hospital--University of Hong Kong,sti,2,University of Hong Kong,University of Hong Kong,0.711454,0.426862,1,National University Hospital,University of Hong Kong,1,1
National University Hospital--University of Malaya#sti,National University Hospital--University of Malaya,sti,1,National University Hospital,National University Hospital,0.51926,0.342069,1,National University Hospital,University of Malaya,1,1
National University Hospital--University of Malaya#sti,National University Hospital--University of Malaya,sti,2,University of Malaya,University of Malaya,0.573788,0.583368,1,National University Hospital,University of Malaya,1,1
University of Hong Kong--University of Malaya#sti,University of Hong Kong--University of Malaya,sti,1,University of Hong Kong,University of Hong Kong,0.711454,0.426862,1,University of Hong Kong,University of Malaya,1,0
University of Hong Kong--University of Malaya#sti,University of Hong Kong--University of Malaya,sti,2,University of Malaya,University of Malaya,0.573788,0.583368,1,University of Hong Kong,University of Malaya,1,0
London School of Hygiene & Tropical Medicine--Nanyang Technological University#vector_borne,London School of Hygiene & Tropical Medicine--Nanyang Technological University,vector_borne,1,London School of Hygiene & Tropical Medicine,London School of Hygiene & Tropical Medicine,0.690267,0.57095,1,London School of Hygiene & Tropical Medicine,Nanyang Technological University,1,1
London School of Hygiene & Tropical Medicine--Nanyang Technological University#vector_borne,London School of Hygiene & Tropical Medicine--Nanyang Technological University,vector_borne,2,Nanyang Technological University,Nanyang Technological University,0.664988,0.515565,1,London School of Hygiene & Tropical Medicine,Nanyang Technological University,1,1
London School of Hygiene & Tropical Medicine--National Environment Agency#vector_borne,London School of Hygiene & Tropical Medicine--National Environment Agency,vector_borne,1,London School of Hygiene & Tropical Medicine,London School of Hygiene & Tropical Medicine,0.690267,0.57095,1,London School of Hygiene & Tropical Medicine,National Environment Agency,1,1
London School of Hygiene & Tropical Medicine--National Environment Agency#vector_borne,London School of Hygiene & Tropical Medicine--National Environment Agency,vector_borne,2,National Environment Agency,National Environment Agency,0.727957,0.791093,1,London School of Hygiene & Tropical Medicine,National Environment Agency,1,1
London School of Hygiene & Tropical Medicine--University of Cambridge#vector_borne,London School of Hygiene & Tropical Medicine--University of Cambridge,vector_borne,1,London School of Hygiene & Tropical Medicine,London School of Hygiene & Tropical Medicine,0.690267,0.57095,1,London School of Hygiene & Tropical Medicine,University of Cambridge,0,0
London School of Hygiene & Tropical Medicine--University of Cambridge#vector_borne,London School of Hygiene & Tropical Medicine--University of Cambridge,vector_borne,2,University of Cambridge,University of Cambridge,0.795279,0.581232,1,London School of Hygiene & Tropical Medicine,University of Cambridge,0,0
National Environment Agency--University of Cambridge#vector_borne,National Environment Agency--University of Cambridge,vector_borne,1,National Environment Agency,National Environment Agency,0.727957,0.791093,1,National Environment Agency,University of Cambridge,1,1
National Environment Agency--University of Cambridge#vector_borne,National Environment Agency--University of Cambridge,vector_borne,2,University of Cambridge,University of Cambridge,0.795279,0.581232,1,National Environment Agency,University of Cambridge,1,1
National University of Singapore--University of Cambridge#vector_borne,National University of Singapore--University of Cambridge,vector_borne,1,National University of Singapore,National University of Singapore,0.59751,0.507684,1,National University of Singapore,University of Cambridge,1,1
National University of Singapore--University of Cambridge#vector_borne,National University of Singapore--University of Cambridge,vector_borne,2,University of Cambridge,University of Cambridge,0.795279,0.581232,1,National University of Singapore,University of Cambridge,1,1
A*STAR Infectious Diseases Labs--National Centre for Infectious Diseases#other_id,A*STAR Infectious Diseases Labs--National Centre for Infectious Diseases,other_id,1,A*STAR Infectious Diseases Labs,A*STAR Infectious Diseases Labs,0.805549,0.407654,1,A*STAR Infectious Diseases Labs,National Centre for Infectious Diseases,0,1
A*STAR Infectious Diseases Labs--National Centre for Infectious Diseases#other_id,A*STAR Infectious Diseases Labs--National Centre for Infectious Diseases,other_id,2,National Centre for Infectious Diseases,National Centre for Infectious Diseases,0.63178,0.485666,1,A*STAR Infectious Diseases Labs,National Centre for Infectious Diseases,0,1
Changi General Hospital--KK Women's and Children's Hospital#tb,Changi General Hospital--KK Women's and Children's Hospital,tb,1,Changi General Hospital,Changi General Hospital,0.384499,0.459909,1,Changi General Hospital,KK Women's and Children's Hospital,0,1
Changi General Hospital--KK Women's and Children's Hospital#tb,Changi General Hospital--KK Women's and Children's Hospital,tb,2,KK Women's and Children's Hospital,KK Women's and Children's Hospital,0.460123,0.505295,1,Changi General Hospital,KK Women's and Children's Hospital,0,1
Changi General Hospital--National Centre for Infectious Diseases#tb,Changi General Hospital--National Centre for Infectious Diseases,tb,1,Changi General Hospital,Changi General Hospital,0.384499,0.459909,1,Changi General Hospital,National Centre for Infectious Diseases,0,1
Changi General Hospital--National Centre for Infectious Diseases#tb,Changi General Hospital--National Centre for Infectious Diseases,tb,2,National Centre for Infectious Diseases,National Centre for Infectious Diseases,0.63178,0.485666,1,Changi General Hospital,National Centre for Infectious Diseases,0,1
Changi General Hospital--National University Hospital#tb,Changi General Hospital--National University Hospital,tb,1,Changi General Hospital,Changi General Hospital,0.384499,0.459909,1,Changi General Hospital,National University Hospital,0,1
Changi General Hospital--National University Hospital#tb,Changi General Hospital--National University Hospital,tb,2,National University Hospital,National University Hospital,0.51926,0.342069,1,Changi General Hospital,National University Hospital,0,1
Changi General Hospital--National University of Singapore#tb,Changi General Hospital--National University of Singapore,tb,1,Changi General Hospital,Changi General Hospital,0.384499,0.459909,1,Changi General Hospital,National University of Singapore,0,1
Changi General Hospital--National University of Singapore#tb,Changi General Hospital--National University of Singapore,tb,2,National University of Singapore,National University of Singapore,0.59751,0.507684,1,Changi General Hospital,National University of Singapore,0,1
Changi General Hospital--SingHealth#tb,Changi General Hospital--SingHealth,tb,1,Changi General Hospital,Changi General Hospital,0.384499,0.459909,1,Changi General Hospital,SingHealth,0,1
Changi General Hospital--SingHealth#tb,Changi General Hospital--SingHealth,tb,2,SingHealth,SingHealth,0.566166,0.304445,1,Changi General Hospital,SingHealth,0,1
Changi General Hospital--Tan Tock Seng Hospital#tb,Changi General Hospital--Tan Tock Seng Hospital,tb,1,Changi General Hospital,Changi General Hospital,0.384499,0.459909,1,Changi General Hospital,Tan Tock Seng Hospital,0,1
Changi General Hospital--Tan Tock Seng Hospital#tb,Changi General Hospital--Tan Tock Seng Hospital,tb,2,Tan Tock Seng Hospital,Tan Tock Seng Hospital,0.54699,0.379399,1,Changi General Hospital,Tan Tock Seng Hospital,0,1
KK Women's and Children's Hospital--National Centre for Infectious Diseases#tb,KK Women's and Children's Hospital--National Centre for Infectious Diseases,tb,1,KK Women's and Children's Hospital,KK Women's and Children's Hospital,0.460123,0.505295,1,KK Women's and Children's Hospital,National Centre for Infectious Diseases,0,1
KK Women's and Children's Hospital--National Centre for Infectious Diseases#tb,KK Women's and Children's Hospital--National Centre for Infectious Diseases,tb,2,National Centre for Infectious Diseases,National Centre for Infectious Diseases,0.63178,0.485666,1,KK Women's and Children's Hospital,National Centre for Infectious Diseases,0,1
KK Women's and Children's Hospital--National University Hospital#tb,KK Women's and Children's Hospital--National University Hospital,tb,1,KK Women's and Children's Hospital,KK Women's and Children's Hospital,0.460123,0.505295,1,KK Women's and Children's Hospital,National University Hospital,0,1
KK Women's and Children's Hospital--National University Hospital#tb,KK Women's and Children's Hospital--National University Hospital,tb,2,National University Hospital,National University Hospital,0.51926,0.342069,1,KK Women's and Children's Hospital,National University Hospital,0,1
KK Women's and Children's Hospital--National University of Singapore#tb,KK Women's and Children's Hospital--National University of Singapore,tb,1,KK Women's and Children's Hospital,KK Women's and Children's Hospital,0.460123,0.505295,1,KK Women's and Children's Hospital,National University of Singapore,0,1
KK Women's and Children's Hospital--National University of Singapore#tb,KK Women's and Children's Hospital--National University of Singapore,tb,2,National University of Singapore,National University of Singapore,0.59751,0.507684,1,KK Women's and Children's Hospital,National University of Singapore,0,1
KK Women's and Children's Hospital--SingHealth#tb,KK Women's and Children's Hospital--SingHealth,tb,1,KK Women's and Children's Hospital,KK Women's and Children's Hospital,0.460123,0.505295,1,KK Women's and Children's Hospital,SingHealth,0,1
KK Women's and Children's Hospital--SingHealth#tb,KK Women's and Children's Hospital--SingHealth,tb,2,SingHealth,SingHealth,0.566166,0.304445,1,KK Women's and Children's Hospital,SingHealth,0,1
KK Women's and Children's Hospital--Singapore General Hospital#tb,KK Women's and Children's Hospital--Singapore General Hospital,tb,1,KK Women's and Children's Hospital,KK Women's and Children's Hospital,0.460123,0.505295,1,KK Women's and Children's Hospital,Singapore General Hospital,0,1
KK Women's and Children's Hospital--Singapore General Hospital#tb,KK Women's and Children's Hospital--Singapore General Hospital,tb,2,Singapore General Hospital,Singapore General Hospital,0.475209,0.374832,1,KK Women's and Children's Hospital,Singapore General Hospital,0,1
KK Women's and Children's Hospital--Tan Tock Seng Hospital#tb,KK Women's and Children's Hospital--Tan Tock Seng Hospital,tb,1,KK Women's and Children's Hospital,KK Women's and Children's Hospital,0.460123,0.505295,1,KK Women's and Children's Hospital,Tan Tock Seng Hospital,0,1
KK Women's and Children's Hospital--Tan Tock Seng Hospital#tb,KK Women's and Children's Hospital--Tan Tock Seng Hospital,tb,2,Tan Tock Seng Hospital,Tan Tock Seng Hospital,0.54699,0.379399,1,KK Women's and Children's Hospital,Tan Tock Seng Hospital,0,1
National Centre for Infectious Diseases--National University Hospital#tb,National Centre for Infectious Diseases--National University Hospital,tb,1,National Centre for Infectious Diseases,National Centre for Infectious Diseases,0.63178,0.485666,1,National Centre for Infectious Diseases,National University Hospital,0,1
National Centre for Infectious Diseases--National University Hospital#tb,National Centre for Infectious Diseases--National University Hospital,tb,2,National University Hospital,National University Hospital,0.51926,0.342069,1,National Centre for Infectious Diseases,National University Hospital,0,1
National Centre for Infectious Diseases--National University of Singapore#tb,National Centre for Infectious Diseases--National University of Singapore,tb,1,National Centre for Infectious Diseases,National Centre for Infectious Diseases,0.63178,0.485666,1,National Centre for Infectious Diseases,National University of Singapore,0,1
National Centre for Infectious Diseases--National University of Singapore#tb,National Centre for Infectious Diseases--National University of Singapore,tb,2,National University of Singapore,National University of Singapore,0.59751,0.507684,1,National Centre for Infectious Diseases,National University of Singapore,0,1
National Centre for Infectious Diseases--SingHealth#tb,National Centre for Infectious Diseases--SingHealth,tb,1,National Centre for Infectious Diseases,National Centre for Infectious Diseases,0.63178,0.485666,1,National Centre for Infectious Diseases,SingHealth,0,1
National Centre for Infectious Diseases--SingHealth#tb,National Centre for Infectious Diseases--SingHealth,tb,2,SingHealth,SingHealth,0.566166,0.304445,1,National Centre for Infectious Diseases,SingHealth,0,1
National University Hospital--SingHealth#tb,National University Hospital--SingHealth,tb,1,National University Hospital,National University Hospital,0.51926,0.342069,1,National University Hospital,SingHealth,0,1
National University Hospital--SingHealth#tb,National University Hospital--SingHealth,tb,2,SingHealth,SingHealth,0.566166,0.304445,1,National University Hospital,SingHealth,0,1
National University of Singapore--SingHealth#tb,National University of Singapore--SingHealth,tb,1,National University of Singapore,National University of Singapore,0.59751,0.507684,1,National University of Singapore,SingHealth,0,1
National University of Singapore--SingHealth#tb,National University of Singapore--SingHealth,tb,2,SingHealth,SingHealth,0.566166,0.304445,1,National University of Singapore,SingHealth,0,1
SingHealth--Singapore General Hospital#tb,SingHealth--Singapore General Hospital,tb,1,SingHealth,SingHealth,0.566166,0.304445,1,SingHealth,Singapore General Hospital,0,1
SingHealth--Singapore General Hospital#tb,SingHealth--Singapore General Hospital,tb,2,Singapore General Hospital,Singapore General Hospital,0.475209,0.374832,1,SingHealth,Singapore General Hospital,0,1
SingHealth--Tan Tock Seng Hospital#tb,SingHealth--Tan Tock Seng Hospital,tb,1,SingHealth,SingHealth,0.566166,0.304445,1,SingHealth,Tan Tock Seng Hospital,0,1
SingHealth--Tan Tock Seng Hospital#tb,SingHealth--Tan Tock Seng Hospital,tb,2,Tan Tock Seng Hospital,Tan Tock Seng Hospital,0.54699,0.379399,1,SingHealth,Tan Tock Seng Hospital,0,1
National Environment Agency--University of Melbourne#vector_borne,National Environment Agency--University of Melbourne,vector_borne,1,National Environment Agency,National Environment Agency,0.727957,0.791093,1,National Environment Agency,University of Melbourne,1,1
National Environment Agency--University of Melbourne#vector_borne,National Environment Agency--University of Melbourne,vector_borne,2,University of Melbourne,University of Melbourne,0.717864,0.499267,1,National Environment Agency,University of Melbourne,1,1
National Skin Centre--SingHealth#vector_borne,National Skin Centre--SingHealth,vector_borne,1,National Skin Centre,National Skin Centre,0.569459,0.179669,1,National Skin Centre,SingHealth,0,1
National Skin Centre--SingHealth#vector_borne,National Skin Centre--SingHealth,vector_borne,2,SingHealth,SingHealth,0.566166,0.304445,1,National Skin Centre,SingHealth,0,1
National Skin Centre--Singapore Immunology Network#vector_borne,National Skin Centre--Singapore Immunology Network,vector_borne,1,National Skin Centre,National Skin Centre,0.569459,0.179669,1,National Skin Centre,Singapore Immunology Network,0,1
National Skin Centre--Singapore Immunology Network#vector_borne,National Skin Centre--Singapore Immunology Network,vector_borne,2,Singapore Immunology Network,Singapore Immunology Network,0.726572,0.281452,1,National Skin Centre,Singapore Immunology Network,0,1
GlaxoSmithKline--London School of Hygiene & Tropical Medicine#tb,GlaxoSmithKline--London School of Hygiene & Tropical Medicine,tb,1,GlaxoSmithKline,GlaxoSmithKline,0.585836,0.900267,1,GlaxoSmithKline,London School of Hygiene & Tropical Medicine,0,0
GlaxoSmithKline--London School of Hygiene & Tropical Medicine#tb,GlaxoSmithKline--London School of Hygiene & Tropical Medicine,tb,2,London School of Hygiene & Tropical Medicine,London School of Hygiene & Tropical Medicine,0.690267,0.57095,1,GlaxoSmithKline,London School of Hygiene & Tropical Medicine,0,0
GlaxoSmithKline--National University of Singapore#tb,GlaxoSmithKline--National University of Singapore,tb,1,GlaxoSmithKline,GlaxoSmithKline,0.585836,0.900267,1,GlaxoSmithKline,National University of Singapore,1,1
GlaxoSmithKline--National University of Singapore#tb,GlaxoSmithKline--National University of Singapore,tb,2,National University of Singapore,National University of Singapore,0.59751,0.507684,1,GlaxoSmithKline,National University of Singapore,1,1
GlaxoSmithKline--University of Malaya#tb,GlaxoSmithKline--University of Malaya,tb,1,GlaxoSmithKline,GlaxoSmithKline,0.585836,0.900267,1,GlaxoSmithKline,University of Malaya,1,0
GlaxoSmithKline--University of Malaya#tb,GlaxoSmithKline--University of Malaya,tb,2,University of Malaya,University of Malaya,0.573788,0.583368,1,GlaxoSmithKline,University of Malaya,1,0
London School of Hygiene & Tropical Medicine--University of Malaya#tb,London School of Hygiene & Tropical Medicine--University of Malaya,tb,1,London School of Hygiene & Tropical Medicine,London School of Hygiene & Tropical Medicine,0.690267,0.57095,1,London School of Hygiene & Tropical Medicine,University of Malaya,1,0
London School of Hygiene & Tropical Medicine--University of Malaya#tb,London School of Hygiene & Tropical Medicine--University of Malaya,tb,2,University of Malaya,University of Malaya,0.573788,0.583368,1,London School of Hygiene & Tropical Medicine,University of Malaya,1,0
National University of Singapore--University of Malaya#tb,National University of Singapore--University of Malaya,tb,1,National University of Singapore,National University of Singapore,0.59751,0.507684,1,National University of Singapore,University of Malaya,1,1
National University of Singapore--University of Malaya#tb,National University of Singapore--University of Malaya,tb,2,University of Malaya,University of Malaya,0.573788,0.583368,1,National University of Singapore,University of Malaya,1,1
Nanyang Technological University--National University of Singapore#ALL,Nanyang Technological University--National University of Singapore,ALL,1,Nanyang Technological University,Nanyang Technological University,0.664988,0.515565,38,Nanyang Technological University,National University of Singapore,0,1
Nanyang Technological University--National University of Singapore#ALL,Nanyang Technological University--National University of Singapore,ALL,2,National University of Singapore,National University of Singapore,0.59751,0.507684,38,Nanyang Technological University,National University of Singapore,0,1
Harvard University--London School of Hygiene & Tropical Medicine#ALL,Harvard University--London School of Hygiene & Tropical Medicine,ALL,1,Harvard University,Harvard University,0.690017,0.63864,9,Harvard University,London School of Hygiene & Tropical Medicine,1,0
Harvard University--London School of Hygiene & Tropical Medicine#ALL,Harvard University--London School of Hygiene & Tropical Medicine,ALL,2,London School of Hygiene & Tropical Medicine,London School of Hygiene & Tropical Medicine,0.690267,0.57095,9,Harvard University,London School of Hygiene & Tropical Medicine,1,0
National University Hospital--National University of Singapore#ALL,National University Hospital--National University of Singapore,ALL,1,National University Hospital,National University Hospital,0.51926,0.342069,25,National University Hospital,National University of Singapore,0,1
National University Hospital--National University of Singapore#ALL,National University Hospital--National University of Singapore,ALL,2,National University of Singapore,National University of Singapore,0.59751,0.507684,25,National University Hospital,National University of Singapore,0,1
Mahidol University--National University of Singapore#ALL,Mahidol University--National University of Singapore,ALL,1,Mahidol University,Mahidol University,0.601502,0.392831,14,Mahidol University,National University of Singapore,1,1
Mahidol University--National University of Singapore#ALL,Mahidol University--National University of Singapore,ALL,2,National University of Singapore,National University of Singapore,0.59751,0.507684,14,Mahidol University,National University of Singapore,1,1
London School of Hygiene & Tropical Medicine--National University of Singapore#ALL,London School of Hygiene & Tropical Medicine--National University of Singapore,ALL,1,London School of Hygiene & Tropical Medicine,London School of Hygiene & Tropical Medicine,0.690267,0.57095,25,London School of Hygiene & Tropical Medicine,National University of Singapore,1,1
London School of Hygiene & Tropical Medicine--National University of Singapore#ALL,London School of Hygiene & Tropical Medicine--National University of Singapore,ALL,2,National University of Singapore,National University of Singapore,0.59751,0.507684,25,London School of Hygiene & Tropical Medicine,National University of Singapore,1,1
National Centre for Infectious Diseases--National University of Singapore#ALL,National Centre for Infectious Diseases--National University of Singapore,ALL,1,National Centre for Infectious Diseases,National Centre for Infectious Diseases,0.63178,0.485666,18,National Centre for Infectious Diseases,National University of Singapore,0,1
National Centre for Infectious Diseases--National University of Singapore#ALL,National Centre for Infectious Diseases--National University of Singapore,ALL,2,National University of Singapore,National University of Singapore,0.59751,0.507684,18,National Centre for Infectious Diseases,National University of Singapore,0,1
National University of Singapore--Tan Tock Seng Hospital#ALL,National University of Singapore--Tan Tock Seng Hospital,ALL,1,National University of Singapore,National University of Singapore,0.59751,0.507684,17,National University of Singapore,Tan Tock Seng Hospital,0,1
National University of Singapore--Tan Tock Seng Hospital#ALL,National University of Singapore--Tan Tock Seng Hospital,ALL,2,Tan Tock Seng Hospital,Tan Tock Seng Hospital,0.54699,0.379399,17,National University of Singapore,Tan Tock Seng Hospital,0,1
Environmental Health Institute--Nanyang Technological University#ALL,Environmental Health Institute--Nanyang Technological University,ALL,1,Environmental Health Institute,Environmental Health Institute,0.603339,0.790288,8,Environmental Health Institute,Nanyang Technological University,0,1
Environmental Health Institute--Nanyang Technological University#ALL,Environmental Health Institute--Nanyang Technological University,ALL,2,Nanyang Technological University,Nanyang Technological University,0.664988,0.515565,8,Environmental Health Institute,Nanyang Technological University,0,1
Environmental Health Institute--National University of Singapore#ALL,Environmental Health Institute--National University of Singapore,ALL,1,Environmental Health Institute,Environmental Health Institute,0.603339,0.790288,8,Environmental Health Institute,National University of Singapore,0,1
Environmental Health Institute--National University of Singapore#ALL,Environmental Health Institute--National University of Singapore,ALL,2,National University of Singapore,National University of Singapore,0.59751,0.507684,8,Environmental Health Institute,National University of Singapore,0,1
National University of Singapore--University of Oxford#ALL,National University of Singapore--University of Oxford,ALL,1,National University of Singapore,National University of Singapore,0.59751,0.507684,17,National University of Singapore,University of Oxford,1,1
National University of Singapore--University of Oxford#ALL,National University of Singapore--University of Oxford,ALL,2,University of Oxford,University of Oxford,0.658401,0.434596,17,National University of Singapore,University of Oxford,1,1
National University Health System--National University of Singapore#ALL,National University Health System--National University of Singapore,ALL,1,National University Health System,National University Health System,0.554169,0.437829,15,National University Health System,National University of Singapore,0,1
National University Health System--National University of Singapore#ALL,National University Health System--National University of Singapore,ALL,2,National University of Singapore,National University of Singapore,0.59751,0.507684,15,National University Health System,National University of Singapore,0,1
Duke-NUS Medical School--National University of Singapore#ALL,Duke-NUS Medical School--National University of Singapore,ALL,1,Duke-NUS Medical School,Duke-NUS Medical School,0.465633,0.441401,15,Duke-NUS Medical School,National University of Singapore,0,1
Duke-NUS Medical School--National University of Singapore#ALL,Duke-NUS Medical School--National University of Singapore,ALL,2,National University of Singapore,National University of Singapore,0.59751,0.507684,15,Duke-NUS Medical School,National University of Singapore,0,1
Mahidol University--University of Oxford#ALL,Mahidol University--University of Oxford,ALL,1,Mahidol University,Mahidol University,0.601502,0.392831,10,Mahidol University,University of Oxford,1,0
Mahidol University--University of Oxford#ALL,Mahidol University--University of Oxford,ALL,2,University of Oxford,University of Oxford,0.658401,0.434596,10,Mahidol University,University of Oxford,1,0
National University of Singapore--Oxford University Clinical Research Unit#ALL,National University of Singapore--Oxford University Clinical Research Unit,ALL,1,National University of Singapore,National University of Singapore,0.59751,0.507684,10,National University of Singapore,Oxford University Clinical Research Unit,1,1
National University of Singapore--Oxford University Clinical Research Unit#ALL,National University of Singapore--Oxford University Clinical Research Unit,ALL,2,Oxford University Clinical Research Unit,Oxford University Clinical Research Unit,0.703504,0.365802,10,National University of Singapore,Oxford University Clinical Research Unit,1,1
Nanyang Technological University--National Centre for Infectious Diseases#ALL,Nanyang Technological University--National Centre for Infectious Diseases,ALL,1,Nanyang Technological University,Nanyang Technological University,0.664988,0.515565,19,Nanyang Technological University,National Centre for Infectious Diseases,0,1
Nanyang Technological University--National Centre for Infectious Diseases#ALL,Nanyang Technological University--National Centre for Infectious Diseases,ALL,2,National Centre for Infectious Diseases,National Centre for Infectious Diseases,0.63178,0.485666,19,Nanyang Technological University,National Centre for Infectious Diseases,0,1
National Centre for Infectious Diseases--Tan Tock Seng Hospital#ALL,National Centre for Infectious Diseases--Tan Tock Seng Hospital,ALL,1,National Centre for Infectious Diseases,National Centre for Infectious Diseases,0.63178,0.485666,15,National Centre for Infectious Diseases,Tan Tock Seng Hospital,0,1
National Centre for Infectious Diseases--Tan Tock Seng Hospital#ALL,National Centre for Infectious Diseases--Tan Tock Seng Hospital,ALL,2,Tan Tock Seng Hospital,Tan Tock Seng Hospital,0.54699,0.379399,15,National Centre for Infectious Diseases,Tan Tock Seng Hospital,0,1
Nanyang Technological University--Tan Tock Seng Hospital#ALL,Nanyang Technological University--Tan Tock Seng Hospital,ALL,1,Nanyang Technological University,Nanyang Technological University,0.664988,0.515565,12,Nanyang Technological University,Tan Tock Seng Hospital,0,1
Nanyang Technological University--Tan Tock Seng Hospital#ALL,Nanyang Technological University--Tan Tock Seng Hospital,ALL,2,Tan Tock Seng Hospital,Tan Tock Seng Hospital,0.54699,0.379399,12,Nanyang Technological University,Tan Tock Seng Hospital,0,1
Nanyang Technological University--University of Melbourne#ALL,Nanyang Technological University--University of Melbourne,ALL,1,Nanyang Technological University,Nanyang Technological University,0.664988,0.515565,8,Nanyang Technological University,University of Melbourne,1,1
Nanyang Technological University--University of Melbourne#ALL,Nanyang Technological University--University of Melbourne,ALL,2,University of Melbourne,University of Melbourne,0.717864,0.499267,8,Nanyang Technological University,University of Melbourne,1,1
National University of Singapore--World Health Organization#ALL,National University of Singapore--World Health Organization,ALL,1,National University of Singapore,National University of Singapore,0.59751,0.507684,7,National University of Singapore,World Health Organization,1,1
National University of Singapore--World Health Organization#ALL,National University of Singapore--World Health Organization,ALL,2,World Health Organization,World Health Organization,0.823585,0.550849,7,National University of Singapore,World Health Organization,1,1
KK Women's and Children's Hospital--National University of Singapore#ALL,KK Women's and Children's Hospital--National University of Singapore,ALL,1,KK Women's and Children's Hospital,KK Women's and Children's Hospital,0.460123,0.505295,9,KK Women's and Children's Hospital,National University of Singapore,0,1
KK Women's and Children's Hospital--National University of Singapore#ALL,KK Women's and Children's Hospital--National University of Singapore,ALL,2,National University of Singapore,National University of Singapore,0.59751,0.507684,9,KK Women's and Children's Hospital,National University of Singapore,0,1
National University of Singapore--Singapore General Hospital#ALL,National University of Singapore--Singapore General Hospital,ALL,1,National University of Singapore,National University of Singapore,0.59751,0.507684,15,National University of Singapore,Singapore General Hospital,0,1
National University of Singapore--Singapore General Hospital#ALL,National University of Singapore--Singapore General Hospital,ALL,2,Singapore General Hospital,Singapore General Hospital,0.475209,0.374832,15,National University of Singapore,Singapore General Hospital,0,1
Oxford University Clinical Research Unit--University of Oxford#ALL,Oxford University Clinical Research Unit--University of Oxford,ALL,1,Oxford University Clinical Research Unit,Oxford University Clinical Research Unit,0.703504,0.365802,9,Oxford University Clinical Research Unit,University of Oxford,1,0
Oxford University Clinical Research Unit--University of Oxford#ALL,Oxford University Clinical Research Unit--University of Oxford,ALL,2,University of Oxford,University of Oxford,0.658401,0.434596,9,Oxford University Clinical Research Unit,University of Oxford,1,0
Singapore General Hospital--Tan Tock Seng Hospital#ALL,Singapore General Hospital--Tan Tock Seng Hospital,ALL,1,Singapore General Hospital,Singapore General Hospital,0.475209,0.374832,9,Singapore General Hospital,Tan Tock Seng Hospital,0,1
Singapore General Hospital--Tan Tock Seng Hospital#ALL,Singapore General Hospital--Tan Tock Seng Hospital,ALL,2,Tan Tock Seng Hospital,Tan Tock Seng Hospital,0.54699,0.379399,9,Singapore General Hospital,Tan Tock Seng Hospital,0,1
A*STAR Infectious Diseases Labs--Nanyang Technological University#ALL,A*STAR Infectious Diseases Labs--Nanyang Technological University,ALL,1,A*STAR Infectious Diseases Labs,A*STAR Infectious Diseases Labs,0.805549,0.407654,7,A*STAR Infectious Diseases Labs,Nanyang Technological University,0,1
A*STAR Infectious Diseases Labs--Nanyang Technological University#ALL,A*STAR Infectious Diseases Labs--Nanyang Technological University,ALL,2,Nanyang Technological University,Nanyang Technological University,0.664988,0.515565,7,A*STAR Infectious Diseases Labs,Nanyang Technological University,0,1
A*STAR Infectious Diseases Labs--National University of Singapore#ALL,A*STAR Infectious Diseases Labs--National University of Singapore,ALL,1,A*STAR Infectious Diseases Labs,A*STAR Infectious Diseases Labs,0.805549,0.407654,8,A*STAR Infectious Diseases Labs,National University of Singapore,0,1
A*STAR Infectious Diseases Labs--National University of Singapore#ALL,A*STAR Infectious Diseases Labs--National University of Singapore,ALL,2,National University of Singapore,National University of Singapore,0.59751,0.507684,8,A*STAR Infectious Diseases Labs,National University of Singapore,0,1
Mahidol University--Oxford University Clinical Research Unit#ALL,Mahidol University--Oxford University Clinical Research Unit,ALL,1,Mahidol University,Mahidol University,0.601502,0.392831,4,Mahidol University,Oxford University Clinical Research Unit,1,0
Mahidol University--Oxford University Clinical Research Unit#ALL,Mahidol University--Oxford University Clinical Research Unit,ALL,2,Oxford University Clinical Research Unit,Oxford University Clinical Research Unit,0.703504,0.365802,4,Mahidol University,Oxford University Clinical Research Unit,1,0
National University Hospital--University of Oxford#ALL,National University Hospital--University of Oxford,ALL,1,National University Hospital,National University Hospital,0.51926,0.342069,4,National University Hospital,University of Oxford,1,1
National University Hospital--University of Oxford#ALL,National University Hospital--University of Oxford,ALL,2,University of Oxford,University of Oxford,0.658401,0.434596,4,National University Hospital,University of Oxford,1,1
National Centre for Infectious Diseases--National University Hospital#ALL,National Centre for Infectious Diseases--National University Hospital,ALL,1,National Centre for Infectious Diseases,National Centre for Infectious Diseases,0.63178,0.485666,6,National Centre for Infectious Diseases,National University Hospital,0,1
National Centre for Infectious Diseases--National University Hospital#ALL,National Centre for Infectious Diseases--National University Hospital,ALL,2,National University Hospital,National University Hospital,0.51926,0.342069,6,National Centre for Infectious Diseases,National University Hospital,0,1
"Agency for Science, Technology and Research--National University of Singapore#ALL","Agency for Science, Technology and Research--National University of Singapore",ALL,1,"Agency for Science, Technology and Research","Agency for Science, Technology and Research",0.770378,0.467146,5,"Agency for Science, Technology and Research",National University of Singapore,0,1
"Agency for Science, Technology and Research--National University of Singapore#ALL","Agency for Science, Technology and Research--National University of Singapore",ALL,2,National University of Singapore,National University of Singapore,0.59751,0.507684,5,"Agency for Science, Technology and Research",National University of Singapore,0,1
National University of Singapore--SingHealth#ALL,National University of Singapore--SingHealth,ALL,1,National University of Singapore,National University of Singapore,0.59751,0.507684,8,National University of Singapore,SingHealth,0,1
National University of Singapore--SingHealth#ALL,National University of Singapore--SingHealth,ALL,2,SingHealth,SingHealth,0.566166,0.304445,8,National University of Singapore,SingHealth,0,1
A*STAR Infectious Diseases Labs--University of Malaya#ALL,A*STAR Infectious Diseases Labs--University of Malaya,ALL,1,A*STAR Infectious Diseases Labs,A*STAR Infectious Diseases Labs,0.805549,0.407654,3,A*STAR Infectious Diseases Labs,University of Malaya,1,1
A*STAR Infectious Diseases Labs--University of Malaya#ALL,A*STAR Infectious Diseases Labs--University of Malaya,ALL,2,University of Malaya,University of Malaya,0.573788,0.583368,3,A*STAR Infectious Diseases Labs,University of Malaya,1,1
Duke-NUS Medical School--Nanyang Technological University#ALL,Duke-NUS Medical School--Nanyang Technological University,ALL,1,Duke-NUS Medical School,Duke-NUS Medical School,0.465633,0.441401,7,Duke-NUS Medical School,Nanyang Technological University,0,1
Duke-NUS Medical School--Nanyang Technological University#ALL,Duke-NUS Medical School--Nanyang Technological University,ALL,2,Nanyang Technological University,Nanyang Technological University,0.664988,0.515565,7,Duke-NUS Medical School,Nanyang Technological University,0,1
Duke-NUS Medical School--Tan Tock Seng Hospital#ALL,Duke-NUS Medical School--Tan Tock Seng Hospital,ALL,1,Duke-NUS Medical School,Duke-NUS Medical School,0.465633,0.441401,4,Duke-NUS Medical School,Tan Tock Seng Hospital,0,1
Duke-NUS Medical School--Tan Tock Seng Hospital#ALL,Duke-NUS Medical School--Tan Tock Seng Hospital,ALL,2,Tan Tock Seng Hospital,Tan Tock Seng Hospital,0.54699,0.379399,4,Duke-NUS Medical School,Tan Tock Seng Hospital,0,1
Duke-NUS Medical School--Universitas Indonesia#ALL,Duke-NUS Medical School--Universitas Indonesia,ALL,1,Duke-NUS Medical School,Duke-NUS Medical School,0.465633,0.441401,3,Duke-NUS Medical School,Universitas Indonesia,1,1
Duke-NUS Medical School--Universitas Indonesia#ALL,Duke-NUS Medical School--Universitas Indonesia,ALL,2,Universitas Indonesia,Universitas Indonesia,0.62933,0.345326,3,Duke-NUS Medical School,Universitas Indonesia,1,1
Nanyang Technological University--Universitas Indonesia#ALL,Nanyang Technological University--Universitas Indonesia,ALL,1,Nanyang Technological University,Nanyang Technological University,0.664988,0.515565,3,Nanyang Technological University,Universitas Indonesia,1,1
Nanyang Technological University--Universitas Indonesia#ALL,Nanyang Technological University--Universitas Indonesia,ALL,2,Universitas Indonesia,Universitas Indonesia,0.62933,0.345326,3,Nanyang Technological University,Universitas Indonesia,1,1
Tan Tock Seng Hospital--Universitas Indonesia#ALL,Tan Tock Seng Hospital--Universitas Indonesia,ALL,1,Tan Tock Seng Hospital,Tan Tock Seng Hospital,0.54699,0.379399,3,Tan Tock Seng Hospital,Universitas Indonesia,1,1
Tan Tock Seng Hospital--Universitas Indonesia#ALL,Tan Tock Seng Hospital--Universitas Indonesia,ALL,2,Universitas Indonesia,Universitas Indonesia,0.62933,0.345326,3,Tan Tock Seng Hospital,Universitas Indonesia,1,1
National University of Singapore--University of Melbourne#ALL,National University of Singapore--University of Melbourne,ALL,1,National University of Singapore,National University of Singapore,0.59751,0.507684,9,National University of Singapore,University of Melbourne,1,1
National University of Singapore--University of Melbourne#ALL,National University of Singapore--University of Melbourne,ALL,2,University of Melbourne,University of Melbourne,0.717864,0.499267,9,National University of Singapore,University of Melbourne,1,1
Experimental Drug Development Centre--Nanyang Technological University#ALL,Experimental Drug Development Centre--Nanyang Technological University,ALL,1,Experimental Drug Development Centre,Experimental Drug Development Centre,0.825502,0.790908,4,Experimental Drug Development Centre,Nanyang Technological University,0,1
Experimental Drug Development Centre--Nanyang Technological University#ALL,Experimental Drug Development Centre--Nanyang Technological University,ALL,2,Nanyang Technological University,Nanyang Technological University,0.664988,0.515565,4,Experimental Drug Development Centre,Nanyang Technological University,0,1
Harvard University--World Health Organization#ALL,Harvard University--World Health Organization,ALL,1,Harvard University,Harvard University,0.690017,0.63864,3,Harvard University,World Health Organization,1,0
Harvard University--World Health Organization#ALL,Harvard University--World Health Organization,ALL,2,World Health Organization,World Health Organization,0.823585,0.550849,3,Harvard University,World Health Organization,1,0
London School of Hygiene & Tropical Medicine--World Health Organization#ALL,London School of Hygiene & Tropical Medicine--World Health Organization,ALL,1,London School of Hygiene & Tropical Medicine,London School of Hygiene & Tropical Medicine,0.690267,0.57095,4,London School of Hygiene & Tropical Medicine,World Health Organization,1,0
London School of Hygiene & Tropical Medicine--World Health Organization#ALL,London School of Hygiene & Tropical Medicine--World Health Organization,ALL,2,World Health Organization,World Health Organization,0.823585,0.550849,4,London School of Hygiene & Tropical Medicine,World Health Organization,1,0
Nanyang Technological University--National Environment Agency#ALL,Nanyang Technological University--National Environment Agency,ALL,1,Nanyang Technological University,Nanyang Technological University,0.664988,0.515565,3,Nanyang Technological University,National Environment Agency,0,1
Nanyang Technological University--National Environment Agency#ALL,Nanyang Technological University--National Environment Agency,ALL,2,National Environment Agency,National Environment Agency,0.727957,0.791093,3,Nanyang Technological University,National Environment Agency,0,1
National Environment Agency--National University of Singapore#ALL,National Environment Agency--National University of Singapore,ALL,1,National Environment Agency,National Environment Agency,0.727957,0.791093,3,National Environment Agency,National University of Singapore,0,1
National Environment Agency--National University of Singapore#ALL,National Environment Agency--National University of Singapore,ALL,2,National University of Singapore,National University of Singapore,0.59751,0.507684,3,National Environment Agency,National University of Singapore,0,1
National University of Singapore--Singapore Food Agency#ALL,National University of Singapore--Singapore Food Agency,ALL,1,National University of Singapore,National University of Singapore,0.59751,0.507684,3,National University of Singapore,Singapore Food Agency,0,1
National University of Singapore--Singapore Food Agency#ALL,National University of Singapore--Singapore Food Agency,ALL,2,Singapore Food Agency,Singapore Food Agency,0.37064,0.381025,3,National University of Singapore,Singapore Food Agency,0,1
Communicable Diseases Agency--Nanyang Technological University#ALL,Communicable Diseases Agency--Nanyang Technological University,ALL,1,Communicable Diseases Agency,Communicable Diseases Agency,0.485721,0.581763,5,Communicable Diseases Agency,Nanyang Technological University,0,1
Communicable Diseases Agency--Nanyang Technological University#ALL,Communicable Diseases Agency--Nanyang Technological University,ALL,2,Nanyang Technological University,Nanyang Technological University,0.664988,0.515565,5,Communicable Diseases Agency,Nanyang Technological University,0,1
Communicable Diseases Agency--National Centre for Infectious Diseases#ALL,Communicable Diseases Agency--National Centre for Infectious Diseases,ALL,1,Communicable Diseases Agency,Communicable Diseases Agency,0.485721,0.581763,5,Communicable Diseases Agency,National Centre for Infectious Diseases,0,1
Communicable Diseases Agency--National Centre for Infectious Diseases#ALL,Communicable Diseases Agency--National Centre for Infectious Diseases,ALL,2,National Centre for Infectious Diseases,National Centre for Infectious Diseases,0.63178,0.485666,5,Communicable Diseases Agency,National Centre for Infectious Diseases,0,1
Communicable Diseases Agency--National University of Singapore#ALL,Communicable Diseases Agency--National University of Singapore,ALL,1,Communicable Diseases Agency,Communicable Diseases Agency,0.485721,0.581763,5,Communicable Diseases Agency,National University of Singapore,0,1
Communicable Diseases Agency--National University of Singapore#ALL,Communicable Diseases Agency--National University of Singapore,ALL,2,National University of Singapore,National University of Singapore,0.59751,0.507684,5,Communicable Diseases Agency,National University of Singapore,0,1
Communicable Diseases Agency--Singapore General Hospital#ALL,Communicable Diseases Agency--Singapore General Hospital,ALL,1,Communicable Diseases Agency,Communicable Diseases Agency,0.485721,0.581763,3,Communicable Diseases Agency,Singapore General Hospital,0,1
Communicable Diseases Agency--Singapore General Hospital#ALL,Communicable Diseases Agency--Singapore General Hospital,ALL,2,Singapore General Hospital,Singapore General Hospital,0.475209,0.374832,3,Communicable Diseases Agency,Singapore General Hospital,0,1
Communicable Diseases Agency--Tan Tock Seng Hospital#ALL,Communicable Diseases Agency--Tan Tock Seng Hospital,ALL,1,Communicable Diseases Agency,Communicable Diseases Agency,0.485721,0.581763,5,Communicable Diseases Agency,Tan Tock Seng Hospital,0,1
Communicable Diseases Agency--Tan Tock Seng Hospital#ALL,Communicable Diseases Agency--Tan Tock Seng Hospital,ALL,2,Tan Tock Seng Hospital,Tan Tock Seng Hospital,0.54699,0.379399,5,Communicable Diseases Agency,Tan Tock Seng Hospital,0,1
KK Women's and Children's Hospital--Nanyang Technological University#ALL,KK Women's and Children's Hospital--Nanyang Technological University,ALL,1,KK Women's and Children's Hospital,KK Women's and Children's Hospital,0.460123,0.505295,6,KK Women's and Children's Hospital,Nanyang Technological University,0,1
KK Women's and Children's Hospital--Nanyang Technological University#ALL,KK Women's and Children's Hospital--Nanyang Technological University,ALL,2,Nanyang Technological University,Nanyang Technological University,0.664988,0.515565,6,KK Women's and Children's Hospital,Nanyang Technological University,0,1
KK Women's and Children's Hospital--National University Health System#ALL,KK Women's and Children's Hospital--National University Health System,ALL,1,KK Women's and Children's Hospital,KK Women's and Children's Hospital,0.460123,0.505295,3,KK Women's and Children's Hospital,National University Health System,0,1
KK Women's and Children's Hospital--National University Health System#ALL,KK Women's and Children's Hospital--National University Health System,ALL,2,National University Health System,National University Health System,0.554169,0.437829,3,KK Women's and Children's Hospital,National University Health System,0,1
KK Women's and Children's Hospital--National University Hospital#ALL,KK Women's and Children's Hospital--National University Hospital,ALL,1,KK Women's and Children's Hospital,KK Women's and Children's Hospital,0.460123,0.505295,5,KK Women's and Children's Hospital,National University Hospital,0,1
KK Women's and Children's Hospital--National University Hospital#ALL,KK Women's and Children's Hospital--National University Hospital,ALL,2,National University Hospital,National University Hospital,0.51926,0.342069,5,KK Women's and Children's Hospital,National University Hospital,0,1
KK Women's and Children's Hospital--Singapore General Hospital#ALL,KK Women's and Children's Hospital--Singapore General Hospital,ALL,1,KK Women's and Children's Hospital,KK Women's and Children's Hospital,0.460123,0.505295,5,KK Women's and Children's Hospital,Singapore General Hospital,0,1
KK Women's and Children's Hospital--Singapore General Hospital#ALL,KK Women's and Children's Hospital--Singapore General Hospital,ALL,2,Singapore General Hospital,Singapore General Hospital,0.475209,0.374832,5,KK Women's and Children's Hospital,Singapore General Hospital,0,1
Nanyang Technological University--Singapore General Hospital#ALL,Nanyang Technological University--Singapore General Hospital,ALL,1,Nanyang Technological University,Nanyang Technological University,0.664988,0.515565,6,Nanyang Technological University,Singapore General Hospital,0,1
Nanyang Technological University--Singapore General Hospital#ALL,Nanyang Technological University--Singapore General Hospital,ALL,2,Singapore General Hospital,Singapore General Hospital,0.475209,0.374832,6,Nanyang Technological University,Singapore General Hospital,0,1
National Centre for Infectious Diseases--Singapore General Hospital#ALL,National Centre for Infectious Diseases--Singapore General Hospital,ALL,1,National Centre for Infectious Diseases,National Centre for Infectious Diseases,0.63178,0.485666,7,National Centre for Infectious Diseases,Singapore General Hospital,0,1
National Centre for Infectious Diseases--Singapore General Hospital#ALL,National Centre for Infectious Diseases--Singapore General Hospital,ALL,2,Singapore General Hospital,Singapore General Hospital,0.475209,0.374832,7,National Centre for Infectious Diseases,Singapore General Hospital,0,1
National University Health System--National University Hospital#ALL,National University Health System--National University Hospital,ALL,1,National University Health System,National University Health System,0.554169,0.437829,5,National University Health System,National University Hospital,0,1
National University Health System--National University Hospital#ALL,National University Health System--National University Hospital,ALL,2,National University Hospital,National University Hospital,0.51926,0.342069,5,National University Health System,National University Hospital,0,1
National University Health System--Tan Tock Seng Hospital#ALL,National University Health System--Tan Tock Seng Hospital,ALL,1,National University Health System,National University Health System,0.554169,0.437829,5,National University Health System,Tan Tock Seng Hospital,0,1
National University Health System--Tan Tock Seng Hospital#ALL,National University Health System--Tan Tock Seng Hospital,ALL,2,Tan Tock Seng Hospital,Tan Tock Seng Hospital,0.54699,0.379399,5,National University Health System,Tan Tock Seng Hospital,0,1
National University Hospital--Singapore General Hospital#ALL,National University Hospital--Singapore General Hospital,ALL,1,National University Hospital,National University Hospital,0.51926,0.342069,9,National University Hospital,Singapore General Hospital,0,1
National University Hospital--Singapore General Hospital#ALL,National University Hospital--Singapore General Hospital,ALL,2,Singapore General Hospital,Singapore General Hospital,0.475209,0.374832,9,National University Hospital,Singapore General Hospital,0,1
National University Hospital--Tan Tock Seng Hospital#ALL,National University Hospital--Tan Tock Seng Hospital,ALL,1,National University Hospital,National University Hospital,0.51926,0.342069,7,National University Hospital,Tan Tock Seng Hospital,0,1
National University Hospital--Tan Tock Seng Hospital#ALL,National University Hospital--Tan Tock Seng Hospital,ALL,2,Tan Tock Seng Hospital,Tan Tock Seng Hospital,0.54699,0.379399,7,National University Hospital,Tan Tock Seng Hospital,0,1
Johns Hopkins University--National University of Singapore#ALL,Johns Hopkins University--National University of Singapore,ALL,1,Johns Hopkins University,Johns Hopkins University,0.616645,0.578135,4,Johns Hopkins University,National University of Singapore,1,1
Johns Hopkins University--National University of Singapore#ALL,Johns Hopkins University--National University of Singapore,ALL,2,National University of Singapore,National University of Singapore,0.59751,0.507684,4,Johns Hopkins University,National University of Singapore,1,1
National Centre for Infectious Diseases--University of Malaya#ALL,National Centre for Infectious Diseases--University of Malaya,ALL,1,National Centre for Infectious Diseases,National Centre for Infectious Diseases,0.63178,0.485666,3,National Centre for Infectious Diseases,University of Malaya,1,1
National Centre for Infectious Diseases--University of Malaya#ALL,National Centre for Infectious Diseases--University of Malaya,ALL,2,University of Malaya,University of Malaya,0.573788,0.583368,3,National Centre for Infectious Diseases,University of Malaya,1,1
Imperial College London--World Health Organization#ALL,Imperial College London--World Health Organization,ALL,1,Imperial College London,Imperial College London,0.855768,0.625981,3,Imperial College London,World Health Organization,1,0
Imperial College London--World Health Organization#ALL,Imperial College London--World Health Organization,ALL,2,World Health Organization,World Health Organization,0.823585,0.550849,3,Imperial College London,World Health Organization,1,0
Mahidol University--National University Health System#ALL,Mahidol University--National University Health System,ALL,1,Mahidol University,Mahidol University,0.601502,0.392831,2,Mahidol University,National University Health System,1,1
Mahidol University--National University Health System#ALL,Mahidol University--National University Health System,ALL,2,National University Health System,National University Health System,0.554169,0.437829,2,Mahidol University,National University Health System,1,1
National University Health System--Oxford University Clinical Research Unit#ALL,National University Health System--Oxford University Clinical Research Unit,ALL,1,National University Health System,National University Health System,0.554169,0.437829,4,National University Health System,Oxford University Clinical Research Unit,1,1
National University Health System--Oxford University Clinical Research Unit#ALL,National University Health System--Oxford University Clinical Research Unit,ALL,2,Oxford University Clinical Research Unit,Oxford University Clinical Research Unit,0.703504,0.365802,4,National University Health System,Oxford University Clinical Research Unit,1,1
National University Health System--University of Oxford#ALL,National University Health System--University of Oxford,ALL,1,National University Health System,National University Health System,0.554169,0.437829,3,National University Health System,University of Oxford,1,1
National University Health System--University of Oxford#ALL,National University Health System--University of Oxford,ALL,2,University of Oxford,University of Oxford,0.658401,0.434596,3,National University Health System,University of Oxford,1,1
National Centre for Infectious Diseases--Oxford University Clinical Research Unit#ALL,National Centre for Infectious Diseases--Oxford University Clinical Research Unit,ALL,1,National Centre for Infectious Diseases,National Centre for Infectious Diseases,0.63178,0.485666,2,National Centre for Infectious Diseases,Oxford University Clinical Research Unit,1,1
National Centre for Infectious Diseases--Oxford University Clinical Research Unit#ALL,National Centre for Infectious Diseases--Oxford University Clinical Research Unit,ALL,2,Oxford University Clinical Research Unit,Oxford University Clinical Research Unit,0.703504,0.365802,2,National Centre for Infectious Diseases,Oxford University Clinical Research Unit,1,1
National Centre for Infectious Diseases--University of Oxford#ALL,National Centre for Infectious Diseases--University of Oxford,ALL,1,National Centre for Infectious Diseases,National Centre for Infectious Diseases,0.63178,0.485666,4,National Centre for Infectious Diseases,University of Oxford,1,1
National Centre for Infectious Diseases--University of Oxford#ALL,National Centre for Infectious Diseases--University of Oxford,ALL,2,University of Oxford,University of Oxford,0.658401,0.434596,4,National Centre for Infectious Diseases,University of Oxford,1,1
SingHealth--Singapore General Hospital#ALL,SingHealth--Singapore General Hospital,ALL,1,SingHealth,SingHealth,0.566166,0.304445,6,SingHealth,Singapore General Hospital,0,1
SingHealth--Singapore General Hospital#ALL,SingHealth--Singapore General Hospital,ALL,2,Singapore General Hospital,Singapore General Hospital,0.475209,0.374832,6,SingHealth,Singapore General Hospital,0,1
Mahidol University--National University Hospital#ALL,Mahidol University--National University Hospital,ALL,1,Mahidol University,Mahidol University,0.601502,0.392831,3,Mahidol University,National University Hospital,1,1
Mahidol University--National University Hospital#ALL,Mahidol University--National University Hospital,ALL,2,National University Hospital,National University Hospital,0.51926,0.342069,3,Mahidol University,National University Hospital,1,1
National University Hospital--Oxford University Clinical Research Unit#ALL,National University Hospital--Oxford University Clinical Research Unit,ALL,1,National University Hospital,National University Hospital,0.51926,0.342069,2,National University Hospital,Oxford University Clinical Research Unit,1,1
National University Hospital--Oxford University Clinical Research Unit#ALL,National University Hospital--Oxford University Clinical Research Unit,ALL,2,Oxford University Clinical Research Unit,Oxford University Clinical Research Unit,0.703504,0.365802,2,National University Hospital,Oxford University Clinical Research Unit,1,1
Singapore General Hospital--University of Hong Kong#ALL,Singapore General Hospital--University of Hong Kong,ALL,1,Singapore General Hospital,Singapore General Hospital,0.475209,0.374832,3,Singapore General Hospital,University of Hong Kong,1,1
Singapore General Hospital--University of Hong Kong#ALL,Singapore General Hospital--University of Hong Kong,ALL,2,University of Hong Kong,University of Hong Kong,0.711454,0.426862,3,Singapore General Hospital,University of Hong Kong,1,1
National Skin Centre--National University of Singapore#ALL,National Skin Centre--National University of Singapore,ALL,1,National Skin Centre,National Skin Centre,0.569459,0.179669,2,National Skin Centre,National University of Singapore,0,1
National Skin Centre--National University of Singapore#ALL,National Skin Centre--National University of Singapore,ALL,2,National University of Singapore,National University of Singapore,0.59751,0.507684,2,National Skin Centre,National University of Singapore,0,1
Duke-NUS Medical School--Singapore General Hospital#ALL,Duke-NUS Medical School--Singapore General Hospital,ALL,1,Duke-NUS Medical School,Duke-NUS Medical School,0.465633,0.441401,9,Duke-NUS Medical School,Singapore General Hospital,0,1
Duke-NUS Medical School--Singapore General Hospital#ALL,Duke-NUS Medical School--Singapore General Hospital,ALL,2,Singapore General Hospital,Singapore General Hospital,0.475209,0.374832,9,Duke-NUS Medical School,Singapore General Hospital,0,1
Duke-NUS Medical School--National University Hospital#ALL,Duke-NUS Medical School--National University Hospital,ALL,1,Duke-NUS Medical School,Duke-NUS Medical School,0.465633,0.441401,4,Duke-NUS Medical School,National University Hospital,0,1
Duke-NUS Medical School--National University Hospital#ALL,Duke-NUS Medical School--National University Hospital,ALL,2,National University Hospital,National University Hospital,0.51926,0.342069,4,Duke-NUS Medical School,National University Hospital,0,1
Nanyang Technological University--University of Cambridge#ALL,Nanyang Technological University--University of Cambridge,ALL,1,Nanyang Technological University,Nanyang Technological University,0.664988,0.515565,2,Nanyang Technological University,University of Cambridge,1,1
Nanyang Technological University--University of Cambridge#ALL,Nanyang Technological University--University of Cambridge,ALL,2,University of Cambridge,University of Cambridge,0.795279,0.581232,2,Nanyang Technological University,University of Cambridge,1,1
Nanyang Technological University--University of Hong Kong#ALL,Nanyang Technological University--University of Hong Kong,ALL,1,Nanyang Technological University,Nanyang Technological University,0.664988,0.515565,3,Nanyang Technological University,University of Hong Kong,1,1
Nanyang Technological University--University of Hong Kong#ALL,Nanyang Technological University--University of Hong Kong,ALL,2,University of Hong Kong,University of Hong Kong,0.711454,0.426862,3,Nanyang Technological University,University of Hong Kong,1,1
Changi General Hospital--Singapore General Hospital#ALL,Changi General Hospital--Singapore General Hospital,ALL,1,Changi General Hospital,Changi General Hospital,0.384499,0.459909,5,Changi General Hospital,Singapore General Hospital,0,1
Changi General Hospital--Singapore General Hospital#ALL,Changi General Hospital--Singapore General Hospital,ALL,2,Singapore General Hospital,Singapore General Hospital,0.475209,0.374832,5,Changi General Hospital,Singapore General Hospital,0,1
Sengkang General Hospital--Singapore General Hospital#ALL,Sengkang General Hospital--Singapore General Hospital,ALL,1,Sengkang General Hospital,Sengkang General Hospital,0.288901,0.349634,2,Sengkang General Hospital,Singapore General Hospital,0,1
Sengkang General Hospital--Singapore General Hospital#ALL,Sengkang General Hospital--Singapore General Hospital,ALL,2,Singapore General Hospital,Singapore General Hospital,0.475209,0.374832,2,Sengkang General Hospital,Singapore General Hospital,0,1
Nanyang Technological University--National University Health System#ALL,Nanyang Technological University--National University Health System,ALL,1,Nanyang Technological University,Nanyang Technological University,0.664988,0.515565,4,Nanyang Technological University,National University Health System,0,1
Nanyang Technological University--National University Health System#ALL,Nanyang Technological University--National University Health System,ALL,2,National University Health System,National University Health System,0.554169,0.437829,4,Nanyang Technological University,National University Health System,0,1
"Agency for Science, Technology and Research--Bioinformatics Institute#ALL","Agency for Science, Technology and Research--Bioinformatics Institute",ALL,1,"Agency for Science, Technology and Research","Agency for Science, Technology and Research",0.770378,0.467146,2,"Agency for Science, Technology and Research",Bioinformatics Institute,1,1
"Agency for Science, Technology and Research--Bioinformatics Institute#ALL","Agency for Science, Technology and Research--Bioinformatics Institute",ALL,2,Bioinformatics Institute,Bioinformatics Institute,0.951638,0.602685,2,"Agency for Science, Technology and Research",Bioinformatics Institute,1,1
Bioinformatics Institute--National University of Singapore#ALL,Bioinformatics Institute--National University of Singapore,ALL,1,Bioinformatics Institute,Bioinformatics Institute,0.951638,0.602685,2,Bioinformatics Institute,National University of Singapore,1,1
Bioinformatics Institute--National University of Singapore#ALL,Bioinformatics Institute--National University of Singapore,ALL,2,National University of Singapore,National University of Singapore,0.59751,0.507684,2,Bioinformatics Institute,National University of Singapore,1,1
National Skin Centre--Singapore General Hospital#ALL,National Skin Centre--Singapore General Hospital,ALL,1,National Skin Centre,National Skin Centre,0.569459,0.179669,2,National Skin Centre,Singapore General Hospital,0,1
National Skin Centre--Singapore General Hospital#ALL,National Skin Centre--Singapore General Hospital,ALL,2,Singapore General Hospital,Singapore General Hospital,0.475209,0.374832,2,National Skin Centre,Singapore General Hospital,0,1
National University of Singapore--Singapore Immunology Network#ALL,National University of Singapore--Singapore Immunology Network,ALL,1,National University of Singapore,National University of Singapore,0.59751,0.507684,4,National University of Singapore,Singapore Immunology Network,0,1
National University of Singapore--Singapore Immunology Network#ALL,National University of Singapore--Singapore Immunology Network,ALL,2,Singapore Immunology Network,Singapore Immunology Network,0.726572,0.281452,4,National University of Singapore,Singapore Immunology Network,0,1
National University Health System--University of Melbourne#ALL,National University Health System--University of Melbourne,ALL,1,National University Health System,National University Health System,0.554169,0.437829,2,National University Health System,University of Melbourne,1,1
National University Health System--University of Melbourne#ALL,National University Health System--University of Melbourne,ALL,2,University of Melbourne,University of Melbourne,0.717864,0.499267,2,National University Health System,University of Melbourne,1,1
Oxford University Clinical Research Unit--University of Melbourne#ALL,Oxford University Clinical Research Unit--University of Melbourne,ALL,1,Oxford University Clinical Research Unit,Oxford University Clinical Research Unit,0.703504,0.365802,3,Oxford University Clinical Research Unit,University of Melbourne,1,0
Oxford University Clinical Research Unit--University of Melbourne#ALL,Oxford University Clinical Research Unit--University of Melbourne,ALL,2,University of Melbourne,University of Melbourne,0.717864,0.499267,3,Oxford University Clinical Research Unit,University of Melbourne,1,0
A*STAR Infectious Diseases Labs--Mahidol University#ALL,A*STAR Infectious Diseases Labs--Mahidol University,ALL,1,A*STAR Infectious Diseases Labs,A*STAR Infectious Diseases Labs,0.805549,0.407654,2,A*STAR Infectious Diseases Labs,Mahidol University,1,1
A*STAR Infectious Diseases Labs--Mahidol University#ALL,A*STAR Infectious Diseases Labs--Mahidol University,ALL,2,Mahidol University,Mahidol University,0.601502,0.392831,2,A*STAR Infectious Diseases Labs,Mahidol University,1,1
London School of Hygiene & Tropical Medicine--University of Hong Kong#ALL,London School of Hygiene & Tropical Medicine--University of Hong Kong,ALL,1,London School of Hygiene & Tropical Medicine,London School of Hygiene & Tropical Medicine,0.690267,0.57095,3,London School of Hygiene & Tropical Medicine,University of Hong Kong,1,0
London School of Hygiene & Tropical Medicine--University of Hong Kong#ALL,London School of Hygiene & Tropical Medicine--University of Hong Kong,ALL,2,University of Hong Kong,University of Hong Kong,0.711454,0.426862,3,London School of Hygiene & Tropical Medicine,University of Hong Kong,1,0
National Cancer Centre Singapore--Singapore General Hospital#ALL,National Cancer Centre Singapore--Singapore General Hospital,ALL,1,National Cancer Centre Singapore,National Cancer Centre Singapore,0.481842,0.196834,4,National Cancer Centre Singapore,Singapore General Hospital,0,1
National Cancer Centre Singapore--Singapore General Hospital#ALL,National Cancer Centre Singapore--Singapore General Hospital,ALL,2,Singapore General Hospital,Singapore General Hospital,0.475209,0.374832,4,National Cancer Centre Singapore,Singapore General Hospital,0,1
National Cancer Centre Singapore--Tan Tock Seng Hospital#ALL,National Cancer Centre Singapore--Tan Tock Seng Hospital,ALL,1,National Cancer Centre Singapore,National Cancer Centre Singapore,0.481842,0.196834,2,National Cancer Centre Singapore,Tan Tock Seng Hospital,0,1
National Cancer Centre Singapore--Tan Tock Seng Hospital#ALL,National Cancer Centre Singapore--Tan Tock Seng Hospital,ALL,2,Tan Tock Seng Hospital,Tan Tock Seng Hospital,0.54699,0.379399,2,National Cancer Centre Singapore,Tan Tock Seng Hospital,0,1
National Centre for Infectious Diseases--University of Melbourne#ALL,National Centre for Infectious Diseases--University of Melbourne,ALL,1,National Centre for Infectious Diseases,National Centre for Infectious Diseases,0.63178,0.485666,3,National Centre for Infectious Diseases,University of Melbourne,1,1
National Centre for Infectious Diseases--University of Melbourne#ALL,National Centre for Infectious Diseases--University of Melbourne,ALL,2,University of Melbourne,University of Melbourne,0.717864,0.499267,3,National Centre for Infectious Diseases,University of Melbourne,1,1
Tan Tock Seng Hospital--University of Melbourne#ALL,Tan Tock Seng Hospital--University of Melbourne,ALL,1,Tan Tock Seng Hospital,Tan Tock Seng Hospital,0.54699,0.379399,3,Tan Tock Seng Hospital,University of Melbourne,1,1
Tan Tock Seng Hospital--University of Melbourne#ALL,Tan Tock Seng Hospital--University of Melbourne,ALL,2,University of Melbourne,University of Melbourne,0.717864,0.499267,3,Tan Tock Seng Hospital,University of Melbourne,1,1
London School of Hygiene & Tropical Medicine--University of Melbourne#ALL,London School of Hygiene & Tropical Medicine--University of Melbourne,ALL,1,London School of Hygiene & Tropical Medicine,London School of Hygiene & Tropical Medicine,0.690267,0.57095,4,London School of Hygiene & Tropical Medicine,University of Melbourne,1,0
London School of Hygiene & Tropical Medicine--University of Melbourne#ALL,London School of Hygiene & Tropical Medicine--University of Melbourne,ALL,2,University of Melbourne,University of Melbourne,0.717864,0.499267,4,London School of Hygiene & Tropical Medicine,University of Melbourne,1,0
National University of Singapore--University of Malaya#ALL,National University of Singapore--University of Malaya,ALL,1,National University of Singapore,National University of Singapore,0.59751,0.507684,5,National University of Singapore,University of Malaya,1,1
National University of Singapore--University of Malaya#ALL,National University of Singapore--University of Malaya,ALL,2,University of Malaya,University of Malaya,0.573788,0.583368,5,National University of Singapore,University of Malaya,1,1
Experimental Drug Development Centre--National Centre for Infectious Diseases#ALL,Experimental Drug Development Centre--National Centre for Infectious Diseases,ALL,1,Experimental Drug Development Centre,Experimental Drug Development Centre,0.825502,0.790908,3,Experimental Drug Development Centre,National Centre for Infectious Diseases,0,1
Experimental Drug Development Centre--National Centre for Infectious Diseases#ALL,Experimental Drug Development Centre--National Centre for Infectious Diseases,ALL,2,National Centre for Infectious Diseases,National Centre for Infectious Diseases,0.63178,0.485666,3,Experimental Drug Development Centre,National Centre for Infectious Diseases,0,1
Changi General Hospital--National University of Singapore#ALL,Changi General Hospital--National University of Singapore,ALL,1,Changi General Hospital,Changi General Hospital,0.384499,0.459909,4,Changi General Hospital,National University of Singapore,0,1
Changi General Hospital--National University of Singapore#ALL,Changi General Hospital--National University of Singapore,ALL,2,National University of Singapore,National University of Singapore,0.59751,0.507684,4,Changi General Hospital,National University of Singapore,0,1
SingHealth--Singapore Immunology Network#ALL,SingHealth--Singapore Immunology Network,ALL,1,SingHealth,SingHealth,0.566166,0.304445,2,SingHealth,Singapore Immunology Network,0,1
SingHealth--Singapore Immunology Network#ALL,SingHealth--Singapore Immunology Network,ALL,2,Singapore Immunology Network,Singapore Immunology Network,0.726572,0.281452,2,SingHealth,Singapore Immunology Network,0,1
Nanyang Technological University--National University Hospital#ALL,Nanyang Technological University--National University Hospital,ALL,1,Nanyang Technological University,Nanyang Technological University,0.664988,0.515565,4,Nanyang Technological University,National University Hospital,0,1
Nanyang Technological University--National University Hospital#ALL,Nanyang Technological University--National University Hospital,ALL,2,National University Hospital,National University Hospital,0.51926,0.342069,4,Nanyang Technological University,National University Hospital,0,1
Nanyang Technological University--University of Oxford#ALL,Nanyang Technological University--University of Oxford,ALL,1,Nanyang Technological University,Nanyang Technological University,0.664988,0.515565,5,Nanyang Technological University,University of Oxford,1,1
Nanyang Technological University--University of Oxford#ALL,Nanyang Technological University--University of Oxford,ALL,2,University of Oxford,University of Oxford,0.658401,0.434596,5,Nanyang Technological University,University of Oxford,1,1
London School of Hygiene & Tropical Medicine--National University Hospital#ALL,London School of Hygiene & Tropical Medicine--National University Hospital,ALL,1,London School of Hygiene & Tropical Medicine,London School of Hygiene & Tropical Medicine,0.690267,0.57095,2,London School of Hygiene & Tropical Medicine,National University Hospital,1,1
London School of Hygiene & Tropical Medicine--National University Hospital#ALL,London School of Hygiene & Tropical Medicine--National University Hospital,ALL,2,National University Hospital,National University Hospital,0.51926,0.342069,2,London School of Hygiene & Tropical Medicine,National University Hospital,1,1
Mahidol University--World Health Organization#ALL,Mahidol University--World Health Organization,ALL,1,Mahidol University,Mahidol University,0.601502,0.392831,1,Mahidol University,World Health Organization,1,0
Mahidol University--World Health Organization#ALL,Mahidol University--World Health Organization,ALL,2,World Health Organization,World Health Organization,0.823585,0.550849,1,Mahidol University,World Health Organization,1,0
University of Oxford--World Health Organization#ALL,University of Oxford--World Health Organization,ALL,1,University of Oxford,University of Oxford,0.658401,0.434596,1,University of Oxford,World Health Organization,1,0
University of Oxford--World Health Organization#ALL,University of Oxford--World Health Organization,ALL,2,World Health Organization,World Health Organization,0.823585,0.550849,1,University of Oxford,World Health Organization,1,0
Communicable Diseases Agency--KK Women's and Children's Hospital#ALL,Communicable Diseases Agency--KK Women's and Children's Hospital,ALL,1,Communicable Diseases Agency,Communicable Diseases Agency,0.485721,0.581763,1,Communicable Diseases Agency,KK Women's and Children's Hospital,0,1
Communicable Diseases Agency--KK Women's and Children's Hospital#ALL,Communicable Diseases Agency--KK Women's and Children's Hospital,ALL,2,KK Women's and Children's Hospital,KK Women's and Children's Hospital,0.460123,0.505295,1,Communicable Diseases Agency,KK Women's and Children's Hospital,0,1
Communicable Diseases Agency--National University Health System#ALL,Communicable Diseases Agency--National University Health System,ALL,1,Communicable Diseases Agency,Communicable Diseases Agency,0.485721,0.581763,2,Communicable Diseases Agency,National University Health System,0,1
Communicable Diseases Agency--National University Health System#ALL,Communicable Diseases Agency--National University Health System,ALL,2,National University Health System,National University Health System,0.554169,0.437829,2,Communicable Diseases Agency,National University Health System,0,1
Communicable Diseases Agency--National University Hospital#ALL,Communicable Diseases Agency--National University Hospital,ALL,1,Communicable Diseases Agency,Communicable Diseases Agency,0.485721,0.581763,2,Communicable Diseases Agency,National University Hospital,0,1
Communicable Diseases Agency--National University Hospital#ALL,Communicable Diseases Agency--National University Hospital,ALL,2,National University Hospital,National University Hospital,0.51926,0.342069,2,Communicable Diseases Agency,National University Hospital,0,1
KK Women's and Children's Hospital--National Centre for Infectious Diseases#ALL,KK Women's and Children's Hospital--National Centre for Infectious Diseases,ALL,1,KK Women's and Children's Hospital,KK Women's and Children's Hospital,0.460123,0.505295,2,KK Women's and Children's Hospital,National Centre for Infectious Diseases,0,1
KK Women's and Children's Hospital--National Centre for Infectious Diseases#ALL,KK Women's and Children's Hospital--National Centre for Infectious Diseases,ALL,2,National Centre for Infectious Diseases,National Centre for Infectious Diseases,0.63178,0.485666,2,KK Women's and Children's Hospital,National Centre for Infectious Diseases,0,1
KK Women's and Children's Hospital--Tan Tock Seng Hospital#ALL,KK Women's and Children's Hospital--Tan Tock Seng Hospital,ALL,1,KK Women's and Children's Hospital,KK Women's and Children's Hospital,0.460123,0.505295,2,KK Women's and Children's Hospital,Tan Tock Seng Hospital,0,1
KK Women's and Children's Hospital--Tan Tock Seng Hospital#ALL,KK Women's and Children's Hospital--Tan Tock Seng Hospital,ALL,2,Tan Tock Seng Hospital,Tan Tock Seng Hospital,0.54699,0.379399,2,KK Women's and Children's Hospital,Tan Tock Seng Hospital,0,1
National Centre for Infectious Diseases--National University Health System#ALL,National Centre for Infectious Diseases--National University Health System,ALL,1,National Centre for Infectious Diseases,National Centre for Infectious Diseases,0.63178,0.485666,2,National Centre for Infectious Diseases,National University Health System,0,1
National Centre for Infectious Diseases--National University Health System#ALL,National Centre for Infectious Diseases--National University Health System,ALL,2,National University Health System,National University Health System,0.554169,0.437829,2,National Centre for Infectious Diseases,National University Health System,0,1
National University Health System--Singapore General Hospital#ALL,National University Health System--Singapore General Hospital,ALL,1,National University Health System,National University Health System,0.554169,0.437829,2,National University Health System,Singapore General Hospital,0,1
National University Health System--Singapore General Hospital#ALL,National University Health System--Singapore General Hospital,ALL,2,Singapore General Hospital,Singapore General Hospital,0.475209,0.374832,2,National University Health System,Singapore General Hospital,0,1
Khoo Teck Puat Hospital--National University Hospital#ALL,Khoo Teck Puat Hospital--National University Hospital,ALL,1,Khoo Teck Puat Hospital,Khoo Teck Puat Hospital,0.27351,0.071954,1,Khoo Teck Puat Hospital,National University Hospital,0,1
Khoo Teck Puat Hospital--National University Hospital#ALL,Khoo Teck Puat Hospital--National University Hospital,ALL,2,National University Hospital,National University Hospital,0.51926,0.342069,1,Khoo Teck Puat Hospital,National University Hospital,0,1
National University of Singapore--US Centers for Disease Control and Prevention#ALL,National University of Singapore--US Centers for Disease Control and Prevention,ALL,1,National University of Singapore,National University of Singapore,0.59751,0.507684,2,National University of Singapore,US Centers for Disease Control and Prevention,1,1
National University of Singapore--US Centers for Disease Control and Prevention#ALL,National University of Singapore--US Centers for Disease Control and Prevention,ALL,2,US Centers for Disease Control and Prevention,US Centers for Disease Control and Prevention,0.889454,0.787793,2,National University of Singapore,US Centers for Disease Control and Prevention,1,1
Mahidol University--National Centre for Infectious Diseases#ALL,Mahidol University--National Centre for Infectious Diseases,ALL,1,Mahidol University,Mahidol University,0.601502,0.392831,2,Mahidol University,National Centre for Infectious Diseases,1,1
Mahidol University--National Centre for Infectious Diseases#ALL,Mahidol University--National Centre for Infectious Diseases,ALL,2,National Centre for Infectious Diseases,National Centre for Infectious Diseases,0.63178,0.485666,2,Mahidol University,National Centre for Infectious Diseases,1,1
Mahidol University--Universitas Indonesia#ALL,Mahidol University--Universitas Indonesia,ALL,1,Mahidol University,Mahidol University,0.601502,0.392831,2,Mahidol University,Universitas Indonesia,1,0
Mahidol University--Universitas Indonesia#ALL,Mahidol University--Universitas Indonesia,ALL,2,Universitas Indonesia,Universitas Indonesia,0.62933,0.345326,2,Mahidol University,Universitas Indonesia,1,0
Mahidol University--University of Malaya#ALL,Mahidol University--University of Malaya,ALL,1,Mahidol University,Mahidol University,0.601502,0.392831,3,Mahidol University,University of Malaya,1,0
Mahidol University--University of Malaya#ALL,Mahidol University--University of Malaya,ALL,2,University of Malaya,University of Malaya,0.573788,0.583368,3,Mahidol University,University of Malaya,1,0
National Centre for Infectious Diseases--Universitas Indonesia#ALL,National Centre for Infectious Diseases--Universitas Indonesia,ALL,1,National Centre for Infectious Diseases,National Centre for Infectious Diseases,0.63178,0.485666,1,National Centre for Infectious Diseases,Universitas Indonesia,1,1
National Centre for Infectious Diseases--Universitas Indonesia#ALL,National Centre for Infectious Diseases--Universitas Indonesia,ALL,2,Universitas Indonesia,Universitas Indonesia,0.62933,0.345326,1,National Centre for Infectious Diseases,Universitas Indonesia,1,1
Universitas Indonesia--University of Malaya#ALL,Universitas Indonesia--University of Malaya,ALL,1,Universitas Indonesia,Universitas Indonesia,0.62933,0.345326,1,Universitas Indonesia,University of Malaya,1,0
Universitas Indonesia--University of Malaya#ALL,Universitas Indonesia--University of Malaya,ALL,2,University of Malaya,University of Malaya,0.573788,0.583368,1,Universitas Indonesia,University of Malaya,1,0
Imperial College London--London School of Hygiene & Tropical Medicine#ALL,Imperial College London--London School of Hygiene & Tropical Medicine,ALL,1,Imperial College London,Imperial College London,0.855768,0.625981,2,Imperial College London,London School of Hygiene & Tropical Medicine,0,0
Imperial College London--London School of Hygiene & Tropical Medicine#ALL,Imperial College London--London School of Hygiene & Tropical Medicine,ALL,2,London School of Hygiene & Tropical Medicine,London School of Hygiene & Tropical Medicine,0.690267,0.57095,2,Imperial College London,London School of Hygiene & Tropical Medicine,0,0
Imperial College London--National University of Singapore#ALL,Imperial College London--National University of Singapore,ALL,1,Imperial College London,Imperial College London,0.855768,0.625981,1,Imperial College London,National University of Singapore,1,1
Imperial College London--National University of Singapore#ALL,Imperial College London--National University of Singapore,ALL,2,National University of Singapore,National University of Singapore,0.59751,0.507684,1,Imperial College London,National University of Singapore,1,1
National Cancer Centre Singapore--SingHealth#ALL,National Cancer Centre Singapore--SingHealth,ALL,1,National Cancer Centre Singapore,National Cancer Centre Singapore,0.481842,0.196834,1,National Cancer Centre Singapore,SingHealth,0,1
National Cancer Centre Singapore--SingHealth#ALL,National Cancer Centre Singapore--SingHealth,ALL,2,SingHealth,SingHealth,0.566166,0.304445,1,National Cancer Centre Singapore,SingHealth,0,1
National University Hospital--University of Hong Kong#ALL,National University Hospital--University of Hong Kong,ALL,1,National University Hospital,National University Hospital,0.51926,0.342069,3,National University Hospital,University of Hong Kong,1,1
National University Hospital--University of Hong Kong#ALL,National University Hospital--University of Hong Kong,ALL,2,University of Hong Kong,University of Hong Kong,0.711454,0.426862,3,National University Hospital,University of Hong Kong,1,1
Harvard University--National University of Singapore#ALL,Harvard University--National University of Singapore,ALL,1,Harvard University,Harvard University,0.690017,0.63864,3,Harvard University,National University of Singapore,1,1
Harvard University--National University of Singapore#ALL,Harvard University--National University of Singapore,ALL,2,National University of Singapore,National University of Singapore,0.59751,0.507684,3,Harvard University,National University of Singapore,1,1
Mahidol University--Singapore General Hospital#ALL,Mahidol University--Singapore General Hospital,ALL,1,Mahidol University,Mahidol University,0.601502,0.392831,3,Mahidol University,Singapore General Hospital,1,1
Mahidol University--Singapore General Hospital#ALL,Mahidol University--Singapore General Hospital,ALL,2,Singapore General Hospital,Singapore General Hospital,0.475209,0.374832,3,Mahidol University,Singapore General Hospital,1,1
Mahidol University--University of Hong Kong#ALL,Mahidol University--University of Hong Kong,ALL,1,Mahidol University,Mahidol University,0.601502,0.392831,2,Mahidol University,University of Hong Kong,1,0
Mahidol University--University of Hong Kong#ALL,Mahidol University--University of Hong Kong,ALL,2,University of Hong Kong,University of Hong Kong,0.711454,0.426862,2,Mahidol University,University of Hong Kong,1,0
National University Hospital--Universitas Indonesia#ALL,National University Hospital--Universitas Indonesia,ALL,1,National University Hospital,National University Hospital,0.51926,0.342069,1,National University Hospital,Universitas Indonesia,1,1
National University Hospital--Universitas Indonesia#ALL,National University Hospital--Universitas Indonesia,ALL,2,Universitas Indonesia,Universitas Indonesia,0.62933,0.345326,1,National University Hospital,Universitas Indonesia,1,1
National University of Singapore--Universitas Indonesia#ALL,National University of Singapore--Universitas Indonesia,ALL,1,National University of Singapore,National University of Singapore,0.59751,0.507684,2,National University of Singapore,Universitas Indonesia,1,1
National University of Singapore--Universitas Indonesia#ALL,National University of Singapore--Universitas Indonesia,ALL,2,Universitas Indonesia,Universitas Indonesia,0.62933,0.345326,2,National University of Singapore,Universitas Indonesia,1,1
National University of Singapore--University of Hong Kong#ALL,National University of Singapore--University of Hong Kong,ALL,1,National University of Singapore,National University of Singapore,0.59751,0.507684,5,National University of Singapore,University of Hong Kong,1,1
National University of Singapore--University of Hong Kong#ALL,National University of Singapore--University of Hong Kong,ALL,2,University of Hong Kong,University of Hong Kong,0.711454,0.426862,5,National University of Singapore,University of Hong Kong,1,1
Oxford University Clinical Research Unit--Singapore General Hospital#ALL,Oxford University Clinical Research Unit--Singapore General Hospital,ALL,1,Oxford University Clinical Research Unit,Oxford University Clinical Research Unit,0.703504,0.365802,1,Oxford University Clinical Research Unit,Singapore General Hospital,1,1
Oxford University Clinical Research Unit--Singapore General Hospital#ALL,Oxford University Clinical Research Unit--Singapore General Hospital,ALL,2,Singapore General Hospital,Singapore General Hospital,0.475209,0.374832,1,Oxford University Clinical Research Unit,Singapore General Hospital,1,1
Oxford University Clinical Research Unit--Universitas Indonesia#ALL,Oxford University Clinical Research Unit--Universitas Indonesia,ALL,1,Oxford University Clinical Research Unit,Oxford University Clinical Research Unit,0.703504,0.365802,1,Oxford University Clinical Research Unit,Universitas Indonesia,1,0
Oxford University Clinical Research Unit--Universitas Indonesia#ALL,Oxford University Clinical Research Unit--Universitas Indonesia,ALL,2,Universitas Indonesia,Universitas Indonesia,0.62933,0.345326,1,Oxford University Clinical Research Unit,Universitas Indonesia,1,0
Oxford University Clinical Research Unit--University of Hong Kong#ALL,Oxford University Clinical Research Unit--University of Hong Kong,ALL,1,Oxford University Clinical Research Unit,Oxford University Clinical Research Unit,0.703504,0.365802,2,Oxford University Clinical Research Unit,University of Hong Kong,1,0
Oxford University Clinical Research Unit--University of Hong Kong#ALL,Oxford University Clinical Research Unit--University of Hong Kong,ALL,2,University of Hong Kong,University of Hong Kong,0.711454,0.426862,2,Oxford University Clinical Research Unit,University of Hong Kong,1,0
Singapore General Hospital--Universitas Indonesia#ALL,Singapore General Hospital--Universitas Indonesia,ALL,1,Singapore General Hospital,Singapore General Hospital,0.475209,0.374832,1,Singapore General Hospital,Universitas Indonesia,1,1
Singapore General Hospital--Universitas Indonesia#ALL,Singapore General Hospital--Universitas Indonesia,ALL,2,Universitas Indonesia,Universitas Indonesia,0.62933,0.345326,1,Singapore General Hospital,Universitas Indonesia,1,1
Singapore General Hospital--University of Oxford#ALL,Singapore General Hospital--University of Oxford,ALL,1,Singapore General Hospital,Singapore General Hospital,0.475209,0.374832,2,Singapore General Hospital,University of Oxford,1,1
Singapore General Hospital--University of Oxford#ALL,Singapore General Hospital--University of Oxford,ALL,2,University of Oxford,University of Oxford,0.658401,0.434596,2,Singapore General Hospital,University of Oxford,1,1
Universitas Indonesia--University of Hong Kong#ALL,Universitas Indonesia--University of Hong Kong,ALL,1,Universitas Indonesia,Universitas Indonesia,0.62933,0.345326,1,Universitas Indonesia,University of Hong Kong,1,0
Universitas Indonesia--University of Hong Kong#ALL,Universitas Indonesia--University of Hong Kong,ALL,2,University of Hong Kong,University of Hong Kong,0.711454,0.426862,1,Universitas Indonesia,University of Hong Kong,1,0
Universitas Indonesia--University of Oxford#ALL,Universitas Indonesia--University of Oxford,ALL,1,Universitas Indonesia,Universitas Indonesia,0.62933,0.345326,1,Universitas Indonesia,University of Oxford,1,0
Universitas Indonesia--University of Oxford#ALL,Universitas Indonesia--University of Oxford,ALL,2,University of Oxford,University of Oxford,0.658401,0.434596,1,Universitas Indonesia,University of Oxford,1,0
University of Hong Kong--University of Oxford#ALL,University of Hong Kong--University of Oxford,ALL,1,University of Hong Kong,University of Hong Kong,0.711454,0.426862,2,University of Hong Kong,University of Oxford,1,0
University of Hong Kong--University of Oxford#ALL,University of Hong Kong--University of Oxford,ALL,2,University of Oxford,University of Oxford,0.658401,0.434596,2,University of Hong Kong,University of Oxford,1,0
National University of Singapore--University of Cambridge#ALL,National University of Singapore--University of Cambridge,ALL,1,National University of Singapore,National University of Singapore,0.59751,0.507684,3,National University of Singapore,University of Cambridge,1,1
National University of Singapore--University of Cambridge#ALL,National University of Singapore--University of Cambridge,ALL,2,University of Cambridge,University of Cambridge,0.795279,0.581232,3,National University of Singapore,University of Cambridge,1,1
London School of Hygiene & Tropical Medicine--Nanyang Technological University#ALL,London School of Hygiene & Tropical Medicine--Nanyang Technological University,ALL,1,London School of Hygiene & Tropical Medicine,London School of Hygiene & Tropical Medicine,0.690267,0.57095,3,London School of Hygiene & Tropical Medicine,Nanyang Technological University,1,1
London School of Hygiene & Tropical Medicine--Nanyang Technological University#ALL,London School of Hygiene & Tropical Medicine--Nanyang Technological University,ALL,2,Nanyang Technological University,Nanyang Technological University,0.664988,0.515565,3,London School of Hygiene & Tropical Medicine,Nanyang Technological University,1,1
London School of Hygiene & Tropical Medicine--National Centre for Infectious Diseases#ALL,London School of Hygiene & Tropical Medicine--National Centre for Infectious Diseases,ALL,1,London School of Hygiene & Tropical Medicine,London School of Hygiene & Tropical Medicine,0.690267,0.57095,2,London School of Hygiene & Tropical Medicine,National Centre for Infectious Diseases,1,1
London School of Hygiene & Tropical Medicine--National Centre for Infectious Diseases#ALL,London School of Hygiene & Tropical Medicine--National Centre for Infectious Diseases,ALL,2,National Centre for Infectious Diseases,National Centre for Infectious Diseases,0.63178,0.485666,2,London School of Hygiene & Tropical Medicine,National Centre for Infectious Diseases,1,1
Communicable Diseases Agency--Institute of Mental Health#ALL,Communicable Diseases Agency--Institute of Mental Health,ALL,1,Communicable Diseases Agency,Communicable Diseases Agency,0.485721,0.581763,1,Communicable Diseases Agency,Institute of Mental Health,0,1
Communicable Diseases Agency--Institute of Mental Health#ALL,Communicable Diseases Agency--Institute of Mental Health,ALL,2,Institute of Mental Health,Institute of Mental Health,0.410534,0.644783,1,Communicable Diseases Agency,Institute of Mental Health,0,1
Institute of Mental Health--Nanyang Technological University#ALL,Institute of Mental Health--Nanyang Technological University,ALL,1,Institute of Mental Health,Institute of Mental Health,0.410534,0.644783,1,Institute of Mental Health,Nanyang Technological University,0,1
Institute of Mental Health--Nanyang Technological University#ALL,Institute of Mental Health--Nanyang Technological University,ALL,2,Nanyang Technological University,Nanyang Technological University,0.664988,0.515565,1,Institute of Mental Health,Nanyang Technological University,0,1
Institute of Mental Health--National Centre for Infectious Diseases#ALL,Institute of Mental Health--National Centre for Infectious Diseases,ALL,1,Institute of Mental Health,Institute of Mental Health,0.410534,0.644783,2,Institute of Mental Health,National Centre for Infectious Diseases,0,1
Institute of Mental Health--National Centre for Infectious Diseases#ALL,Institute of Mental Health--National Centre for Infectious Diseases,ALL,2,National Centre for Infectious Diseases,National Centre for Infectious Diseases,0.63178,0.485666,2,Institute of Mental Health,National Centre for Infectious Diseases,0,1
Institute of Mental Health--National University of Singapore#ALL,Institute of Mental Health--National University of Singapore,ALL,1,Institute of Mental Health,Institute of Mental Health,0.410534,0.644783,2,Institute of Mental Health,National University of Singapore,0,1
Institute of Mental Health--National University of Singapore#ALL,Institute of Mental Health--National University of Singapore,ALL,2,National University of Singapore,National University of Singapore,0.59751,0.507684,2,Institute of Mental Health,National University of Singapore,0,1
Institute of Mental Health--Singapore General Hospital#ALL,Institute of Mental Health--Singapore General Hospital,ALL,1,Institute of Mental Health,Institute of Mental Health,0.410534,0.644783,1,Institute of Mental Health,Singapore General Hospital,0,1
Institute of Mental Health--Singapore General Hospital#ALL,Institute of Mental Health--Singapore General Hospital,ALL,2,Singapore General Hospital,Singapore General Hospital,0.475209,0.374832,1,Institute of Mental Health,Singapore General Hospital,0,1
Institute of Mental Health--Tan Tock Seng Hospital#ALL,Institute of Mental Health--Tan Tock Seng Hospital,ALL,1,Institute of Mental Health,Institute of Mental Health,0.410534,0.644783,1,Institute of Mental Health,Tan Tock Seng Hospital,0,1
Institute of Mental Health--Tan Tock Seng Hospital#ALL,Institute of Mental Health--Tan Tock Seng Hospital,ALL,2,Tan Tock Seng Hospital,Tan Tock Seng Hospital,0.54699,0.379399,1,Institute of Mental Health,Tan Tock Seng Hospital,0,1
Institute of Molecular and Cell Biology--National University of Singapore#ALL,Institute of Molecular and Cell Biology--National University of Singapore,ALL,1,Institute of Molecular and Cell Biology,Institute of Molecular and Cell Biology,0.373079,1.0,1,Institute of Molecular and Cell Biology,National University of Singapore,0,1
Institute of Molecular and Cell Biology--National University of Singapore#ALL,Institute of Molecular and Cell Biology--National University of Singapore,ALL,2,National University of Singapore,National University of Singapore,0.59751,0.507684,1,Institute of Molecular and Cell Biology,National University of Singapore,0,1
Duke-NUS Medical School--SingHealth#ALL,Duke-NUS Medical School--SingHealth,ALL,1,Duke-NUS Medical School,Duke-NUS Medical School,0.465633,0.441401,3,Duke-NUS Medical School,SingHealth,0,1
Duke-NUS Medical School--SingHealth#ALL,Duke-NUS Medical School--SingHealth,ALL,2,SingHealth,SingHealth,0.566166,0.304445,3,Duke-NUS Medical School,SingHealth,0,1
A*STAR Infectious Diseases Labs--Bioinformatics Institute#ALL,A*STAR Infectious Diseases Labs--Bioinformatics Institute,ALL,1,A*STAR Infectious Diseases Labs,A*STAR Infectious Diseases Labs,0.805549,0.407654,1,A*STAR Infectious Diseases Labs,Bioinformatics Institute,1,1
A*STAR Infectious Diseases Labs--Bioinformatics Institute#ALL,A*STAR Infectious Diseases Labs--Bioinformatics Institute,ALL,2,Bioinformatics Institute,Bioinformatics Institute,0.951638,0.602685,1,A*STAR Infectious Diseases Labs,Bioinformatics Institute,1,1
A*STAR Infectious Diseases Labs--UK Health Security Agency#ALL,A*STAR Infectious Diseases Labs--UK Health Security Agency,ALL,1,A*STAR Infectious Diseases Labs,A*STAR Infectious Diseases Labs,0.805549,0.407654,1,A*STAR Infectious Diseases Labs,UK Health Security Agency,1,1
A*STAR Infectious Diseases Labs--UK Health Security Agency#ALL,A*STAR Infectious Diseases Labs--UK Health Security Agency,ALL,2,UK Health Security Agency,UK Health Security Agency,0.948338,0.521661,1,A*STAR Infectious Diseases Labs,UK Health Security Agency,1,1
A*STAR Infectious Diseases Labs--University of Cambridge#ALL,A*STAR Infectious Diseases Labs--University of Cambridge,ALL,1,A*STAR Infectious Diseases Labs,A*STAR Infectious Diseases Labs,0.805549,0.407654,1,A*STAR Infectious Diseases Labs,University of Cambridge,1,1
A*STAR Infectious Diseases Labs--University of Cambridge#ALL,A*STAR Infectious Diseases Labs--University of Cambridge,ALL,2,University of Cambridge,University of Cambridge,0.795279,0.581232,1,A*STAR Infectious Diseases Labs,University of Cambridge,1,1
Bioinformatics Institute--UK Health Security Agency#ALL,Bioinformatics Institute--UK Health Security Agency,ALL,1,Bioinformatics Institute,Bioinformatics Institute,0.951638,0.602685,1,Bioinformatics Institute,UK Health Security Agency,0,0
Bioinformatics Institute--UK Health Security Agency#ALL,Bioinformatics Institute--UK Health Security Agency,ALL,2,UK Health Security Agency,UK Health Security Agency,0.948338,0.521661,1,Bioinformatics Institute,UK Health Security Agency,0,0
Bioinformatics Institute--University of Cambridge#ALL,Bioinformatics Institute--University of Cambridge,ALL,1,Bioinformatics Institute,Bioinformatics Institute,0.951638,0.602685,1,Bioinformatics Institute,University of Cambridge,0,0
Bioinformatics Institute--University of Cambridge#ALL,Bioinformatics Institute--University of Cambridge,ALL,2,University of Cambridge,University of Cambridge,0.795279,0.581232,1,Bioinformatics Institute,University of Cambridge,0,0
UK Health Security Agency--University of Cambridge#ALL,UK Health Security Agency--University of Cambridge,ALL,1,UK Health Security Agency,UK Health Security Agency,0.948338,0.521661,2,UK Health Security Agency,University of Cambridge,0,0
UK Health Security Agency--University of Cambridge#ALL,UK Health Security Agency--University of Cambridge,ALL,2,University of Cambridge,University of Cambridge,0.795279,0.581232,2,UK Health Security Agency,University of Cambridge,0,0
Communicable Diseases Agency--Environmental Health Institute#ALL,Communicable Diseases Agency--Environmental Health Institute,ALL,1,Communicable Diseases Agency,Communicable Diseases Agency,0.485721,0.581763,1,Communicable Diseases Agency,Environmental Health Institute,0,1
Communicable Diseases Agency--Environmental Health Institute#ALL,Communicable Diseases Agency--Environmental Health Institute,ALL,2,Environmental Health Institute,Environmental Health Institute,0.603339,0.790288,1,Communicable Diseases Agency,Environmental Health Institute,0,1
National Centre for Infectious Diseases--National Skin Centre#ALL,National Centre for Infectious Diseases--National Skin Centre,ALL,1,National Centre for Infectious Diseases,National Centre for Infectious Diseases,0.63178,0.485666,1,National Centre for Infectious Diseases,National Skin Centre,0,1
National Centre for Infectious Diseases--National Skin Centre#ALL,National Centre for Infectious Diseases--National Skin Centre,ALL,2,National Skin Centre,National Skin Centre,0.569459,0.179669,1,National Centre for Infectious Diseases,National Skin Centre,0,1
Changi General Hospital--National Centre for Infectious Diseases#ALL,Changi General Hospital--National Centre for Infectious Diseases,ALL,1,Changi General Hospital,Changi General Hospital,0.384499,0.459909,2,Changi General Hospital,National Centre for Infectious Diseases,0,1
Changi General Hospital--National Centre for Infectious Diseases#ALL,Changi General Hospital--National Centre for Infectious Diseases,ALL,2,National Centre for Infectious Diseases,National Centre for Infectious Diseases,0.63178,0.485666,2,Changi General Hospital,National Centre for Infectious Diseases,0,1
Changi General Hospital--National University Hospital#ALL,Changi General Hospital--National University Hospital,ALL,1,Changi General Hospital,Changi General Hospital,0.384499,0.459909,3,Changi General Hospital,National University Hospital,0,1
Changi General Hospital--National University Hospital#ALL,Changi General Hospital--National University Hospital,ALL,2,National University Hospital,National University Hospital,0.51926,0.342069,3,Changi General Hospital,National University Hospital,0,1
Changi General Hospital--Tan Tock Seng Hospital#ALL,Changi General Hospital--Tan Tock Seng Hospital,ALL,1,Changi General Hospital,Changi General Hospital,0.384499,0.459909,2,Changi General Hospital,Tan Tock Seng Hospital,0,1
Changi General Hospital--Tan Tock Seng Hospital#ALL,Changi General Hospital--Tan Tock Seng Hospital,ALL,2,Tan Tock Seng Hospital,Tan Tock Seng Hospital,0.54699,0.379399,2,Changi General Hospital,Tan Tock Seng Hospital,0,1
Imperial College London--Nanyang Technological University#ALL,Imperial College London--Nanyang Technological University,ALL,1,Imperial College London,Imperial College London,0.855768,0.625981,1,Imperial College London,Nanyang Technological University,1,1
Imperial College London--Nanyang Technological University#ALL,Imperial College London--Nanyang Technological University,ALL,2,Nanyang Technological University,Nanyang Technological University,0.664988,0.515565,1,Imperial College London,Nanyang Technological University,1,1
Imperial College London--National Centre for Infectious Diseases#ALL,Imperial College London--National Centre for Infectious Diseases,ALL,1,Imperial College London,Imperial College London,0.855768,0.625981,1,Imperial College London,National Centre for Infectious Diseases,1,1
Imperial College London--National Centre for Infectious Diseases#ALL,Imperial College London--National Centre for Infectious Diseases,ALL,2,National Centre for Infectious Diseases,National Centre for Infectious Diseases,0.63178,0.485666,1,Imperial College London,National Centre for Infectious Diseases,1,1
Imperial College London--National Institutes of Health#ALL,Imperial College London--National Institutes of Health,ALL,1,Imperial College London,Imperial College London,0.855768,0.625981,1,Imperial College London,National Institutes of Health,1,0
Imperial College London--National Institutes of Health#ALL,Imperial College London--National Institutes of Health,ALL,2,National Institutes of Health,National Institutes of Health,0.954073,0.453793,1,Imperial College London,National Institutes of Health,1,0
Imperial College London--UK Health Security Agency#ALL,Imperial College London--UK Health Security Agency,ALL,1,Imperial College London,Imperial College London,0.855768,0.625981,1,Imperial College London,UK Health Security Agency,0,0
Imperial College London--UK Health Security Agency#ALL,Imperial College London--UK Health Security Agency,ALL,2,UK Health Security Agency,UK Health Security Agency,0.948338,0.521661,1,Imperial College London,UK Health Security Agency,0,0
Imperial College London--University of Cambridge#ALL,Imperial College London--University of Cambridge,ALL,1,Imperial College London,Imperial College London,0.855768,0.625981,1,Imperial College London,University of Cambridge,0,0
Imperial College London--University of Cambridge#ALL,Imperial College London--University of Cambridge,ALL,2,University of Cambridge,University of Cambridge,0.795279,0.581232,1,Imperial College London,University of Cambridge,0,0
Imperial College London--University of Hong Kong#ALL,Imperial College London--University of Hong Kong,ALL,1,Imperial College London,Imperial College London,0.855768,0.625981,1,Imperial College London,University of Hong Kong,1,0
Imperial College London--University of Hong Kong#ALL,Imperial College London--University of Hong Kong,ALL,2,University of Hong Kong,University of Hong Kong,0.711454,0.426862,1,Imperial College London,University of Hong Kong,1,0
Nanyang Technological University--National Institutes of Health#ALL,Nanyang Technological University--National Institutes of Health,ALL,1,Nanyang Technological University,Nanyang Technological University,0.664988,0.515565,1,Nanyang Technological University,National Institutes of Health,1,1
Nanyang Technological University--National Institutes of Health#ALL,Nanyang Technological University--National Institutes of Health,ALL,2,National Institutes of Health,National Institutes of Health,0.954073,0.453793,1,Nanyang Technological University,National Institutes of Health,1,1
Nanyang Technological University--UK Health Security Agency#ALL,Nanyang Technological University--UK Health Security Agency,ALL,1,Nanyang Technological University,Nanyang Technological University,0.664988,0.515565,1,Nanyang Technological University,UK Health Security Agency,1,1
Nanyang Technological University--UK Health Security Agency#ALL,Nanyang Technological University--UK Health Security Agency,ALL,2,UK Health Security Agency,UK Health Security Agency,0.948338,0.521661,1,Nanyang Technological University,UK Health Security Agency,1,1
Nanyang Technological University--World Health Organization#ALL,Nanyang Technological University--World Health Organization,ALL,1,Nanyang Technological University,Nanyang Technological University,0.664988,0.515565,1,Nanyang Technological University,World Health Organization,1,1
Nanyang Technological University--World Health Organization#ALL,Nanyang Technological University--World Health Organization,ALL,2,World Health Organization,World Health Organization,0.823585,0.550849,1,Nanyang Technological University,World Health Organization,1,1
National Centre for Infectious Diseases--National Institutes of Health#ALL,National Centre for Infectious Diseases--National Institutes of Health,ALL,1,National Centre for Infectious Diseases,National Centre for Infectious Diseases,0.63178,0.485666,1,National Centre for Infectious Diseases,National Institutes of Health,1,1
National Centre for Infectious Diseases--National Institutes of Health#ALL,National Centre for Infectious Diseases--National Institutes of Health,ALL,2,National Institutes of Health,National Institutes of Health,0.954073,0.453793,1,National Centre for Infectious Diseases,National Institutes of Health,1,1
National Centre for Infectious Diseases--UK Health Security Agency#ALL,National Centre for Infectious Diseases--UK Health Security Agency,ALL,1,National Centre for Infectious Diseases,National Centre for Infectious Diseases,0.63178,0.485666,1,National Centre for Infectious Diseases,UK Health Security Agency,1,1
National Centre for Infectious Diseases--UK Health Security Agency#ALL,National Centre for Infectious Diseases--UK Health Security Agency,ALL,2,UK Health Security Agency,UK Health Security Agency,0.948338,0.521661,1,National Centre for Infectious Diseases,UK Health Security Agency,1,1
National Centre for Infectious Diseases--University of Cambridge#ALL,National Centre for Infectious Diseases--University of Cambridge,ALL,1,National Centre for Infectious Diseases,National Centre for Infectious Diseases,0.63178,0.485666,1,National Centre for Infectious Diseases,University of Cambridge,1,1
National Centre for Infectious Diseases--University of Cambridge#ALL,National Centre for Infectious Diseases--University of Cambridge,ALL,2,University of Cambridge,University of Cambridge,0.795279,0.581232,1,National Centre for Infectious Diseases,University of Cambridge,1,1
National Centre for Infectious Diseases--University of Hong Kong#ALL,National Centre for Infectious Diseases--University of Hong Kong,ALL,1,National Centre for Infectious Diseases,National Centre for Infectious Diseases,0.63178,0.485666,2,National Centre for Infectious Diseases,University of Hong Kong,1,1
National Centre for Infectious Diseases--University of Hong Kong#ALL,National Centre for Infectious Diseases--University of Hong Kong,ALL,2,University of Hong Kong,University of Hong Kong,0.711454,0.426862,2,National Centre for Infectious Diseases,University of Hong Kong,1,1
National Centre for Infectious Diseases--World Health Organization#ALL,National Centre for Infectious Diseases--World Health Organization,ALL,1,National Centre for Infectious Diseases,National Centre for Infectious Diseases,0.63178,0.485666,1,National Centre for Infectious Diseases,World Health Organization,1,1
National Centre for Infectious Diseases--World Health Organization#ALL,National Centre for Infectious Diseases--World Health Organization,ALL,2,World Health Organization,World Health Organization,0.823585,0.550849,1,National Centre for Infectious Diseases,World Health Organization,1,1
National Institutes of Health--UK Health Security Agency#ALL,National Institutes of Health--UK Health Security Agency,ALL,1,National Institutes of Health,National Institutes of Health,0.954073,0.453793,1,National Institutes of Health,UK Health Security Agency,1,0
National Institutes of Health--UK Health Security Agency#ALL,National Institutes of Health--UK Health Security Agency,ALL,2,UK Health Security Agency,UK Health Security Agency,0.948338,0.521661,1,National Institutes of Health,UK Health Security Agency,1,0
National Institutes of Health--University of Cambridge#ALL,National Institutes of Health--University of Cambridge,ALL,1,National Institutes of Health,National Institutes of Health,0.954073,0.453793,1,National Institutes of Health,University of Cambridge,1,0
National Institutes of Health--University of Cambridge#ALL,National Institutes of Health--University of Cambridge,ALL,2,University of Cambridge,University of Cambridge,0.795279,0.581232,1,National Institutes of Health,University of Cambridge,1,0
National Institutes of Health--University of Hong Kong#ALL,National Institutes of Health--University of Hong Kong,ALL,1,National Institutes of Health,National Institutes of Health,0.954073,0.453793,1,National Institutes of Health,University of Hong Kong,1,0
National Institutes of Health--University of Hong Kong#ALL,National Institutes of Health--University of Hong Kong,ALL,2,University of Hong Kong,University of Hong Kong,0.711454,0.426862,1,National Institutes of Health,University of Hong Kong,1,0
National Institutes of Health--World Health Organization#ALL,National Institutes of Health--World Health Organization,ALL,1,National Institutes of Health,National Institutes of Health,0.954073,0.453793,1,National Institutes of Health,World Health Organization,1,0
National Institutes of Health--World Health Organization#ALL,National Institutes of Health--World Health Organization,ALL,2,World Health Organization,World Health Organization,0.823585,0.550849,1,National Institutes of Health,World Health Organization,1,0
UK Health Security Agency--University of Hong Kong#ALL,UK Health Security Agency--University of Hong Kong,ALL,1,UK Health Security Agency,UK Health Security Agency,0.948338,0.521661,1,UK Health Security Agency,University of Hong Kong,1,0
UK Health Security Agency--University of Hong Kong#ALL,UK Health Security Agency--University of Hong Kong,ALL,2,University of Hong Kong,University of Hong Kong,0.711454,0.426862,1,UK Health Security Agency,University of Hong Kong,1,0
UK Health Security Agency--World Health Organization#ALL,UK Health Security Agency--World Health Organization,ALL,1,UK Health Security Agency,UK Health Security Agency,0.948338,0.521661,1,UK Health Security Agency,World Health Organization,1,0
UK Health Security Agency--World Health Organization#ALL,UK Health Security Agency--World Health Organization,ALL,2,World Health Organization,World Health Organization,0.823585,0.550849,1,UK Health Security Agency,World Health Organization,1,0
University of Cambridge--University of Hong Kong#ALL,University of Cambridge--University of Hong Kong,ALL,1,University of Cambridge,University of Cambridge,0.795279,0.581232,2,University of Cambridge,University of Hong Kong,1,0
University of Cambridge--University of Hong Kong#ALL,University of Cambridge--University of Hong Kong,ALL,2,University of Hong Kong,University of Hong Kong,0.711454,0.426862,2,University of Cambridge,University of Hong Kong,1,0
University of Cambridge--World Health Organization#ALL,University of Cambridge--World Health Organization,ALL,1,University of Cambridge,University of Cambridge,0.795279,0.581232,1,University of Cambridge,World Health Organization,1,0
University of Cambridge--World Health Organization#ALL,University of Cambridge--World Health Organization,ALL,2,World Health Organization,World Health Organization,0.823585,0.550849,1,University of Cambridge,World Health Organization,1,0
University of Hong Kong--World Health Organization#ALL,University of Hong Kong--World Health Organization,ALL,1,University of Hong Kong,University of Hong Kong,0.711454,0.426862,1,University of Hong Kong,World Health Organization,1,0
University of Hong Kong--World Health Organization#ALL,University of Hong Kong--World Health Organization,ALL,2,World Health Organization,World Health Organization,0.823585,0.550849,1,University of Hong Kong,World Health Organization,1,0
Duke-NUS Medical School--Harvard University#ALL,Duke-NUS Medical School--Harvard University,ALL,1,Duke-NUS Medical School,Duke-NUS Medical School,0.465633,0.441401,2,Duke-NUS Medical School,Harvard University,1,1
Duke-NUS Medical School--Harvard University#ALL,Duke-NUS Medical School--Harvard University,ALL,2,Harvard University,Harvard University,0.690017,0.63864,2,Duke-NUS Medical School,Harvard University,1,1
Duke-NUS Medical School--KK Women's and Children's Hospital#ALL,Duke-NUS Medical School--KK Women's and Children's Hospital,ALL,1,Duke-NUS Medical School,Duke-NUS Medical School,0.465633,0.441401,2,Duke-NUS Medical School,KK Women's and Children's Hospital,0,1
Duke-NUS Medical School--KK Women's and Children's Hospital#ALL,Duke-NUS Medical School--KK Women's and Children's Hospital,ALL,2,KK Women's and Children's Hospital,KK Women's and Children's Hospital,0.460123,0.505295,2,Duke-NUS Medical School,KK Women's and Children's Hospital,0,1
Duke-NUS Medical School--London School of Hygiene & Tropical Medicine#ALL,Duke-NUS Medical School--London School of Hygiene & Tropical Medicine,ALL,1,Duke-NUS Medical School,Duke-NUS Medical School,0.465633,0.441401,3,Duke-NUS Medical School,London School of Hygiene & Tropical Medicine,1,1
Duke-NUS Medical School--London School of Hygiene & Tropical Medicine#ALL,Duke-NUS Medical School--London School of Hygiene & Tropical Medicine,ALL,2,London School of Hygiene & Tropical Medicine,London School of Hygiene & Tropical Medicine,0.690267,0.57095,3,Duke-NUS Medical School,London School of Hygiene & Tropical Medicine,1,1
Genome Institute of Singapore--National University Health System#ALL,Genome Institute of Singapore--National University Health System,ALL,1,Genome Institute of Singapore,Genome Institute of Singapore,0.775324,0.298298,2,Genome Institute of Singapore,National University Health System,0,1
Genome Institute of Singapore--National University Health System#ALL,Genome Institute of Singapore--National University Health System,ALL,2,National University Health System,National University Health System,0.554169,0.437829,2,Genome Institute of Singapore,National University Health System,0,1
Genome Institute of Singapore--National University Hospital#ALL,Genome Institute of Singapore--National University Hospital,ALL,1,Genome Institute of Singapore,Genome Institute of Singapore,0.775324,0.298298,1,Genome Institute of Singapore,National University Hospital,0,1
Genome Institute of Singapore--National University Hospital#ALL,Genome Institute of Singapore--National University Hospital,ALL,2,National University Hospital,National University Hospital,0.51926,0.342069,1,Genome Institute of Singapore,National University Hospital,0,1
Genome Institute of Singapore--National University of Singapore#ALL,Genome Institute of Singapore--National University of Singapore,ALL,1,Genome Institute of Singapore,Genome Institute of Singapore,0.775324,0.298298,2,Genome Institute of Singapore,National University of Singapore,0,1
Genome Institute of Singapore--National University of Singapore#ALL,Genome Institute of Singapore--National University of Singapore,ALL,2,National University of Singapore,National University of Singapore,0.59751,0.507684,2,Genome Institute of Singapore,National University of Singapore,0,1
Genome Institute of Singapore--Oxford University Clinical Research Unit#ALL,Genome Institute of Singapore--Oxford University Clinical Research Unit,ALL,1,Genome Institute of Singapore,Genome Institute of Singapore,0.775324,0.298298,2,Genome Institute of Singapore,Oxford University Clinical Research Unit,1,1
Genome Institute of Singapore--Oxford University Clinical Research Unit#ALL,Genome Institute of Singapore--Oxford University Clinical Research Unit,ALL,2,Oxford University Clinical Research Unit,Oxford University Clinical Research Unit,0.703504,0.365802,2,Genome Institute of Singapore,Oxford University Clinical Research Unit,1,1
Genome Institute of Singapore--University of Oxford#ALL,Genome Institute of Singapore--University of Oxford,ALL,1,Genome Institute of Singapore,Genome Institute of Singapore,0.775324,0.298298,1,Genome Institute of Singapore,University of Oxford,1,1
Genome Institute of Singapore--University of Oxford#ALL,Genome Institute of Singapore--University of Oxford,ALL,2,University of Oxford,University of Oxford,0.658401,0.434596,1,Genome Institute of Singapore,University of Oxford,1,1
Changi General Hospital--Duke-NUS Medical School#ALL,Changi General Hospital--Duke-NUS Medical School,ALL,1,Changi General Hospital,Changi General Hospital,0.384499,0.459909,1,Changi General Hospital,Duke-NUS Medical School,0,1
Changi General Hospital--Duke-NUS Medical School#ALL,Changi General Hospital--Duke-NUS Medical School,ALL,2,Duke-NUS Medical School,Duke-NUS Medical School,0.465633,0.441401,1,Changi General Hospital,Duke-NUS Medical School,0,1
Changi General Hospital--Sengkang General Hospital#ALL,Changi General Hospital--Sengkang General Hospital,ALL,1,Changi General Hospital,Changi General Hospital,0.384499,0.459909,2,Changi General Hospital,Sengkang General Hospital,0,1
Changi General Hospital--Sengkang General Hospital#ALL,Changi General Hospital--Sengkang General Hospital,ALL,2,Sengkang General Hospital,Sengkang General Hospital,0.288901,0.349634,2,Changi General Hospital,Sengkang General Hospital,0,1
Duke-NUS Medical School--Sengkang General Hospital#ALL,Duke-NUS Medical School--Sengkang General Hospital,ALL,1,Duke-NUS Medical School,Duke-NUS Medical School,0.465633,0.441401,1,Duke-NUS Medical School,Sengkang General Hospital,0,1
Duke-NUS Medical School--Sengkang General Hospital#ALL,Duke-NUS Medical School--Sengkang General Hospital,ALL,2,Sengkang General Hospital,Sengkang General Hospital,0.288901,0.349634,1,Duke-NUS Medical School,Sengkang General Hospital,0,1
"Agency for Science, Technology and Research--KK Women's and Children's Hospital#ALL","Agency for Science, Technology and Research--KK Women's and Children's Hospital",ALL,1,"Agency for Science, Technology and Research","Agency for Science, Technology and Research",0.770378,0.467146,1,"Agency for Science, Technology and Research",KK Women's and Children's Hospital,0,1
"Agency for Science, Technology and Research--KK Women's and Children's Hospital#ALL","Agency for Science, Technology and Research--KK Women's and Children's Hospital",ALL,2,KK Women's and Children's Hospital,KK Women's and Children's Hospital,0.460123,0.505295,1,"Agency for Science, Technology and Research",KK Women's and Children's Hospital,0,1
"Agency for Science, Technology and Research--Nanyang Technological University#ALL","Agency for Science, Technology and Research--Nanyang Technological University",ALL,1,"Agency for Science, Technology and Research","Agency for Science, Technology and Research",0.770378,0.467146,3,"Agency for Science, Technology and Research",Nanyang Technological University,0,1
"Agency for Science, Technology and Research--Nanyang Technological University#ALL","Agency for Science, Technology and Research--Nanyang Technological University",ALL,2,Nanyang Technological University,Nanyang Technological University,0.664988,0.515565,3,"Agency for Science, Technology and Research",Nanyang Technological University,0,1
"Agency for Science, Technology and Research--National University Health System#ALL","Agency for Science, Technology and Research--National University Health System",ALL,1,"Agency for Science, Technology and Research","Agency for Science, Technology and Research",0.770378,0.467146,2,"Agency for Science, Technology and Research",National University Health System,0,1
"Agency for Science, Technology and Research--National University Health System#ALL","Agency for Science, Technology and Research--National University Health System",ALL,2,National University Health System,National University Health System,0.554169,0.437829,2,"Agency for Science, Technology and Research",National University Health System,0,1
"Agency for Science, Technology and Research--National University Hospital#ALL","Agency for Science, Technology and Research--National University Hospital",ALL,1,"Agency for Science, Technology and Research","Agency for Science, Technology and Research",0.770378,0.467146,1,"Agency for Science, Technology and Research",National University Hospital,0,1
"Agency for Science, Technology and Research--National University Hospital#ALL","Agency for Science, Technology and Research--National University Hospital",ALL,2,National University Hospital,National University Hospital,0.51926,0.342069,1,"Agency for Science, Technology and Research",National University Hospital,0,1
Bioinformatics Institute--Nanyang Technological University#ALL,Bioinformatics Institute--Nanyang Technological University,ALL,1,Bioinformatics Institute,Bioinformatics Institute,0.951638,0.602685,1,Bioinformatics Institute,Nanyang Technological University,1,1
Bioinformatics Institute--Nanyang Technological University#ALL,Bioinformatics Institute--Nanyang Technological University,ALL,2,Nanyang Technological University,Nanyang Technological University,0.664988,0.515565,1,Bioinformatics Institute,Nanyang Technological University,1,1
"Agency for Science, Technology and Research--Experimental Drug Development Centre#ALL","Agency for Science, Technology and Research--Experimental Drug Development Centre",ALL,1,"Agency for Science, Technology and Research","Agency for Science, Technology and Research",0.770378,0.467146,1,"Agency for Science, Technology and Research",Experimental Drug Development Centre,0,1
"Agency for Science, Technology and Research--Experimental Drug Development Centre#ALL","Agency for Science, Technology and Research--Experimental Drug Development Centre",ALL,2,Experimental Drug Development Centre,Experimental Drug Development Centre,0.825502,0.790908,1,"Agency for Science, Technology and Research",Experimental Drug Development Centre,0,1
Harvard University--SingHealth#ALL,Harvard University--SingHealth,ALL,1,Harvard University,Harvard University,0.690017,0.63864,1,Harvard University,SingHealth,1,1
Harvard University--SingHealth#ALL,Harvard University--SingHealth,ALL,2,SingHealth,SingHealth,0.566166,0.304445,1,Harvard University,SingHealth,1,1
Duke-NUS Medical School--Johns Hopkins University#ALL,Duke-NUS Medical School--Johns Hopkins University,ALL,1,Duke-NUS Medical School,Duke-NUS Medical School,0.465633,0.441401,2,Duke-NUS Medical School,Johns Hopkins University,1,1
Duke-NUS Medical School--Johns Hopkins University#ALL,Duke-NUS Medical School--Johns Hopkins University,ALL,2,Johns Hopkins University,Johns Hopkins University,0.616645,0.578135,2,Duke-NUS Medical School,Johns Hopkins University,1,1
"Agency for Science, Technology and Research--University of Oxford#ALL","Agency for Science, Technology and Research--University of Oxford",ALL,1,"Agency for Science, Technology and Research","Agency for Science, Technology and Research",0.770378,0.467146,1,"Agency for Science, Technology and Research",University of Oxford,1,1
"Agency for Science, Technology and Research--University of Oxford#ALL","Agency for Science, Technology and Research--University of Oxford",ALL,2,University of Oxford,University of Oxford,0.658401,0.434596,1,"Agency for Science, Technology and Research",University of Oxford,1,1
Nanyang Technological University--University of Malaya#ALL,Nanyang Technological University--University of Malaya,ALL,1,Nanyang Technological University,Nanyang Technological University,0.664988,0.515565,2,Nanyang Technological University,University of Malaya,1,1
Nanyang Technological University--University of Malaya#ALL,Nanyang Technological University--University of Malaya,ALL,2,University of Malaya,University of Malaya,0.573788,0.583368,2,Nanyang Technological University,University of Malaya,1,1
Duke-NUS Medical School--National Cancer Centre Singapore#ALL,Duke-NUS Medical School--National Cancer Centre Singapore,ALL,1,Duke-NUS Medical School,Duke-NUS Medical School,0.465633,0.441401,1,Duke-NUS Medical School,National Cancer Centre Singapore,0,1
Duke-NUS Medical School--National Cancer Centre Singapore#ALL,Duke-NUS Medical School--National Cancer Centre Singapore,ALL,2,National Cancer Centre Singapore,National Cancer Centre Singapore,0.481842,0.196834,1,Duke-NUS Medical School,National Cancer Centre Singapore,0,1
Duke-NUS Medical School--National Skin Centre#ALL,Duke-NUS Medical School--National Skin Centre,ALL,1,Duke-NUS Medical School,Duke-NUS Medical School,0.465633,0.441401,1,Duke-NUS Medical School,National Skin Centre,0,1
Duke-NUS Medical School--National Skin Centre#ALL,Duke-NUS Medical School--National Skin Centre,ALL,2,National Skin Centre,National Skin Centre,0.569459,0.179669,1,Duke-NUS Medical School,National Skin Centre,0,1
National Cancer Centre Singapore--National Skin Centre#ALL,National Cancer Centre Singapore--National Skin Centre,ALL,1,National Cancer Centre Singapore,National Cancer Centre Singapore,0.481842,0.196834,1,National Cancer Centre Singapore,National Skin Centre,0,1
National Cancer Centre Singapore--National Skin Centre#ALL,National Cancer Centre Singapore--National Skin Centre,ALL,2,National Skin Centre,National Skin Centre,0.569459,0.179669,1,National Cancer Centre Singapore,National Skin Centre,0,1
National Cancer Centre Singapore--National University Hospital#ALL,National Cancer Centre Singapore--National University Hospital,ALL,1,National Cancer Centre Singapore,National Cancer Centre Singapore,0.481842,0.196834,1,National Cancer Centre Singapore,National University Hospital,0,1
National Cancer Centre Singapore--National University Hospital#ALL,National Cancer Centre Singapore--National University Hospital,ALL,2,National University Hospital,National University Hospital,0.51926,0.342069,1,National Cancer Centre Singapore,National University Hospital,0,1
National Skin Centre--National University Hospital#ALL,National Skin Centre--National University Hospital,ALL,1,National Skin Centre,National Skin Centre,0.569459,0.179669,1,National Skin Centre,National University Hospital,0,1
National Skin Centre--National University Hospital#ALL,National Skin Centre--National University Hospital,ALL,2,National University Hospital,National University Hospital,0.51926,0.342069,1,National Skin Centre,National University Hospital,0,1
Johns Hopkins University--London School of Hygiene & Tropical Medicine#ALL,Johns Hopkins University--London School of Hygiene & Tropical Medicine,ALL,1,Johns Hopkins University,Johns Hopkins University,0.616645,0.578135,1,Johns Hopkins University,London School of Hygiene & Tropical Medicine,1,0
Johns Hopkins University--London School of Hygiene & Tropical Medicine#ALL,Johns Hopkins University--London School of Hygiene & Tropical Medicine,ALL,2,London School of Hygiene & Tropical Medicine,London School of Hygiene & Tropical Medicine,0.690267,0.57095,1,Johns Hopkins University,London School of Hygiene & Tropical Medicine,1,0
Johns Hopkins University--Mahidol University#ALL,Johns Hopkins University--Mahidol University,ALL,1,Johns Hopkins University,Johns Hopkins University,0.616645,0.578135,1,Johns Hopkins University,Mahidol University,1,0
Johns Hopkins University--Mahidol University#ALL,Johns Hopkins University--Mahidol University,ALL,2,Mahidol University,Mahidol University,0.601502,0.392831,1,Johns Hopkins University,Mahidol University,1,0
Johns Hopkins University--Oxford University Clinical Research Unit#ALL,Johns Hopkins University--Oxford University Clinical Research Unit,ALL,1,Johns Hopkins University,Johns Hopkins University,0.616645,0.578135,1,Johns Hopkins University,Oxford University Clinical Research Unit,1,0
Johns Hopkins University--Oxford University Clinical Research Unit#ALL,Johns Hopkins University--Oxford University Clinical Research Unit,ALL,2,Oxford University Clinical Research Unit,Oxford University Clinical Research Unit,0.703504,0.365802,1,Johns Hopkins University,Oxford University Clinical Research Unit,1,0
Johns Hopkins University--University of Cambridge#ALL,Johns Hopkins University--University of Cambridge,ALL,1,Johns Hopkins University,Johns Hopkins University,0.616645,0.578135,1,Johns Hopkins University,University of Cambridge,1,0
Johns Hopkins University--University of Cambridge#ALL,Johns Hopkins University--University of Cambridge,ALL,2,University of Cambridge,University of Cambridge,0.795279,0.581232,1,Johns Hopkins University,University of Cambridge,1,0
Johns Hopkins University--University of Hong Kong#ALL,Johns Hopkins University--University of Hong Kong,ALL,1,Johns Hopkins University,Johns Hopkins University,0.616645,0.578135,1,Johns Hopkins University,University of Hong Kong,1,0
Johns Hopkins University--University of Hong Kong#ALL,Johns Hopkins University--University of Hong Kong,ALL,2,University of Hong Kong,University of Hong Kong,0.711454,0.426862,1,Johns Hopkins University,University of Hong Kong,1,0
Johns Hopkins University--University of Melbourne#ALL,Johns Hopkins University--University of Melbourne,ALL,1,Johns Hopkins University,Johns Hopkins University,0.616645,0.578135,1,Johns Hopkins University,University of Melbourne,1,0
Johns Hopkins University--University of Melbourne#ALL,Johns Hopkins University--University of Melbourne,ALL,2,University of Melbourne,University of Melbourne,0.717864,0.499267,1,Johns Hopkins University,University of Melbourne,1,0
Johns Hopkins University--University of Oxford#ALL,Johns Hopkins University--University of Oxford,ALL,1,Johns Hopkins University,Johns Hopkins University,0.616645,0.578135,2,Johns Hopkins University,University of Oxford,1,0
Johns Hopkins University--University of Oxford#ALL,Johns Hopkins University--University of Oxford,ALL,2,University of Oxford,University of Oxford,0.658401,0.434596,2,Johns Hopkins University,University of Oxford,1,0
London School of Hygiene & Tropical Medicine--Mahidol University#ALL,London School of Hygiene & Tropical Medicine--Mahidol University,ALL,1,London School of Hygiene & Tropical Medicine,London School of Hygiene & Tropical Medicine,0.690267,0.57095,3,London School of Hygiene & Tropical Medicine,Mahidol University,1,0
London School of Hygiene & Tropical Medicine--Mahidol University#ALL,London School of Hygiene & Tropical Medicine--Mahidol University,ALL,2,Mahidol University,Mahidol University,0.601502,0.392831,3,London School of Hygiene & Tropical Medicine,Mahidol University,1,0
London School of Hygiene & Tropical Medicine--Oxford University Clinical Research Unit#ALL,London School of Hygiene & Tropical Medicine--Oxford University Clinical Research Unit,ALL,1,London School of Hygiene & Tropical Medicine,London School of Hygiene & Tropical Medicine,0.690267,0.57095,3,London School of Hygiene & Tropical Medicine,Oxford University Clinical Research Unit,1,0
London School of Hygiene & Tropical Medicine--Oxford University Clinical Research Unit#ALL,London School of Hygiene & Tropical Medicine--Oxford University Clinical Research Unit,ALL,2,Oxford University Clinical Research Unit,Oxford University Clinical Research Unit,0.703504,0.365802,3,London School of Hygiene & Tropical Medicine,Oxford University Clinical Research Unit,1,0
London School of Hygiene & Tropical Medicine--University of Cambridge#ALL,London School of Hygiene & Tropical Medicine--University of Cambridge,ALL,1,London School of Hygiene & Tropical Medicine,London School of Hygiene & Tropical Medicine,0.690267,0.57095,2,London School of Hygiene & Tropical Medicine,University of Cambridge,0,0
London School of Hygiene & Tropical Medicine--University of Cambridge#ALL,London School of Hygiene & Tropical Medicine--University of Cambridge,ALL,2,University of Cambridge,University of Cambridge,0.795279,0.581232,2,London School of Hygiene & Tropical Medicine,University of Cambridge,0,0
London School of Hygiene & Tropical Medicine--University of Oxford#ALL,London School of Hygiene & Tropical Medicine--University of Oxford,ALL,1,London School of Hygiene & Tropical Medicine,London School of Hygiene & Tropical Medicine,0.690267,0.57095,5,London School of Hygiene & Tropical Medicine,University of Oxford,0,0
London School of Hygiene & Tropical Medicine--University of Oxford#ALL,London School of Hygiene & Tropical Medicine--University of Oxford,ALL,2,University of Oxford,University of Oxford,0.658401,0.434596,5,London School of Hygiene & Tropical Medicine,University of Oxford,0,0
Mahidol University--University of Cambridge#ALL,Mahidol University--University of Cambridge,ALL,1,Mahidol University,Mahidol University,0.601502,0.392831,1,Mahidol University,University of Cambridge,1,0
Mahidol University--University of Cambridge#ALL,Mahidol University--University of Cambridge,ALL,2,University of Cambridge,University of Cambridge,0.795279,0.581232,1,Mahidol University,University of Cambridge,1,0
Mahidol University--University of Melbourne#ALL,Mahidol University--University of Melbourne,ALL,1,Mahidol University,Mahidol University,0.601502,0.392831,1,Mahidol University,University of Melbourne,1,0
Mahidol University--University of Melbourne#ALL,Mahidol University--University of Melbourne,ALL,2,University of Melbourne,University of Melbourne,0.717864,0.499267,1,Mahidol University,University of Melbourne,1,0
Oxford University Clinical Research Unit--University of Cambridge#ALL,Oxford University Clinical Research Unit--University of Cambridge,ALL,1,Oxford University Clinical Research Unit,Oxford University Clinical Research Unit,0.703504,0.365802,1,Oxford University Clinical Research Unit,University of Cambridge,1,0
Oxford University Clinical Research Unit--University of Cambridge#ALL,Oxford University Clinical Research Unit--University of Cambridge,ALL,2,University of Cambridge,University of Cambridge,0.795279,0.581232,1,Oxford University Clinical Research Unit,University of Cambridge,1,0
University of Cambridge--University of Melbourne#ALL,University of Cambridge--University of Melbourne,ALL,1,University of Cambridge,University of Cambridge,0.795279,0.581232,1,University of Cambridge,University of Melbourne,1,0
University of Cambridge--University of Melbourne#ALL,University of Cambridge--University of Melbourne,ALL,2,University of Melbourne,University of Melbourne,0.717864,0.499267,1,University of Cambridge,University of Melbourne,1,0
University of Cambridge--University of Oxford#ALL,University of Cambridge--University of Oxford,ALL,1,University of Cambridge,University of Cambridge,0.795279,0.581232,1,University of Cambridge,University of Oxford,0,0
University of Cambridge--University of Oxford#ALL,University of Cambridge--University of Oxford,ALL,2,University of Oxford,University of Oxford,0.658401,0.434596,1,University of Cambridge,University of Oxford,0,0
University of Hong Kong--University of Melbourne#ALL,University of Hong Kong--University of Melbourne,ALL,1,University of Hong Kong,University of Hong Kong,0.711454,0.426862,1,University of Hong Kong,University of Melbourne,1,0
University of Hong Kong--University of Melbourne#ALL,University of Hong Kong--University of Melbourne,ALL,2,University of Melbourne,University of Melbourne,0.717864,0.499267,1,University of Hong Kong,University of Melbourne,1,0
University of Melbourne--University of Oxford#ALL,University of Melbourne--University of Oxford,ALL,1,University of Melbourne,University of Melbourne,0.717864,0.499267,2,University of Melbourne,University of Oxford,1,0
University of Melbourne--University of Oxford#ALL,University of Melbourne--University of Oxford,ALL,2,University of Oxford,University of Oxford,0.658401,0.434596,2,University of Melbourne,University of Oxford,1,0
Mahidol University--Singapore Food Agency#ALL,Mahidol University--Singapore Food Agency,ALL,1,Mahidol University,Mahidol University,0.601502,0.392831,1,Mahidol University,Singapore Food Agency,1,1
Mahidol University--Singapore Food Agency#ALL,Mahidol University--Singapore Food Agency,ALL,2,Singapore Food Agency,Singapore Food Agency,0.37064,0.381025,1,Mahidol University,Singapore Food Agency,1,1
Mahidol University--Tan Tock Seng Hospital#ALL,Mahidol University--Tan Tock Seng Hospital,ALL,1,Mahidol University,Mahidol University,0.601502,0.392831,2,Mahidol University,Tan Tock Seng Hospital,1,1
Mahidol University--Tan Tock Seng Hospital#ALL,Mahidol University--Tan Tock Seng Hospital,ALL,2,Tan Tock Seng Hospital,Tan Tock Seng Hospital,0.54699,0.379399,2,Mahidol University,Tan Tock Seng Hospital,1,1
Singapore Food Agency--Tan Tock Seng Hospital#ALL,Singapore Food Agency--Tan Tock Seng Hospital,ALL,1,Singapore Food Agency,Singapore Food Agency,0.37064,0.381025,1,Singapore Food Agency,Tan Tock Seng Hospital,0,1
Singapore Food Agency--Tan Tock Seng Hospital#ALL,Singapore Food Agency--Tan Tock Seng Hospital,ALL,2,Tan Tock Seng Hospital,Tan Tock Seng Hospital,0.54699,0.379399,1,Singapore Food Agency,Tan Tock Seng Hospital,0,1
London School of Hygiene & Tropical Medicine--Singapore Immunology Network#ALL,London School of Hygiene & Tropical Medicine--Singapore Immunology Network,ALL,1,London School of Hygiene & Tropical Medicine,London School of Hygiene & Tropical Medicine,0.690267,0.57095,1,London School of Hygiene & Tropical Medicine,Singapore Immunology Network,1,1
London School of Hygiene & Tropical Medicine--Singapore Immunology Network#ALL,London School of Hygiene & Tropical Medicine--Singapore Immunology Network,ALL,2,Singapore Immunology Network,Singapore Immunology Network,0.726572,0.281452,1,London School of Hygiene & Tropical Medicine,Singapore Immunology Network,1,1
"A*STAR Infectious Diseases Labs--Agency for Science, Technology and Research#ALL","A*STAR Infectious Diseases Labs--Agency for Science, Technology and Research",ALL,1,A*STAR Infectious Diseases Labs,A*STAR Infectious Diseases Labs,0.805549,0.407654,1,A*STAR Infectious Diseases Labs,"Agency for Science, Technology and Research",0,1
"A*STAR Infectious Diseases Labs--Agency for Science, Technology and Research#ALL","A*STAR Infectious Diseases Labs--Agency for Science, Technology and Research",ALL,2,"Agency for Science, Technology and Research","Agency for Science, Technology and Research",0.770378,0.467146,1,A*STAR Infectious Diseases Labs,"Agency for Science, Technology and Research",0,1
A*STAR Infectious Diseases Labs--Genome Institute of Singapore#ALL,A*STAR Infectious Diseases Labs--Genome Institute of Singapore,ALL,1,A*STAR Infectious Diseases Labs,A*STAR Infectious Diseases Labs,0.805549,0.407654,1,A*STAR Infectious Diseases Labs,Genome Institute of Singapore,0,1
A*STAR Infectious Diseases Labs--Genome Institute of Singapore#ALL,A*STAR Infectious Diseases Labs--Genome Institute of Singapore,ALL,2,Genome Institute of Singapore,Genome Institute of Singapore,0.775324,0.298298,1,A*STAR Infectious Diseases Labs,Genome Institute of Singapore,0,1
A*STAR Infectious Diseases Labs--National University Health System#ALL,A*STAR Infectious Diseases Labs--National University Health System,ALL,1,A*STAR Infectious Diseases Labs,A*STAR Infectious Diseases Labs,0.805549,0.407654,1,A*STAR Infectious Diseases Labs,National University Health System,0,1
A*STAR Infectious Diseases Labs--National University Health System#ALL,A*STAR Infectious Diseases Labs--National University Health System,ALL,2,National University Health System,National University Health System,0.554169,0.437829,1,A*STAR Infectious Diseases Labs,National University Health System,0,1
A*STAR Infectious Diseases Labs--Oxford University Clinical Research Unit#ALL,A*STAR Infectious Diseases Labs--Oxford University Clinical Research Unit,ALL,1,A*STAR Infectious Diseases Labs,A*STAR Infectious Diseases Labs,0.805549,0.407654,2,A*STAR Infectious Diseases Labs,Oxford University Clinical Research Unit,1,1
A*STAR Infectious Diseases Labs--Oxford University Clinical Research Unit#ALL,A*STAR Infectious Diseases Labs--Oxford University Clinical Research Unit,ALL,2,Oxford University Clinical Research Unit,Oxford University Clinical Research Unit,0.703504,0.365802,2,A*STAR Infectious Diseases Labs,Oxford University Clinical Research Unit,1,1
A*STAR Infectious Diseases Labs--Singapore Immunology Network#ALL,A*STAR Infectious Diseases Labs--Singapore Immunology Network,ALL,1,A*STAR Infectious Diseases Labs,A*STAR Infectious Diseases Labs,0.805549,0.407654,1,A*STAR Infectious Diseases Labs,Singapore Immunology Network,0,1
A*STAR Infectious Diseases Labs--Singapore Immunology Network#ALL,A*STAR Infectious Diseases Labs--Singapore Immunology Network,ALL,2,Singapore Immunology Network,Singapore Immunology Network,0.726572,0.281452,1,A*STAR Infectious Diseases Labs,Singapore Immunology Network,0,1
A*STAR Infectious Diseases Labs--Tan Tock Seng Hospital#ALL,A*STAR Infectious Diseases Labs--Tan Tock Seng Hospital,ALL,1,A*STAR Infectious Diseases Labs,A*STAR Infectious Diseases Labs,0.805549,0.407654,1,A*STAR Infectious Diseases Labs,Tan Tock Seng Hospital,0,1
A*STAR Infectious Diseases Labs--Tan Tock Seng Hospital#ALL,A*STAR Infectious Diseases Labs--Tan Tock Seng Hospital,ALL,2,Tan Tock Seng Hospital,Tan Tock Seng Hospital,0.54699,0.379399,1,A*STAR Infectious Diseases Labs,Tan Tock Seng Hospital,0,1
A*STAR Infectious Diseases Labs--University of Melbourne#ALL,A*STAR Infectious Diseases Labs--University of Melbourne,ALL,1,A*STAR Infectious Diseases Labs,A*STAR Infectious Diseases Labs,0.805549,0.407654,1,A*STAR Infectious Diseases Labs,University of Melbourne,1,1
A*STAR Infectious Diseases Labs--University of Melbourne#ALL,A*STAR Infectious Diseases Labs--University of Melbourne,ALL,2,University of Melbourne,University of Melbourne,0.717864,0.499267,1,A*STAR Infectious Diseases Labs,University of Melbourne,1,1
"Agency for Science, Technology and Research--Genome Institute of Singapore#ALL","Agency for Science, Technology and Research--Genome Institute of Singapore",ALL,1,"Agency for Science, Technology and Research","Agency for Science, Technology and Research",0.770378,0.467146,1,"Agency for Science, Technology and Research",Genome Institute of Singapore,0,1
"Agency for Science, Technology and Research--Genome Institute of Singapore#ALL","Agency for Science, Technology and Research--Genome Institute of Singapore",ALL,2,Genome Institute of Singapore,Genome Institute of Singapore,0.775324,0.298298,1,"Agency for Science, Technology and Research",Genome Institute of Singapore,0,1
"Agency for Science, Technology and Research--Oxford University Clinical Research Unit#ALL","Agency for Science, Technology and Research--Oxford University Clinical Research Unit",ALL,1,"Agency for Science, Technology and Research","Agency for Science, Technology and Research",0.770378,0.467146,1,"Agency for Science, Technology and Research",Oxford University Clinical Research Unit,1,1
"Agency for Science, Technology and Research--Oxford University Clinical Research Unit#ALL","Agency for Science, Technology and Research--Oxford University Clinical Research Unit",ALL,2,Oxford University Clinical Research Unit,Oxford University Clinical Research Unit,0.703504,0.365802,1,"Agency for Science, Technology and Research",Oxford University Clinical Research Unit,1,1
"Agency for Science, Technology and Research--Singapore Immunology Network#ALL","Agency for Science, Technology and Research--Singapore Immunology Network",ALL,1,"Agency for Science, Technology and Research","Agency for Science, Technology and Research",0.770378,0.467146,1,"Agency for Science, Technology and Research",Singapore Immunology Network,0,1
"Agency for Science, Technology and Research--Singapore Immunology Network#ALL","Agency for Science, Technology and Research--Singapore Immunology Network",ALL,2,Singapore Immunology Network,Singapore Immunology Network,0.726572,0.281452,1,"Agency for Science, Technology and Research",Singapore Immunology Network,0,1
"Agency for Science, Technology and Research--Tan Tock Seng Hospital#ALL","Agency for Science, Technology and Research--Tan Tock Seng Hospital",ALL,1,"Agency for Science, Technology and Research","Agency for Science, Technology and Research",0.770378,0.467146,1,"Agency for Science, Technology and Research",Tan Tock Seng Hospital,0,1
"Agency for Science, Technology and Research--Tan Tock Seng Hospital#ALL","Agency for Science, Technology and Research--Tan Tock Seng Hospital",ALL,2,Tan Tock Seng Hospital,Tan Tock Seng Hospital,0.54699,0.379399,1,"Agency for Science, Technology and Research",Tan Tock Seng Hospital,0,1
"Agency for Science, Technology and Research--University of Melbourne#ALL","Agency for Science, Technology and Research--University of Melbourne",ALL,1,"Agency for Science, Technology and Research","Agency for Science, Technology and Research",0.770378,0.467146,1,"Agency for Science, Technology and Research",University of Melbourne,1,1
"Agency for Science, Technology and Research--University of Melbourne#ALL","Agency for Science, Technology and Research--University of Melbourne",ALL,2,University of Melbourne,University of Melbourne,0.717864,0.499267,1,"Agency for Science, Technology and Research",University of Melbourne,1,1
Genome Institute of Singapore--Nanyang Technological University#ALL,Genome Institute of Singapore--Nanyang Technological University,ALL,1,Genome Institute of Singapore,Genome Institute of Singapore,0.775324,0.298298,1,Genome Institute of Singapore,Nanyang Technological University,0,1
Genome Institute of Singapore--Nanyang Technological University#ALL,Genome Institute of Singapore--Nanyang Technological University,ALL,2,Nanyang Technological University,Nanyang Technological University,0.664988,0.515565,1,Genome Institute of Singapore,Nanyang Technological University,0,1
Genome Institute of Singapore--Singapore Immunology Network#ALL,Genome Institute of Singapore--Singapore Immunology Network,ALL,1,Genome Institute of Singapore,Genome Institute of Singapore,0.775324,0.298298,1,Genome Institute of Singapore,Singapore Immunology Network,0,1
Genome Institute of Singapore--Singapore Immunology Network#ALL,Genome Institute of Singapore--Singapore Immunology Network,ALL,2,Singapore Immunology Network,Singapore Immunology Network,0.726572,0.281452,1,Genome Institute of Singapore,Singapore Immunology Network,0,1
Genome Institute of Singapore--Tan Tock Seng Hospital#ALL,Genome Institute of Singapore--Tan Tock Seng Hospital,ALL,1,Genome Institute of Singapore,Genome Institute of Singapore,0.775324,0.298298,1,Genome Institute of Singapore,Tan Tock Seng Hospital,0,1
Genome Institute of Singapore--Tan Tock Seng Hospital#ALL,Genome Institute of Singapore--Tan Tock Seng Hospital,ALL,2,Tan Tock Seng Hospital,Tan Tock Seng Hospital,0.54699,0.379399,1,Genome Institute of Singapore,Tan Tock Seng Hospital,0,1
Genome Institute of Singapore--University of Melbourne#ALL,Genome Institute of Singapore--University of Melbourne,ALL,1,Genome Institute of Singapore,Genome Institute of Singapore,0.775324,0.298298,1,Genome Institute of Singapore,University of Melbourne,1,1
Genome Institute of Singapore--University of Melbourne#ALL,Genome Institute of Singapore--University of Melbourne,ALL,2,University of Melbourne,University of Melbourne,0.717864,0.499267,1,Genome Institute of Singapore,University of Melbourne,1,1
Nanyang Technological University--Oxford University Clinical Research Unit#ALL,Nanyang Technological University--Oxford University Clinical Research Unit,ALL,1,Nanyang Technological University,Nanyang Technological University,0.664988,0.515565,2,Nanyang Technological University,Oxford University Clinical Research Unit,1,1
Nanyang Technological University--Oxford University Clinical Research Unit#ALL,Nanyang Technological University--Oxford University Clinical Research Unit,ALL,2,Oxford University Clinical Research Unit,Oxford University Clinical Research Unit,0.703504,0.365802,2,Nanyang Technological University,Oxford University Clinical Research Unit,1,1
Nanyang Technological University--Singapore Immunology Network#ALL,Nanyang Technological University--Singapore Immunology Network,ALL,1,Nanyang Technological University,Nanyang Technological University,0.664988,0.515565,1,Nanyang Technological University,Singapore Immunology Network,0,1
Nanyang Technological University--Singapore Immunology Network#ALL,Nanyang Technological University--Singapore Immunology Network,ALL,2,Singapore Immunology Network,Singapore Immunology Network,0.726572,0.281452,1,Nanyang Technological University,Singapore Immunology Network,0,1
National University Health System--Singapore Immunology Network#ALL,National University Health System--Singapore Immunology Network,ALL,1,National University Health System,National University Health System,0.554169,0.437829,1,National University Health System,Singapore Immunology Network,0,1
National University Health System--Singapore Immunology Network#ALL,National University Health System--Singapore Immunology Network,ALL,2,Singapore Immunology Network,Singapore Immunology Network,0.726572,0.281452,1,National University Health System,Singapore Immunology Network,0,1
Oxford University Clinical Research Unit--Singapore Immunology Network#ALL,Oxford University Clinical Research Unit--Singapore Immunology Network,ALL,1,Oxford University Clinical Research Unit,Oxford University Clinical Research Unit,0.703504,0.365802,1,Oxford University Clinical Research Unit,Singapore Immunology Network,1,1
Oxford University Clinical Research Unit--Singapore Immunology Network#ALL,Oxford University Clinical Research Unit--Singapore Immunology Network,ALL,2,Singapore Immunology Network,Singapore Immunology Network,0.726572,0.281452,1,Oxford University Clinical Research Unit,Singapore Immunology Network,1,1
Oxford University Clinical Research Unit--Tan Tock Seng Hospital#ALL,Oxford University Clinical Research Unit--Tan Tock Seng Hospital,ALL,1,Oxford University Clinical Research Unit,Oxford University Clinical Research Unit,0.703504,0.365802,1,Oxford University Clinical Research Unit,Tan Tock Seng Hospital,1,1
Oxford University Clinical Research Unit--Tan Tock Seng Hospital#ALL,Oxford University Clinical Research Unit--Tan Tock Seng Hospital,ALL,2,Tan Tock Seng Hospital,Tan Tock Seng Hospital,0.54699,0.379399,1,Oxford University Clinical Research Unit,Tan Tock Seng Hospital,1,1
Singapore Immunology Network--Tan Tock Seng Hospital#ALL,Singapore Immunology Network--Tan Tock Seng Hospital,ALL,1,Singapore Immunology Network,Singapore Immunology Network,0.726572,0.281452,1,Singapore Immunology Network,Tan Tock Seng Hospital,0,1
Singapore Immunology Network--Tan Tock Seng Hospital#ALL,Singapore Immunology Network--Tan Tock Seng Hospital,ALL,2,Tan Tock Seng Hospital,Tan Tock Seng Hospital,0.54699,0.379399,1,Singapore Immunology Network,Tan Tock Seng Hospital,0,1
Singapore Immunology Network--University of Melbourne#ALL,Singapore Immunology Network--University of Melbourne,ALL,1,Singapore Immunology Network,Singapore Immunology Network,0.726572,0.281452,1,Singapore Immunology Network,University of Melbourne,1,1
Singapore Immunology Network--University of Melbourne#ALL,Singapore Immunology Network--University of Melbourne,ALL,2,University of Melbourne,University of Melbourne,0.717864,0.499267,1,Singapore Immunology Network,University of Melbourne,1,1
Mahidol University--Nanyang Technological University#ALL,Mahidol University--Nanyang Technological University,ALL,1,Mahidol University,Mahidol University,0.601502,0.392831,2,Mahidol University,Nanyang Technological University,1,1
Mahidol University--Nanyang Technological University#ALL,Mahidol University--Nanyang Technological University,ALL,2,Nanyang Technological University,Nanyang Technological University,0.664988,0.515565,2,Mahidol University,Nanyang Technological University,1,1
Johns Hopkins University--Nanyang Technological University#ALL,Johns Hopkins University--Nanyang Technological University,ALL,1,Johns Hopkins University,Johns Hopkins University,0.616645,0.578135,1,Johns Hopkins University,Nanyang Technological University,1,1
Johns Hopkins University--Nanyang Technological University#ALL,Johns Hopkins University--Nanyang Technological University,ALL,2,Nanyang Technological University,Nanyang Technological University,0.664988,0.515565,1,Johns Hopkins University,Nanyang Technological University,1,1
Johns Hopkins University--Tan Tock Seng Hospital#ALL,Johns Hopkins University--Tan Tock Seng Hospital,ALL,1,Johns Hopkins University,Johns Hopkins University,0.616645,0.578135,1,Johns Hopkins University,Tan Tock Seng Hospital,1,1
Johns Hopkins University--Tan Tock Seng Hospital#ALL,Johns Hopkins University--Tan Tock Seng Hospital,ALL,2,Tan Tock Seng Hospital,Tan Tock Seng Hospital,0.54699,0.379399,1,Johns Hopkins University,Tan Tock Seng Hospital,1,1
Johns Hopkins University--Universitas Indonesia#ALL,Johns Hopkins University--Universitas Indonesia,ALL,1,Johns Hopkins University,Johns Hopkins University,0.616645,0.578135,1,Johns Hopkins University,Universitas Indonesia,1,0
Johns Hopkins University--Universitas Indonesia#ALL,Johns Hopkins University--Universitas Indonesia,ALL,2,Universitas Indonesia,Universitas Indonesia,0.62933,0.345326,1,Johns Hopkins University,Universitas Indonesia,1,0
Duke-NUS Medical School--University of Hong Kong#ALL,Duke-NUS Medical School--University of Hong Kong,ALL,1,Duke-NUS Medical School,Duke-NUS Medical School,0.465633,0.441401,1,Duke-NUS Medical School,University of Hong Kong,1,1
Duke-NUS Medical School--University of Hong Kong#ALL,Duke-NUS Medical School--University of Hong Kong,ALL,2,University of Hong Kong,University of Hong Kong,0.711454,0.426862,1,Duke-NUS Medical School,University of Hong Kong,1,1
National Cancer Centre Singapore--University of Hong Kong#ALL,National Cancer Centre Singapore--University of Hong Kong,ALL,1,National Cancer Centre Singapore,National Cancer Centre Singapore,0.481842,0.196834,1,National Cancer Centre Singapore,University of Hong Kong,1,1
National Cancer Centre Singapore--University of Hong Kong#ALL,National Cancer Centre Singapore--University of Hong Kong,ALL,2,University of Hong Kong,University of Hong Kong,0.711454,0.426862,1,National Cancer Centre Singapore,University of Hong Kong,1,1
Tan Tock Seng Hospital--University of Hong Kong#ALL,Tan Tock Seng Hospital--University of Hong Kong,ALL,1,Tan Tock Seng Hospital,Tan Tock Seng Hospital,0.54699,0.379399,1,Tan Tock Seng Hospital,University of Hong Kong,1,1
Tan Tock Seng Hospital--University of Hong Kong#ALL,Tan Tock Seng Hospital--University of Hong Kong,ALL,2,University of Hong Kong,University of Hong Kong,0.711454,0.426862,1,Tan Tock Seng Hospital,University of Hong Kong,1,1
Harvard University--US Centers for Disease Control and Prevention#ALL,Harvard University--US Centers for Disease Control and Prevention,ALL,1,Harvard University,Harvard University,0.690017,0.63864,1,Harvard University,US Centers for Disease Control and Prevention,0,0
Harvard University--US Centers for Disease Control and Prevention#ALL,Harvard University--US Centers for Disease Control and Prevention,ALL,2,US Centers for Disease Control and Prevention,US Centers for Disease Control and Prevention,0.889454,0.787793,1,Harvard University,US Centers for Disease Control and Prevention,0,0
London School of Hygiene & Tropical Medicine--US Centers for Disease Control and Prevention#ALL,London School of Hygiene & Tropical Medicine--US Centers for Disease Control and Prevention,ALL,1,London School of Hygiene & Tropical Medicine,London School of Hygiene & Tropical Medicine,0.690267,0.57095,1,London School of Hygiene & Tropical Medicine,US Centers for Disease Control and Prevention,1,0
London School of Hygiene & Tropical Medicine--US Centers for Disease Control and Prevention#ALL,London School of Hygiene & Tropical Medicine--US Centers for Disease Control and Prevention,ALL,2,US Centers for Disease Control and Prevention,US Centers for Disease Control and Prevention,0.889454,0.787793,1,London School of Hygiene & Tropical Medicine,US Centers for Disease Control and Prevention,1,0
Nanyang Technological University--SingHealth#ALL,Nanyang Technological University--SingHealth,ALL,1,Nanyang Technological University,Nanyang Technological University,0.664988,0.515565,1,Nanyang Technological University,SingHealth,0,1
Nanyang Technological University--SingHealth#ALL,Nanyang Technological University--SingHealth,ALL,2,SingHealth,SingHealth,0.566166,0.304445,1,Nanyang Technological University,SingHealth,0,1
National Centre for Infectious Diseases--SingHealth#ALL,National Centre for Infectious Diseases--SingHealth,ALL,1,National Centre for Infectious Diseases,National Centre for Infectious Diseases,0.63178,0.485666,2,National Centre for Infectious Diseases,SingHealth,0,1
National Centre for Infectious Diseases--SingHealth#ALL,National Centre for Infectious Diseases--SingHealth,ALL,2,SingHealth,SingHealth,0.566166,0.304445,2,National Centre for Infectious Diseases,SingHealth,0,1
SingHealth--Tan Tock Seng Hospital#ALL,SingHealth--Tan Tock Seng Hospital,ALL,1,SingHealth,SingHealth,0.566166,0.304445,2,SingHealth,Tan Tock Seng Hospital,0,1
SingHealth--Tan Tock Seng Hospital#ALL,SingHealth--Tan Tock Seng Hospital,ALL,2,Tan Tock Seng Hospital,Tan Tock Seng Hospital,0.54699,0.379399,2,SingHealth,Tan Tock Seng Hospital,0,1
SingHealth--University of Melbourne#ALL,SingHealth--University of Melbourne,ALL,1,SingHealth,SingHealth,0.566166,0.304445,1,SingHealth,University of Melbourne,1,1
SingHealth--University of Melbourne#ALL,SingHealth--University of Melbourne,ALL,2,University of Melbourne,University of Melbourne,0.717864,0.499267,1,SingHealth,University of Melbourne,1,1
Singapore General Hospital--University of Melbourne#ALL,Singapore General Hospital--University of Melbourne,ALL,1,Singapore General Hospital,Singapore General Hospital,0.475209,0.374832,1,Singapore General Hospital,University of Melbourne,1,1
Singapore General Hospital--University of Melbourne#ALL,Singapore General Hospital--University of Melbourne,ALL,2,University of Melbourne,University of Melbourne,0.717864,0.499267,1,Singapore General Hospital,University of Melbourne,1,1
National University Hospital--Woodlands Health#ALL,National University Hospital--Woodlands Health,ALL,1,National University Hospital,National University Hospital,0.51926,0.342069,1,National University Hospital,Woodlands Health,0,1
National University Hospital--Woodlands Health#ALL,National University Hospital--Woodlands Health,ALL,2,Woodlands Health,Woodlands Health,0.536939,0.057434,1,National University Hospital,Woodlands Health,0,1
National University of Singapore--Woodlands Health#ALL,National University of Singapore--Woodlands Health,ALL,1,National University of Singapore,National University of Singapore,0.59751,0.507684,1,National University of Singapore,Woodlands Health,0,1
National University of Singapore--Woodlands Health#ALL,National University of Singapore--Woodlands Health,ALL,2,Woodlands Health,Woodlands Health,0.536939,0.057434,1,National University of Singapore,Woodlands Health,0,1
Tan Tock Seng Hospital--Woodlands Health#ALL,Tan Tock Seng Hospital--Woodlands Health,ALL,1,Tan Tock Seng Hospital,Tan Tock Seng Hospital,0.54699,0.379399,1,Tan Tock Seng Hospital,Woodlands Health,0,1
Tan Tock Seng Hospital--Woodlands Health#ALL,Tan Tock Seng Hospital--Woodlands Health,ALL,2,Woodlands Health,Woodlands Health,0.536939,0.057434,1,Tan Tock Seng Hospital,Woodlands Health,0,1
London School of Hygiene & Tropical Medicine--National University Health System#ALL,London School of Hygiene & Tropical Medicine--National University Health System,ALL,1,London School of Hygiene & Tropical Medicine,London School of Hygiene & Tropical Medicine,0.690267,0.57095,1,London School of Hygiene & Tropical Medicine,National University Health System,1,1
London School of Hygiene & Tropical Medicine--National University Health System#ALL,London School of Hygiene & Tropical Medicine--National University Health System,ALL,2,National University Health System,National University Health System,0.554169,0.437829,1,London School of Hygiene & Tropical Medicine,National University Health System,1,1
University of Malaya--World Health Organization#ALL,University of Malaya--World Health Organization,ALL,1,University of Malaya,University of Malaya,0.573788,0.583368,1,University of Malaya,World Health Organization,1,0
University of Malaya--World Health Organization#ALL,University of Malaya--World Health Organization,ALL,2,World Health Organization,World Health Organization,0.823585,0.550849,1,University of Malaya,World Health Organization,1,0
A*STAR Infectious Diseases Labs--University of Oxford#ALL,A*STAR Infectious Diseases Labs--University of Oxford,ALL,1,A*STAR Infectious Diseases Labs,A*STAR Infectious Diseases Labs,0.805549,0.407654,2,A*STAR Infectious Diseases Labs,University of Oxford,1,1
A*STAR Infectious Diseases Labs--University of Oxford#ALL,A*STAR Infectious Diseases Labs--University of Oxford,ALL,2,University of Oxford,University of Oxford,0.658401,0.434596,2,A*STAR Infectious Diseases Labs,University of Oxford,1,1
A*STAR Infectious Diseases Labs--Temasek Life Sciences Laboratory#ALL,A*STAR Infectious Diseases Labs--Temasek Life Sciences Laboratory,ALL,1,A*STAR Infectious Diseases Labs,A*STAR Infectious Diseases Labs,0.805549,0.407654,1,A*STAR Infectious Diseases Labs,Temasek Life Sciences Laboratory,0,1
A*STAR Infectious Diseases Labs--Temasek Life Sciences Laboratory#ALL,A*STAR Infectious Diseases Labs--Temasek Life Sciences Laboratory,ALL,2,Temasek Life Sciences Laboratory,Temasek Life Sciences Laboratory,1.0,0.23735,1,A*STAR Infectious Diseases Labs,Temasek Life Sciences Laboratory,0,1
Alexandra Hospital--National University Health System#ALL,Alexandra Hospital--National University Health System,ALL,1,Alexandra Hospital,Alexandra Hospital,0.348574,0.256501,1,Alexandra Hospital,National University Health System,0,1
Alexandra Hospital--National University Health System#ALL,Alexandra Hospital--National University Health System,ALL,2,National University Health System,National University Health System,0.554169,0.437829,1,Alexandra Hospital,National University Health System,0,1
Alexandra Hospital--National University of Singapore#ALL,Alexandra Hospital--National University of Singapore,ALL,1,Alexandra Hospital,Alexandra Hospital,0.348574,0.256501,3,Alexandra Hospital,National University of Singapore,0,1
Alexandra Hospital--National University of Singapore#ALL,Alexandra Hospital--National University of Singapore,ALL,2,National University of Singapore,National University of Singapore,0.59751,0.507684,3,Alexandra Hospital,National University of Singapore,0,1
Alexandra Hospital--Tan Tock Seng Hospital#ALL,Alexandra Hospital--Tan Tock Seng Hospital,ALL,1,Alexandra Hospital,Alexandra Hospital,0.348574,0.256501,2,Alexandra Hospital,Tan Tock Seng Hospital,0,1
Alexandra Hospital--Tan Tock Seng Hospital#ALL,Alexandra Hospital--Tan Tock Seng Hospital,ALL,2,Tan Tock Seng Hospital,Tan Tock Seng Hospital,0.54699,0.379399,2,Alexandra Hospital,Tan Tock Seng Hospital,0,1
Institute of Mental Health--National Public Health Laboratory#ALL,Institute of Mental Health--National Public Health Laboratory,ALL,1,Institute of Mental Health,Institute of Mental Health,0.410534,0.644783,1,Institute of Mental Health,National Public Health Laboratory,0,1
Institute of Mental Health--National Public Health Laboratory#ALL,Institute of Mental Health--National Public Health Laboratory,ALL,2,National Public Health Laboratory,National Public Health Laboratory,0.385812,0.801383,1,Institute of Mental Health,National Public Health Laboratory,0,1
National Centre for Infectious Diseases--National Public Health Laboratory#ALL,National Centre for Infectious Diseases--National Public Health Laboratory,ALL,1,National Centre for Infectious Diseases,National Centre for Infectious Diseases,0.63178,0.485666,1,National Centre for Infectious Diseases,National Public Health Laboratory,0,1
National Centre for Infectious Diseases--National Public Health Laboratory#ALL,National Centre for Infectious Diseases--National Public Health Laboratory,ALL,2,National Public Health Laboratory,National Public Health Laboratory,0.385812,0.801383,1,National Centre for Infectious Diseases,National Public Health Laboratory,0,1
National Public Health Laboratory--National University of Singapore#ALL,National Public Health Laboratory--National University of Singapore,ALL,1,National Public Health Laboratory,National Public Health Laboratory,0.385812,0.801383,2,National Public Health Laboratory,National University of Singapore,0,1
National Public Health Laboratory--National University of Singapore#ALL,National Public Health Laboratory--National University of Singapore,ALL,2,National University of Singapore,National University of Singapore,0.59751,0.507684,2,National Public Health Laboratory,National University of Singapore,0,1
National Skin Centre--Peter Doherty Institute for Infection and Immunity#ALL,National Skin Centre--Peter Doherty Institute for Infection and Immunity,ALL,1,National Skin Centre,National Skin Centre,0.569459,0.179669,1,National Skin Centre,Peter Doherty Institute for Infection and Immunity,1,1
National Skin Centre--Peter Doherty Institute for Infection and Immunity#ALL,National Skin Centre--Peter Doherty Institute for Infection and Immunity,ALL,2,Peter Doherty Institute for Infection and Immunity,Peter Doherty Institute for Infection and Immunity,0.689984,0.23488,1,National Skin Centre,Peter Doherty Institute for Infection and Immunity,1,1
Mahidol University--Takeda Pharmaceuticals#ALL,Mahidol University--Takeda Pharmaceuticals,ALL,1,Mahidol University,Mahidol University,0.601502,0.392831,1,Mahidol University,Takeda Pharmaceuticals,1,0
Mahidol University--Takeda Pharmaceuticals#ALL,Mahidol University--Takeda Pharmaceuticals,ALL,2,Takeda Pharmaceuticals,Takeda Pharmaceuticals,0.400482,0.0,1,Mahidol University,Takeda Pharmaceuticals,1,0
Singapore General Hospital--Takeda Pharmaceuticals#ALL,Singapore General Hospital--Takeda Pharmaceuticals,ALL,1,Singapore General Hospital,Singapore General Hospital,0.475209,0.374832,1,Singapore General Hospital,Takeda Pharmaceuticals,1,1
Singapore General Hospital--Takeda Pharmaceuticals#ALL,Singapore General Hospital--Takeda Pharmaceuticals,ALL,2,Takeda Pharmaceuticals,Takeda Pharmaceuticals,0.400482,0.0,1,Singapore General Hospital,Takeda Pharmaceuticals,1,1
National University Health System--University of Hong Kong#ALL,National University Health System--University of Hong Kong,ALL,1,National University Health System,National University Health System,0.554169,0.437829,1,National University Health System,University of Hong Kong,1,1
National University Health System--University of Hong Kong#ALL,National University Health System--University of Hong Kong,ALL,2,University of Hong Kong,University of Hong Kong,0.711454,0.426862,1,National University Health System,University of Hong Kong,1,1
Changi General Hospital--DSO National Laboratories#ALL,Changi General Hospital--DSO National Laboratories,ALL,1,Changi General Hospital,Changi General Hospital,0.384499,0.459909,1,Changi General Hospital,DSO National Laboratories,0,1
Changi General Hospital--DSO National Laboratories#ALL,Changi General Hospital--DSO National Laboratories,ALL,2,DSO National Laboratories,DSO National Laboratories,0.254378,0.530441,1,Changi General Hospital,DSO National Laboratories,0,1
Changi General Hospital--National University Health System#ALL,Changi General Hospital--National University Health System,ALL,1,Changi General Hospital,Changi General Hospital,0.384499,0.459909,1,Changi General Hospital,National University Health System,0,1
Changi General Hospital--National University Health System#ALL,Changi General Hospital--National University Health System,ALL,2,National University Health System,National University Health System,0.554169,0.437829,1,Changi General Hospital,National University Health System,0,1
DSO National Laboratories--National University Health System#ALL,DSO National Laboratories--National University Health System,ALL,1,DSO National Laboratories,DSO National Laboratories,0.254378,0.530441,1,DSO National Laboratories,National University Health System,0,1
DSO National Laboratories--National University Health System#ALL,DSO National Laboratories--National University Health System,ALL,2,National University Health System,National University Health System,0.554169,0.437829,1,DSO National Laboratories,National University Health System,0,1
DSO National Laboratories--National University of Singapore#ALL,DSO National Laboratories--National University of Singapore,ALL,1,DSO National Laboratories,DSO National Laboratories,0.254378,0.530441,1,DSO National Laboratories,National University of Singapore,0,1
DSO National Laboratories--National University of Singapore#ALL,DSO National Laboratories--National University of Singapore,ALL,2,National University of Singapore,National University of Singapore,0.59751,0.507684,1,DSO National Laboratories,National University of Singapore,0,1
DSO National Laboratories--Singapore General Hospital#ALL,DSO National Laboratories--Singapore General Hospital,ALL,1,DSO National Laboratories,DSO National Laboratories,0.254378,0.530441,1,DSO National Laboratories,Singapore General Hospital,0,1
DSO National Laboratories--Singapore General Hospital#ALL,DSO National Laboratories--Singapore General Hospital,ALL,2,Singapore General Hospital,Singapore General Hospital,0.475209,0.374832,1,DSO National Laboratories,Singapore General Hospital,0,1
Peter Doherty Institute for Infection and Immunity--SingHealth#ALL,Peter Doherty Institute for Infection and Immunity--SingHealth,ALL,1,Peter Doherty Institute for Infection and Immunity,Peter Doherty Institute for Infection and Immunity,0.689984,0.23488,1,Peter Doherty Institute for Infection and Immunity,SingHealth,1,1
Peter Doherty Institute for Infection and Immunity--SingHealth#ALL,Peter Doherty Institute for Infection and Immunity--SingHealth,ALL,2,SingHealth,SingHealth,0.566166,0.304445,1,Peter Doherty Institute for Infection and Immunity,SingHealth,1,1
Peter Doherty Institute for Infection and Immunity--Singapore Immunology Network#ALL,Peter Doherty Institute for Infection and Immunity--Singapore Immunology Network,ALL,1,Peter Doherty Institute for Infection and Immunity,Peter Doherty Institute for Infection and Immunity,0.689984,0.23488,1,Peter Doherty Institute for Infection and Immunity,Singapore Immunology Network,1,1
Peter Doherty Institute for Infection and Immunity--Singapore Immunology Network#ALL,Peter Doherty Institute for Infection and Immunity--Singapore Immunology Network,ALL,2,Singapore Immunology Network,Singapore Immunology Network,0.726572,0.281452,1,Peter Doherty Institute for Infection and Immunity,Singapore Immunology Network,1,1
Duke-NUS Medical School--Mahidol University#ALL,Duke-NUS Medical School--Mahidol University,ALL,1,Duke-NUS Medical School,Duke-NUS Medical School,0.465633,0.441401,2,Duke-NUS Medical School,Mahidol University,1,1
Duke-NUS Medical School--Mahidol University#ALL,Duke-NUS Medical School--Mahidol University,ALL,2,Mahidol University,Mahidol University,0.601502,0.392831,2,Duke-NUS Medical School,Mahidol University,1,1
Duke-NUS Medical School--University of Oxford#ALL,Duke-NUS Medical School--University of Oxford,ALL,1,Duke-NUS Medical School,Duke-NUS Medical School,0.465633,0.441401,2,Duke-NUS Medical School,University of Oxford,1,1
Duke-NUS Medical School--University of Oxford#ALL,Duke-NUS Medical School--University of Oxford,ALL,2,University of Oxford,University of Oxford,0.658401,0.434596,2,Duke-NUS Medical School,University of Oxford,1,1
Khoo Teck Puat Hospital--Tan Tock Seng Hospital#ALL,Khoo Teck Puat Hospital--Tan Tock Seng Hospital,ALL,1,Khoo Teck Puat Hospital,Khoo Teck Puat Hospital,0.27351,0.071954,1,Khoo Teck Puat Hospital,Tan Tock Seng Hospital,0,1
Khoo Teck Puat Hospital--Tan Tock Seng Hospital#ALL,Khoo Teck Puat Hospital--Tan Tock Seng Hospital,ALL,2,Tan Tock Seng Hospital,Tan Tock Seng Hospital,0.54699,0.379399,1,Khoo Teck Puat Hospital,Tan Tock Seng Hospital,0,1
Nanyang Technological University--Peter Doherty Institute for Infection and Immunity#ALL,Nanyang Technological University--Peter Doherty Institute for Infection and Immunity,ALL,1,Nanyang Technological University,Nanyang Technological University,0.664988,0.515565,2,Nanyang Technological University,Peter Doherty Institute for Infection and Immunity,1,1
Nanyang Technological University--Peter Doherty Institute for Infection and Immunity#ALL,Nanyang Technological University--Peter Doherty Institute for Infection and Immunity,ALL,2,Peter Doherty Institute for Infection and Immunity,Peter Doherty Institute for Infection and Immunity,0.689984,0.23488,2,Nanyang Technological University,Peter Doherty Institute for Infection and Immunity,1,1
Peter Doherty Institute for Infection and Immunity--University of Melbourne#ALL,Peter Doherty Institute for Infection and Immunity--University of Melbourne,ALL,1,Peter Doherty Institute for Infection and Immunity,Peter Doherty Institute for Infection and Immunity,0.689984,0.23488,2,Peter Doherty Institute for Infection and Immunity,University of Melbourne,0,0
Peter Doherty Institute for Infection and Immunity--University of Melbourne#ALL,Peter Doherty Institute for Infection and Immunity--University of Melbourne,ALL,2,University of Melbourne,University of Melbourne,0.717864,0.499267,2,Peter Doherty Institute for Infection and Immunity,University of Melbourne,0,0
National Cancer Centre Singapore--National Centre for Infectious Diseases#ALL,National Cancer Centre Singapore--National Centre for Infectious Diseases,ALL,1,National Cancer Centre Singapore,National Cancer Centre Singapore,0.481842,0.196834,1,National Cancer Centre Singapore,National Centre for Infectious Diseases,0,1
National Cancer Centre Singapore--National Centre for Infectious Diseases#ALL,National Cancer Centre Singapore--National Centre for Infectious Diseases,ALL,2,National Centre for Infectious Diseases,National Centre for Infectious Diseases,0.63178,0.485666,1,National Cancer Centre Singapore,National Centre for Infectious Diseases,0,1
National University of Singapore--Temasek Life Sciences Laboratory#ALL,National University of Singapore--Temasek Life Sciences Laboratory,ALL,1,National University of Singapore,National University of Singapore,0.59751,0.507684,1,National University of Singapore,Temasek Life Sciences Laboratory,0,1
National University of Singapore--Temasek Life Sciences Laboratory#ALL,National University of Singapore--Temasek Life Sciences Laboratory,ALL,2,Temasek Life Sciences Laboratory,Temasek Life Sciences Laboratory,1.0,0.23735,1,National University of Singapore,Temasek Life Sciences Laboratory,0,1
Alexandra Hospital--National University Hospital#ALL,Alexandra Hospital--National University Hospital,ALL,1,Alexandra Hospital,Alexandra Hospital,0.348574,0.256501,3,Alexandra Hospital,National University Hospital,0,1
Alexandra Hospital--National University Hospital#ALL,Alexandra Hospital--National University Hospital,ALL,2,National University Hospital,National University Hospital,0.51926,0.342069,3,Alexandra Hospital,National University Hospital,0,1
London School of Hygiene & Tropical Medicine--Peter Doherty Institute for Infection and Immunity#ALL,London School of Hygiene & Tropical Medicine--Peter Doherty Institute for Infection and Immunity,ALL,1,London School of Hygiene & Tropical Medicine,London School of Hygiene & Tropical Medicine,0.690267,0.57095,1,London School of Hygiene & Tropical Medicine,Peter Doherty Institute for Infection and Immunity,1,0
London School of Hygiene & Tropical Medicine--Peter Doherty Institute for Infection and Immunity#ALL,London School of Hygiene & Tropical Medicine--Peter Doherty Institute for Infection and Immunity,ALL,2,Peter Doherty Institute for Infection and Immunity,Peter Doherty Institute for Infection and Immunity,0.689984,0.23488,1,London School of Hygiene & Tropical Medicine,Peter Doherty Institute for Infection and Immunity,1,0
London School of Hygiene & Tropical Medicine--Tan Tock Seng Hospital#ALL,London School of Hygiene & Tropical Medicine--Tan Tock Seng Hospital,ALL,1,London School of Hygiene & Tropical Medicine,London School of Hygiene & Tropical Medicine,0.690267,0.57095,1,London School of Hygiene & Tropical Medicine,Tan Tock Seng Hospital,1,1
London School of Hygiene & Tropical Medicine--Tan Tock Seng Hospital#ALL,London School of Hygiene & Tropical Medicine--Tan Tock Seng Hospital,ALL,2,Tan Tock Seng Hospital,Tan Tock Seng Hospital,0.54699,0.379399,1,London School of Hygiene & Tropical Medicine,Tan Tock Seng Hospital,1,1
National Centre for Infectious Diseases--Peter Doherty Institute for Infection and Immunity#ALL,National Centre for Infectious Diseases--Peter Doherty Institute for Infection and Immunity,ALL,1,National Centre for Infectious Diseases,National Centre for Infectious Diseases,0.63178,0.485666,1,National Centre for Infectious Diseases,Peter Doherty Institute for Infection and Immunity,1,1
National Centre for Infectious Diseases--Peter Doherty Institute for Infection and Immunity#ALL,National Centre for Infectious Diseases--Peter Doherty Institute for Infection and Immunity,ALL,2,Peter Doherty Institute for Infection and Immunity,Peter Doherty Institute for Infection and Immunity,0.689984,0.23488,1,National Centre for Infectious Diseases,Peter Doherty Institute for Infection and Immunity,1,1
National University of Singapore--Peter Doherty Institute for Infection and Immunity#ALL,National University of Singapore--Peter Doherty Institute for Infection and Immunity,ALL,1,National University of Singapore,National University of Singapore,0.59751,0.507684,1,National University of Singapore,Peter Doherty Institute for Infection and Immunity,1,1
National University of Singapore--Peter Doherty Institute for Infection and Immunity#ALL,National University of Singapore--Peter Doherty Institute for Infection and Immunity,ALL,2,Peter Doherty Institute for Infection and Immunity,Peter Doherty Institute for Infection and Immunity,0.689984,0.23488,1,National University of Singapore,Peter Doherty Institute for Infection and Immunity,1,1
Peter Doherty Institute for Infection and Immunity--Tan Tock Seng Hospital#ALL,Peter Doherty Institute for Infection and Immunity--Tan Tock Seng Hospital,ALL,1,Peter Doherty Institute for Infection and Immunity,Peter Doherty Institute for Infection and Immunity,0.689984,0.23488,1,Peter Doherty Institute for Infection and Immunity,Tan Tock Seng Hospital,1,1
Peter Doherty Institute for Infection and Immunity--Tan Tock Seng Hospital#ALL,Peter Doherty Institute for Infection and Immunity--Tan Tock Seng Hospital,ALL,2,Tan Tock Seng Hospital,Tan Tock Seng Hospital,0.54699,0.379399,1,Peter Doherty Institute for Infection and Immunity,Tan Tock Seng Hospital,1,1
Communicable Diseases Agency--Duke-NUS Medical School#ALL,Communicable Diseases Agency--Duke-NUS Medical School,ALL,1,Communicable Diseases Agency,Communicable Diseases Agency,0.485721,0.581763,1,Communicable Diseases Agency,Duke-NUS Medical School,0,1
Communicable Diseases Agency--Duke-NUS Medical School#ALL,Communicable Diseases Agency--Duke-NUS Medical School,ALL,2,Duke-NUS Medical School,Duke-NUS Medical School,0.465633,0.441401,1,Communicable Diseases Agency,Duke-NUS Medical School,0,1
Communicable Diseases Agency--Mahidol University#ALL,Communicable Diseases Agency--Mahidol University,ALL,1,Communicable Diseases Agency,Communicable Diseases Agency,0.485721,0.581763,1,Communicable Diseases Agency,Mahidol University,1,1
Communicable Diseases Agency--Mahidol University#ALL,Communicable Diseases Agency--Mahidol University,ALL,2,Mahidol University,Mahidol University,0.601502,0.392831,1,Communicable Diseases Agency,Mahidol University,1,1
Communicable Diseases Agency--University of Malaya#ALL,Communicable Diseases Agency--University of Malaya,ALL,1,Communicable Diseases Agency,Communicable Diseases Agency,0.485721,0.581763,1,Communicable Diseases Agency,University of Malaya,1,1
Communicable Diseases Agency--University of Malaya#ALL,Communicable Diseases Agency--University of Malaya,ALL,2,University of Malaya,University of Malaya,0.573788,0.583368,1,Communicable Diseases Agency,University of Malaya,1,1
Communicable Diseases Agency--University of Oxford#ALL,Communicable Diseases Agency--University of Oxford,ALL,1,Communicable Diseases Agency,Communicable Diseases Agency,0.485721,0.581763,1,Communicable Diseases Agency,University of Oxford,1,1
Communicable Diseases Agency--University of Oxford#ALL,Communicable Diseases Agency--University of Oxford,ALL,2,University of Oxford,University of Oxford,0.658401,0.434596,1,Communicable Diseases Agency,University of Oxford,1,1
Duke-NUS Medical School--National Centre for Infectious Diseases#ALL,Duke-NUS Medical School--National Centre for Infectious Diseases,ALL,1,Duke-NUS Medical School,Duke-NUS Medical School,0.465633,0.441401,1,Duke-NUS Medical School,National Centre for Infectious Diseases,0,1
Duke-NUS Medical School--National Centre for Infectious Diseases#ALL,Duke-NUS Medical School--National Centre for Infectious Diseases,ALL,2,National Centre for Infectious Diseases,National Centre for Infectious Diseases,0.63178,0.485666,1,Duke-NUS Medical School,National Centre for Infectious Diseases,0,1
Duke-NUS Medical School--University of Malaya#ALL,Duke-NUS Medical School--University of Malaya,ALL,1,Duke-NUS Medical School,Duke-NUS Medical School,0.465633,0.441401,1,Duke-NUS Medical School,University of Malaya,1,1
Duke-NUS Medical School--University of Malaya#ALL,Duke-NUS Medical School--University of Malaya,ALL,2,University of Malaya,University of Malaya,0.573788,0.583368,1,Duke-NUS Medical School,University of Malaya,1,1
National University Hospital--University of Malaya#ALL,National University Hospital--University of Malaya,ALL,1,National University Hospital,National University Hospital,0.51926,0.342069,2,National University Hospital,University of Malaya,1,1
National University Hospital--University of Malaya#ALL,National University Hospital--University of Malaya,ALL,2,University of Malaya,University of Malaya,0.573788,0.583368,2,National University Hospital,University of Malaya,1,1
Singapore General Hospital--University of Malaya#ALL,Singapore General Hospital--University of Malaya,ALL,1,Singapore General Hospital,Singapore General Hospital,0.475209,0.374832,1,Singapore General Hospital,University of Malaya,1,1
Singapore General Hospital--University of Malaya#ALL,Singapore General Hospital--University of Malaya,ALL,2,University of Malaya,University of Malaya,0.573788,0.583368,1,Singapore General Hospital,University of Malaya,1,1
Tan Tock Seng Hospital--University of Malaya#ALL,Tan Tock Seng Hospital--University of Malaya,ALL,1,Tan Tock Seng Hospital,Tan Tock Seng Hospital,0.54699,0.379399,1,Tan Tock Seng Hospital,University of Malaya,1,1
Tan Tock Seng Hospital--University of Malaya#ALL,Tan Tock Seng Hospital--University of Malaya,ALL,2,University of Malaya,University of Malaya,0.573788,0.583368,1,Tan Tock Seng Hospital,University of Malaya,1,1
Tan Tock Seng Hospital--University of Oxford#ALL,Tan Tock Seng Hospital--University of Oxford,ALL,1,Tan Tock Seng Hospital,Tan Tock Seng Hospital,0.54699,0.379399,1,Tan Tock Seng Hospital,University of Oxford,1,1
Tan Tock Seng Hospital--University of Oxford#ALL,Tan Tock Seng Hospital--University of Oxford,ALL,2,University of Oxford,University of Oxford,0.658401,0.434596,1,Tan Tock Seng Hospital,University of Oxford,1,1
University of Malaya--University of Oxford#ALL,University of Malaya--University of Oxford,ALL,1,University of Malaya,University of Malaya,0.573788,0.583368,1,University of Malaya,University of Oxford,1,0
University of Malaya--University of Oxford#ALL,University of Malaya--University of Oxford,ALL,2,University of Oxford,University of Oxford,0.658401,0.434596,1,University of Malaya,University of Oxford,1,0
Environmental Health Institute--National Environment Agency#ALL,Environmental Health Institute--National Environment Agency,ALL,1,Environmental Health Institute,Environmental Health Institute,0.603339,0.790288,1,Environmental Health Institute,National Environment Agency,0,1
Environmental Health Institute--National Environment Agency#ALL,Environmental Health Institute--National Environment Agency,ALL,2,National Environment Agency,National Environment Agency,0.727957,0.791093,1,Environmental Health Institute,National Environment Agency,0,1
US Centers for Disease Control and Prevention--World Health Organization#ALL,US Centers for Disease Control and Prevention--World Health Organization,ALL,1,US Centers for Disease Control and Prevention,US Centers for Disease Control and Prevention,0.889454,0.787793,1,US Centers for Disease Control and Prevention,World Health Organization,1,0
US Centers for Disease Control and Prevention--World Health Organization#ALL,US Centers for Disease Control and Prevention--World Health Organization,ALL,2,World Health Organization,World Health Organization,0.823585,0.550849,1,US Centers for Disease Control and Prevention,World Health Organization,1,0
Harvard University--Nanyang Technological University#ALL,Harvard University--Nanyang Technological University,ALL,1,Harvard University,Harvard University,0.690017,0.63864,1,Harvard University,Nanyang Technological University,1,1
Harvard University--Nanyang Technological University#ALL,Harvard University--Nanyang Technological University,ALL,2,Nanyang Technological University,Nanyang Technological University,0.664988,0.515565,1,Harvard University,Nanyang Technological University,1,1
Harvard University--Tan Tock Seng Hospital#ALL,Harvard University--Tan Tock Seng Hospital,ALL,1,Harvard University,Harvard University,0.690017,0.63864,1,Harvard University,Tan Tock Seng Hospital,1,1
Harvard University--Tan Tock Seng Hospital#ALL,Harvard University--Tan Tock Seng Hospital,ALL,2,Tan Tock Seng Hospital,Tan Tock Seng Hospital,0.54699,0.379399,1,Harvard University,Tan Tock Seng Hospital,1,1
Harvard University--Universitas Indonesia#ALL,Harvard University--Universitas Indonesia,ALL,1,Harvard University,Harvard University,0.690017,0.63864,1,Harvard University,Universitas Indonesia,1,0
Harvard University--Universitas Indonesia#ALL,Harvard University--Universitas Indonesia,ALL,2,Universitas Indonesia,Universitas Indonesia,0.62933,0.345326,1,Harvard University,Universitas Indonesia,1,0
Duke-NUS Medical School--Ng Teng Fong General Hospital#ALL,Duke-NUS Medical School--Ng Teng Fong General Hospital,ALL,1,Duke-NUS Medical School,Duke-NUS Medical School,0.465633,0.441401,1,Duke-NUS Medical School,Ng Teng Fong General Hospital,0,1
Duke-NUS Medical School--Ng Teng Fong General Hospital#ALL,Duke-NUS Medical School--Ng Teng Fong General Hospital,ALL,2,Ng Teng Fong General Hospital,Ng Teng Fong General Hospital,0.0,0.431981,1,Duke-NUS Medical School,Ng Teng Fong General Hospital,0,1
Environmental Health Institute--University of Melbourne#ALL,Environmental Health Institute--University of Melbourne,ALL,1,Environmental Health Institute,Environmental Health Institute,0.603339,0.790288,1,Environmental Health Institute,University of Melbourne,1,1
Environmental Health Institute--University of Melbourne#ALL,Environmental Health Institute--University of Melbourne,ALL,2,University of Melbourne,University of Melbourne,0.717864,0.499267,1,Environmental Health Institute,University of Melbourne,1,1
Alexandra Hospital--Sengkang General Hospital#ALL,Alexandra Hospital--Sengkang General Hospital,ALL,1,Alexandra Hospital,Alexandra Hospital,0.348574,0.256501,1,Alexandra Hospital,Sengkang General Hospital,0,1
Alexandra Hospital--Sengkang General Hospital#ALL,Alexandra Hospital--Sengkang General Hospital,ALL,2,Sengkang General Hospital,Sengkang General Hospital,0.288901,0.349634,1,Alexandra Hospital,Sengkang General Hospital,0,1
Alexandra Hospital--Singapore General Hospital#ALL,Alexandra Hospital--Singapore General Hospital,ALL,1,Alexandra Hospital,Alexandra Hospital,0.348574,0.256501,1,Alexandra Hospital,Singapore General Hospital,0,1
Alexandra Hospital--Singapore General Hospital#ALL,Alexandra Hospital--Singapore General Hospital,ALL,2,Singapore General Hospital,Singapore General Hospital,0.475209,0.374832,1,Alexandra Hospital,Singapore General Hospital,0,1
National University Hospital--Sengkang General Hospital#ALL,National University Hospital--Sengkang General Hospital,ALL,1,National University Hospital,National University Hospital,0.51926,0.342069,1,National University Hospital,Sengkang General Hospital,0,1
National University Hospital--Sengkang General Hospital#ALL,National University Hospital--Sengkang General Hospital,ALL,2,Sengkang General Hospital,Sengkang General Hospital,0.288901,0.349634,1,National University Hospital,Sengkang General Hospital,0,1
National University of Singapore--Sengkang General Hospital#ALL,National University of Singapore--Sengkang General Hospital,ALL,1,National University of Singapore,National University of Singapore,0.59751,0.507684,1,National University of Singapore,Sengkang General Hospital,0,1
National University of Singapore--Sengkang General Hospital#ALL,National University of Singapore--Sengkang General Hospital,ALL,2,Sengkang General Hospital,Sengkang General Hospital,0.288901,0.349634,1,National University of Singapore,Sengkang General Hospital,0,1
Sengkang General Hospital--Tan Tock Seng Hospital#ALL,Sengkang General Hospital--Tan Tock Seng Hospital,ALL,1,Sengkang General Hospital,Sengkang General Hospital,0.288901,0.349634,1,Sengkang General Hospital,Tan Tock Seng Hospital,0,1
Sengkang General Hospital--Tan Tock Seng Hospital#ALL,Sengkang General Hospital--Tan Tock Seng Hospital,ALL,2,Tan Tock Seng Hospital,Tan Tock Seng Hospital,0.54699,0.379399,1,Sengkang General Hospital,Tan Tock Seng Hospital,0,1
Johns Hopkins University--National University Hospital#ALL,Johns Hopkins University--National University Hospital,ALL,1,Johns Hopkins University,Johns Hopkins University,0.616645,0.578135,1,Johns Hopkins University,National University Hospital,1,1
Johns Hopkins University--National University Hospital#ALL,Johns Hopkins University--National University Hospital,ALL,2,National University Hospital,National University Hospital,0.51926,0.342069,1,Johns Hopkins University,National University Hospital,1,1
Harvard University--Imperial College London#ALL,Harvard University--Imperial College London,ALL,1,Harvard University,Harvard University,0.690017,0.63864,1,Harvard University,Imperial College London,1,0
Harvard University--Imperial College London#ALL,Harvard University--Imperial College London,ALL,2,Imperial College London,Imperial College London,0.855768,0.625981,1,Harvard University,Imperial College London,1,0
Harvard University--University of Melbourne#ALL,Harvard University--University of Melbourne,ALL,1,Harvard University,Harvard University,0.690017,0.63864,1,Harvard University,University of Melbourne,1,0
Harvard University--University of Melbourne#ALL,Harvard University--University of Melbourne,ALL,2,University of Melbourne,University of Melbourne,0.717864,0.499267,1,Harvard University,University of Melbourne,1,0
Imperial College London--University of Melbourne#ALL,Imperial College London--University of Melbourne,ALL,1,Imperial College London,Imperial College London,0.855768,0.625981,1,Imperial College London,University of Melbourne,1,0
Imperial College London--University of Melbourne#ALL,Imperial College London--University of Melbourne,ALL,2,University of Melbourne,University of Melbourne,0.717864,0.499267,1,Imperial College London,University of Melbourne,1,0
University of Melbourne--World Health Organization#ALL,University of Melbourne--World Health Organization,ALL,1,University of Melbourne,University of Melbourne,0.717864,0.499267,1,University of Melbourne,World Health Organization,1,0
University of Melbourne--World Health Organization#ALL,University of Melbourne--World Health Organization,ALL,2,World Health Organization,World Health Organization,0.823585,0.550849,1,University of Melbourne,World Health Organization,1,0
Changi General Hospital--KK Women's and Children's Hospital#ALL,Changi General Hospital--KK Women's and Children's Hospital,ALL,1,Changi General Hospital,Changi General Hospital,0.384499,0.459909,2,Changi General Hospital,KK Women's and Children's Hospital,0,1
Changi General Hospital--KK Women's and Children's Hospital#ALL,Changi General Hospital--KK Women's and Children's Hospital,ALL,2,KK Women's and Children's Hospital,KK Women's and Children's Hospital,0.460123,0.505295,2,Changi General Hospital,KK Women's and Children's Hospital,0,1
Changi General Hospital--Nanyang Technological University#ALL,Changi General Hospital--Nanyang Technological University,ALL,1,Changi General Hospital,Changi General Hospital,0.384499,0.459909,1,Changi General Hospital,Nanyang Technological University,0,1
Changi General Hospital--Nanyang Technological University#ALL,Changi General Hospital--Nanyang Technological University,ALL,2,Nanyang Technological University,Nanyang Technological University,0.664988,0.515565,1,Changi General Hospital,Nanyang Technological University,0,1
Changi General Hospital--Singapore Food Agency#ALL,Changi General Hospital--Singapore Food Agency,ALL,1,Changi General Hospital,Changi General Hospital,0.384499,0.459909,1,Changi General Hospital,Singapore Food Agency,0,1
Changi General Hospital--Singapore Food Agency#ALL,Changi General Hospital--Singapore Food Agency,ALL,2,Singapore Food Agency,Singapore Food Agency,0.37064,0.381025,1,Changi General Hospital,Singapore Food Agency,0,1
KK Women's and Children's Hospital--Singapore Food Agency#ALL,KK Women's and Children's Hospital--Singapore Food Agency,ALL,1,KK Women's and Children's Hospital,KK Women's and Children's Hospital,0.460123,0.505295,1,KK Women's and Children's Hospital,Singapore Food Agency,0,1
KK Women's and Children's Hospital--Singapore Food Agency#ALL,KK Women's and Children's Hospital--Singapore Food Agency,ALL,2,Singapore Food Agency,Singapore Food Agency,0.37064,0.381025,1,KK Women's and Children's Hospital,Singapore Food Agency,0,1
Nanyang Technological University--Singapore Food Agency#ALL,Nanyang Technological University--Singapore Food Agency,ALL,1,Nanyang Technological University,Nanyang Technological University,0.664988,0.515565,1,Nanyang Technological University,Singapore Food Agency,0,1
Nanyang Technological University--Singapore Food Agency#ALL,Nanyang Technological University--Singapore Food Agency,ALL,2,Singapore Food Agency,Singapore Food Agency,0.37064,0.381025,1,Nanyang Technological University,Singapore Food Agency,0,1
National University Hospital--Singapore Food Agency#ALL,National University Hospital--Singapore Food Agency,ALL,1,National University Hospital,National University Hospital,0.51926,0.342069,1,National University Hospital,Singapore Food Agency,0,1
National University Hospital--Singapore Food Agency#ALL,National University Hospital--Singapore Food Agency,ALL,2,Singapore Food Agency,Singapore Food Agency,0.37064,0.381025,1,National University Hospital,Singapore Food Agency,0,1
Singapore Food Agency--Singapore General Hospital#ALL,Singapore Food Agency--Singapore General Hospital,ALL,1,Singapore Food Agency,Singapore Food Agency,0.37064,0.381025,1,Singapore Food Agency,Singapore General Hospital,0,1
Singapore Food Agency--Singapore General Hospital#ALL,Singapore Food Agency--Singapore General Hospital,ALL,2,Singapore General Hospital,Singapore General Hospital,0.475209,0.374832,1,Singapore Food Agency,Singapore General Hospital,0,1
University of Hong Kong--University of Malaya#ALL,University of Hong Kong--University of Malaya,ALL,1,University of Hong Kong,University of Hong Kong,0.711454,0.426862,1,University of Hong Kong,University of Malaya,1,0
University of Hong Kong--University of Malaya#ALL,University of Hong Kong--University of Malaya,ALL,2,University of Malaya,University of Malaya,0.573788,0.583368,1,University of Hong Kong,University of Malaya,1,0
London School of Hygiene & Tropical Medicine--National Environment Agency#ALL,London School of Hygiene & Tropical Medicine--National Environment Agency,ALL,1,London School of Hygiene & Tropical Medicine,London School of Hygiene & Tropical Medicine,0.690267,0.57095,1,London School of Hygiene & Tropical Medicine,National Environment Agency,1,1
London School of Hygiene & Tropical Medicine--National Environment Agency#ALL,London School of Hygiene & Tropical Medicine--National Environment Agency,ALL,2,National Environment Agency,National Environment Agency,0.727957,0.791093,1,London School of Hygiene & Tropical Medicine,National Environment Agency,1,1
National Environment Agency--University of Cambridge#ALL,National Environment Agency--University of Cambridge,ALL,1,National Environment Agency,National Environment Agency,0.727957,0.791093,1,National Environment Agency,University of Cambridge,1,1
National Environment Agency--University of Cambridge#ALL,National Environment Agency--University of Cambridge,ALL,2,University of Cambridge,University of Cambridge,0.795279,0.581232,1,National Environment Agency,University of Cambridge,1,1
A*STAR Infectious Diseases Labs--National Centre for Infectious Diseases#ALL,A*STAR Infectious Diseases Labs--National Centre for Infectious Diseases,ALL,1,A*STAR Infectious Diseases Labs,A*STAR Infectious Diseases Labs,0.805549,0.407654,1,A*STAR Infectious Diseases Labs,National Centre for Infectious Diseases,0,1
A*STAR Infectious Diseases Labs--National Centre for Infectious Diseases#ALL,A*STAR Infectious Diseases Labs--National Centre for Infectious Diseases,ALL,2,National Centre for Infectious Diseases,National Centre for Infectious Diseases,0.63178,0.485666,1,A*STAR Infectious Diseases Labs,National Centre for Infectious Diseases,0,1
Changi General Hospital--SingHealth#ALL,Changi General Hospital--SingHealth,ALL,1,Changi General Hospital,Changi General Hospital,0.384499,0.459909,1,Changi General Hospital,SingHealth,0,1
Changi General Hospital--SingHealth#ALL,Changi General Hospital--SingHealth,ALL,2,SingHealth,SingHealth,0.566166,0.304445,1,Changi General Hospital,SingHealth,0,1
KK Women's and Children's Hospital--SingHealth#ALL,KK Women's and Children's Hospital--SingHealth,ALL,1,KK Women's and Children's Hospital,KK Women's and Children's Hospital,0.460123,0.505295,1,KK Women's and Children's Hospital,SingHealth,0,1
KK Women's and Children's Hospital--SingHealth#ALL,KK Women's and Children's Hospital--SingHealth,ALL,2,SingHealth,SingHealth,0.566166,0.304445,1,KK Women's and Children's Hospital,SingHealth,0,1
National University Hospital--SingHealth#ALL,National University Hospital--SingHealth,ALL,1,National University Hospital,National University Hospital,0.51926,0.342069,1,National University Hospital,SingHealth,0,1
National University Hospital--SingHealth#ALL,National University Hospital--SingHealth,ALL,2,SingHealth,SingHealth,0.566166,0.304445,1,National University Hospital,SingHealth,0,1
National Environment Agency--University of Melbourne#ALL,National Environment Agency--University of Melbourne,ALL,1,National Environment Agency,National Environment Agency,0.727957,0.791093,1,National Environment Agency,University of Melbourne,1,1
National Environment Agency--University of Melbourne#ALL,National Environment Agency--University of Melbourne,ALL,2,University of Melbourne,University of Melbourne,0.717864,0.499267,1,National Environment Agency,University of Melbourne,1,1
National Skin Centre--SingHealth#ALL,National Skin Centre--SingHealth,ALL,1,National Skin Centre,National Skin Centre,0.569459,0.179669,1,National Skin Centre,SingHealth,0,1
National Skin Centre--SingHealth#ALL,National Skin Centre--SingHealth,ALL,2,SingHealth,SingHealth,0.566166,0.304445,1,National Skin Centre,SingHealth,0,1
National Skin Centre--Singapore Immunology Network#ALL,National Skin Centre--Singapore Immunology Network,ALL,1,National Skin Centre,National Skin Centre,0.569459,0.179669,1,National Skin Centre,Singapore Immunology Network,0,1
National Skin Centre--Singapore Immunology Network#ALL,National Skin Centre--Singapore Immunology Network,ALL,2,Singapore Immunology Network,Singapore Immunology Network,0.726572,0.281452,1,National Skin Centre,Singapore Immunology Network,0,1
GlaxoSmithKline--London School of Hygiene & Tropical Medicine#ALL,GlaxoSmithKline--London School of Hygiene & Tropical Medicine,ALL,1,GlaxoSmithKline,GlaxoSmithKline,0.585836,0.900267,1,GlaxoSmithKline,London School of Hygiene & Tropical Medicine,0,0
GlaxoSmithKline--London School of Hygiene & Tropical Medicine#ALL,GlaxoSmithKline--London School of Hygiene & Tropical Medicine,ALL,2,London School of Hygiene & Tropical Medicine,London School of Hygiene & Tropical Medicine,0.690267,0.57095,1,GlaxoSmithKline,London School of Hygiene & Tropical Medicine,0,0
GlaxoSmithKline--National University of Singapore#ALL,GlaxoSmithKline--National University of Singapore,ALL,1,GlaxoSmithKline,GlaxoSmithKline,0.585836,0.900267,1,GlaxoSmithKline,National University of Singapore,1,1
GlaxoSmithKline--National University of Singapore#ALL,GlaxoSmithKline--National University of Singapore,ALL,2,National University of Singapore,National University of Singapore,0.59751,0.507684,1,GlaxoSmithKline,National University of Singapore,1,1
GlaxoSmithKline--University of Malaya#ALL,GlaxoSmithKline--University of Malaya,ALL,1,GlaxoSmithKline,GlaxoSmithKline,0.585836,0.900267,1,GlaxoSmithKline,University of Malaya,1,0
GlaxoSmithKline--University of Malaya#ALL,GlaxoSmithKline--University of Malaya,ALL,2,University of Malaya,University of Malaya,0.573788,0.583368,1,GlaxoSmithKline,University of Malaya,1,0
London School of Hygiene & Tropical Medicine--University of Malaya#ALL,London School of Hygiene & Tropical Medicine--University of Malaya,ALL,1,London School of Hygiene & Tropical Medicine,London School of Hygiene & Tropical Medicine,0.690267,0.57095,1,London School of Hygiene & Tropical Medicine,University of Malaya,1,0
London School of Hygiene & Tropical Medicine--University of Malaya#ALL,London School of Hygiene & Tropical Medicine--University of Malaya,ALL,2,University of Malaya,University of Malaya,0.573788,0.583368,1,London School of Hygiene & Tropical Medicine,University of Malaya,1,0
