edge_id,pair_id,domain,path_order,node_id,label,x,y,weight,source,target,is_cross_border,involves_singapore
Singapore--United States#tb,Singapore--United States,tb,1,Singapore,Singapore,0.429978,0.539306,35,Singapore,United States,1,1
Singapore--United States#tb,Singapore--United States,tb,2,United States,United States,0.440022,0.576858,35,Singapore,United States,1,1
Singapore--United Kingdom#tb,Singapore--United Kingdom,tb,1,Singapore,Singapore,0.429978,0.539306,27,Singapore,United Kingdom,1,1
Singapore--United Kingdom#tb,Singapore--United Kingdom,tb,2,United Kingdom,United Kingdom,0.355643,0.570016,27,Singapore,United Kingdom,1,1
United Kingdom--United States#tb,United Kingdom--United States,tb,1,United Kingdom,United Kingdom,0.355643,0.570016,21,United Kingdom,United States,1,0
United Kingdom--United States#tb,United Kingdom--United States,tb,2,United States,United States,0.440022,0.576858,21,United Kingdom,United States,1,0
Singapore--United Kingdom#amr_hai,Singapore--United Kingdom,amr_hai,1,Singapore,Singapore,0.429978,0.539306,19,Singapore,United Kingdom,1,1
Singapore--United Kingdom#amr_hai,Singapore--United Kingdom,amr_hai,2,United Kingdom,United Kingdom,0.355643,0.570016,19,Singapore,United Kingdom,1,1
Australia--Singapore#amr_hai,Australia--Singapore,amr_hai,1,Australia,Australia,0.390756,0.648197,17,Australia,Singapore,1,1
Australia--Singapore#amr_hai,Australia--Singapore,amr_hai,2,Singapore,Singapore,0.429978,0.539306,17,Australia,Singapore,1,1
Singapore--United States#sti,Singapore--United States,sti,1,Singapore,Singapore,0.429978,0.539306,17,Singapore,United States,1,1
Singapore--United States#sti,Singapore--United States,sti,2,United States,United States,0.440022,0.576858,17,Singapore,United States,1,1
France--Singapore#tb,France--Singapore,tb,1,France,France,0.37365,0.542016,14,France,Singapore,1,1
France--Singapore#tb,France--Singapore,tb,2,Singapore,Singapore,0.429978,0.539306,14,France,Singapore,1,1
France--United Kingdom#tb,France--United Kingdom,tb,1,France,France,0.37365,0.542016,14,France,United Kingdom,1,0
France--United Kingdom#tb,France--United Kingdom,tb,2,United Kingdom,United Kingdom,0.355643,0.570016,14,France,United Kingdom,1,0
France--United States#tb,France--United States,tb,1,France,France,0.37365,0.542016,14,France,United States,1,0
France--United States#tb,France--United States,tb,2,United States,United States,0.440022,0.576858,14,France,United States,1,0
Singapore--United States#vector_borne,Singapore--United States,vector_borne,1,Singapore,Singapore,0.429978,0.539306,14,Singapore,United States,1,1
Singapore--United States#vector_borne,Singapore--United States,vector_borne,2,United States,United States,0.440022,0.576858,14,Singapore,United States,1,1
Singapore--United States#rti,Singapore--United States,rti,1,Singapore,Singapore,0.429978,0.539306,14,Singapore,United States,1,1
Singapore--United States#rti,Singapore--United States,rti,2,United States,United States,0.440022,0.576858,14,Singapore,United States,1,1
Singapore--United Kingdom#rti,Singapore--United Kingdom,rti,1,Singapore,Singapore,0.429978,0.539306,14,Singapore,United Kingdom,1,1
Singapore--United Kingdom#rti,Singapore--United Kingdom,rti,2,United Kingdom,United Kingdom,0.355643,0.570016,14,Singapore,United Kingdom,1,1
Singapore--United Kingdom#vector_borne,Singapore--United Kingdom,vector_borne,1,Singapore,Singapore,0.429978,0.539306,13,Singapore,United Kingdom,1,1
Singapore--United Kingdom#vector_borne,Singapore--United Kingdom,vector_borne,2,United Kingdom,United Kingdom,0.355643,0.570016,13,Singapore,United Kingdom,1,1
China--Singapore#amr_hai,China--Singapore,amr_hai,1,China,China,0.331977,0.597918,13,China,Singapore,1,1
China--Singapore#amr_hai,China--Singapore,amr_hai,2,Singapore,Singapore,0.429978,0.539306,13,China,Singapore,1,1
Singapore--Switzerland#tb,Singapore--Switzerland,tb,1,Singapore,Singapore,0.429978,0.539306,13,Singapore,Switzerland,1,1
Singapore--Switzerland#tb,Singapore--Switzerland,tb,2,Switzerland,Switzerland,0.407049,0.531378,13,Singapore,Switzerland,1,1
Australia--Singapore#vector_borne,Australia--Singapore,vector_borne,1,Australia,Australia,0.390756,0.648197,12,Australia,Singapore,1,1
Australia--Singapore#vector_borne,Australia--Singapore,vector_borne,2,Singapore,Singapore,0.429978,0.539306,12,Australia,Singapore,1,1
Australia--Singapore#tb,Australia--Singapore,tb,1,Australia,Australia,0.390756,0.648197,12,Australia,Singapore,1,1
Australia--Singapore#tb,Australia--Singapore,tb,2,Singapore,Singapore,0.429978,0.539306,12,Australia,Singapore,1,1
China--Singapore#sti,China--Singapore,sti,1,China,China,0.331977,0.597918,12,China,Singapore,1,1
China--Singapore#sti,China--Singapore,sti,2,Singapore,Singapore,0.429978,0.539306,12,China,Singapore,1,1
Singapore--South Africa#tb,Singapore--South Africa,tb,1,Singapore,Singapore,0.429978,0.539306,12,Singapore,South Africa,1,1
Singapore--South Africa#tb,Singapore--South Africa,tb,2,South Africa,South Africa,0.354082,0.657729,12,Singapore,South Africa,1,1
Singapore--United Kingdom#sti,Singapore--United Kingdom,sti,1,Singapore,Singapore,0.429978,0.539306,12,Singapore,United Kingdom,1,1
Singapore--United Kingdom#sti,Singapore--United Kingdom,sti,2,United Kingdom,United Kingdom,0.355643,0.570016,12,Singapore,United Kingdom,1,1
China--Singapore#rti,China--Singapore,rti,1,China,China,0.331977,0.597918,11,China,Singapore,1,1
China--Singapore#rti,China--Singapore,rti,2,Singapore,Singapore,0.429978,0.539306,11,China,Singapore,1,1
South Africa--United States#tb,South Africa--United States,tb,1,South Africa,South Africa,0.354082,0.657729,11,South Africa,United States,1,0
South Africa--United States#tb,South Africa--United States,tb,2,United States,United States,0.440022,0.576858,11,South Africa,United States,1,0
Singapore--United States#amr_hai,Singapore--United States,amr_hai,1,Singapore,Singapore,0.429978,0.539306,11,Singapore,United States,1,1
Singapore--United States#amr_hai,Singapore--United States,amr_hai,2,United States,United States,0.440022,0.576858,11,Singapore,United States,1,1
India--Singapore#tb,India--Singapore,tb,1,India,India,0.397173,0.572838,11,India,Singapore,1,1
India--Singapore#tb,India--Singapore,tb,2,Singapore,Singapore,0.429978,0.539306,11,India,Singapore,1,1
Pakistan--Singapore#tb,Pakistan--Singapore,tb,1,Pakistan,Pakistan,0.35634,0.418637,11,Pakistan,Singapore,1,1
Pakistan--Singapore#tb,Pakistan--Singapore,tb,2,Singapore,Singapore,0.429978,0.539306,11,Pakistan,Singapore,1,1
Canada--Singapore#tb,Canada--Singapore,tb,1,Canada,Canada,0.429902,0.670838,10,Canada,Singapore,1,1
Canada--Singapore#tb,Canada--Singapore,tb,2,Singapore,Singapore,0.429978,0.539306,10,Canada,Singapore,1,1
Switzerland--United States#tb,Switzerland--United States,tb,1,Switzerland,Switzerland,0.407049,0.531378,10,Switzerland,United States,1,0
Switzerland--United States#tb,Switzerland--United States,tb,2,United States,United States,0.440022,0.576858,10,Switzerland,United States,1,0
Indonesia--Singapore#tb,Indonesia--Singapore,tb,1,Indonesia,Indonesia,0.369414,0.492144,10,Indonesia,Singapore,1,1
Indonesia--Singapore#tb,Indonesia--Singapore,tb,2,Singapore,Singapore,0.429978,0.539306,10,Indonesia,Singapore,1,1
South Africa--United Kingdom#tb,South Africa--United Kingdom,tb,1,South Africa,South Africa,0.354082,0.657729,10,South Africa,United Kingdom,1,0
South Africa--United Kingdom#tb,South Africa--United Kingdom,tb,2,United Kingdom,United Kingdom,0.355643,0.570016,10,South Africa,United Kingdom,1,0
Malaysia--Singapore#vector_borne,Malaysia--Singapore,vector_borne,1,Malaysia,Malaysia,0.277414,0.425437,9,Malaysia,Singapore,1,1
Malaysia--Singapore#vector_borne,Malaysia--Singapore,vector_borne,2,Singapore,Singapore,0.429978,0.539306,9,Malaysia,Singapore,1,1
Singapore--Switzerland#vector_borne,Singapore--Switzerland,vector_borne,1,Singapore,Singapore,0.429978,0.539306,9,Singapore,Switzerland,1,1
Singapore--Switzerland#vector_borne,Singapore--Switzerland,vector_borne,2,Switzerland,Switzerland,0.407049,0.531378,9,Singapore,Switzerland,1,1
China--Singapore#vector_borne,China--Singapore,vector_borne,1,China,China,0.331977,0.597918,9,China,Singapore,1,1
China--Singapore#vector_borne,China--Singapore,vector_borne,2,Singapore,Singapore,0.429978,0.539306,9,China,Singapore,1,1
Singapore--Thailand#amr_hai,Singapore--Thailand,amr_hai,1,Singapore,Singapore,0.429978,0.539306,9,Singapore,Thailand,1,1
Singapore--Thailand#amr_hai,Singapore--Thailand,amr_hai,2,Thailand,Thailand,0.336992,0.46232,9,Singapore,Thailand,1,1
Ethiopia--Singapore#tb,Ethiopia--Singapore,tb,1,Ethiopia,Ethiopia,0.413066,0.448775,9,Ethiopia,Singapore,1,1
Ethiopia--Singapore#tb,Ethiopia--Singapore,tb,2,Singapore,Singapore,0.429978,0.539306,9,Ethiopia,Singapore,1,1
Ethiopia--United States#tb,Ethiopia--United States,tb,1,Ethiopia,Ethiopia,0.413066,0.448775,9,Ethiopia,United States,1,0
Ethiopia--United States#tb,Ethiopia--United States,tb,2,United States,United States,0.440022,0.576858,9,Ethiopia,United States,1,0
France--Pakistan#tb,France--Pakistan,tb,1,France,France,0.37365,0.542016,9,France,Pakistan,1,0
France--Pakistan#tb,France--Pakistan,tb,2,Pakistan,Pakistan,0.35634,0.418637,9,France,Pakistan,1,0
Pakistan--United Kingdom#tb,Pakistan--United Kingdom,tb,1,Pakistan,Pakistan,0.35634,0.418637,9,Pakistan,United Kingdom,1,0
Pakistan--United Kingdom#tb,Pakistan--United Kingdom,tb,2,United Kingdom,United Kingdom,0.355643,0.570016,9,Pakistan,United Kingdom,1,0
Pakistan--United States#tb,Pakistan--United States,tb,1,Pakistan,Pakistan,0.35634,0.418637,9,Pakistan,United States,1,0
Pakistan--United States#tb,Pakistan--United States,tb,2,United States,United States,0.440022,0.576858,9,Pakistan,United States,1,0
France--South Africa#tb,France--South Africa,tb,1,France,France,0.37365,0.542016,9,France,South Africa,1,0
France--South Africa#tb,France--South Africa,tb,2,South Africa,South Africa,0.354082,0.657729,9,France,South Africa,1,0
Australia--United States#tb,Australia--United States,tb,1,Australia,Australia,0.390756,0.648197,8,Australia,United States,1,0
Australia--United States#tb,Australia--United States,tb,2,United States,United States,0.440022,0.576858,8,Australia,United States,1,0
Canada--United Kingdom#tb,Canada--United Kingdom,tb,1,Canada,Canada,0.429902,0.670838,8,Canada,United Kingdom,1,0
Canada--United Kingdom#tb,Canada--United Kingdom,tb,2,United Kingdom,United Kingdom,0.355643,0.570016,8,Canada,United Kingdom,1,0
Australia--United Kingdom#amr_hai,Australia--United Kingdom,amr_hai,1,Australia,Australia,0.390756,0.648197,8,Australia,United Kingdom,1,0
Australia--United Kingdom#amr_hai,Australia--United Kingdom,amr_hai,2,United Kingdom,United Kingdom,0.355643,0.570016,8,Australia,United Kingdom,1,0
India--Singapore#amr_hai,India--Singapore,amr_hai,1,India,India,0.397173,0.572838,8,India,Singapore,1,1
India--Singapore#amr_hai,India--Singapore,amr_hai,2,Singapore,Singapore,0.429978,0.539306,8,India,Singapore,1,1
China--Singapore#tb,China--Singapore,tb,1,China,China,0.331977,0.597918,8,China,Singapore,1,1
China--Singapore#tb,China--Singapore,tb,2,Singapore,Singapore,0.429978,0.539306,8,China,Singapore,1,1
Ethiopia--France#tb,Ethiopia--France,tb,1,Ethiopia,Ethiopia,0.413066,0.448775,8,Ethiopia,France,1,0
Ethiopia--France#tb,Ethiopia--France,tb,2,France,France,0.37365,0.542016,8,Ethiopia,France,1,0
Ethiopia--United Kingdom#tb,Ethiopia--United Kingdom,tb,1,Ethiopia,Ethiopia,0.413066,0.448775,8,Ethiopia,United Kingdom,1,0
Ethiopia--United Kingdom#tb,Ethiopia--United Kingdom,tb,2,United Kingdom,United Kingdom,0.355643,0.570016,8,Ethiopia,United Kingdom,1,0
Indonesia--United Kingdom#tb,Indonesia--United Kingdom,tb,1,Indonesia,Indonesia,0.369414,0.492144,8,Indonesia,United Kingdom,1,0
Indonesia--United Kingdom#tb,Indonesia--United Kingdom,tb,2,United Kingdom,United Kingdom,0.355643,0.570016,8,Indonesia,United Kingdom,1,0
Indonesia--United States#tb,Indonesia--United States,tb,1,Indonesia,Indonesia,0.369414,0.492144,8,Indonesia,United States,1,0
Indonesia--United States#tb,Indonesia--United States,tb,2,United States,United States,0.440022,0.576858,8,Indonesia,United States,1,0
Philippines--Singapore#tb,Philippines--Singapore,tb,1,Philippines,Philippines,0.403578,0.405159,8,Philippines,Singapore,1,1
Philippines--Singapore#tb,Philippines--Singapore,tb,2,Singapore,Singapore,0.429978,0.539306,8,Philippines,Singapore,1,1
Singapore--Viet Nam#tb,Singapore--Viet Nam,tb,1,Singapore,Singapore,0.429978,0.539306,8,Singapore,Viet Nam,1,1
Singapore--Viet Nam#tb,Singapore--Viet Nam,tb,2,Viet Nam,Viet Nam,0.306341,0.520662,8,Singapore,Viet Nam,1,1
Singapore--Thailand#vector_borne,Singapore--Thailand,vector_borne,1,Singapore,Singapore,0.429978,0.539306,7,Singapore,Thailand,1,1
Singapore--Thailand#vector_borne,Singapore--Thailand,vector_borne,2,Thailand,Thailand,0.336992,0.46232,7,Singapore,Thailand,1,1
Canada--United States#tb,Canada--United States,tb,1,Canada,Canada,0.429902,0.670838,7,Canada,United States,1,0
Canada--United States#tb,Canada--United States,tb,2,United States,United States,0.440022,0.576858,7,Canada,United States,1,0
Netherlands--Singapore#tb,Netherlands--Singapore,tb,1,Netherlands,Netherlands,0.442831,0.641991,7,Netherlands,Singapore,1,1
Netherlands--Singapore#tb,Netherlands--Singapore,tb,2,Singapore,Singapore,0.429978,0.539306,7,Netherlands,Singapore,1,1
Italy--Singapore#tb,Italy--Singapore,tb,1,Italy,Italy,0.491029,0.507028,7,Italy,Singapore,1,1
Italy--Singapore#tb,Italy--Singapore,tb,2,Singapore,Singapore,0.429978,0.539306,7,Italy,Singapore,1,1
Japan--Singapore#sti,Japan--Singapore,sti,1,Japan,Japan,0.302497,0.608095,7,Japan,Singapore,1,1
Japan--Singapore#sti,Japan--Singapore,sti,2,Singapore,Singapore,0.429978,0.539306,7,Japan,Singapore,1,1
Thailand--United Kingdom#amr_hai,Thailand--United Kingdom,amr_hai,1,Thailand,Thailand,0.336992,0.46232,7,Thailand,United Kingdom,1,0
Thailand--United Kingdom#amr_hai,Thailand--United Kingdom,amr_hai,2,United Kingdom,United Kingdom,0.355643,0.570016,7,Thailand,United Kingdom,1,0
China--Singapore#other_id,China--Singapore,other_id,1,China,China,0.331977,0.597918,7,China,Singapore,1,1
China--Singapore#other_id,China--Singapore,other_id,2,Singapore,Singapore,0.429978,0.539306,7,China,Singapore,1,1
Singapore--United States#other_id,Singapore--United States,other_id,1,Singapore,Singapore,0.429978,0.539306,7,Singapore,United States,1,1
Singapore--United States#other_id,Singapore--United States,other_id,2,United States,United States,0.440022,0.576858,7,Singapore,United States,1,1
China--United States#sti,China--United States,sti,1,China,China,0.331977,0.597918,7,China,United States,1,0
China--United States#sti,China--United States,sti,2,United States,United States,0.440022,0.576858,7,China,United States,1,0
France--Singapore#vector_borne,France--Singapore,vector_borne,1,France,France,0.37365,0.542016,7,France,Singapore,1,1
France--Singapore#vector_borne,France--Singapore,vector_borne,2,Singapore,Singapore,0.429978,0.539306,7,France,Singapore,1,1
Ethiopia--Indonesia#tb,Ethiopia--Indonesia,tb,1,Ethiopia,Ethiopia,0.413066,0.448775,7,Ethiopia,Indonesia,1,0
Ethiopia--Indonesia#tb,Ethiopia--Indonesia,tb,2,Indonesia,Indonesia,0.369414,0.492144,7,Ethiopia,Indonesia,1,0
Ethiopia--Pakistan#tb,Ethiopia--Pakistan,tb,1,Ethiopia,Ethiopia,0.413066,0.448775,7,Ethiopia,Pakistan,1,0
Ethiopia--Pakistan#tb,Ethiopia--Pakistan,tb,2,Pakistan,Pakistan,0.35634,0.418637,7,Ethiopia,Pakistan,1,0
India--United States#tb,India--United States,tb,1,India,India,0.397173,0.572838,7,India,United States,1,0
India--United States#tb,India--United States,tb,2,United States,United States,0.440022,0.576858,7,India,United States,1,0
Switzerland--United Kingdom#tb,Switzerland--United Kingdom,tb,1,Switzerland,Switzerland,0.407049,0.531378,7,Switzerland,United Kingdom,1,0
Switzerland--United Kingdom#tb,Switzerland--United Kingdom,tb,2,United Kingdom,United Kingdom,0.355643,0.570016,7,Switzerland,United Kingdom,1,0
United Kingdom--Viet Nam#tb,United Kingdom--Viet Nam,tb,1,United Kingdom,United Kingdom,0.355643,0.570016,7,United Kingdom,Viet Nam,1,0
United Kingdom--Viet Nam#tb,United Kingdom--Viet Nam,tb,2,Viet Nam,Viet Nam,0.306341,0.520662,7,United Kingdom,Viet Nam,1,0
United States--Viet Nam#tb,United States--Viet Nam,tb,1,United States,United States,0.440022,0.576858,7,United States,Viet Nam,1,0
United States--Viet Nam#tb,United States--Viet Nam,tb,2,Viet Nam,Viet Nam,0.306341,0.520662,7,United States,Viet Nam,1,0
France--Peru#tb,France--Peru,tb,1,France,France,0.37365,0.542016,7,France,Peru,1,0
France--Peru#tb,France--Peru,tb,2,Peru,Peru,0.260788,0.595863,7,France,Peru,1,0
Pakistan--Peru#tb,Pakistan--Peru,tb,1,Pakistan,Pakistan,0.35634,0.418637,7,Pakistan,Peru,1,0
Pakistan--Peru#tb,Pakistan--Peru,tb,2,Peru,Peru,0.260788,0.595863,7,Pakistan,Peru,1,0
Peru--Singapore#tb,Peru--Singapore,tb,1,Peru,Peru,0.260788,0.595863,7,Peru,Singapore,1,1
Peru--Singapore#tb,Peru--Singapore,tb,2,Singapore,Singapore,0.429978,0.539306,7,Peru,Singapore,1,1
Peru--United Kingdom#tb,Peru--United Kingdom,tb,1,Peru,Peru,0.260788,0.595863,7,Peru,United Kingdom,1,0
Peru--United Kingdom#tb,Peru--United Kingdom,tb,2,United Kingdom,United Kingdom,0.355643,0.570016,7,Peru,United Kingdom,1,0
Peru--United States#tb,Peru--United States,tb,1,Peru,Peru,0.260788,0.595863,7,Peru,United States,1,0
Peru--United States#tb,Peru--United States,tb,2,United States,United States,0.440022,0.576858,7,Peru,United States,1,0
Australia--United Kingdom#tb,Australia--United Kingdom,tb,1,Australia,Australia,0.390756,0.648197,6,Australia,United Kingdom,1,0
Australia--United Kingdom#tb,Australia--United Kingdom,tb,2,United Kingdom,United Kingdom,0.355643,0.570016,6,Australia,United Kingdom,1,0
Italy--United States#tb,Italy--United States,tb,1,Italy,Italy,0.491029,0.507028,6,Italy,United States,1,0
Italy--United States#tb,Italy--United States,tb,2,United States,United States,0.440022,0.576858,6,Italy,United States,1,0
Singapore--Thailand#sti,Singapore--Thailand,sti,1,Singapore,Singapore,0.429978,0.539306,6,Singapore,Thailand,1,1
Singapore--Thailand#sti,Singapore--Thailand,sti,2,Thailand,Thailand,0.336992,0.46232,6,Singapore,Thailand,1,1
Australia--Thailand#amr_hai,Australia--Thailand,amr_hai,1,Australia,Australia,0.390756,0.648197,6,Australia,Thailand,1,0
Australia--Thailand#amr_hai,Australia--Thailand,amr_hai,2,Thailand,Thailand,0.336992,0.46232,6,Australia,Thailand,1,0
Singapore--Viet Nam#amr_hai,Singapore--Viet Nam,amr_hai,1,Singapore,Singapore,0.429978,0.539306,6,Singapore,Viet Nam,1,1
Singapore--Viet Nam#amr_hai,Singapore--Viet Nam,amr_hai,2,Viet Nam,Viet Nam,0.306341,0.520662,6,Singapore,Viet Nam,1,1
Singapore--United Kingdom#other_id,Singapore--United Kingdom,other_id,1,Singapore,Singapore,0.429978,0.539306,6,Singapore,United Kingdom,1,1
Singapore--United Kingdom#other_id,Singapore--United Kingdom,other_id,2,United Kingdom,United Kingdom,0.355643,0.570016,6,Singapore,United Kingdom,1,1
United Kingdom--United States#sti,United Kingdom--United States,sti,1,United Kingdom,United Kingdom,0.355643,0.570016,6,United Kingdom,United States,1,0
United Kingdom--United States#sti,United Kingdom--United States,sti,2,United States,United States,0.440022,0.576858,6,United Kingdom,United States,1,0
France--Indonesia#tb,France--Indonesia,tb,1,France,France,0.37365,0.542016,6,France,Indonesia,1,0
France--Indonesia#tb,France--Indonesia,tb,2,Indonesia,Indonesia,0.369414,0.492144,6,France,Indonesia,1,0
India--United Kingdom#tb,India--United Kingdom,tb,1,India,India,0.397173,0.572838,6,India,United Kingdom,1,0
India--United Kingdom#tb,India--United Kingdom,tb,2,United Kingdom,United Kingdom,0.355643,0.570016,6,India,United Kingdom,1,0
Indonesia--Pakistan#tb,Indonesia--Pakistan,tb,1,Indonesia,Indonesia,0.369414,0.492144,6,Indonesia,Pakistan,1,0
Indonesia--Pakistan#tb,Indonesia--Pakistan,tb,2,Pakistan,Pakistan,0.35634,0.418637,6,Indonesia,Pakistan,1,0
Canada--Pakistan#tb,Canada--Pakistan,tb,1,Canada,Canada,0.429902,0.670838,6,Canada,Pakistan,1,0
Canada--Pakistan#tb,Canada--Pakistan,tb,2,Pakistan,Pakistan,0.35634,0.418637,6,Canada,Pakistan,1,0
Canada--France#tb,Canada--France,tb,1,Canada,Canada,0.429902,0.670838,6,Canada,France,1,0
Canada--France#tb,Canada--France,tb,2,France,France,0.37365,0.542016,6,Canada,France,1,0
Canada--South Africa#tb,Canada--South Africa,tb,1,Canada,Canada,0.429902,0.670838,6,Canada,South Africa,1,0
Canada--South Africa#tb,Canada--South Africa,tb,2,South Africa,South Africa,0.354082,0.657729,6,Canada,South Africa,1,0
Ethiopia--Peru#tb,Ethiopia--Peru,tb,1,Ethiopia,Ethiopia,0.413066,0.448775,6,Ethiopia,Peru,1,0
Ethiopia--Peru#tb,Ethiopia--Peru,tb,2,Peru,Peru,0.260788,0.595863,6,Ethiopia,Peru,1,0
Ethiopia--South Africa#tb,Ethiopia--South Africa,tb,1,Ethiopia,Ethiopia,0.413066,0.448775,6,Ethiopia,South Africa,1,0
Ethiopia--South Africa#tb,Ethiopia--South Africa,tb,2,South Africa,South Africa,0.354082,0.657729,6,Ethiopia,South Africa,1,0
Pakistan--South Africa#tb,Pakistan--South Africa,tb,1,Pakistan,Pakistan,0.35634,0.418637,6,Pakistan,South Africa,1,0
Pakistan--South Africa#tb,Pakistan--South Africa,tb,2,South Africa,South Africa,0.354082,0.657729,6,Pakistan,South Africa,1,0
Peru--South Africa#tb,Peru--South Africa,tb,1,Peru,Peru,0.260788,0.595863,6,Peru,South Africa,1,0
Peru--South Africa#tb,Peru--South Africa,tb,2,South Africa,South Africa,0.354082,0.657729,6,Peru,South Africa,1,0
Switzerland--United Kingdom#vector_borne,Switzerland--United Kingdom,vector_borne,1,Switzerland,Switzerland,0.407049,0.531378,5,Switzerland,United Kingdom,1,0
Switzerland--United Kingdom#vector_borne,Switzerland--United Kingdom,vector_borne,2,United Kingdom,United Kingdom,0.355643,0.570016,5,Switzerland,United Kingdom,1,0
Netherlands--United States#tb,Netherlands--United States,tb,1,Netherlands,Netherlands,0.442831,0.641991,5,Netherlands,United States,1,0
Netherlands--United States#tb,Netherlands--United States,tb,2,United States,United States,0.440022,0.576858,5,Netherlands,United States,1,0
Germany--Singapore#tb,Germany--Singapore,tb,1,Germany,Germany,0.479367,0.620904,5,Germany,Singapore,1,1
Germany--Singapore#tb,Germany--Singapore,tb,2,Singapore,Singapore,0.429978,0.539306,5,Germany,Singapore,1,1
Italy--United Kingdom#tb,Italy--United Kingdom,tb,1,Italy,Italy,0.491029,0.507028,5,Italy,United Kingdom,1,0
Italy--United Kingdom#tb,Italy--United Kingdom,tb,2,United Kingdom,United Kingdom,0.355643,0.570016,5,Italy,United Kingdom,1,0
Japan--Singapore#tb,Japan--Singapore,tb,1,Japan,Japan,0.302497,0.608095,5,Japan,Singapore,1,1
Japan--Singapore#tb,Japan--Singapore,tb,2,Singapore,Singapore,0.429978,0.539306,5,Japan,Singapore,1,1
United Kingdom--Viet Nam#amr_hai,United Kingdom--Viet Nam,amr_hai,1,United Kingdom,United Kingdom,0.355643,0.570016,5,United Kingdom,Viet Nam,1,0
United Kingdom--Viet Nam#amr_hai,United Kingdom--Viet Nam,amr_hai,2,Viet Nam,Viet Nam,0.306341,0.520662,5,United Kingdom,Viet Nam,1,0
Japan--Singapore#vector_borne,Japan--Singapore,vector_borne,1,Japan,Japan,0.302497,0.608095,5,Japan,Singapore,1,1
Japan--Singapore#vector_borne,Japan--Singapore,vector_borne,2,Singapore,Singapore,0.429978,0.539306,5,Japan,Singapore,1,1
New Zealand--Singapore#rti,New Zealand--Singapore,rti,1,New Zealand,New Zealand,0.267102,0.517173,5,New Zealand,Singapore,1,1
New Zealand--Singapore#rti,New Zealand--Singapore,rti,2,Singapore,Singapore,0.429978,0.539306,5,New Zealand,Singapore,1,1
Bangladesh--Singapore#tb,Bangladesh--Singapore,tb,1,Bangladesh,Bangladesh,0.325634,0.547236,5,Bangladesh,Singapore,1,1
Bangladesh--Singapore#tb,Bangladesh--Singapore,tb,2,Singapore,Singapore,0.429978,0.539306,5,Bangladesh,Singapore,1,1
Bangladesh--United States#tb,Bangladesh--United States,tb,1,Bangladesh,Bangladesh,0.325634,0.547236,5,Bangladesh,United States,1,0
Bangladesh--United States#tb,Bangladesh--United States,tb,2,United States,United States,0.440022,0.576858,5,Bangladesh,United States,1,0
Belgium--India#tb,Belgium--India,tb,1,Belgium,Belgium,0.487025,0.572301,5,Belgium,India,1,0
Belgium--India#tb,Belgium--India,tb,2,India,India,0.397173,0.572838,5,Belgium,India,1,0
Belgium--Singapore#tb,Belgium--Singapore,tb,1,Belgium,Belgium,0.487025,0.572301,5,Belgium,Singapore,1,1
Belgium--Singapore#tb,Belgium--Singapore,tb,2,Singapore,Singapore,0.429978,0.539306,5,Belgium,Singapore,1,1
Belgium--United States#tb,Belgium--United States,tb,1,Belgium,Belgium,0.487025,0.572301,5,Belgium,United States,1,0
Belgium--United States#tb,Belgium--United States,tb,2,United States,United States,0.440022,0.576858,5,Belgium,United States,1,0
France--India#tb,France--India,tb,1,France,France,0.37365,0.542016,5,France,India,1,0
France--India#tb,France--India,tb,2,India,India,0.397173,0.572838,5,France,India,1,0
France--Switzerland#tb,France--Switzerland,tb,1,France,France,0.37365,0.542016,5,France,Switzerland,1,0
France--Switzerland#tb,France--Switzerland,tb,2,Switzerland,Switzerland,0.407049,0.531378,5,France,Switzerland,1,0
India--Netherlands#tb,India--Netherlands,tb,1,India,India,0.397173,0.572838,5,India,Netherlands,1,0
India--Netherlands#tb,India--Netherlands,tb,2,Netherlands,Netherlands,0.442831,0.641991,5,India,Netherlands,1,0
Singapore--Spain#amr_hai,Singapore--Spain,amr_hai,1,Singapore,Singapore,0.429978,0.539306,5,Singapore,Spain,1,1
Singapore--Spain#amr_hai,Singapore--Spain,amr_hai,2,Spain,Spain,0.55585,0.501818,5,Singapore,Spain,1,1
Spain--United Kingdom#amr_hai,Spain--United Kingdom,amr_hai,1,Spain,Spain,0.55585,0.501818,5,Spain,United Kingdom,1,0
Spain--United Kingdom#amr_hai,Spain--United Kingdom,amr_hai,2,United Kingdom,United Kingdom,0.355643,0.570016,5,Spain,United Kingdom,1,0
United Kingdom--United States#amr_hai,United Kingdom--United States,amr_hai,1,United Kingdom,United Kingdom,0.355643,0.570016,5,United Kingdom,United States,1,0
United Kingdom--United States#amr_hai,United Kingdom--United States,amr_hai,2,United States,United States,0.440022,0.576858,5,United Kingdom,United States,1,0
Brazil--Singapore#vector_borne,Brazil--Singapore,vector_borne,1,Brazil,Brazil,0.412471,0.61443,5,Brazil,Singapore,1,1
Brazil--Singapore#vector_borne,Brazil--Singapore,vector_borne,2,Singapore,Singapore,0.429978,0.539306,5,Brazil,Singapore,1,1
Japan--Singapore#rti,Japan--Singapore,rti,1,Japan,Japan,0.302497,0.608095,5,Japan,Singapore,1,1
Japan--Singapore#rti,Japan--Singapore,rti,2,Singapore,Singapore,0.429978,0.539306,5,Japan,Singapore,1,1
Australia--Singapore#rti,Australia--Singapore,rti,1,Australia,Australia,0.390756,0.648197,5,Australia,Singapore,1,1
Australia--Singapore#rti,Australia--Singapore,rti,2,Singapore,Singapore,0.429978,0.539306,5,Australia,Singapore,1,1
Australia--Viet Nam#tb,Australia--Viet Nam,tb,1,Australia,Australia,0.390756,0.648197,5,Australia,Viet Nam,1,0
Australia--Viet Nam#tb,Australia--Viet Nam,tb,2,Viet Nam,Viet Nam,0.306341,0.520662,5,Australia,Viet Nam,1,0
Ethiopia--Myanmar#tb,Ethiopia--Myanmar,tb,1,Ethiopia,Ethiopia,0.413066,0.448775,5,Ethiopia,Myanmar,1,0
Ethiopia--Myanmar#tb,Ethiopia--Myanmar,tb,2,Myanmar,Myanmar,0.19157,0.500134,5,Ethiopia,Myanmar,1,0
France--Myanmar#tb,France--Myanmar,tb,1,France,France,0.37365,0.542016,5,France,Myanmar,1,0
France--Myanmar#tb,France--Myanmar,tb,2,Myanmar,Myanmar,0.19157,0.500134,5,France,Myanmar,1,0
Indonesia--Peru#tb,Indonesia--Peru,tb,1,Indonesia,Indonesia,0.369414,0.492144,5,Indonesia,Peru,1,0
Indonesia--Peru#tb,Indonesia--Peru,tb,2,Peru,Peru,0.260788,0.595863,5,Indonesia,Peru,1,0
Indonesia--South Africa#tb,Indonesia--South Africa,tb,1,Indonesia,Indonesia,0.369414,0.492144,5,Indonesia,South Africa,1,0
Indonesia--South Africa#tb,Indonesia--South Africa,tb,2,South Africa,South Africa,0.354082,0.657729,5,Indonesia,South Africa,1,0
Myanmar--Pakistan#tb,Myanmar--Pakistan,tb,1,Myanmar,Myanmar,0.19157,0.500134,5,Myanmar,Pakistan,1,0
Myanmar--Pakistan#tb,Myanmar--Pakistan,tb,2,Pakistan,Pakistan,0.35634,0.418637,5,Myanmar,Pakistan,1,0
Myanmar--Peru#tb,Myanmar--Peru,tb,1,Myanmar,Myanmar,0.19157,0.500134,5,Myanmar,Peru,1,0
Myanmar--Peru#tb,Myanmar--Peru,tb,2,Peru,Peru,0.260788,0.595863,5,Myanmar,Peru,1,0
Myanmar--Singapore#tb,Myanmar--Singapore,tb,1,Myanmar,Myanmar,0.19157,0.500134,5,Myanmar,Singapore,1,1
Myanmar--Singapore#tb,Myanmar--Singapore,tb,2,Singapore,Singapore,0.429978,0.539306,5,Myanmar,Singapore,1,1
Myanmar--United Kingdom#tb,Myanmar--United Kingdom,tb,1,Myanmar,Myanmar,0.19157,0.500134,5,Myanmar,United Kingdom,1,0
Myanmar--United Kingdom#tb,Myanmar--United Kingdom,tb,2,United Kingdom,United Kingdom,0.355643,0.570016,5,Myanmar,United Kingdom,1,0
Myanmar--United States#tb,Myanmar--United States,tb,1,Myanmar,Myanmar,0.19157,0.500134,5,Myanmar,United States,1,0
Myanmar--United States#tb,Myanmar--United States,tb,2,United States,United States,0.440022,0.576858,5,Myanmar,United States,1,0
Australia--Switzerland#vector_borne,Australia--Switzerland,vector_borne,1,Australia,Australia,0.390756,0.648197,4,Australia,Switzerland,1,0
Australia--Switzerland#vector_borne,Australia--Switzerland,vector_borne,2,Switzerland,Switzerland,0.407049,0.531378,4,Australia,Switzerland,1,0
Netherlands--United Kingdom#tb,Netherlands--United Kingdom,tb,1,Netherlands,Netherlands,0.442831,0.641991,4,Netherlands,United Kingdom,1,0
Netherlands--United Kingdom#tb,Netherlands--United Kingdom,tb,2,United Kingdom,United Kingdom,0.355643,0.570016,4,Netherlands,United Kingdom,1,0
Republic of Korea--Singapore#rti,Republic of Korea--Singapore,rti,1,Republic of Korea,Republic of Korea,0.226785,0.465839,4,Republic of Korea,Singapore,1,1
Republic of Korea--Singapore#rti,Republic of Korea--Singapore,rti,2,Singapore,Singapore,0.429978,0.539306,4,Republic of Korea,Singapore,1,1
Netherlands--Singapore#rti,Netherlands--Singapore,rti,1,Netherlands,Netherlands,0.442831,0.641991,4,Netherlands,Singapore,1,1
Netherlands--Singapore#rti,Netherlands--Singapore,rti,2,Singapore,Singapore,0.429978,0.539306,4,Netherlands,Singapore,1,1
France--Italy#tb,France--Italy,tb,1,France,France,0.37365,0.542016,4,France,Italy,1,0
France--Italy#tb,France--Italy,tb,2,Italy,Italy,0.491029,0.507028,4,France,Italy,1,0
Cambodia--Singapore#tb,Cambodia--Singapore,tb,1,Cambodia,Cambodia,0.216351,0.576345,4,Cambodia,Singapore,1,1
Cambodia--Singapore#tb,Cambodia--Singapore,tb,2,Singapore,Singapore,0.429978,0.539306,4,Cambodia,Singapore,1,1
Australia--Singapore#sti,Australia--Singapore,sti,1,Australia,Australia,0.390756,0.648197,4,Australia,Singapore,1,1
Australia--Singapore#sti,Australia--Singapore,sti,2,Singapore,Singapore,0.429978,0.539306,4,Australia,Singapore,1,1
Cambodia--Singapore#sti,Cambodia--Singapore,sti,1,Cambodia,Cambodia,0.216351,0.576345,4,Cambodia,Singapore,1,1
Cambodia--Singapore#sti,Cambodia--Singapore,sti,2,Singapore,Singapore,0.429978,0.539306,4,Cambodia,Singapore,1,1
India--Singapore#sti,India--Singapore,sti,1,India,India,0.397173,0.572838,4,India,Singapore,1,1
India--Singapore#sti,India--Singapore,sti,2,Singapore,Singapore,0.429978,0.539306,4,India,Singapore,1,1
Malaysia--Singapore#sti,Malaysia--Singapore,sti,1,Malaysia,Malaysia,0.277414,0.425437,4,Malaysia,Singapore,1,1
Malaysia--Singapore#sti,Malaysia--Singapore,sti,2,Singapore,Singapore,0.429978,0.539306,4,Malaysia,Singapore,1,1
Singapore--Taiwan#sti,Singapore--Taiwan,sti,1,Singapore,Singapore,0.429978,0.539306,4,Singapore,Taiwan,1,1
Singapore--Taiwan#sti,Singapore--Taiwan,sti,2,Taiwan,Taiwan,0.310266,0.423686,4,Singapore,Taiwan,1,1
Australia--Viet Nam#amr_hai,Australia--Viet Nam,amr_hai,1,Australia,Australia,0.390756,0.648197,4,Australia,Viet Nam,1,0
Australia--Viet Nam#amr_hai,Australia--Viet Nam,amr_hai,2,Viet Nam,Viet Nam,0.306341,0.520662,4,Australia,Viet Nam,1,0
Thailand--Viet Nam#amr_hai,Thailand--Viet Nam,amr_hai,1,Thailand,Thailand,0.336992,0.46232,4,Thailand,Viet Nam,1,0
Thailand--Viet Nam#amr_hai,Thailand--Viet Nam,amr_hai,2,Viet Nam,Viet Nam,0.306341,0.520662,4,Thailand,Viet Nam,1,0
China--United States#rti,China--United States,rti,1,China,China,0.331977,0.597918,4,China,United States,1,0
China--United States#rti,China--United States,rti,2,United States,United States,0.440022,0.576858,4,China,United States,1,0
Singapore--Thailand#rti,Singapore--Thailand,rti,1,Singapore,Singapore,0.429978,0.539306,4,Singapore,Thailand,1,1
Singapore--Thailand#rti,Singapore--Thailand,rti,2,Thailand,Thailand,0.336992,0.46232,4,Singapore,Thailand,1,1
Malaysia--Singapore#amr_hai,Malaysia--Singapore,amr_hai,1,Malaysia,Malaysia,0.277414,0.425437,4,Malaysia,Singapore,1,1
Malaysia--Singapore#amr_hai,Malaysia--Singapore,amr_hai,2,Singapore,Singapore,0.429978,0.539306,4,Malaysia,Singapore,1,1
India--Singapore#vector_borne,India--Singapore,vector_borne,1,India,India,0.397173,0.572838,4,India,Singapore,1,1
India--Singapore#vector_borne,India--Singapore,vector_borne,2,Singapore,Singapore,0.429978,0.539306,4,India,Singapore,1,1
Japan--Singapore#amr_hai,Japan--Singapore,amr_hai,1,Japan,Japan,0.302497,0.608095,4,Japan,Singapore,1,1
Japan--Singapore#amr_hai,Japan--Singapore,amr_hai,2,Singapore,Singapore,0.429978,0.539306,4,Japan,Singapore,1,1
Singapore--Taiwan#amr_hai,Singapore--Taiwan,amr_hai,1,Singapore,Singapore,0.429978,0.539306,4,Singapore,Taiwan,1,1
Singapore--Taiwan#amr_hai,Singapore--Taiwan,amr_hai,2,Taiwan,Taiwan,0.310266,0.423686,4,Singapore,Taiwan,1,1
Japan--United Kingdom#sti,Japan--United Kingdom,sti,1,Japan,Japan,0.302497,0.608095,4,Japan,United Kingdom,1,0
Japan--United Kingdom#sti,Japan--United Kingdom,sti,2,United Kingdom,United Kingdom,0.355643,0.570016,4,Japan,United Kingdom,1,0
China--United Kingdom#rti,China--United Kingdom,rti,1,China,China,0.331977,0.597918,4,China,United Kingdom,1,0
China--United Kingdom#rti,China--United Kingdom,rti,2,United Kingdom,United Kingdom,0.355643,0.570016,4,China,United Kingdom,1,0
Belgium--France#tb,Belgium--France,tb,1,Belgium,Belgium,0.487025,0.572301,4,Belgium,France,1,0
Belgium--France#tb,Belgium--France,tb,2,France,France,0.37365,0.542016,4,Belgium,France,1,0
Belgium--United Kingdom#tb,Belgium--United Kingdom,tb,1,Belgium,Belgium,0.487025,0.572301,4,Belgium,United Kingdom,1,0
Belgium--United Kingdom#tb,Belgium--United Kingdom,tb,2,United Kingdom,United Kingdom,0.355643,0.570016,4,Belgium,United Kingdom,1,0
Denmark--Singapore#tb,Denmark--Singapore,tb,1,Denmark,Denmark,0.44304,0.500047,4,Denmark,Singapore,1,1
Denmark--Singapore#tb,Denmark--Singapore,tb,2,Singapore,Singapore,0.429978,0.539306,4,Denmark,Singapore,1,1
India--Indonesia#tb,India--Indonesia,tb,1,India,India,0.397173,0.572838,4,India,Indonesia,1,0
India--Indonesia#tb,India--Indonesia,tb,2,Indonesia,Indonesia,0.369414,0.492144,4,India,Indonesia,1,0
Indonesia--Netherlands#tb,Indonesia--Netherlands,tb,1,Indonesia,Indonesia,0.369414,0.492144,4,Indonesia,Netherlands,1,0
Indonesia--Netherlands#tb,Indonesia--Netherlands,tb,2,Netherlands,Netherlands,0.442831,0.641991,4,Indonesia,Netherlands,1,0
Indonesia--Switzerland#tb,Indonesia--Switzerland,tb,1,Indonesia,Indonesia,0.369414,0.492144,4,Indonesia,Switzerland,1,0
Indonesia--Switzerland#tb,Indonesia--Switzerland,tb,2,Switzerland,Switzerland,0.407049,0.531378,4,Indonesia,Switzerland,1,0
Italy--Switzerland#tb,Italy--Switzerland,tb,1,Italy,Italy,0.491029,0.507028,4,Italy,Switzerland,1,0
Italy--Switzerland#tb,Italy--Switzerland,tb,2,Switzerland,Switzerland,0.407049,0.531378,4,Italy,Switzerland,1,0
Pakistan--Switzerland#tb,Pakistan--Switzerland,tb,1,Pakistan,Pakistan,0.35634,0.418637,4,Pakistan,Switzerland,1,0
Pakistan--Switzerland#tb,Pakistan--Switzerland,tb,2,Switzerland,Switzerland,0.407049,0.531378,4,Pakistan,Switzerland,1,0
Philippines--United Kingdom#tb,Philippines--United Kingdom,tb,1,Philippines,Philippines,0.403578,0.405159,4,Philippines,United Kingdom,1,0
Philippines--United Kingdom#tb,Philippines--United Kingdom,tb,2,United Kingdom,United Kingdom,0.355643,0.570016,4,Philippines,United Kingdom,1,0
Philippines--United States#tb,Philippines--United States,tb,1,Philippines,Philippines,0.403578,0.405159,4,Philippines,United States,1,0
Philippines--United States#tb,Philippines--United States,tb,2,United States,United States,0.440022,0.576858,4,Philippines,United States,1,0
Germany--Singapore#amr_hai,Germany--Singapore,amr_hai,1,Germany,Germany,0.479367,0.620904,4,Germany,Singapore,1,1
Germany--Singapore#amr_hai,Germany--Singapore,amr_hai,2,Singapore,Singapore,0.429978,0.539306,4,Germany,Singapore,1,1
Germany--United Kingdom#amr_hai,Germany--United Kingdom,amr_hai,1,Germany,Germany,0.479367,0.620904,4,Germany,United Kingdom,1,0
Germany--United Kingdom#amr_hai,Germany--United Kingdom,amr_hai,2,United Kingdom,United Kingdom,0.355643,0.570016,4,Germany,United Kingdom,1,0
Spain--United States#amr_hai,Spain--United States,amr_hai,1,Spain,Spain,0.55585,0.501818,4,Spain,United States,1,0
Spain--United States#amr_hai,Spain--United States,amr_hai,2,United States,United States,0.440022,0.576858,4,Spain,United States,1,0
Switzerland--United States#vector_borne,Switzerland--United States,vector_borne,1,Switzerland,Switzerland,0.407049,0.531378,4,Switzerland,United States,1,0
Switzerland--United States#vector_borne,Switzerland--United States,vector_borne,2,United States,United States,0.440022,0.576858,4,Switzerland,United States,1,0
Netherlands--Singapore#amr_hai,Netherlands--Singapore,amr_hai,1,Netherlands,Netherlands,0.442831,0.641991,4,Netherlands,Singapore,1,1
Netherlands--Singapore#amr_hai,Netherlands--Singapore,amr_hai,2,Singapore,Singapore,0.429978,0.539306,4,Netherlands,Singapore,1,1
Netherlands--United Kingdom#amr_hai,Netherlands--United Kingdom,amr_hai,1,Netherlands,Netherlands,0.442831,0.641991,4,Netherlands,United Kingdom,1,0
Netherlands--United Kingdom#amr_hai,Netherlands--United Kingdom,amr_hai,2,United Kingdom,United Kingdom,0.355643,0.570016,4,Netherlands,United Kingdom,1,0
Singapore--Sweden#tb,Singapore--Sweden,tb,1,Singapore,Singapore,0.429978,0.539306,4,Singapore,Sweden,1,1
Singapore--Sweden#tb,Singapore--Sweden,tb,2,Sweden,Sweden,0.304842,0.663705,4,Singapore,Sweden,1,1
Australia--China#rti,Australia--China,rti,1,Australia,Australia,0.390756,0.648197,4,Australia,China,1,0
Australia--China#rti,Australia--China,rti,2,China,China,0.331977,0.597918,4,Australia,China,1,0
France--Singapore#amr_hai,France--Singapore,amr_hai,1,France,France,0.37365,0.542016,4,France,Singapore,1,1
France--Singapore#amr_hai,France--Singapore,amr_hai,2,Singapore,Singapore,0.429978,0.539306,4,France,Singapore,1,1
France--United Kingdom#amr_hai,France--United Kingdom,amr_hai,1,France,France,0.37365,0.542016,4,France,United Kingdom,1,0
France--United Kingdom#amr_hai,France--United Kingdom,amr_hai,2,United Kingdom,United Kingdom,0.355643,0.570016,4,France,United Kingdom,1,0
Canada--Peru#tb,Canada--Peru,tb,1,Canada,Canada,0.429902,0.670838,4,Canada,Peru,1,0
Canada--Peru#tb,Canada--Peru,tb,2,Peru,Peru,0.260788,0.595863,4,Canada,Peru,1,0
Indonesia--Myanmar#tb,Indonesia--Myanmar,tb,1,Indonesia,Indonesia,0.369414,0.492144,4,Indonesia,Myanmar,1,0
Indonesia--Myanmar#tb,Indonesia--Myanmar,tb,2,Myanmar,Myanmar,0.19157,0.500134,4,Indonesia,Myanmar,1,0
Myanmar--South Africa#tb,Myanmar--South Africa,tb,1,Myanmar,Myanmar,0.19157,0.500134,4,Myanmar,South Africa,1,0
Myanmar--South Africa#tb,Myanmar--South Africa,tb,2,South Africa,South Africa,0.354082,0.657729,4,Myanmar,South Africa,1,0
Canada--Switzerland#tb,Canada--Switzerland,tb,1,Canada,Canada,0.429902,0.670838,4,Canada,Switzerland,1,0
Canada--Switzerland#tb,Canada--Switzerland,tb,2,Switzerland,Switzerland,0.407049,0.531378,4,Canada,Switzerland,1,0
Canada--Viet Nam#tb,Canada--Viet Nam,tb,1,Canada,Canada,0.429902,0.670838,4,Canada,Viet Nam,1,0
Canada--Viet Nam#tb,Canada--Viet Nam,tb,2,Viet Nam,Viet Nam,0.306341,0.520662,4,Canada,Viet Nam,1,0
France--Viet Nam#tb,France--Viet Nam,tb,1,France,France,0.37365,0.542016,4,France,Viet Nam,1,0
France--Viet Nam#tb,France--Viet Nam,tb,2,Viet Nam,Viet Nam,0.306341,0.520662,4,France,Viet Nam,1,0
South Africa--Switzerland#tb,South Africa--Switzerland,tb,1,South Africa,South Africa,0.354082,0.657729,4,South Africa,Switzerland,1,0
South Africa--Switzerland#tb,South Africa--Switzerland,tb,2,Switzerland,Switzerland,0.407049,0.531378,4,South Africa,Switzerland,1,0
South Africa--Viet Nam#tb,South Africa--Viet Nam,tb,1,South Africa,South Africa,0.354082,0.657729,4,South Africa,Viet Nam,1,0
South Africa--Viet Nam#tb,South Africa--Viet Nam,tb,2,Viet Nam,Viet Nam,0.306341,0.520662,4,South Africa,Viet Nam,1,0
India--South Africa#tb,India--South Africa,tb,1,India,India,0.397173,0.572838,4,India,South Africa,1,0
India--South Africa#tb,India--South Africa,tb,2,South Africa,South Africa,0.354082,0.657729,4,India,South Africa,1,0
Republic of Korea--Singapore#amr_hai,Republic of Korea--Singapore,amr_hai,1,Republic of Korea,Republic of Korea,0.226785,0.465839,3,Republic of Korea,Singapore,1,1
Republic of Korea--Singapore#amr_hai,Republic of Korea--Singapore,amr_hai,2,Singapore,Singapore,0.429978,0.539306,3,Republic of Korea,Singapore,1,1
Australia--United Kingdom#vector_borne,Australia--United Kingdom,vector_borne,1,Australia,Australia,0.390756,0.648197,3,Australia,United Kingdom,1,0
Australia--United Kingdom#vector_borne,Australia--United Kingdom,vector_borne,2,United Kingdom,United Kingdom,0.355643,0.570016,3,Australia,United Kingdom,1,0
Thailand--United Kingdom#vector_borne,Thailand--United Kingdom,vector_borne,1,Thailand,Thailand,0.336992,0.46232,3,Thailand,United Kingdom,1,0
Thailand--United Kingdom#vector_borne,Thailand--United Kingdom,vector_borne,2,United Kingdom,United Kingdom,0.355643,0.570016,3,Thailand,United Kingdom,1,0
Australia--Netherlands#tb,Australia--Netherlands,tb,1,Australia,Australia,0.390756,0.648197,3,Australia,Netherlands,1,0
Australia--Netherlands#tb,Australia--Netherlands,tb,2,Netherlands,Netherlands,0.442831,0.641991,3,Australia,Netherlands,1,0
Germany--United States#tb,Germany--United States,tb,1,Germany,Germany,0.479367,0.620904,3,Germany,United States,1,0
Germany--United States#tb,Germany--United States,tb,2,United States,United States,0.440022,0.576858,3,Germany,United States,1,0
Australia--China#vector_borne,Australia--China,vector_borne,1,Australia,Australia,0.390756,0.648197,3,Australia,China,1,0
Australia--China#vector_borne,Australia--China,vector_borne,2,China,China,0.331977,0.597918,3,Australia,China,1,0
New Zealand--Singapore#vector_borne,New Zealand--Singapore,vector_borne,1,New Zealand,New Zealand,0.267102,0.517173,3,New Zealand,Singapore,1,1
New Zealand--Singapore#vector_borne,New Zealand--Singapore,vector_borne,2,Singapore,Singapore,0.429978,0.539306,3,New Zealand,Singapore,1,1
China--United Kingdom#amr_hai,China--United Kingdom,amr_hai,1,China,China,0.331977,0.597918,3,China,United Kingdom,1,0
China--United Kingdom#amr_hai,China--United Kingdom,amr_hai,2,United Kingdom,United Kingdom,0.355643,0.570016,3,China,United Kingdom,1,0
Australia--Cambodia#tb,Australia--Cambodia,tb,1,Australia,Australia,0.390756,0.648197,3,Australia,Cambodia,1,0
Australia--Cambodia#tb,Australia--Cambodia,tb,2,Cambodia,Cambodia,0.216351,0.576345,3,Australia,Cambodia,1,0
Australia--Japan#tb,Australia--Japan,tb,1,Australia,Australia,0.390756,0.648197,3,Australia,Japan,1,0
Australia--Japan#tb,Australia--Japan,tb,2,Japan,Japan,0.302497,0.608095,3,Australia,Japan,1,0
Cambodia--Japan#tb,Cambodia--Japan,tb,1,Cambodia,Cambodia,0.216351,0.576345,3,Cambodia,Japan,1,0
Cambodia--Japan#tb,Cambodia--Japan,tb,2,Japan,Japan,0.302497,0.608095,3,Cambodia,Japan,1,0
Cambodia--United States#tb,Cambodia--United States,tb,1,Cambodia,Cambodia,0.216351,0.576345,3,Cambodia,United States,1,0
Cambodia--United States#tb,Cambodia--United States,tb,2,United States,United States,0.440022,0.576858,3,Cambodia,United States,1,0
Australia--Japan#sti,Australia--Japan,sti,1,Australia,Australia,0.390756,0.648197,3,Australia,Japan,1,0
Australia--Japan#sti,Australia--Japan,sti,2,Japan,Japan,0.302497,0.608095,3,Australia,Japan,1,0
Australia--Thailand#sti,Australia--Thailand,sti,1,Australia,Australia,0.390756,0.648197,3,Australia,Thailand,1,0
Australia--Thailand#sti,Australia--Thailand,sti,2,Thailand,Thailand,0.336992,0.46232,3,Australia,Thailand,1,0
Australia--Viet Nam#sti,Australia--Viet Nam,sti,1,Australia,Australia,0.390756,0.648197,3,Australia,Viet Nam,1,0
Australia--Viet Nam#sti,Australia--Viet Nam,sti,2,Viet Nam,Viet Nam,0.306341,0.520662,3,Australia,Viet Nam,1,0
Cambodia--Japan#sti,Cambodia--Japan,sti,1,Cambodia,Cambodia,0.216351,0.576345,3,Cambodia,Japan,1,0
Cambodia--Japan#sti,Cambodia--Japan,sti,2,Japan,Japan,0.302497,0.608095,3,Cambodia,Japan,1,0
Hong Kong SAR--Singapore#sti,Hong Kong SAR--Singapore,sti,1,Hong Kong SAR,Hong Kong SAR,0.172647,0.597281,3,Hong Kong SAR,Singapore,1,1
Hong Kong SAR--Singapore#sti,Hong Kong SAR--Singapore,sti,2,Singapore,Singapore,0.429978,0.539306,3,Hong Kong SAR,Singapore,1,1
Hong Kong SAR--Taiwan#sti,Hong Kong SAR--Taiwan,sti,1,Hong Kong SAR,Hong Kong SAR,0.172647,0.597281,3,Hong Kong SAR,Taiwan,1,0
Hong Kong SAR--Taiwan#sti,Hong Kong SAR--Taiwan,sti,2,Taiwan,Taiwan,0.310266,0.423686,3,Hong Kong SAR,Taiwan,1,0
Japan--Thailand#sti,Japan--Thailand,sti,1,Japan,Japan,0.302497,0.608095,3,Japan,Thailand,1,0
Japan--Thailand#sti,Japan--Thailand,sti,2,Thailand,Thailand,0.336992,0.46232,3,Japan,Thailand,1,0
Malaysia--Taiwan#sti,Malaysia--Taiwan,sti,1,Malaysia,Malaysia,0.277414,0.425437,3,Malaysia,Taiwan,1,0
Malaysia--Taiwan#sti,Malaysia--Taiwan,sti,2,Taiwan,Taiwan,0.310266,0.423686,3,Malaysia,Taiwan,1,0
Malaysia--Thailand#sti,Malaysia--Thailand,sti,1,Malaysia,Malaysia,0.277414,0.425437,3,Malaysia,Thailand,1,0
Malaysia--Thailand#sti,Malaysia--Thailand,sti,2,Thailand,Thailand,0.336992,0.46232,3,Malaysia,Thailand,1,0
Republic of Korea--Singapore#sti,Republic of Korea--Singapore,sti,1,Republic of Korea,Republic of Korea,0.226785,0.465839,3,Republic of Korea,Singapore,1,1
Republic of Korea--Singapore#sti,Republic of Korea--Singapore,sti,2,Singapore,Singapore,0.429978,0.539306,3,Republic of Korea,Singapore,1,1
Republic of Korea--Taiwan#sti,Republic of Korea--Taiwan,sti,1,Republic of Korea,Republic of Korea,0.226785,0.465839,3,Republic of Korea,Taiwan,1,0
Republic of Korea--Taiwan#sti,Republic of Korea--Taiwan,sti,2,Taiwan,Taiwan,0.310266,0.423686,3,Republic of Korea,Taiwan,1,0
Thailand--Viet Nam#sti,Thailand--Viet Nam,sti,1,Thailand,Thailand,0.336992,0.46232,3,Thailand,Viet Nam,1,0
Thailand--Viet Nam#sti,Thailand--Viet Nam,sti,2,Viet Nam,Viet Nam,0.306341,0.520662,3,Thailand,Viet Nam,1,0
Cambodia--Singapore#amr_hai,Cambodia--Singapore,amr_hai,1,Cambodia,Cambodia,0.216351,0.576345,3,Cambodia,Singapore,1,1
Cambodia--Singapore#amr_hai,Cambodia--Singapore,amr_hai,2,Singapore,Singapore,0.429978,0.539306,3,Cambodia,Singapore,1,1
Cambodia--Thailand#amr_hai,Cambodia--Thailand,amr_hai,1,Cambodia,Cambodia,0.216351,0.576345,3,Cambodia,Thailand,1,0
Cambodia--Thailand#amr_hai,Cambodia--Thailand,amr_hai,2,Thailand,Thailand,0.336992,0.46232,3,Cambodia,Thailand,1,0
Cambodia--United Kingdom#amr_hai,Cambodia--United Kingdom,amr_hai,1,Cambodia,Cambodia,0.216351,0.576345,3,Cambodia,United Kingdom,1,0
Cambodia--United Kingdom#amr_hai,Cambodia--United Kingdom,amr_hai,2,United Kingdom,United Kingdom,0.355643,0.570016,3,Cambodia,United Kingdom,1,0
Cambodia--Viet Nam#amr_hai,Cambodia--Viet Nam,amr_hai,1,Cambodia,Cambodia,0.216351,0.576345,3,Cambodia,Viet Nam,1,0
Cambodia--Viet Nam#amr_hai,Cambodia--Viet Nam,amr_hai,2,Viet Nam,Viet Nam,0.306341,0.520662,3,Cambodia,Viet Nam,1,0
Thailand--United States#rti,Thailand--United States,rti,1,Thailand,Thailand,0.336992,0.46232,3,Thailand,United States,1,0
Thailand--United States#rti,Thailand--United States,rti,2,United States,United States,0.440022,0.576858,3,Thailand,United States,1,0
Singapore--Spain#sti,Singapore--Spain,sti,1,Singapore,Singapore,0.429978,0.539306,3,Singapore,Spain,1,1
Singapore--Spain#sti,Singapore--Spain,sti,2,Spain,Spain,0.55585,0.501818,3,Singapore,Spain,1,1
Cambodia--United States#sti,Cambodia--United States,sti,1,Cambodia,Cambodia,0.216351,0.576345,3,Cambodia,United States,1,0
Cambodia--United States#sti,Cambodia--United States,sti,2,United States,United States,0.440022,0.576858,3,Cambodia,United States,1,0
Japan--United States#sti,Japan--United States,sti,1,Japan,Japan,0.302497,0.608095,3,Japan,United States,1,0
Japan--United States#sti,Japan--United States,sti,2,United States,United States,0.440022,0.576858,3,Japan,United States,1,0
India--United Kingdom#amr_hai,India--United Kingdom,amr_hai,1,India,India,0.397173,0.572838,3,India,United Kingdom,1,0
India--United Kingdom#amr_hai,India--United Kingdom,amr_hai,2,United Kingdom,United Kingdom,0.355643,0.570016,3,India,United Kingdom,1,0
Philippines--Singapore#amr_hai,Philippines--Singapore,amr_hai,1,Philippines,Philippines,0.403578,0.405159,3,Philippines,Singapore,1,1
Philippines--Singapore#amr_hai,Philippines--Singapore,amr_hai,2,Singapore,Singapore,0.429978,0.539306,3,Philippines,Singapore,1,1
Australia--United States#amr_hai,Australia--United States,amr_hai,1,Australia,Australia,0.390756,0.648197,3,Australia,United States,1,0
Australia--United States#amr_hai,Australia--United States,amr_hai,2,United States,United States,0.440022,0.576858,3,Australia,United States,1,0
Bangladesh--Ethiopia#tb,Bangladesh--Ethiopia,tb,1,Bangladesh,Bangladesh,0.325634,0.547236,3,Bangladesh,Ethiopia,1,0
Bangladesh--Ethiopia#tb,Bangladesh--Ethiopia,tb,2,Ethiopia,Ethiopia,0.413066,0.448775,3,Bangladesh,Ethiopia,1,0
Bangladesh--France#tb,Bangladesh--France,tb,1,Bangladesh,Bangladesh,0.325634,0.547236,3,Bangladesh,France,1,0
Bangladesh--France#tb,Bangladesh--France,tb,2,France,France,0.37365,0.542016,3,Bangladesh,France,1,0
Bangladesh--Pakistan#tb,Bangladesh--Pakistan,tb,1,Bangladesh,Bangladesh,0.325634,0.547236,3,Bangladesh,Pakistan,1,0
Bangladesh--Pakistan#tb,Bangladesh--Pakistan,tb,2,Pakistan,Pakistan,0.35634,0.418637,3,Bangladesh,Pakistan,1,0
Bangladesh--Switzerland#tb,Bangladesh--Switzerland,tb,1,Bangladesh,Bangladesh,0.325634,0.547236,3,Bangladesh,Switzerland,1,0
Bangladesh--Switzerland#tb,Bangladesh--Switzerland,tb,2,Switzerland,Switzerland,0.407049,0.531378,3,Bangladesh,Switzerland,1,0
Bangladesh--United Kingdom#tb,Bangladesh--United Kingdom,tb,1,Bangladesh,Bangladesh,0.325634,0.547236,3,Bangladesh,United Kingdom,1,0
Bangladesh--United Kingdom#tb,Bangladesh--United Kingdom,tb,2,United Kingdom,United Kingdom,0.355643,0.570016,3,Bangladesh,United Kingdom,1,0
Belgium--Italy#tb,Belgium--Italy,tb,1,Belgium,Belgium,0.487025,0.572301,3,Belgium,Italy,1,0
Belgium--Italy#tb,Belgium--Italy,tb,2,Italy,Italy,0.491029,0.507028,3,Belgium,Italy,1,0
Belgium--Netherlands#tb,Belgium--Netherlands,tb,1,Belgium,Belgium,0.487025,0.572301,3,Belgium,Netherlands,1,0
Belgium--Netherlands#tb,Belgium--Netherlands,tb,2,Netherlands,Netherlands,0.442831,0.641991,3,Belgium,Netherlands,1,0
Belgium--Switzerland#tb,Belgium--Switzerland,tb,1,Belgium,Belgium,0.487025,0.572301,3,Belgium,Switzerland,1,0
Belgium--Switzerland#tb,Belgium--Switzerland,tb,2,Switzerland,Switzerland,0.407049,0.531378,3,Belgium,Switzerland,1,0
China--India#tb,China--India,tb,1,China,China,0.331977,0.597918,3,China,India,1,0
China--India#tb,China--India,tb,2,India,India,0.397173,0.572838,3,China,India,1,0
China--United States#tb,China--United States,tb,1,China,China,0.331977,0.597918,3,China,United States,1,0
China--United States#tb,China--United States,tb,2,United States,United States,0.440022,0.576858,3,China,United States,1,0
Denmark--France#tb,Denmark--France,tb,1,Denmark,Denmark,0.44304,0.500047,3,Denmark,France,1,0
Denmark--France#tb,Denmark--France,tb,2,France,France,0.37365,0.542016,3,Denmark,France,1,0
Denmark--United Kingdom#tb,Denmark--United Kingdom,tb,1,Denmark,Denmark,0.44304,0.500047,3,Denmark,United Kingdom,1,0
Denmark--United Kingdom#tb,Denmark--United Kingdom,tb,2,United Kingdom,United Kingdom,0.355643,0.570016,3,Denmark,United Kingdom,1,0
Denmark--United States#tb,Denmark--United States,tb,1,Denmark,Denmark,0.44304,0.500047,3,Denmark,United States,1,0
Denmark--United States#tb,Denmark--United States,tb,2,United States,United States,0.440022,0.576858,3,Denmark,United States,1,0
Ethiopia--India#tb,Ethiopia--India,tb,1,Ethiopia,Ethiopia,0.413066,0.448775,3,Ethiopia,India,1,0
Ethiopia--India#tb,Ethiopia--India,tb,2,India,India,0.397173,0.572838,3,Ethiopia,India,1,0
Ethiopia--Switzerland#tb,Ethiopia--Switzerland,tb,1,Ethiopia,Ethiopia,0.413066,0.448775,3,Ethiopia,Switzerland,1,0
Ethiopia--Switzerland#tb,Ethiopia--Switzerland,tb,2,Switzerland,Switzerland,0.407049,0.531378,3,Ethiopia,Switzerland,1,0
India--Italy#tb,India--Italy,tb,1,India,India,0.397173,0.572838,3,India,Italy,1,0
India--Italy#tb,India--Italy,tb,2,Italy,Italy,0.491029,0.507028,3,India,Italy,1,0
India--Philippines#tb,India--Philippines,tb,1,India,India,0.397173,0.572838,3,India,Philippines,1,0
India--Philippines#tb,India--Philippines,tb,2,Philippines,Philippines,0.403578,0.405159,3,India,Philippines,1,0
India--Switzerland#tb,India--Switzerland,tb,1,India,India,0.397173,0.572838,3,India,Switzerland,1,0
India--Switzerland#tb,India--Switzerland,tb,2,Switzerland,Switzerland,0.407049,0.531378,3,India,Switzerland,1,0
Italy--Pakistan#tb,Italy--Pakistan,tb,1,Italy,Italy,0.491029,0.507028,3,Italy,Pakistan,1,0
Italy--Pakistan#tb,Italy--Pakistan,tb,2,Pakistan,Pakistan,0.35634,0.418637,3,Italy,Pakistan,1,0
Germany--Spain#amr_hai,Germany--Spain,amr_hai,1,Germany,Germany,0.479367,0.620904,3,Germany,Spain,1,0
Germany--Spain#amr_hai,Germany--Spain,amr_hai,2,Spain,Spain,0.55585,0.501818,3,Germany,Spain,1,0
Germany--United States#amr_hai,Germany--United States,amr_hai,1,Germany,Germany,0.479367,0.620904,3,Germany,United States,1,0
Germany--United States#amr_hai,Germany--United States,amr_hai,2,United States,United States,0.440022,0.576858,3,Germany,United States,1,0
Brazil--United States#vector_borne,Brazil--United States,vector_borne,1,Brazil,Brazil,0.412471,0.61443,3,Brazil,United States,1,0
Brazil--United States#vector_borne,Brazil--United States,vector_borne,2,United States,United States,0.440022,0.576858,3,Brazil,United States,1,0
Japan--United States#vector_borne,Japan--United States,vector_borne,1,Japan,Japan,0.302497,0.608095,3,Japan,United States,1,0
Japan--United States#vector_borne,Japan--United States,vector_borne,2,United States,United States,0.440022,0.576858,3,Japan,United States,1,0
United Kingdom--United States#vector_borne,United Kingdom--United States,vector_borne,1,United Kingdom,United Kingdom,0.355643,0.570016,3,United Kingdom,United States,1,0
United Kingdom--United States#vector_borne,United Kingdom--United States,vector_borne,2,United States,United States,0.440022,0.576858,3,United Kingdom,United States,1,0
Germany--Singapore#rti,Germany--Singapore,rti,1,Germany,Germany,0.479367,0.620904,3,Germany,Singapore,1,1
Germany--Singapore#rti,Germany--Singapore,rti,2,Singapore,Singapore,0.429978,0.539306,3,Germany,Singapore,1,1
United Kingdom--United States#rti,United Kingdom--United States,rti,1,United Kingdom,United Kingdom,0.355643,0.570016,3,United Kingdom,United States,1,0
United Kingdom--United States#rti,United Kingdom--United States,rti,2,United States,United States,0.440022,0.576858,3,United Kingdom,United States,1,0
Netherlands--New Zealand#rti,Netherlands--New Zealand,rti,1,Netherlands,Netherlands,0.442831,0.641991,3,Netherlands,New Zealand,1,0
Netherlands--New Zealand#rti,Netherlands--New Zealand,rti,2,New Zealand,New Zealand,0.267102,0.517173,3,Netherlands,New Zealand,1,0
Australia--New Zealand#rti,Australia--New Zealand,rti,1,Australia,Australia,0.390756,0.648197,3,Australia,New Zealand,1,0
Australia--New Zealand#rti,Australia--New Zealand,rti,2,New Zealand,New Zealand,0.267102,0.517173,3,Australia,New Zealand,1,0
Australia--United Kingdom#rti,Australia--United Kingdom,rti,1,Australia,Australia,0.390756,0.648197,3,Australia,United Kingdom,1,0
Australia--United Kingdom#rti,Australia--United Kingdom,rti,2,United Kingdom,United Kingdom,0.355643,0.570016,3,Australia,United Kingdom,1,0
China--New Zealand#rti,China--New Zealand,rti,1,China,China,0.331977,0.597918,3,China,New Zealand,1,0
China--New Zealand#rti,China--New Zealand,rti,2,New Zealand,New Zealand,0.267102,0.517173,3,China,New Zealand,1,0
Japan--United Kingdom#rti,Japan--United Kingdom,rti,1,Japan,Japan,0.302497,0.608095,3,Japan,United Kingdom,1,0
Japan--United Kingdom#rti,Japan--United Kingdom,rti,2,United Kingdom,United Kingdom,0.355643,0.570016,3,Japan,United Kingdom,1,0
New Zealand--United Kingdom#rti,New Zealand--United Kingdom,rti,1,New Zealand,New Zealand,0.267102,0.517173,3,New Zealand,United Kingdom,1,0
New Zealand--United Kingdom#rti,New Zealand--United Kingdom,rti,2,United Kingdom,United Kingdom,0.355643,0.570016,3,New Zealand,United Kingdom,1,0
Australia--France#amr_hai,Australia--France,amr_hai,1,Australia,Australia,0.390756,0.648197,3,Australia,France,1,0
Australia--France#amr_hai,Australia--France,amr_hai,2,France,France,0.37365,0.542016,3,Australia,France,1,0
France--Italy#amr_hai,France--Italy,amr_hai,1,France,France,0.37365,0.542016,3,France,Italy,1,0
France--Italy#amr_hai,France--Italy,amr_hai,2,Italy,Italy,0.491029,0.507028,3,France,Italy,1,0
Italy--Singapore#amr_hai,Italy--Singapore,amr_hai,1,Italy,Italy,0.491029,0.507028,3,Italy,Singapore,1,1
Italy--Singapore#amr_hai,Italy--Singapore,amr_hai,2,Singapore,Singapore,0.429978,0.539306,3,Italy,Singapore,1,1
Italy--United Kingdom#amr_hai,Italy--United Kingdom,amr_hai,1,Italy,Italy,0.491029,0.507028,3,Italy,United Kingdom,1,0
Italy--United Kingdom#amr_hai,Italy--United Kingdom,amr_hai,2,United Kingdom,United Kingdom,0.355643,0.570016,3,Italy,United Kingdom,1,0
China--United Kingdom#sti,China--United Kingdom,sti,1,China,China,0.331977,0.597918,3,China,United Kingdom,1,0
China--United Kingdom#sti,China--United Kingdom,sti,2,United Kingdom,United Kingdom,0.355643,0.570016,3,China,United Kingdom,1,0
Portugal--Singapore#vector_borne,Portugal--Singapore,vector_borne,1,Portugal,Portugal,0.571774,0.657031,3,Portugal,Singapore,1,1
Portugal--Singapore#vector_borne,Portugal--Singapore,vector_borne,2,Singapore,Singapore,0.429978,0.539306,3,Portugal,Singapore,1,1
Germany--India#tb,Germany--India,tb,1,Germany,Germany,0.479367,0.620904,3,Germany,India,1,0
Germany--India#tb,Germany--India,tb,2,India,India,0.397173,0.572838,3,Germany,India,1,0
India--Uganda#tb,India--Uganda,tb,1,India,India,0.397173,0.572838,3,India,Uganda,1,0
India--Uganda#tb,India--Uganda,tb,2,Uganda,Uganda,0.542037,0.561668,3,India,Uganda,1,0
Singapore--Uganda#tb,Singapore--Uganda,tb,1,Singapore,Singapore,0.429978,0.539306,3,Singapore,Uganda,1,1
Singapore--Uganda#tb,Singapore--Uganda,tb,2,Uganda,Uganda,0.542037,0.561668,3,Singapore,Uganda,1,1
Canada--Ethiopia#tb,Canada--Ethiopia,tb,1,Canada,Canada,0.429902,0.670838,3,Canada,Ethiopia,1,0
Canada--Ethiopia#tb,Canada--Ethiopia,tb,2,Ethiopia,Ethiopia,0.413066,0.448775,3,Canada,Ethiopia,1,0
Canada--Indonesia#tb,Canada--Indonesia,tb,1,Canada,Canada,0.429902,0.670838,3,Canada,Indonesia,1,0
Canada--Indonesia#tb,Canada--Indonesia,tb,2,Indonesia,Indonesia,0.369414,0.492144,3,Canada,Indonesia,1,0
Ethiopia--Haiti#tb,Ethiopia--Haiti,tb,1,Ethiopia,Ethiopia,0.413066,0.448775,3,Ethiopia,Haiti,1,0
Ethiopia--Haiti#tb,Ethiopia--Haiti,tb,2,Haiti,Haiti,0.197232,0.540579,3,Ethiopia,Haiti,1,0
France--Haiti#tb,France--Haiti,tb,1,France,France,0.37365,0.542016,3,France,Haiti,1,0
France--Haiti#tb,France--Haiti,tb,2,Haiti,Haiti,0.197232,0.540579,3,France,Haiti,1,0
Haiti--Pakistan#tb,Haiti--Pakistan,tb,1,Haiti,Haiti,0.197232,0.540579,3,Haiti,Pakistan,1,0
Haiti--Pakistan#tb,Haiti--Pakistan,tb,2,Pakistan,Pakistan,0.35634,0.418637,3,Haiti,Pakistan,1,0
Haiti--Peru#tb,Haiti--Peru,tb,1,Haiti,Haiti,0.197232,0.540579,3,Haiti,Peru,1,0
Haiti--Peru#tb,Haiti--Peru,tb,2,Peru,Peru,0.260788,0.595863,3,Haiti,Peru,1,0
Haiti--Singapore#tb,Haiti--Singapore,tb,1,Haiti,Haiti,0.197232,0.540579,3,Haiti,Singapore,1,1
Haiti--Singapore#tb,Haiti--Singapore,tb,2,Singapore,Singapore,0.429978,0.539306,3,Haiti,Singapore,1,1
Haiti--United Kingdom#tb,Haiti--United Kingdom,tb,1,Haiti,Haiti,0.197232,0.540579,3,Haiti,United Kingdom,1,0
Haiti--United Kingdom#tb,Haiti--United Kingdom,tb,2,United Kingdom,United Kingdom,0.355643,0.570016,3,Haiti,United Kingdom,1,0
Haiti--United States#tb,Haiti--United States,tb,1,Haiti,Haiti,0.197232,0.540579,3,Haiti,United States,1,0
Haiti--United States#tb,Haiti--United States,tb,2,United States,United States,0.440022,0.576858,3,Haiti,United States,1,0
Pakistan--Viet Nam#tb,Pakistan--Viet Nam,tb,1,Pakistan,Pakistan,0.35634,0.418637,3,Pakistan,Viet Nam,1,0
Pakistan--Viet Nam#tb,Pakistan--Viet Nam,tb,2,Viet Nam,Viet Nam,0.306341,0.520662,3,Pakistan,Viet Nam,1,0
Peru--Switzerland#tb,Peru--Switzerland,tb,1,Peru,Peru,0.260788,0.595863,3,Peru,Switzerland,1,0
Peru--Switzerland#tb,Peru--Switzerland,tb,2,Switzerland,Switzerland,0.407049,0.531378,3,Peru,Switzerland,1,0
Peru--Viet Nam#tb,Peru--Viet Nam,tb,1,Peru,Peru,0.260788,0.595863,3,Peru,Viet Nam,1,0
Peru--Viet Nam#tb,Peru--Viet Nam,tb,2,Viet Nam,Viet Nam,0.306341,0.520662,3,Peru,Viet Nam,1,0
Switzerland--Viet Nam#tb,Switzerland--Viet Nam,tb,1,Switzerland,Switzerland,0.407049,0.531378,3,Switzerland,Viet Nam,1,0
Switzerland--Viet Nam#tb,Switzerland--Viet Nam,tb,2,Viet Nam,Viet Nam,0.306341,0.520662,3,Switzerland,Viet Nam,1,0
India--Taiwan#tb,India--Taiwan,tb,1,India,India,0.397173,0.572838,3,India,Taiwan,1,0
India--Taiwan#tb,India--Taiwan,tb,2,Taiwan,Taiwan,0.310266,0.423686,3,India,Taiwan,1,0
Singapore--Taiwan#tb,Singapore--Taiwan,tb,1,Singapore,Singapore,0.429978,0.539306,3,Singapore,Taiwan,1,1
Singapore--Taiwan#tb,Singapore--Taiwan,tb,2,Taiwan,Taiwan,0.310266,0.423686,3,Singapore,Taiwan,1,1
Sweden--United Kingdom#tb,Sweden--United Kingdom,tb,1,Sweden,Sweden,0.304842,0.663705,3,Sweden,United Kingdom,1,0
Sweden--United Kingdom#tb,Sweden--United Kingdom,tb,2,United Kingdom,United Kingdom,0.355643,0.570016,3,Sweden,United Kingdom,1,0
Sweden--United States#tb,Sweden--United States,tb,1,Sweden,Sweden,0.304842,0.663705,3,Sweden,United States,1,0
Sweden--United States#tb,Sweden--United States,tb,2,United States,United States,0.440022,0.576858,3,Sweden,United States,1,0
Sweden--Viet Nam#tb,Sweden--Viet Nam,tb,1,Sweden,Sweden,0.304842,0.663705,3,Sweden,Viet Nam,1,0
Sweden--Viet Nam#tb,Sweden--Viet Nam,tb,2,Viet Nam,Viet Nam,0.306341,0.520662,3,Sweden,Viet Nam,1,0
Belgium--South Africa#tb,Belgium--South Africa,tb,1,Belgium,Belgium,0.487025,0.572301,3,Belgium,South Africa,1,0
Belgium--South Africa#tb,Belgium--South Africa,tb,2,South Africa,South Africa,0.354082,0.657729,3,Belgium,South Africa,1,0
Germany--South Africa#tb,Germany--South Africa,tb,1,Germany,Germany,0.479367,0.620904,3,Germany,South Africa,1,0
Germany--South Africa#tb,Germany--South Africa,tb,2,South Africa,South Africa,0.354082,0.657729,3,Germany,South Africa,1,0
Germany--United Kingdom#tb,Germany--United Kingdom,tb,1,Germany,Germany,0.479367,0.620904,3,Germany,United Kingdom,1,0
Germany--United Kingdom#tb,Germany--United Kingdom,tb,2,United Kingdom,United Kingdom,0.355643,0.570016,3,Germany,United Kingdom,1,0
Australia--Malaysia#vector_borne,Australia--Malaysia,vector_borne,1,Australia,Australia,0.390756,0.648197,2,Australia,Malaysia,1,0
Australia--Malaysia#vector_borne,Australia--Malaysia,vector_borne,2,Malaysia,Malaysia,0.277414,0.425437,2,Australia,Malaysia,1,0
Malaysia--Switzerland#vector_borne,Malaysia--Switzerland,vector_borne,1,Malaysia,Malaysia,0.277414,0.425437,2,Malaysia,Switzerland,1,0
Malaysia--Switzerland#vector_borne,Malaysia--Switzerland,vector_borne,2,Switzerland,Switzerland,0.407049,0.531378,2,Malaysia,Switzerland,1,0
Malaysia--Thailand#vector_borne,Malaysia--Thailand,vector_borne,1,Malaysia,Malaysia,0.277414,0.425437,2,Malaysia,Thailand,1,0
Malaysia--Thailand#vector_borne,Malaysia--Thailand,vector_borne,2,Thailand,Thailand,0.336992,0.46232,2,Malaysia,Thailand,1,0
Malaysia--United Kingdom#vector_borne,Malaysia--United Kingdom,vector_borne,1,Malaysia,Malaysia,0.277414,0.425437,2,Malaysia,United Kingdom,1,0
Malaysia--United Kingdom#vector_borne,Malaysia--United Kingdom,vector_borne,2,United Kingdom,United Kingdom,0.355643,0.570016,2,Malaysia,United Kingdom,1,0
Switzerland--Thailand#vector_borne,Switzerland--Thailand,vector_borne,1,Switzerland,Switzerland,0.407049,0.531378,2,Switzerland,Thailand,1,0
Switzerland--Thailand#vector_borne,Switzerland--Thailand,vector_borne,2,Thailand,Thailand,0.336992,0.46232,2,Switzerland,Thailand,1,0
Australia--Canada#tb,Australia--Canada,tb,1,Australia,Australia,0.390756,0.648197,2,Australia,Canada,1,0
Australia--Canada#tb,Australia--Canada,tb,2,Canada,Canada,0.429902,0.670838,2,Australia,Canada,1,0
Canada--Netherlands#tb,Canada--Netherlands,tb,1,Canada,Canada,0.429902,0.670838,2,Canada,Netherlands,1,0
Canada--Netherlands#tb,Canada--Netherlands,tb,2,Netherlands,Netherlands,0.442831,0.641991,2,Canada,Netherlands,1,0
China--Republic of Korea#rti,China--Republic of Korea,rti,1,China,China,0.331977,0.597918,2,China,Republic of Korea,1,0
China--Republic of Korea#rti,China--Republic of Korea,rti,2,Republic of Korea,Republic of Korea,0.226785,0.465839,2,China,Republic of Korea,1,0
France--Singapore#rti,France--Singapore,rti,1,France,France,0.37365,0.542016,2,France,Singapore,1,1
France--Singapore#rti,France--Singapore,rti,2,Singapore,Singapore,0.429978,0.539306,2,France,Singapore,1,1
China--Switzerland#vector_borne,China--Switzerland,vector_borne,1,China,China,0.331977,0.597918,2,China,Switzerland,1,0
China--Switzerland#vector_borne,China--Switzerland,vector_borne,2,Switzerland,Switzerland,0.407049,0.531378,2,China,Switzerland,1,0
Japan--United States#tb,Japan--United States,tb,1,Japan,Japan,0.302497,0.608095,2,Japan,United States,1,0
Japan--United States#tb,Japan--United States,tb,2,United States,United States,0.440022,0.576858,2,Japan,United States,1,0
Australia--Cambodia#sti,Australia--Cambodia,sti,1,Australia,Australia,0.390756,0.648197,2,Australia,Cambodia,1,0
Australia--Cambodia#sti,Australia--Cambodia,sti,2,Cambodia,Cambodia,0.216351,0.576345,2,Australia,Cambodia,1,0
Australia--China#sti,Australia--China,sti,1,Australia,Australia,0.390756,0.648197,2,Australia,China,1,0
Australia--China#sti,Australia--China,sti,2,China,China,0.331977,0.597918,2,Australia,China,1,0
Australia--India#sti,Australia--India,sti,1,Australia,Australia,0.390756,0.648197,2,Australia,India,1,0
Australia--India#sti,Australia--India,sti,2,India,India,0.397173,0.572838,2,Australia,India,1,0
Australia--Malaysia#sti,Australia--Malaysia,sti,1,Australia,Australia,0.390756,0.648197,2,Australia,Malaysia,1,0
Australia--Malaysia#sti,Australia--Malaysia,sti,2,Malaysia,Malaysia,0.277414,0.425437,2,Australia,Malaysia,1,0
Australia--Republic of Korea#sti,Australia--Republic of Korea,sti,1,Australia,Australia,0.390756,0.648197,2,Australia,Republic of Korea,1,0
Australia--Republic of Korea#sti,Australia--Republic of Korea,sti,2,Republic of Korea,Republic of Korea,0.226785,0.465839,2,Australia,Republic of Korea,1,0
Australia--Taiwan#sti,Australia--Taiwan,sti,1,Australia,Australia,0.390756,0.648197,2,Australia,Taiwan,1,0
Australia--Taiwan#sti,Australia--Taiwan,sti,2,Taiwan,Taiwan,0.310266,0.423686,2,Australia,Taiwan,1,0
China--Hong Kong SAR#sti,China--Hong Kong SAR,sti,1,China,China,0.331977,0.597918,2,China,Hong Kong SAR,1,0
China--Hong Kong SAR#sti,China--Hong Kong SAR,sti,2,Hong Kong SAR,Hong Kong SAR,0.172647,0.597281,2,China,Hong Kong SAR,1,0
China--Malaysia#sti,China--Malaysia,sti,1,China,China,0.331977,0.597918,2,China,Malaysia,1,0
China--Malaysia#sti,China--Malaysia,sti,2,Malaysia,Malaysia,0.277414,0.425437,2,China,Malaysia,1,0
China--Taiwan#sti,China--Taiwan,sti,1,China,China,0.331977,0.597918,2,China,Taiwan,1,0
China--Taiwan#sti,China--Taiwan,sti,2,Taiwan,Taiwan,0.310266,0.423686,2,China,Taiwan,1,0
China--Thailand#sti,China--Thailand,sti,1,China,China,0.331977,0.597918,2,China,Thailand,1,0
China--Thailand#sti,China--Thailand,sti,2,Thailand,Thailand,0.336992,0.46232,2,China,Thailand,1,0
China--Viet Nam#sti,China--Viet Nam,sti,1,China,China,0.331977,0.597918,2,China,Viet Nam,1,0
China--Viet Nam#sti,China--Viet Nam,sti,2,Viet Nam,Viet Nam,0.306341,0.520662,2,China,Viet Nam,1,0
Hong Kong SAR--Malaysia#sti,Hong Kong SAR--Malaysia,sti,1,Hong Kong SAR,Hong Kong SAR,0.172647,0.597281,2,Hong Kong SAR,Malaysia,1,0
Hong Kong SAR--Malaysia#sti,Hong Kong SAR--Malaysia,sti,2,Malaysia,Malaysia,0.277414,0.425437,2,Hong Kong SAR,Malaysia,1,0
Hong Kong SAR--Republic of Korea#sti,Hong Kong SAR--Republic of Korea,sti,1,Hong Kong SAR,Hong Kong SAR,0.172647,0.597281,2,Hong Kong SAR,Republic of Korea,1,0
Hong Kong SAR--Republic of Korea#sti,Hong Kong SAR--Republic of Korea,sti,2,Republic of Korea,Republic of Korea,0.226785,0.465839,2,Hong Kong SAR,Republic of Korea,1,0
India--Japan#sti,India--Japan,sti,1,India,India,0.397173,0.572838,2,India,Japan,1,0
India--Japan#sti,India--Japan,sti,2,Japan,Japan,0.302497,0.608095,2,India,Japan,1,0
India--Malaysia#sti,India--Malaysia,sti,1,India,India,0.397173,0.572838,2,India,Malaysia,1,0
India--Malaysia#sti,India--Malaysia,sti,2,Malaysia,Malaysia,0.277414,0.425437,2,India,Malaysia,1,0
India--Republic of Korea#sti,India--Republic of Korea,sti,1,India,India,0.397173,0.572838,2,India,Republic of Korea,1,0
India--Republic of Korea#sti,India--Republic of Korea,sti,2,Republic of Korea,Republic of Korea,0.226785,0.465839,2,India,Republic of Korea,1,0
India--Taiwan#sti,India--Taiwan,sti,1,India,India,0.397173,0.572838,2,India,Taiwan,1,0
India--Taiwan#sti,India--Taiwan,sti,2,Taiwan,Taiwan,0.310266,0.423686,2,India,Taiwan,1,0
India--Thailand#sti,India--Thailand,sti,1,India,India,0.397173,0.572838,2,India,Thailand,1,0
India--Thailand#sti,India--Thailand,sti,2,Thailand,Thailand,0.336992,0.46232,2,India,Thailand,1,0
India--Viet Nam#sti,India--Viet Nam,sti,1,India,India,0.397173,0.572838,2,India,Viet Nam,1,0
India--Viet Nam#sti,India--Viet Nam,sti,2,Viet Nam,Viet Nam,0.306341,0.520662,2,India,Viet Nam,1,0
Japan--Malaysia#sti,Japan--Malaysia,sti,1,Japan,Japan,0.302497,0.608095,2,Japan,Malaysia,1,0
Japan--Malaysia#sti,Japan--Malaysia,sti,2,Malaysia,Malaysia,0.277414,0.425437,2,Japan,Malaysia,1,0
Japan--Republic of Korea#sti,Japan--Republic of Korea,sti,1,Japan,Japan,0.302497,0.608095,2,Japan,Republic of Korea,1,0
Japan--Republic of Korea#sti,Japan--Republic of Korea,sti,2,Republic of Korea,Republic of Korea,0.226785,0.465839,2,Japan,Republic of Korea,1,0
Japan--Taiwan#sti,Japan--Taiwan,sti,1,Japan,Japan,0.302497,0.608095,2,Japan,Taiwan,1,0
Japan--Taiwan#sti,Japan--Taiwan,sti,2,Taiwan,Taiwan,0.310266,0.423686,2,Japan,Taiwan,1,0
Japan--Viet Nam#sti,Japan--Viet Nam,sti,1,Japan,Japan,0.302497,0.608095,2,Japan,Viet Nam,1,0
Japan--Viet Nam#sti,Japan--Viet Nam,sti,2,Viet Nam,Viet Nam,0.306341,0.520662,2,Japan,Viet Nam,1,0
Malaysia--Republic of Korea#sti,Malaysia--Republic of Korea,sti,1,Malaysia,Malaysia,0.277414,0.425437,2,Malaysia,Republic of Korea,1,0
Malaysia--Republic of Korea#sti,Malaysia--Republic of Korea,sti,2,Republic of Korea,Republic of Korea,0.226785,0.465839,2,Malaysia,Republic of Korea,1,0
Malaysia--Viet Nam#sti,Malaysia--Viet Nam,sti,1,Malaysia,Malaysia,0.277414,0.425437,2,Malaysia,Viet Nam,1,0
Malaysia--Viet Nam#sti,Malaysia--Viet Nam,sti,2,Viet Nam,Viet Nam,0.306341,0.520662,2,Malaysia,Viet Nam,1,0
Republic of Korea--Thailand#sti,Republic of Korea--Thailand,sti,1,Republic of Korea,Republic of Korea,0.226785,0.465839,2,Republic of Korea,Thailand,1,0
Republic of Korea--Thailand#sti,Republic of Korea--Thailand,sti,2,Thailand,Thailand,0.336992,0.46232,2,Republic of Korea,Thailand,1,0
Republic of Korea--Viet Nam#sti,Republic of Korea--Viet Nam,sti,1,Republic of Korea,Republic of Korea,0.226785,0.465839,2,Republic of Korea,Viet Nam,1,0
Republic of Korea--Viet Nam#sti,Republic of Korea--Viet Nam,sti,2,Viet Nam,Viet Nam,0.306341,0.520662,2,Republic of Korea,Viet Nam,1,0
Singapore--Viet Nam#sti,Singapore--Viet Nam,sti,1,Singapore,Singapore,0.429978,0.539306,2,Singapore,Viet Nam,1,1
Singapore--Viet Nam#sti,Singapore--Viet Nam,sti,2,Viet Nam,Viet Nam,0.306341,0.520662,2,Singapore,Viet Nam,1,1
Taiwan--Thailand#sti,Taiwan--Thailand,sti,1,Taiwan,Taiwan,0.310266,0.423686,2,Taiwan,Thailand,1,0
Taiwan--Thailand#sti,Taiwan--Thailand,sti,2,Thailand,Thailand,0.336992,0.46232,2,Taiwan,Thailand,1,0
Taiwan--Viet Nam#sti,Taiwan--Viet Nam,sti,1,Taiwan,Taiwan,0.310266,0.423686,2,Taiwan,Viet Nam,1,0
Taiwan--Viet Nam#sti,Taiwan--Viet Nam,sti,2,Viet Nam,Viet Nam,0.306341,0.520662,2,Taiwan,Viet Nam,1,0
Australia--Cambodia#amr_hai,Australia--Cambodia,amr_hai,1,Australia,Australia,0.390756,0.648197,2,Australia,Cambodia,1,0
Australia--Cambodia#amr_hai,Australia--Cambodia,amr_hai,2,Cambodia,Cambodia,0.216351,0.576345,2,Australia,Cambodia,1,0
Japan--Malaysia#vector_borne,Japan--Malaysia,vector_borne,1,Japan,Japan,0.302497,0.608095,2,Japan,Malaysia,1,0
Japan--Malaysia#vector_borne,Japan--Malaysia,vector_borne,2,Malaysia,Malaysia,0.277414,0.425437,2,Japan,Malaysia,1,0
Japan--United Kingdom#vector_borne,Japan--United Kingdom,vector_borne,1,Japan,Japan,0.302497,0.608095,2,Japan,United Kingdom,1,0
Japan--United Kingdom#vector_borne,Japan--United Kingdom,vector_borne,2,United Kingdom,United Kingdom,0.355643,0.570016,2,Japan,United Kingdom,1,0
Singapore--Viet Nam#vector_borne,Singapore--Viet Nam,vector_borne,1,Singapore,Singapore,0.429978,0.539306,2,Singapore,Viet Nam,1,1
Singapore--Viet Nam#vector_borne,Singapore--Viet Nam,vector_borne,2,Viet Nam,Viet Nam,0.306341,0.520662,2,Singapore,Viet Nam,1,1
United Kingdom--Viet Nam#vector_borne,United Kingdom--Viet Nam,vector_borne,1,United Kingdom,United Kingdom,0.355643,0.570016,2,United Kingdom,Viet Nam,1,0
United Kingdom--Viet Nam#vector_borne,United Kingdom--Viet Nam,vector_borne,2,Viet Nam,Viet Nam,0.306341,0.520662,2,United Kingdom,Viet Nam,1,0
Belgium--Singapore#rti,Belgium--Singapore,rti,1,Belgium,Belgium,0.487025,0.572301,2,Belgium,Singapore,1,1
Belgium--Singapore#rti,Belgium--Singapore,rti,2,Singapore,Singapore,0.429978,0.539306,2,Belgium,Singapore,1,1
Belgium--United Kingdom#rti,Belgium--United Kingdom,rti,1,Belgium,Belgium,0.487025,0.572301,2,Belgium,United Kingdom,1,0
Belgium--United Kingdom#rti,Belgium--United Kingdom,rti,2,United Kingdom,United Kingdom,0.355643,0.570016,2,Belgium,United Kingdom,1,0
Singapore--Switzerland#rti,Singapore--Switzerland,rti,1,Singapore,Singapore,0.429978,0.539306,2,Singapore,Switzerland,1,1
Singapore--Switzerland#rti,Singapore--Switzerland,rti,2,Switzerland,Switzerland,0.407049,0.531378,2,Singapore,Switzerland,1,1
Switzerland--United Kingdom#rti,Switzerland--United Kingdom,rti,1,Switzerland,Switzerland,0.407049,0.531378,2,Switzerland,United Kingdom,1,0
Switzerland--United Kingdom#rti,Switzerland--United Kingdom,rti,2,United Kingdom,United Kingdom,0.355643,0.570016,2,Switzerland,United Kingdom,1,0
Republic of Korea--Singapore#other_id,Republic of Korea--Singapore,other_id,1,Republic of Korea,Republic of Korea,0.226785,0.465839,2,Republic of Korea,Singapore,1,1
Republic of Korea--Singapore#other_id,Republic of Korea--Singapore,other_id,2,Singapore,Singapore,0.429978,0.539306,2,Republic of Korea,Singapore,1,1
United Kingdom--United States#other_id,United Kingdom--United States,other_id,1,United Kingdom,United Kingdom,0.355643,0.570016,2,United Kingdom,United States,1,0
United Kingdom--United States#other_id,United Kingdom--United States,other_id,2,United States,United States,0.440022,0.576858,2,United Kingdom,United States,1,0
China--Hong Kong SAR#rti,China--Hong Kong SAR,rti,1,China,China,0.331977,0.597918,2,China,Hong Kong SAR,1,0
China--Hong Kong SAR#rti,China--Hong Kong SAR,rti,2,Hong Kong SAR,Hong Kong SAR,0.172647,0.597281,2,China,Hong Kong SAR,1,0
China--Thailand#rti,China--Thailand,rti,1,China,China,0.331977,0.597918,2,China,Thailand,1,0
China--Thailand#rti,China--Thailand,rti,2,Thailand,Thailand,0.336992,0.46232,2,China,Thailand,1,0
Hong Kong SAR--Singapore#rti,Hong Kong SAR--Singapore,rti,1,Hong Kong SAR,Hong Kong SAR,0.172647,0.597281,2,Hong Kong SAR,Singapore,1,1
Hong Kong SAR--Singapore#rti,Hong Kong SAR--Singapore,rti,2,Singapore,Singapore,0.429978,0.539306,2,Hong Kong SAR,Singapore,1,1
Hong Kong SAR--United States#rti,Hong Kong SAR--United States,rti,1,Hong Kong SAR,Hong Kong SAR,0.172647,0.597281,2,Hong Kong SAR,United States,1,0
Hong Kong SAR--United States#rti,Hong Kong SAR--United States,rti,2,United States,United States,0.440022,0.576858,2,Hong Kong SAR,United States,1,0
China--Pakistan#amr_hai,China--Pakistan,amr_hai,1,China,China,0.331977,0.597918,2,China,Pakistan,1,0
China--Pakistan#amr_hai,China--Pakistan,amr_hai,2,Pakistan,Pakistan,0.35634,0.418637,2,China,Pakistan,1,0
Pakistan--Singapore#amr_hai,Pakistan--Singapore,amr_hai,1,Pakistan,Pakistan,0.35634,0.418637,2,Pakistan,Singapore,1,1
Pakistan--Singapore#amr_hai,Pakistan--Singapore,amr_hai,2,Singapore,Singapore,0.429978,0.539306,2,Pakistan,Singapore,1,1
Canada--Singapore#sti,Canada--Singapore,sti,1,Canada,Canada,0.429902,0.670838,2,Canada,Singapore,1,1
Canada--Singapore#sti,Canada--Singapore,sti,2,Singapore,Singapore,0.429978,0.539306,2,Canada,Singapore,1,1
Spain--United States#sti,Spain--United States,sti,1,Spain,Spain,0.55585,0.501818,2,Spain,United States,1,0
Spain--United States#sti,Spain--United States,sti,2,United States,United States,0.440022,0.576858,2,Spain,United States,1,0
China--Malaysia#amr_hai,China--Malaysia,amr_hai,1,China,China,0.331977,0.597918,2,China,Malaysia,1,0
China--Malaysia#amr_hai,China--Malaysia,amr_hai,2,Malaysia,Malaysia,0.277414,0.425437,2,China,Malaysia,1,0
India--Japan#amr_hai,India--Japan,amr_hai,1,India,India,0.397173,0.572838,2,India,Japan,1,0
India--Japan#amr_hai,India--Japan,amr_hai,2,Japan,Japan,0.302497,0.608095,2,India,Japan,1,0
India--Taiwan#amr_hai,India--Taiwan,amr_hai,1,India,India,0.397173,0.572838,2,India,Taiwan,1,0
India--Taiwan#amr_hai,India--Taiwan,amr_hai,2,Taiwan,Taiwan,0.310266,0.423686,2,India,Taiwan,1,0
India--Thailand#amr_hai,India--Thailand,amr_hai,1,India,India,0.397173,0.572838,2,India,Thailand,1,0
India--Thailand#amr_hai,India--Thailand,amr_hai,2,Thailand,Thailand,0.336992,0.46232,2,India,Thailand,1,0
Japan--Taiwan#amr_hai,Japan--Taiwan,amr_hai,1,Japan,Japan,0.302497,0.608095,2,Japan,Taiwan,1,0
Japan--Taiwan#amr_hai,Japan--Taiwan,amr_hai,2,Taiwan,Taiwan,0.310266,0.423686,2,Japan,Taiwan,1,0
Japan--Thailand#amr_hai,Japan--Thailand,amr_hai,1,Japan,Japan,0.302497,0.608095,2,Japan,Thailand,1,0
Japan--Thailand#amr_hai,Japan--Thailand,amr_hai,2,Thailand,Thailand,0.336992,0.46232,2,Japan,Thailand,1,0
Japan--United Kingdom#amr_hai,Japan--United Kingdom,amr_hai,1,Japan,Japan,0.302497,0.608095,2,Japan,United Kingdom,1,0
Japan--United Kingdom#amr_hai,Japan--United Kingdom,amr_hai,2,United Kingdom,United Kingdom,0.355643,0.570016,2,Japan,United Kingdom,1,0
Malaysia--Thailand#amr_hai,Malaysia--Thailand,amr_hai,1,Malaysia,Malaysia,0.277414,0.425437,2,Malaysia,Thailand,1,0
Malaysia--Thailand#amr_hai,Malaysia--Thailand,amr_hai,2,Thailand,Thailand,0.336992,0.46232,2,Malaysia,Thailand,1,0
Malaysia--United Kingdom#amr_hai,Malaysia--United Kingdom,amr_hai,1,Malaysia,Malaysia,0.277414,0.425437,2,Malaysia,United Kingdom,1,0
Malaysia--United Kingdom#amr_hai,Malaysia--United Kingdom,amr_hai,2,United Kingdom,United Kingdom,0.355643,0.570016,2,Malaysia,United Kingdom,1,0
Malaysia--Viet Nam#amr_hai,Malaysia--Viet Nam,amr_hai,1,Malaysia,Malaysia,0.277414,0.425437,2,Malaysia,Viet Nam,1,0
Malaysia--Viet Nam#amr_hai,Malaysia--Viet Nam,amr_hai,2,Viet Nam,Viet Nam,0.306341,0.520662,2,Malaysia,Viet Nam,1,0
Philippines--Thailand#amr_hai,Philippines--Thailand,amr_hai,1,Philippines,Philippines,0.403578,0.405159,2,Philippines,Thailand,1,0
Philippines--Thailand#amr_hai,Philippines--Thailand,amr_hai,2,Thailand,Thailand,0.336992,0.46232,2,Philippines,Thailand,1,0
Philippines--United Kingdom#amr_hai,Philippines--United Kingdom,amr_hai,1,Philippines,Philippines,0.403578,0.405159,2,Philippines,United Kingdom,1,0
Philippines--United Kingdom#amr_hai,Philippines--United Kingdom,amr_hai,2,United Kingdom,United Kingdom,0.355643,0.570016,2,Philippines,United Kingdom,1,0
Taiwan--Thailand#amr_hai,Taiwan--Thailand,amr_hai,1,Taiwan,Taiwan,0.310266,0.423686,2,Taiwan,Thailand,1,0
Taiwan--Thailand#amr_hai,Taiwan--Thailand,amr_hai,2,Thailand,Thailand,0.336992,0.46232,2,Taiwan,Thailand,1,0
Singapore--South Africa#sti,Singapore--South Africa,sti,1,Singapore,Singapore,0.429978,0.539306,2,Singapore,South Africa,1,1
Singapore--South Africa#sti,Singapore--South Africa,sti,2,South Africa,South Africa,0.354082,0.657729,2,Singapore,South Africa,1,1
South Africa--United Kingdom#sti,South Africa--United Kingdom,sti,1,South Africa,South Africa,0.354082,0.657729,2,South Africa,United Kingdom,1,0
South Africa--United Kingdom#sti,South Africa--United Kingdom,sti,2,United Kingdom,United Kingdom,0.355643,0.570016,2,South Africa,United Kingdom,1,0
New Zealand--United States#rti,New Zealand--United States,rti,1,New Zealand,New Zealand,0.267102,0.517173,2,New Zealand,United States,1,0
New Zealand--United States#rti,New Zealand--United States,rti,2,United States,United States,0.440022,0.576858,2,New Zealand,United States,1,0
Chile--Singapore#amr_hai,Chile--Singapore,amr_hai,1,Chile,Chile,0.722964,0.79092,2,Chile,Singapore,1,1
Chile--Singapore#amr_hai,Chile--Singapore,amr_hai,2,Singapore,Singapore,0.429978,0.539306,2,Chile,Singapore,1,1
Bangladesh--Indonesia#tb,Bangladesh--Indonesia,tb,1,Bangladesh,Bangladesh,0.325634,0.547236,2,Bangladesh,Indonesia,1,0
Bangladesh--Indonesia#tb,Bangladesh--Indonesia,tb,2,Indonesia,Indonesia,0.369414,0.492144,2,Bangladesh,Indonesia,1,0
Belgium--China#tb,Belgium--China,tb,1,Belgium,Belgium,0.487025,0.572301,2,Belgium,China,1,0
Belgium--China#tb,Belgium--China,tb,2,China,China,0.331977,0.597918,2,Belgium,China,1,0
Belgium--Denmark#tb,Belgium--Denmark,tb,1,Belgium,Belgium,0.487025,0.572301,2,Belgium,Denmark,1,0
Belgium--Denmark#tb,Belgium--Denmark,tb,2,Denmark,Denmark,0.44304,0.500047,2,Belgium,Denmark,1,0
Belgium--Ethiopia#tb,Belgium--Ethiopia,tb,1,Belgium,Belgium,0.487025,0.572301,2,Belgium,Ethiopia,1,0
Belgium--Ethiopia#tb,Belgium--Ethiopia,tb,2,Ethiopia,Ethiopia,0.413066,0.448775,2,Belgium,Ethiopia,1,0
Belgium--Indonesia#tb,Belgium--Indonesia,tb,1,Belgium,Belgium,0.487025,0.572301,2,Belgium,Indonesia,1,0
Belgium--Indonesia#tb,Belgium--Indonesia,tb,2,Indonesia,Indonesia,0.369414,0.492144,2,Belgium,Indonesia,1,0
Belgium--Pakistan#tb,Belgium--Pakistan,tb,1,Belgium,Belgium,0.487025,0.572301,2,Belgium,Pakistan,1,0
Belgium--Pakistan#tb,Belgium--Pakistan,tb,2,Pakistan,Pakistan,0.35634,0.418637,2,Belgium,Pakistan,1,0
China--Denmark#tb,China--Denmark,tb,1,China,China,0.331977,0.597918,2,China,Denmark,1,0
China--Denmark#tb,China--Denmark,tb,2,Denmark,Denmark,0.44304,0.500047,2,China,Denmark,1,0
China--France#tb,China--France,tb,1,China,China,0.331977,0.597918,2,China,France,1,0
China--France#tb,China--France,tb,2,France,France,0.37365,0.542016,2,China,France,1,0
China--Netherlands#tb,China--Netherlands,tb,1,China,China,0.331977,0.597918,2,China,Netherlands,1,0
China--Netherlands#tb,China--Netherlands,tb,2,Netherlands,Netherlands,0.442831,0.641991,2,China,Netherlands,1,0
China--Pakistan#tb,China--Pakistan,tb,1,China,China,0.331977,0.597918,2,China,Pakistan,1,0
China--Pakistan#tb,China--Pakistan,tb,2,Pakistan,Pakistan,0.35634,0.418637,2,China,Pakistan,1,0
China--Philippines#tb,China--Philippines,tb,1,China,China,0.331977,0.597918,2,China,Philippines,1,0
China--Philippines#tb,China--Philippines,tb,2,Philippines,Philippines,0.403578,0.405159,2,China,Philippines,1,0
China--United Kingdom#tb,China--United Kingdom,tb,1,China,China,0.331977,0.597918,2,China,United Kingdom,1,0
China--United Kingdom#tb,China--United Kingdom,tb,2,United Kingdom,United Kingdom,0.355643,0.570016,2,China,United Kingdom,1,0
Denmark--Ethiopia#tb,Denmark--Ethiopia,tb,1,Denmark,Denmark,0.44304,0.500047,2,Denmark,Ethiopia,1,0
Denmark--Ethiopia#tb,Denmark--Ethiopia,tb,2,Ethiopia,Ethiopia,0.413066,0.448775,2,Denmark,Ethiopia,1,0
Denmark--India#tb,Denmark--India,tb,1,Denmark,Denmark,0.44304,0.500047,2,Denmark,India,1,0
Denmark--India#tb,Denmark--India,tb,2,India,India,0.397173,0.572838,2,Denmark,India,1,0
Denmark--Indonesia#tb,Denmark--Indonesia,tb,1,Denmark,Denmark,0.44304,0.500047,2,Denmark,Indonesia,1,0
Denmark--Indonesia#tb,Denmark--Indonesia,tb,2,Indonesia,Indonesia,0.369414,0.492144,2,Denmark,Indonesia,1,0
Denmark--Netherlands#tb,Denmark--Netherlands,tb,1,Denmark,Denmark,0.44304,0.500047,2,Denmark,Netherlands,1,0
Denmark--Netherlands#tb,Denmark--Netherlands,tb,2,Netherlands,Netherlands,0.442831,0.641991,2,Denmark,Netherlands,1,0
Denmark--Pakistan#tb,Denmark--Pakistan,tb,1,Denmark,Denmark,0.44304,0.500047,2,Denmark,Pakistan,1,0
Denmark--Pakistan#tb,Denmark--Pakistan,tb,2,Pakistan,Pakistan,0.35634,0.418637,2,Denmark,Pakistan,1,0
Denmark--Switzerland#tb,Denmark--Switzerland,tb,1,Denmark,Denmark,0.44304,0.500047,2,Denmark,Switzerland,1,0
Denmark--Switzerland#tb,Denmark--Switzerland,tb,2,Switzerland,Switzerland,0.407049,0.531378,2,Denmark,Switzerland,1,0
Ethiopia--Netherlands#tb,Ethiopia--Netherlands,tb,1,Ethiopia,Ethiopia,0.413066,0.448775,2,Ethiopia,Netherlands,1,0
Ethiopia--Netherlands#tb,Ethiopia--Netherlands,tb,2,Netherlands,Netherlands,0.442831,0.641991,2,Ethiopia,Netherlands,1,0
France--Netherlands#tb,France--Netherlands,tb,1,France,France,0.37365,0.542016,2,France,Netherlands,1,0
France--Netherlands#tb,France--Netherlands,tb,2,Netherlands,Netherlands,0.442831,0.641991,2,France,Netherlands,1,0
India--Pakistan#tb,India--Pakistan,tb,1,India,India,0.397173,0.572838,2,India,Pakistan,1,0
India--Pakistan#tb,India--Pakistan,tb,2,Pakistan,Pakistan,0.35634,0.418637,2,India,Pakistan,1,0
Indonesia--Italy#tb,Indonesia--Italy,tb,1,Indonesia,Indonesia,0.369414,0.492144,2,Indonesia,Italy,1,0
Indonesia--Italy#tb,Indonesia--Italy,tb,2,Italy,Italy,0.491029,0.507028,2,Indonesia,Italy,1,0
Indonesia--Philippines#tb,Indonesia--Philippines,tb,1,Indonesia,Indonesia,0.369414,0.492144,2,Indonesia,Philippines,1,0
Indonesia--Philippines#tb,Indonesia--Philippines,tb,2,Philippines,Philippines,0.403578,0.405159,2,Indonesia,Philippines,1,0
Italy--Netherlands#tb,Italy--Netherlands,tb,1,Italy,Italy,0.491029,0.507028,2,Italy,Netherlands,1,0
Italy--Netherlands#tb,Italy--Netherlands,tb,2,Netherlands,Netherlands,0.442831,0.641991,2,Italy,Netherlands,1,0
Netherlands--Switzerland#tb,Netherlands--Switzerland,tb,1,Netherlands,Netherlands,0.442831,0.641991,2,Netherlands,Switzerland,1,0
Netherlands--Switzerland#tb,Netherlands--Switzerland,tb,2,Switzerland,Switzerland,0.407049,0.531378,2,Netherlands,Switzerland,1,0
Philippines--Switzerland#tb,Philippines--Switzerland,tb,1,Philippines,Philippines,0.403578,0.405159,2,Philippines,Switzerland,1,0
Philippines--Switzerland#tb,Philippines--Switzerland,tb,2,Switzerland,Switzerland,0.407049,0.531378,2,Philippines,Switzerland,1,0
Austria--Germany#amr_hai,Austria--Germany,amr_hai,1,Austria,Austria,0.630309,0.316021,2,Austria,Germany,1,0
Austria--Germany#amr_hai,Austria--Germany,amr_hai,2,Germany,Germany,0.479367,0.620904,2,Austria,Germany,1,0
Austria--Singapore#amr_hai,Austria--Singapore,amr_hai,1,Austria,Austria,0.630309,0.316021,2,Austria,Singapore,1,1
Austria--Singapore#amr_hai,Austria--Singapore,amr_hai,2,Singapore,Singapore,0.429978,0.539306,2,Austria,Singapore,1,1
Austria--Spain#amr_hai,Austria--Spain,amr_hai,1,Austria,Austria,0.630309,0.316021,2,Austria,Spain,1,0
Austria--Spain#amr_hai,Austria--Spain,amr_hai,2,Spain,Spain,0.55585,0.501818,2,Austria,Spain,1,0
Austria--United Kingdom#amr_hai,Austria--United Kingdom,amr_hai,1,Austria,Austria,0.630309,0.316021,2,Austria,United Kingdom,1,0
Austria--United Kingdom#amr_hai,Austria--United Kingdom,amr_hai,2,United Kingdom,United Kingdom,0.355643,0.570016,2,Austria,United Kingdom,1,0
Austria--United States#amr_hai,Austria--United States,amr_hai,1,Austria,Austria,0.630309,0.316021,2,Austria,United States,1,0
Austria--United States#amr_hai,Austria--United States,amr_hai,2,United States,United States,0.440022,0.576858,2,Austria,United States,1,0
Australia--South Africa#tb,Australia--South Africa,tb,1,Australia,Australia,0.390756,0.648197,2,Australia,South Africa,1,0
Australia--South Africa#tb,Australia--South Africa,tb,2,South Africa,South Africa,0.354082,0.657729,2,Australia,South Africa,1,0
Australia--Brazil#vector_borne,Australia--Brazil,vector_borne,1,Australia,Australia,0.390756,0.648197,2,Australia,Brazil,1,0
Australia--Brazil#vector_borne,Australia--Brazil,vector_borne,2,Brazil,Brazil,0.412471,0.61443,2,Australia,Brazil,1,0
Australia--Germany#vector_borne,Australia--Germany,vector_borne,1,Australia,Australia,0.390756,0.648197,2,Australia,Germany,1,0
Australia--Germany#vector_borne,Australia--Germany,vector_borne,2,Germany,Germany,0.479367,0.620904,2,Australia,Germany,1,0
Australia--United States#vector_borne,Australia--United States,vector_borne,1,Australia,Australia,0.390756,0.648197,2,Australia,United States,1,0
Australia--United States#vector_borne,Australia--United States,vector_borne,2,United States,United States,0.440022,0.576858,2,Australia,United States,1,0
Bangladesh--India#vector_borne,Bangladesh--India,vector_borne,1,Bangladesh,Bangladesh,0.325634,0.547236,2,Bangladesh,India,1,0
Bangladesh--India#vector_borne,Bangladesh--India,vector_borne,2,India,India,0.397173,0.572838,2,Bangladesh,India,1,0
Bangladesh--Singapore#vector_borne,Bangladesh--Singapore,vector_borne,1,Bangladesh,Bangladesh,0.325634,0.547236,2,Bangladesh,Singapore,1,1
Bangladesh--Singapore#vector_borne,Bangladesh--Singapore,vector_borne,2,Singapore,Singapore,0.429978,0.539306,2,Bangladesh,Singapore,1,1
Brazil--Switzerland#vector_borne,Brazil--Switzerland,vector_borne,1,Brazil,Brazil,0.412471,0.61443,2,Brazil,Switzerland,1,0
Brazil--Switzerland#vector_borne,Brazil--Switzerland,vector_borne,2,Switzerland,Switzerland,0.407049,0.531378,2,Brazil,Switzerland,1,0
Brazil--United Kingdom#vector_borne,Brazil--United Kingdom,vector_borne,1,Brazil,Brazil,0.412471,0.61443,2,Brazil,United Kingdom,1,0
Brazil--United Kingdom#vector_borne,Brazil--United Kingdom,vector_borne,2,United Kingdom,United Kingdom,0.355643,0.570016,2,Brazil,United Kingdom,1,0
Canada--Singapore#vector_borne,Canada--Singapore,vector_borne,1,Canada,Canada,0.429902,0.670838,2,Canada,Singapore,1,1
Canada--Singapore#vector_borne,Canada--Singapore,vector_borne,2,Singapore,Singapore,0.429978,0.539306,2,Canada,Singapore,1,1
Canada--Switzerland#vector_borne,Canada--Switzerland,vector_borne,1,Canada,Canada,0.429902,0.670838,2,Canada,Switzerland,1,0
Canada--Switzerland#vector_borne,Canada--Switzerland,vector_borne,2,Switzerland,Switzerland,0.407049,0.531378,2,Canada,Switzerland,1,0
Canada--United Kingdom#vector_borne,Canada--United Kingdom,vector_borne,1,Canada,Canada,0.429902,0.670838,2,Canada,United Kingdom,1,0
Canada--United Kingdom#vector_borne,Canada--United Kingdom,vector_borne,2,United Kingdom,United Kingdom,0.355643,0.570016,2,Canada,United Kingdom,1,0
Canada--United States#vector_borne,Canada--United States,vector_borne,1,Canada,Canada,0.429902,0.670838,2,Canada,United States,1,0
Canada--United States#vector_borne,Canada--United States,vector_borne,2,United States,United States,0.440022,0.576858,2,Canada,United States,1,0
China--Germany#vector_borne,China--Germany,vector_borne,1,China,China,0.331977,0.597918,2,China,Germany,1,0
China--Germany#vector_borne,China--Germany,vector_borne,2,Germany,Germany,0.479367,0.620904,2,China,Germany,1,0
China--United States#vector_borne,China--United States,vector_borne,1,China,China,0.331977,0.597918,2,China,United States,1,0
China--United States#vector_borne,China--United States,vector_borne,2,United States,United States,0.440022,0.576858,2,China,United States,1,0
Germany--Singapore#vector_borne,Germany--Singapore,vector_borne,1,Germany,Germany,0.479367,0.620904,2,Germany,Singapore,1,1
Germany--Singapore#vector_borne,Germany--Singapore,vector_borne,2,Singapore,Singapore,0.429978,0.539306,2,Germany,Singapore,1,1
Singapore--South Africa#vector_borne,Singapore--South Africa,vector_borne,1,Singapore,Singapore,0.429978,0.539306,2,Singapore,South Africa,1,1
Singapore--South Africa#vector_borne,Singapore--South Africa,vector_borne,2,South Africa,South Africa,0.354082,0.657729,2,Singapore,South Africa,1,1
South Africa--United Kingdom#vector_borne,South Africa--United Kingdom,vector_borne,1,South Africa,South Africa,0.354082,0.657729,2,South Africa,United Kingdom,1,0
South Africa--United Kingdom#vector_borne,South Africa--United Kingdom,vector_borne,2,United Kingdom,United Kingdom,0.355643,0.570016,2,South Africa,United Kingdom,1,0
Australia--Germany#amr_hai,Australia--Germany,amr_hai,1,Australia,Australia,0.390756,0.648197,2,Australia,Germany,1,0
Australia--Germany#amr_hai,Australia--Germany,amr_hai,2,Germany,Germany,0.479367,0.620904,2,Australia,Germany,1,0
Australia--India#amr_hai,Australia--India,amr_hai,1,Australia,Australia,0.390756,0.648197,2,Australia,India,1,0
Australia--India#amr_hai,Australia--India,amr_hai,2,India,India,0.397173,0.572838,2,Australia,India,1,0
Australia--Netherlands#amr_hai,Australia--Netherlands,amr_hai,1,Australia,Australia,0.390756,0.648197,2,Australia,Netherlands,1,0
Australia--Netherlands#amr_hai,Australia--Netherlands,amr_hai,2,Netherlands,Netherlands,0.442831,0.641991,2,Australia,Netherlands,1,0
India--Netherlands#amr_hai,India--Netherlands,amr_hai,1,India,India,0.397173,0.572838,2,India,Netherlands,1,0
India--Netherlands#amr_hai,India--Netherlands,amr_hai,2,Netherlands,Netherlands,0.442831,0.641991,2,India,Netherlands,1,0
Denmark--Singapore#rti,Denmark--Singapore,rti,1,Denmark,Denmark,0.44304,0.500047,2,Denmark,Singapore,1,1
Denmark--Singapore#rti,Denmark--Singapore,rti,2,Singapore,Singapore,0.429978,0.539306,2,Denmark,Singapore,1,1
Denmark--United Kingdom#rti,Denmark--United Kingdom,rti,1,Denmark,Denmark,0.44304,0.500047,2,Denmark,United Kingdom,1,0
Denmark--United Kingdom#rti,Denmark--United Kingdom,rti,2,United Kingdom,United Kingdom,0.355643,0.570016,2,Denmark,United Kingdom,1,0
Germany--United Kingdom#rti,Germany--United Kingdom,rti,1,Germany,Germany,0.479367,0.620904,2,Germany,United Kingdom,1,0
Germany--United Kingdom#rti,Germany--United Kingdom,rti,2,United Kingdom,United Kingdom,0.355643,0.570016,2,Germany,United Kingdom,1,0
Republic of Korea--Singapore#tb,Republic of Korea--Singapore,tb,1,Republic of Korea,Republic of Korea,0.226785,0.465839,2,Republic of Korea,Singapore,1,1
Republic of Korea--Singapore#tb,Republic of Korea--Singapore,tb,2,Singapore,Singapore,0.429978,0.539306,2,Republic of Korea,Singapore,1,1
China--Sweden#tb,China--Sweden,tb,1,China,China,0.331977,0.597918,2,China,Sweden,1,0
China--Sweden#tb,China--Sweden,tb,2,Sweden,Sweden,0.304842,0.663705,2,China,Sweden,1,0
Australia--Japan#rti,Australia--Japan,rti,1,Australia,Australia,0.390756,0.648197,2,Australia,Japan,1,0
Australia--Japan#rti,Australia--Japan,rti,2,Japan,Japan,0.302497,0.608095,2,Australia,Japan,1,0
China--Japan#rti,China--Japan,rti,1,China,China,0.331977,0.597918,2,China,Japan,1,0
China--Japan#rti,China--Japan,rti,2,Japan,Japan,0.302497,0.608095,2,China,Japan,1,0
Japan--New Zealand#rti,Japan--New Zealand,rti,1,Japan,Japan,0.302497,0.608095,2,Japan,New Zealand,1,0
Japan--New Zealand#rti,Japan--New Zealand,rti,2,New Zealand,New Zealand,0.267102,0.517173,2,Japan,New Zealand,1,0
Malaysia--Singapore#rti,Malaysia--Singapore,rti,1,Malaysia,Malaysia,0.277414,0.425437,2,Malaysia,Singapore,1,1
Malaysia--Singapore#rti,Malaysia--Singapore,rti,2,Singapore,Singapore,0.429978,0.539306,2,Malaysia,Singapore,1,1
Australia--Netherlands#rti,Australia--Netherlands,rti,1,Australia,Australia,0.390756,0.648197,2,Australia,Netherlands,1,0
Australia--Netherlands#rti,Australia--Netherlands,rti,2,Netherlands,Netherlands,0.442831,0.641991,2,Australia,Netherlands,1,0
Australia--United States#rti,Australia--United States,rti,1,Australia,Australia,0.390756,0.648197,2,Australia,United States,1,0
Australia--United States#rti,Australia--United States,rti,2,United States,United States,0.440022,0.576858,2,Australia,United States,1,0
China--Netherlands#rti,China--Netherlands,rti,1,China,China,0.331977,0.597918,2,China,Netherlands,1,0
China--Netherlands#rti,China--Netherlands,rti,2,Netherlands,Netherlands,0.442831,0.641991,2,China,Netherlands,1,0
Netherlands--United Kingdom#rti,Netherlands--United Kingdom,rti,1,Netherlands,Netherlands,0.442831,0.641991,2,Netherlands,United Kingdom,1,0
Netherlands--United Kingdom#rti,Netherlands--United Kingdom,rti,2,United Kingdom,United Kingdom,0.355643,0.570016,2,Netherlands,United Kingdom,1,0
Thailand--United Kingdom#rti,Thailand--United Kingdom,rti,1,Thailand,Thailand,0.336992,0.46232,2,Thailand,United Kingdom,1,0
Thailand--United Kingdom#rti,Thailand--United Kingdom,rti,2,United Kingdom,United Kingdom,0.355643,0.570016,2,Thailand,United Kingdom,1,0
Australia--Italy#amr_hai,Australia--Italy,amr_hai,1,Australia,Australia,0.390756,0.648197,2,Australia,Italy,1,0
Australia--Italy#amr_hai,Australia--Italy,amr_hai,2,Italy,Italy,0.491029,0.507028,2,Australia,Italy,1,0
France--United Kingdom#vector_borne,France--United Kingdom,vector_borne,1,France,France,0.37365,0.542016,2,France,United Kingdom,1,0
France--United Kingdom#vector_borne,France--United Kingdom,vector_borne,2,United Kingdom,United Kingdom,0.355643,0.570016,2,France,United Kingdom,1,0
Canada--China#tb,Canada--China,tb,1,Canada,Canada,0.429902,0.670838,2,Canada,China,1,0
Canada--China#tb,Canada--China,tb,2,China,China,0.331977,0.597918,2,Canada,China,1,0
Singapore--Switzerland#other_id,Singapore--Switzerland,other_id,1,Singapore,Singapore,0.429978,0.539306,2,Singapore,Switzerland,1,1
Singapore--Switzerland#other_id,Singapore--Switzerland,other_id,2,Switzerland,Switzerland,0.407049,0.531378,2,Singapore,Switzerland,1,1
Switzerland--United States#other_id,Switzerland--United States,other_id,1,Switzerland,Switzerland,0.407049,0.531378,2,Switzerland,United States,1,0
Switzerland--United States#other_id,Switzerland--United States,other_id,2,United States,United States,0.440022,0.576858,2,Switzerland,United States,1,0
Australia--New Zealand#amr_hai,Australia--New Zealand,amr_hai,1,Australia,Australia,0.390756,0.648197,2,Australia,New Zealand,1,0
Australia--New Zealand#amr_hai,Australia--New Zealand,amr_hai,2,New Zealand,New Zealand,0.267102,0.517173,2,Australia,New Zealand,1,0
New Zealand--Singapore#amr_hai,New Zealand--Singapore,amr_hai,1,New Zealand,New Zealand,0.267102,0.517173,2,New Zealand,Singapore,1,1
New Zealand--Singapore#amr_hai,New Zealand--Singapore,amr_hai,2,Singapore,Singapore,0.429978,0.539306,2,New Zealand,Singapore,1,1
Australia--Nepal#tb,Australia--Nepal,tb,1,Australia,Australia,0.390756,0.648197,2,Australia,Nepal,1,0
Australia--Nepal#tb,Australia--Nepal,tb,2,Nepal,Nepal,0.224864,0.407765,2,Australia,Nepal,1,0
Nepal--Singapore#tb,Nepal--Singapore,tb,1,Nepal,Nepal,0.224864,0.407765,2,Nepal,Singapore,1,1
Nepal--Singapore#tb,Nepal--Singapore,tb,2,Singapore,Singapore,0.429978,0.539306,2,Nepal,Singapore,1,1
Nepal--United Kingdom#tb,Nepal--United Kingdom,tb,1,Nepal,Nepal,0.224864,0.407765,2,Nepal,United Kingdom,1,0
Nepal--United Kingdom#tb,Nepal--United Kingdom,tb,2,United Kingdom,United Kingdom,0.355643,0.570016,2,Nepal,United Kingdom,1,0
Nepal--United States#tb,Nepal--United States,tb,1,Nepal,Nepal,0.224864,0.407765,2,Nepal,United States,1,0
Nepal--United States#tb,Nepal--United States,tb,2,United States,United States,0.440022,0.576858,2,Nepal,United States,1,0
Nepal--Viet Nam#tb,Nepal--Viet Nam,tb,1,Nepal,Nepal,0.224864,0.407765,2,Nepal,Viet Nam,1,0
Nepal--Viet Nam#tb,Nepal--Viet Nam,tb,2,Viet Nam,Viet Nam,0.306341,0.520662,2,Nepal,Viet Nam,1,0
France--Thailand#vector_borne,France--Thailand,vector_borne,1,France,France,0.37365,0.542016,2,France,Thailand,1,0
France--Thailand#vector_borne,France--Thailand,vector_borne,2,Thailand,Thailand,0.336992,0.46232,2,France,Thailand,1,0
France--United States#vector_borne,France--United States,vector_borne,1,France,France,0.37365,0.542016,2,France,United States,1,0
France--United States#vector_borne,France--United States,vector_borne,2,United States,United States,0.440022,0.576858,2,France,United States,1,0
New Zealand--Thailand#vector_borne,New Zealand--Thailand,vector_borne,1,New Zealand,New Zealand,0.267102,0.517173,2,New Zealand,Thailand,1,0
New Zealand--Thailand#vector_borne,New Zealand--Thailand,vector_borne,2,Thailand,Thailand,0.336992,0.46232,2,New Zealand,Thailand,1,0
Thailand--United States#vector_borne,Thailand--United States,vector_borne,1,Thailand,Thailand,0.336992,0.46232,2,Thailand,United States,1,0
Thailand--United States#vector_borne,Thailand--United States,vector_borne,2,United States,United States,0.440022,0.576858,2,Thailand,United States,1,0
Nepal--Singapore#other_id,Nepal--Singapore,other_id,1,Nepal,Nepal,0.224864,0.407765,2,Nepal,Singapore,1,1
Nepal--Singapore#other_id,Nepal--Singapore,other_id,2,Singapore,Singapore,0.429978,0.539306,2,Nepal,Singapore,1,1
Nepal--United Kingdom#other_id,Nepal--United Kingdom,other_id,1,Nepal,Nepal,0.224864,0.407765,2,Nepal,United Kingdom,1,0
Nepal--United Kingdom#other_id,Nepal--United Kingdom,other_id,2,United Kingdom,United Kingdom,0.355643,0.570016,2,Nepal,United Kingdom,1,0
Australia--Belgium#tb,Australia--Belgium,tb,1,Australia,Australia,0.390756,0.648197,2,Australia,Belgium,1,0
Australia--Belgium#tb,Australia--Belgium,tb,2,Belgium,Belgium,0.487025,0.572301,2,Australia,Belgium,1,0
Australia--India#tb,Australia--India,tb,1,Australia,Australia,0.390756,0.648197,2,Australia,India,1,0
Australia--India#tb,Australia--India,tb,2,India,India,0.397173,0.572838,2,Australia,India,1,0
Australia--Switzerland#tb,Australia--Switzerland,tb,1,Australia,Australia,0.390756,0.648197,2,Australia,Switzerland,1,0
Australia--Switzerland#tb,Australia--Switzerland,tb,2,Switzerland,Switzerland,0.407049,0.531378,2,Australia,Switzerland,1,0
Philippines--Singapore#vector_borne,Philippines--Singapore,vector_borne,1,Philippines,Philippines,0.403578,0.405159,2,Philippines,Singapore,1,1
Philippines--Singapore#vector_borne,Philippines--Singapore,vector_borne,2,Singapore,Singapore,0.429978,0.539306,2,Philippines,Singapore,1,1
Philippines--Thailand#vector_borne,Philippines--Thailand,vector_borne,1,Philippines,Philippines,0.403578,0.405159,2,Philippines,Thailand,1,0
Philippines--Thailand#vector_borne,Philippines--Thailand,vector_borne,2,Thailand,Thailand,0.336992,0.46232,2,Philippines,Thailand,1,0
Canada--Italy#tb,Canada--Italy,tb,1,Canada,Canada,0.429902,0.670838,2,Canada,Italy,1,0
Canada--Italy#tb,Canada--Italy,tb,2,Italy,Italy,0.491029,0.507028,2,Canada,Italy,1,0
Singapore--Thailand#other_id,Singapore--Thailand,other_id,1,Singapore,Singapore,0.429978,0.539306,2,Singapore,Thailand,1,1
Singapore--Thailand#other_id,Singapore--Thailand,other_id,2,Thailand,Thailand,0.336992,0.46232,2,Singapore,Thailand,1,1
China--United States#amr_hai,China--United States,amr_hai,1,China,China,0.331977,0.597918,2,China,United States,1,0
China--United States#amr_hai,China--United States,amr_hai,2,United States,United States,0.440022,0.576858,2,China,United States,1,0
Canada--Myanmar#tb,Canada--Myanmar,tb,1,Canada,Canada,0.429902,0.670838,2,Canada,Myanmar,1,0
Canada--Myanmar#tb,Canada--Myanmar,tb,2,Myanmar,Myanmar,0.19157,0.500134,2,Canada,Myanmar,1,0
France--Netherlands#amr_hai,France--Netherlands,amr_hai,1,France,France,0.37365,0.542016,2,France,Netherlands,1,0
France--Netherlands#amr_hai,France--Netherlands,amr_hai,2,Netherlands,Netherlands,0.442831,0.641991,2,France,Netherlands,1,0
France--Portugal#amr_hai,France--Portugal,amr_hai,1,France,France,0.37365,0.542016,2,France,Portugal,1,0
France--Portugal#amr_hai,France--Portugal,amr_hai,2,Portugal,Portugal,0.571774,0.657031,2,France,Portugal,1,0
France--Spain#amr_hai,France--Spain,amr_hai,1,France,France,0.37365,0.542016,2,France,Spain,1,0
France--Spain#amr_hai,France--Spain,amr_hai,2,Spain,Spain,0.55585,0.501818,2,France,Spain,1,0
Italy--Portugal#amr_hai,Italy--Portugal,amr_hai,1,Italy,Italy,0.491029,0.507028,2,Italy,Portugal,1,0
Italy--Portugal#amr_hai,Italy--Portugal,amr_hai,2,Portugal,Portugal,0.571774,0.657031,2,Italy,Portugal,1,0
Italy--Spain#amr_hai,Italy--Spain,amr_hai,1,Italy,Italy,0.491029,0.507028,2,Italy,Spain,1,0
Italy--Spain#amr_hai,Italy--Spain,amr_hai,2,Spain,Spain,0.55585,0.501818,2,Italy,Spain,1,0
Portugal--Singapore#amr_hai,Portugal--Singapore,amr_hai,1,Portugal,Portugal,0.571774,0.657031,2,Portugal,Singapore,1,1
Portugal--Singapore#amr_hai,Portugal--Singapore,amr_hai,2,Singapore,Singapore,0.429978,0.539306,2,Portugal,Singapore,1,1
Portugal--Spain#amr_hai,Portugal--Spain,amr_hai,1,Portugal,Portugal,0.571774,0.657031,2,Portugal,Spain,1,0
Portugal--Spain#amr_hai,Portugal--Spain,amr_hai,2,Spain,Spain,0.55585,0.501818,2,Portugal,Spain,1,0
Portugal--United Kingdom#amr_hai,Portugal--United Kingdom,amr_hai,1,Portugal,Portugal,0.571774,0.657031,2,Portugal,United Kingdom,1,0
Portugal--United Kingdom#amr_hai,Portugal--United Kingdom,amr_hai,2,United Kingdom,United Kingdom,0.355643,0.570016,2,Portugal,United Kingdom,1,0
Cambodia--Singapore#rti,Cambodia--Singapore,rti,1,Cambodia,Cambodia,0.216351,0.576345,2,Cambodia,Singapore,1,1
Cambodia--Singapore#rti,Cambodia--Singapore,rti,2,Singapore,Singapore,0.429978,0.539306,2,Cambodia,Singapore,1,1
Canada--Denmark#tb,Canada--Denmark,tb,1,Canada,Canada,0.429902,0.670838,2,Canada,Denmark,1,0
Canada--Denmark#tb,Canada--Denmark,tb,2,Denmark,Denmark,0.44304,0.500047,2,Canada,Denmark,1,0
Canada--Haiti#tb,Canada--Haiti,tb,1,Canada,Canada,0.429902,0.670838,2,Canada,Haiti,1,0
Canada--Haiti#tb,Canada--Haiti,tb,2,Haiti,Haiti,0.197232,0.540579,2,Canada,Haiti,1,0
Denmark--South Africa#tb,Denmark--South Africa,tb,1,Denmark,Denmark,0.44304,0.500047,2,Denmark,South Africa,1,0
Denmark--South Africa#tb,Denmark--South Africa,tb,2,South Africa,South Africa,0.354082,0.657729,2,Denmark,South Africa,1,0
Denmark--Viet Nam#tb,Denmark--Viet Nam,tb,1,Denmark,Denmark,0.44304,0.500047,2,Denmark,Viet Nam,1,0
Denmark--Viet Nam#tb,Denmark--Viet Nam,tb,2,Viet Nam,Viet Nam,0.306341,0.520662,2,Denmark,Viet Nam,1,0
Ethiopia--Viet Nam#tb,Ethiopia--Viet Nam,tb,1,Ethiopia,Ethiopia,0.413066,0.448775,2,Ethiopia,Viet Nam,1,0
Ethiopia--Viet Nam#tb,Ethiopia--Viet Nam,tb,2,Viet Nam,Viet Nam,0.306341,0.520662,2,Ethiopia,Viet Nam,1,0
Haiti--Indonesia#tb,Haiti--Indonesia,tb,1,Haiti,Haiti,0.197232,0.540579,2,Haiti,Indonesia,1,0
Haiti--Indonesia#tb,Haiti--Indonesia,tb,2,Indonesia,Indonesia,0.369414,0.492144,2,Haiti,Indonesia,1,0
Haiti--South Africa#tb,Haiti--South Africa,tb,1,Haiti,Haiti,0.197232,0.540579,2,Haiti,South Africa,1,0
Haiti--South Africa#tb,Haiti--South Africa,tb,2,South Africa,South Africa,0.354082,0.657729,2,Haiti,South Africa,1,0
Haiti--Switzerland#tb,Haiti--Switzerland,tb,1,Haiti,Haiti,0.197232,0.540579,2,Haiti,Switzerland,1,0
Haiti--Switzerland#tb,Haiti--Switzerland,tb,2,Switzerland,Switzerland,0.407049,0.531378,2,Haiti,Switzerland,1,0
Haiti--Viet Nam#tb,Haiti--Viet Nam,tb,1,Haiti,Haiti,0.197232,0.540579,2,Haiti,Viet Nam,1,0
Haiti--Viet Nam#tb,Haiti--Viet Nam,tb,2,Viet Nam,Viet Nam,0.306341,0.520662,2,Haiti,Viet Nam,1,0
Indonesia--Viet Nam#tb,Indonesia--Viet Nam,tb,1,Indonesia,Indonesia,0.369414,0.492144,2,Indonesia,Viet Nam,1,0
Indonesia--Viet Nam#tb,Indonesia--Viet Nam,tb,2,Viet Nam,Viet Nam,0.306341,0.520662,2,Indonesia,Viet Nam,1,0
Singapore--Taiwan#rti,Singapore--Taiwan,rti,1,Singapore,Singapore,0.429978,0.539306,2,Singapore,Taiwan,1,1
Singapore--Taiwan#rti,Singapore--Taiwan,rti,2,Taiwan,Taiwan,0.310266,0.423686,2,Singapore,Taiwan,1,1
China--France#vector_borne,China--France,vector_borne,1,China,China,0.331977,0.597918,2,China,France,1,0
China--France#vector_borne,China--France,vector_borne,2,France,France,0.37365,0.542016,2,China,France,1,0
Australia--South Africa#amr_hai,Australia--South Africa,amr_hai,1,Australia,Australia,0.390756,0.648197,2,Australia,South Africa,1,0
Australia--South Africa#amr_hai,Australia--South Africa,amr_hai,2,South Africa,South Africa,0.354082,0.657729,2,Australia,South Africa,1,0
Australia--Spain#amr_hai,Australia--Spain,amr_hai,1,Australia,Australia,0.390756,0.648197,2,Australia,Spain,1,0
Australia--Spain#amr_hai,Australia--Spain,amr_hai,2,Spain,Spain,0.55585,0.501818,2,Australia,Spain,1,0
Singapore--South Africa#amr_hai,Singapore--South Africa,amr_hai,1,Singapore,Singapore,0.429978,0.539306,2,Singapore,South Africa,1,1
Singapore--South Africa#amr_hai,Singapore--South Africa,amr_hai,2,South Africa,South Africa,0.354082,0.657729,2,Singapore,South Africa,1,1
South Africa--United Kingdom#amr_hai,South Africa--United Kingdom,amr_hai,1,South Africa,South Africa,0.354082,0.657729,2,South Africa,United Kingdom,1,0
South Africa--United Kingdom#amr_hai,South Africa--United Kingdom,amr_hai,2,United Kingdom,United Kingdom,0.355643,0.570016,2,South Africa,United Kingdom,1,0
Australia--Japan#amr_hai,Australia--Japan,amr_hai,1,Australia,Australia,0.390756,0.648197,2,Australia,Japan,1,0
Australia--Japan#amr_hai,Australia--Japan,amr_hai,2,Japan,Japan,0.302497,0.608095,2,Australia,Japan,1,0
Malaysia--Philippines#tb,Malaysia--Philippines,tb,1,Malaysia,Malaysia,0.277414,0.425437,2,Malaysia,Philippines,1,0
Malaysia--Philippines#tb,Malaysia--Philippines,tb,2,Philippines,Philippines,0.403578,0.405159,2,Malaysia,Philippines,1,0
Malaysia--Singapore#tb,Malaysia--Singapore,tb,1,Malaysia,Malaysia,0.277414,0.425437,2,Malaysia,Singapore,1,1
Malaysia--Singapore#tb,Malaysia--Singapore,tb,2,Singapore,Singapore,0.429978,0.539306,2,Malaysia,Singapore,1,1
Australia--Canada#amr_hai,Australia--Canada,amr_hai,1,Australia,Australia,0.390756,0.648197,2,Australia,Canada,1,0
Australia--Canada#amr_hai,Australia--Canada,amr_hai,2,Canada,Canada,0.429902,0.670838,2,Australia,Canada,1,0
Australia--Israel#amr_hai,Australia--Israel,amr_hai,1,Australia,Australia,0.390756,0.648197,2,Australia,Israel,1,0
Australia--Israel#amr_hai,Australia--Israel,amr_hai,2,Israel,Israel,0.535226,0.714031,2,Australia,Israel,1,0
Canada--France#amr_hai,Canada--France,amr_hai,1,Canada,Canada,0.429902,0.670838,2,Canada,France,1,0
Canada--France#amr_hai,Canada--France,amr_hai,2,France,France,0.37365,0.542016,2,Canada,France,1,0
Canada--Israel#amr_hai,Canada--Israel,amr_hai,1,Canada,Canada,0.429902,0.670838,2,Canada,Israel,1,0
Canada--Israel#amr_hai,Canada--Israel,amr_hai,2,Israel,Israel,0.535226,0.714031,2,Canada,Israel,1,0
Canada--Singapore#amr_hai,Canada--Singapore,amr_hai,1,Canada,Canada,0.429902,0.670838,2,Canada,Singapore,1,1
Canada--Singapore#amr_hai,Canada--Singapore,amr_hai,2,Singapore,Singapore,0.429978,0.539306,2,Canada,Singapore,1,1
Canada--United Kingdom#amr_hai,Canada--United Kingdom,amr_hai,1,Canada,Canada,0.429902,0.670838,2,Canada,United Kingdom,1,0
Canada--United Kingdom#amr_hai,Canada--United Kingdom,amr_hai,2,United Kingdom,United Kingdom,0.355643,0.570016,2,Canada,United Kingdom,1,0
France--Israel#amr_hai,France--Israel,amr_hai,1,France,France,0.37365,0.542016,2,France,Israel,1,0
France--Israel#amr_hai,France--Israel,amr_hai,2,Israel,Israel,0.535226,0.714031,2,France,Israel,1,0
Israel--Singapore#amr_hai,Israel--Singapore,amr_hai,1,Israel,Israel,0.535226,0.714031,2,Israel,Singapore,1,1
Israel--Singapore#amr_hai,Israel--Singapore,amr_hai,2,Singapore,Singapore,0.429978,0.539306,2,Israel,Singapore,1,1
Israel--United Kingdom#amr_hai,Israel--United Kingdom,amr_hai,1,Israel,Israel,0.535226,0.714031,2,Israel,United Kingdom,1,0
Israel--United Kingdom#amr_hai,Israel--United Kingdom,amr_hai,2,United Kingdom,United Kingdom,0.355643,0.570016,2,Israel,United Kingdom,1,0
Japan--United States#amr_hai,Japan--United States,amr_hai,1,Japan,Japan,0.302497,0.608095,2,Japan,United States,1,0
Japan--United States#amr_hai,Japan--United States,amr_hai,2,United States,United States,0.440022,0.576858,2,Japan,United States,1,0
Mongolia--Singapore#tb,Mongolia--Singapore,tb,1,Mongolia,Mongolia,0.328662,0.366715,2,Mongolia,Singapore,1,1
Mongolia--Singapore#tb,Mongolia--Singapore,tb,2,Singapore,Singapore,0.429978,0.539306,2,Mongolia,Singapore,1,1
Mongolia--United Kingdom#tb,Mongolia--United Kingdom,tb,1,Mongolia,Mongolia,0.328662,0.366715,2,Mongolia,United Kingdom,1,0
Mongolia--United Kingdom#tb,Mongolia--United Kingdom,tb,2,United Kingdom,United Kingdom,0.355643,0.570016,2,Mongolia,United Kingdom,1,0
Mongolia--United States#tb,Mongolia--United States,tb,1,Mongolia,Mongolia,0.328662,0.366715,2,Mongolia,United States,1,0
Mongolia--United States#tb,Mongolia--United States,tb,2,United States,United States,0.440022,0.576858,2,Mongolia,United States,1,0
Bangladesh--Haiti#tb,Bangladesh--Haiti,tb,1,Bangladesh,Bangladesh,0.325634,0.547236,2,Bangladesh,Haiti,1,0
Bangladesh--Haiti#tb,Bangladesh--Haiti,tb,2,Haiti,Haiti,0.197232,0.540579,2,Bangladesh,Haiti,1,0
Bangladesh--Myanmar#tb,Bangladesh--Myanmar,tb,1,Bangladesh,Bangladesh,0.325634,0.547236,2,Bangladesh,Myanmar,1,0
Bangladesh--Myanmar#tb,Bangladesh--Myanmar,tb,2,Myanmar,Myanmar,0.19157,0.500134,2,Bangladesh,Myanmar,1,0
Bangladesh--Peru#tb,Bangladesh--Peru,tb,1,Bangladesh,Bangladesh,0.325634,0.547236,2,Bangladesh,Peru,1,0
Bangladesh--Peru#tb,Bangladesh--Peru,tb,2,Peru,Peru,0.260788,0.595863,2,Bangladesh,Peru,1,0
Canada--Sweden#tb,Canada--Sweden,tb,1,Canada,Canada,0.429902,0.670838,2,Canada,Sweden,1,0
Canada--Sweden#tb,Canada--Sweden,tb,2,Sweden,Sweden,0.304842,0.663705,2,Canada,Sweden,1,0
France--Sweden#tb,France--Sweden,tb,1,France,France,0.37365,0.542016,2,France,Sweden,1,0
France--Sweden#tb,France--Sweden,tb,2,Sweden,Sweden,0.304842,0.663705,2,France,Sweden,1,0
Haiti--Myanmar#tb,Haiti--Myanmar,tb,1,Haiti,Haiti,0.197232,0.540579,2,Haiti,Myanmar,1,0
Haiti--Myanmar#tb,Haiti--Myanmar,tb,2,Myanmar,Myanmar,0.19157,0.500134,2,Haiti,Myanmar,1,0
South Africa--Sweden#tb,South Africa--Sweden,tb,1,South Africa,South Africa,0.354082,0.657729,2,South Africa,Sweden,1,0
South Africa--Sweden#tb,South Africa--Sweden,tb,2,Sweden,Sweden,0.304842,0.663705,2,South Africa,Sweden,1,0
Australia--Philippines#tb,Australia--Philippines,tb,1,Australia,Australia,0.390756,0.648197,2,Australia,Philippines,1,0
Australia--Philippines#tb,Australia--Philippines,tb,2,Philippines,Philippines,0.403578,0.405159,2,Australia,Philippines,1,0
Australia--Sweden#tb,Australia--Sweden,tb,1,Australia,Australia,0.390756,0.648197,2,Australia,Sweden,1,0
Australia--Sweden#tb,Australia--Sweden,tb,2,Sweden,Sweden,0.304842,0.663705,2,Australia,Sweden,1,0
Belgium--Canada#tb,Belgium--Canada,tb,1,Belgium,Belgium,0.487025,0.572301,2,Belgium,Canada,1,0
Belgium--Canada#tb,Belgium--Canada,tb,2,Canada,Canada,0.429902,0.670838,2,Belgium,Canada,1,0
Belgium--Viet Nam#tb,Belgium--Viet Nam,tb,1,Belgium,Belgium,0.487025,0.572301,2,Belgium,Viet Nam,1,0
Belgium--Viet Nam#tb,Belgium--Viet Nam,tb,2,Viet Nam,Viet Nam,0.306341,0.520662,2,Belgium,Viet Nam,1,0
Canada--India#tb,Canada--India,tb,1,Canada,Canada,0.429902,0.670838,2,Canada,India,1,0
Canada--India#tb,Canada--India,tb,2,India,India,0.397173,0.572838,2,Canada,India,1,0
Canada--Zambia#tb,Canada--Zambia,tb,1,Canada,Canada,0.429902,0.670838,2,Canada,Zambia,1,0
Canada--Zambia#tb,Canada--Zambia,tb,2,Zambia,Zambia,0.452671,0.736174,2,Canada,Zambia,1,0
India--Viet Nam#tb,India--Viet Nam,tb,1,India,India,0.397173,0.572838,2,India,Viet Nam,1,0
India--Viet Nam#tb,India--Viet Nam,tb,2,Viet Nam,Viet Nam,0.306341,0.520662,2,India,Viet Nam,1,0
Singapore--Zambia#tb,Singapore--Zambia,tb,1,Singapore,Singapore,0.429978,0.539306,2,Singapore,Zambia,1,1
Singapore--Zambia#tb,Singapore--Zambia,tb,2,Zambia,Zambia,0.452671,0.736174,2,Singapore,Zambia,1,1
South Africa--Zambia#tb,South Africa--Zambia,tb,1,South Africa,South Africa,0.354082,0.657729,2,South Africa,Zambia,1,0
South Africa--Zambia#tb,South Africa--Zambia,tb,2,Zambia,Zambia,0.452671,0.736174,2,South Africa,Zambia,1,0
United Kingdom--Zambia#tb,United Kingdom--Zambia,tb,1,United Kingdom,United Kingdom,0.355643,0.570016,2,United Kingdom,Zambia,1,0
United Kingdom--Zambia#tb,United Kingdom--Zambia,tb,2,Zambia,Zambia,0.452671,0.736174,2,United Kingdom,Zambia,1,0
Singapore--Spain#vector_borne,Singapore--Spain,vector_borne,1,Singapore,Singapore,0.429978,0.539306,2,Singapore,Spain,1,1
Singapore--Spain#vector_borne,Singapore--Spain,vector_borne,2,Spain,Spain,0.55585,0.501818,2,Singapore,Spain,1,1
Philippines--Thailand#tb,Philippines--Thailand,tb,1,Philippines,Philippines,0.403578,0.405159,2,Philippines,Thailand,1,0
Philippines--Thailand#tb,Philippines--Thailand,tb,2,Thailand,Thailand,0.336992,0.46232,2,Philippines,Thailand,1,0
Singapore--Thailand#tb,Singapore--Thailand,tb,1,Singapore,Singapore,0.429978,0.539306,2,Singapore,Thailand,1,1
Singapore--Thailand#tb,Singapore--Thailand,tb,2,Thailand,Thailand,0.336992,0.46232,2,Singapore,Thailand,1,1
Uganda--United Kingdom#tb,Uganda--United Kingdom,tb,1,Uganda,Uganda,0.542037,0.561668,2,Uganda,United Kingdom,1,0
Uganda--United Kingdom#tb,Uganda--United Kingdom,tb,2,United Kingdom,United Kingdom,0.355643,0.570016,2,Uganda,United Kingdom,1,0
Canada--Germany#tb,Canada--Germany,tb,1,Canada,Canada,0.429902,0.670838,2,Canada,Germany,1,0
Canada--Germany#tb,Canada--Germany,tb,2,Germany,Germany,0.479367,0.620904,2,Canada,Germany,1,0
France--Germany#tb,France--Germany,tb,1,France,France,0.37365,0.542016,2,France,Germany,1,0
France--Germany#tb,France--Germany,tb,2,Germany,Germany,0.479367,0.620904,2,France,Germany,1,0
Germany--Switzerland#tb,Germany--Switzerland,tb,1,Germany,Germany,0.479367,0.620904,2,Germany,Switzerland,1,0
Germany--Switzerland#tb,Germany--Switzerland,tb,2,Switzerland,Switzerland,0.407049,0.531378,2,Germany,Switzerland,1,0
France--Taiwan#tb,France--Taiwan,tb,1,France,France,0.37365,0.542016,2,France,Taiwan,1,0
France--Taiwan#tb,France--Taiwan,tb,2,Taiwan,Taiwan,0.310266,0.423686,2,France,Taiwan,1,0
South Africa--Taiwan#tb,South Africa--Taiwan,tb,1,South Africa,South Africa,0.354082,0.657729,2,South Africa,Taiwan,1,0
South Africa--Taiwan#tb,South Africa--Taiwan,tb,2,Taiwan,Taiwan,0.310266,0.423686,2,South Africa,Taiwan,1,0
Taiwan--United Kingdom#tb,Taiwan--United Kingdom,tb,1,Taiwan,Taiwan,0.310266,0.423686,2,Taiwan,United Kingdom,1,0
Taiwan--United Kingdom#tb,Taiwan--United Kingdom,tb,2,United Kingdom,United Kingdom,0.355643,0.570016,2,Taiwan,United Kingdom,1,0
Taiwan--United States#tb,Taiwan--United States,tb,1,Taiwan,Taiwan,0.310266,0.423686,2,Taiwan,United States,1,0
Taiwan--United States#tb,Taiwan--United States,tb,2,United States,United States,0.440022,0.576858,2,Taiwan,United States,1,0
Australia--Cambodia#vector_borne,Australia--Cambodia,vector_borne,1,Australia,Australia,0.390756,0.648197,1,Australia,Cambodia,1,0
Australia--Cambodia#vector_borne,Australia--Cambodia,vector_borne,2,Cambodia,Cambodia,0.216351,0.576345,1,Australia,Cambodia,1,0
Australia--Thailand#vector_borne,Australia--Thailand,vector_borne,1,Australia,Australia,0.390756,0.648197,1,Australia,Thailand,1,0
Australia--Thailand#vector_borne,Australia--Thailand,vector_borne,2,Thailand,Thailand,0.336992,0.46232,1,Australia,Thailand,1,0
Cambodia--Malaysia#vector_borne,Cambodia--Malaysia,vector_borne,1,Cambodia,Cambodia,0.216351,0.576345,1,Cambodia,Malaysia,1,0
Cambodia--Malaysia#vector_borne,Cambodia--Malaysia,vector_borne,2,Malaysia,Malaysia,0.277414,0.425437,1,Cambodia,Malaysia,1,0
Cambodia--Singapore#vector_borne,Cambodia--Singapore,vector_borne,1,Cambodia,Cambodia,0.216351,0.576345,1,Cambodia,Singapore,1,1
Cambodia--Singapore#vector_borne,Cambodia--Singapore,vector_borne,2,Singapore,Singapore,0.429978,0.539306,1,Cambodia,Singapore,1,1
Cambodia--Switzerland#vector_borne,Cambodia--Switzerland,vector_borne,1,Cambodia,Cambodia,0.216351,0.576345,1,Cambodia,Switzerland,1,0
Cambodia--Switzerland#vector_borne,Cambodia--Switzerland,vector_borne,2,Switzerland,Switzerland,0.407049,0.531378,1,Cambodia,Switzerland,1,0
Cambodia--Thailand#vector_borne,Cambodia--Thailand,vector_borne,1,Cambodia,Cambodia,0.216351,0.576345,1,Cambodia,Thailand,1,0
Cambodia--Thailand#vector_borne,Cambodia--Thailand,vector_borne,2,Thailand,Thailand,0.336992,0.46232,1,Cambodia,Thailand,1,0
Cambodia--United Kingdom#vector_borne,Cambodia--United Kingdom,vector_borne,1,Cambodia,Cambodia,0.216351,0.576345,1,Cambodia,United Kingdom,1,0
Cambodia--United Kingdom#vector_borne,Cambodia--United Kingdom,vector_borne,2,United Kingdom,United Kingdom,0.355643,0.570016,1,Cambodia,United Kingdom,1,0
China--France#rti,China--France,rti,1,China,China,0.331977,0.597918,1,China,France,1,0
China--France#rti,China--France,rti,2,France,France,0.37365,0.542016,1,China,France,1,0
China--Viet Nam#rti,China--Viet Nam,rti,1,China,China,0.331977,0.597918,1,China,Viet Nam,1,0
China--Viet Nam#rti,China--Viet Nam,rti,2,Viet Nam,Viet Nam,0.306341,0.520662,1,China,Viet Nam,1,0
France--Republic of Korea#rti,France--Republic of Korea,rti,1,France,France,0.37365,0.542016,1,France,Republic of Korea,1,0
France--Republic of Korea#rti,France--Republic of Korea,rti,2,Republic of Korea,Republic of Korea,0.226785,0.465839,1,France,Republic of Korea,1,0
France--Viet Nam#rti,France--Viet Nam,rti,1,France,France,0.37365,0.542016,1,France,Viet Nam,1,0
France--Viet Nam#rti,France--Viet Nam,rti,2,Viet Nam,Viet Nam,0.306341,0.520662,1,France,Viet Nam,1,0
Republic of Korea--Viet Nam#rti,Republic of Korea--Viet Nam,rti,1,Republic of Korea,Republic of Korea,0.226785,0.465839,1,Republic of Korea,Viet Nam,1,0
Republic of Korea--Viet Nam#rti,Republic of Korea--Viet Nam,rti,2,Viet Nam,Viet Nam,0.306341,0.520662,1,Republic of Korea,Viet Nam,1,0
Singapore--Viet Nam#rti,Singapore--Viet Nam,rti,1,Singapore,Singapore,0.429978,0.539306,1,Singapore,Viet Nam,1,1
Singapore--Viet Nam#rti,Singapore--Viet Nam,rti,2,Viet Nam,Viet Nam,0.306341,0.520662,1,Singapore,Viet Nam,1,1
Netherlands--Sweden#rti,Netherlands--Sweden,rti,1,Netherlands,Netherlands,0.442831,0.641991,1,Netherlands,Sweden,1,0
Netherlands--Sweden#rti,Netherlands--Sweden,rti,2,Sweden,Sweden,0.304842,0.663705,1,Netherlands,Sweden,1,0
Singapore--Sweden#rti,Singapore--Sweden,rti,1,Singapore,Singapore,0.429978,0.539306,1,Singapore,Sweden,1,1
Singapore--Sweden#rti,Singapore--Sweden,rti,2,Sweden,Sweden,0.304842,0.663705,1,Singapore,Sweden,1,1
Botswana--Germany#tb,Botswana--Germany,tb,1,Botswana,Botswana,0.792726,0.584919,1,Botswana,Germany,1,0
Botswana--Germany#tb,Botswana--Germany,tb,2,Germany,Germany,0.479367,0.620904,1,Botswana,Germany,1,0
Botswana--Singapore#tb,Botswana--Singapore,tb,1,Botswana,Botswana,0.792726,0.584919,1,Botswana,Singapore,1,1
Botswana--Singapore#tb,Botswana--Singapore,tb,2,Singapore,Singapore,0.429978,0.539306,1,Botswana,Singapore,1,1
Botswana--United States#tb,Botswana--United States,tb,1,Botswana,Botswana,0.792726,0.584919,1,Botswana,United States,1,0
Botswana--United States#tb,Botswana--United States,tb,2,United States,United States,0.440022,0.576858,1,Botswana,United States,1,0
Australia--New Zealand#vector_borne,Australia--New Zealand,vector_borne,1,Australia,Australia,0.390756,0.648197,1,Australia,New Zealand,1,0
Australia--New Zealand#vector_borne,Australia--New Zealand,vector_borne,2,New Zealand,New Zealand,0.267102,0.517173,1,Australia,New Zealand,1,0
China--New Zealand#vector_borne,China--New Zealand,vector_borne,1,China,China,0.331977,0.597918,1,China,New Zealand,1,0
China--New Zealand#vector_borne,China--New Zealand,vector_borne,2,New Zealand,New Zealand,0.267102,0.517173,1,China,New Zealand,1,0
New Zealand--Switzerland#vector_borne,New Zealand--Switzerland,vector_borne,1,New Zealand,New Zealand,0.267102,0.517173,1,New Zealand,Switzerland,1,0
New Zealand--Switzerland#vector_borne,New Zealand--Switzerland,vector_borne,2,Switzerland,Switzerland,0.407049,0.531378,1,New Zealand,Switzerland,1,0
China--Jordan#amr_hai,China--Jordan,amr_hai,1,China,China,0.331977,0.597918,1,China,Jordan,1,0
China--Jordan#amr_hai,China--Jordan,amr_hai,2,Jordan,Jordan,0.012825,0.721595,1,China,Jordan,1,0
Jordan--Singapore#amr_hai,Jordan--Singapore,amr_hai,1,Jordan,Jordan,0.012825,0.721595,1,Jordan,Singapore,1,1
Jordan--Singapore#amr_hai,Jordan--Singapore,amr_hai,2,Singapore,Singapore,0.429978,0.539306,1,Jordan,Singapore,1,1
Jordan--United Kingdom#amr_hai,Jordan--United Kingdom,amr_hai,1,Jordan,Jordan,0.012825,0.721595,1,Jordan,United Kingdom,1,0
Jordan--United Kingdom#amr_hai,Jordan--United Kingdom,amr_hai,2,United Kingdom,United Kingdom,0.355643,0.570016,1,Jordan,United Kingdom,1,0
Mongolia--Singapore#vector_borne,Mongolia--Singapore,vector_borne,1,Mongolia,Mongolia,0.328662,0.366715,1,Mongolia,Singapore,1,1
Mongolia--Singapore#vector_borne,Mongolia--Singapore,vector_borne,2,Singapore,Singapore,0.429978,0.539306,1,Mongolia,Singapore,1,1
Mongolia--United States#vector_borne,Mongolia--United States,vector_borne,1,Mongolia,Mongolia,0.328662,0.366715,1,Mongolia,United States,1,0
Mongolia--United States#vector_borne,Mongolia--United States,vector_borne,2,United States,United States,0.440022,0.576858,1,Mongolia,United States,1,0
Australia--Hong Kong SAR#sti,Australia--Hong Kong SAR,sti,1,Australia,Australia,0.390756,0.648197,1,Australia,Hong Kong SAR,1,0
Australia--Hong Kong SAR#sti,Australia--Hong Kong SAR,sti,2,Hong Kong SAR,Hong Kong SAR,0.172647,0.597281,1,Australia,Hong Kong SAR,1,0
Australia--Indonesia#sti,Australia--Indonesia,sti,1,Australia,Australia,0.390756,0.648197,1,Australia,Indonesia,1,0
Australia--Indonesia#sti,Australia--Indonesia,sti,2,Indonesia,Indonesia,0.369414,0.492144,1,Australia,Indonesia,1,0
Australia--Philippines#sti,Australia--Philippines,sti,1,Australia,Australia,0.390756,0.648197,1,Australia,Philippines,1,0
Australia--Philippines#sti,Australia--Philippines,sti,2,Philippines,Philippines,0.403578,0.405159,1,Australia,Philippines,1,0
Cambodia--China#sti,Cambodia--China,sti,1,Cambodia,Cambodia,0.216351,0.576345,1,Cambodia,China,1,0
Cambodia--China#sti,Cambodia--China,sti,2,China,China,0.331977,0.597918,1,Cambodia,China,1,0
Cambodia--Hong Kong SAR#sti,Cambodia--Hong Kong SAR,sti,1,Cambodia,Cambodia,0.216351,0.576345,1,Cambodia,Hong Kong SAR,1,0
Cambodia--Hong Kong SAR#sti,Cambodia--Hong Kong SAR,sti,2,Hong Kong SAR,Hong Kong SAR,0.172647,0.597281,1,Cambodia,Hong Kong SAR,1,0
Cambodia--India#sti,Cambodia--India,sti,1,Cambodia,Cambodia,0.216351,0.576345,1,Cambodia,India,1,0
Cambodia--India#sti,Cambodia--India,sti,2,India,India,0.397173,0.572838,1,Cambodia,India,1,0
Cambodia--Indonesia#sti,Cambodia--Indonesia,sti,1,Cambodia,Cambodia,0.216351,0.576345,1,Cambodia,Indonesia,1,0
Cambodia--Indonesia#sti,Cambodia--Indonesia,sti,2,Indonesia,Indonesia,0.369414,0.492144,1,Cambodia,Indonesia,1,0
Cambodia--Malaysia#sti,Cambodia--Malaysia,sti,1,Cambodia,Cambodia,0.216351,0.576345,1,Cambodia,Malaysia,1,0
Cambodia--Malaysia#sti,Cambodia--Malaysia,sti,2,Malaysia,Malaysia,0.277414,0.425437,1,Cambodia,Malaysia,1,0
Cambodia--Philippines#sti,Cambodia--Philippines,sti,1,Cambodia,Cambodia,0.216351,0.576345,1,Cambodia,Philippines,1,0
Cambodia--Philippines#sti,Cambodia--Philippines,sti,2,Philippines,Philippines,0.403578,0.405159,1,Cambodia,Philippines,1,0
Cambodia--Republic of Korea#sti,Cambodia--Republic of Korea,sti,1,Cambodia,Cambodia,0.216351,0.576345,1,Cambodia,Republic of Korea,1,0
Cambodia--Republic of Korea#sti,Cambodia--Republic of Korea,sti,2,Republic of Korea,Republic of Korea,0.226785,0.465839,1,Cambodia,Republic of Korea,1,0
Cambodia--Taiwan#sti,Cambodia--Taiwan,sti,1,Cambodia,Cambodia,0.216351,0.576345,1,Cambodia,Taiwan,1,0
Cambodia--Taiwan#sti,Cambodia--Taiwan,sti,2,Taiwan,Taiwan,0.310266,0.423686,1,Cambodia,Taiwan,1,0
Cambodia--Thailand#sti,Cambodia--Thailand,sti,1,Cambodia,Cambodia,0.216351,0.576345,1,Cambodia,Thailand,1,0
Cambodia--Thailand#sti,Cambodia--Thailand,sti,2,Thailand,Thailand,0.336992,0.46232,1,Cambodia,Thailand,1,0
Cambodia--Viet Nam#sti,Cambodia--Viet Nam,sti,1,Cambodia,Cambodia,0.216351,0.576345,1,Cambodia,Viet Nam,1,0
Cambodia--Viet Nam#sti,Cambodia--Viet Nam,sti,2,Viet Nam,Viet Nam,0.306341,0.520662,1,Cambodia,Viet Nam,1,0
China--India#sti,China--India,sti,1,China,China,0.331977,0.597918,1,China,India,1,0
China--India#sti,China--India,sti,2,India,India,0.397173,0.572838,1,China,India,1,0
China--Indonesia#sti,China--Indonesia,sti,1,China,China,0.331977,0.597918,1,China,Indonesia,1,0
China--Indonesia#sti,China--Indonesia,sti,2,Indonesia,Indonesia,0.369414,0.492144,1,China,Indonesia,1,0
China--Japan#sti,China--Japan,sti,1,China,China,0.331977,0.597918,1,China,Japan,1,0
China--Japan#sti,China--Japan,sti,2,Japan,Japan,0.302497,0.608095,1,China,Japan,1,0
China--Philippines#sti,China--Philippines,sti,1,China,China,0.331977,0.597918,1,China,Philippines,1,0
China--Philippines#sti,China--Philippines,sti,2,Philippines,Philippines,0.403578,0.405159,1,China,Philippines,1,0
China--Republic of Korea#sti,China--Republic of Korea,sti,1,China,China,0.331977,0.597918,1,China,Republic of Korea,1,0
China--Republic of Korea#sti,China--Republic of Korea,sti,2,Republic of Korea,Republic of Korea,0.226785,0.465839,1,China,Republic of Korea,1,0
Hong Kong SAR--India#sti,Hong Kong SAR--India,sti,1,Hong Kong SAR,Hong Kong SAR,0.172647,0.597281,1,Hong Kong SAR,India,1,0
Hong Kong SAR--India#sti,Hong Kong SAR--India,sti,2,India,India,0.397173,0.572838,1,Hong Kong SAR,India,1,0
Hong Kong SAR--Indonesia#sti,Hong Kong SAR--Indonesia,sti,1,Hong Kong SAR,Hong Kong SAR,0.172647,0.597281,1,Hong Kong SAR,Indonesia,1,0
Hong Kong SAR--Indonesia#sti,Hong Kong SAR--Indonesia,sti,2,Indonesia,Indonesia,0.369414,0.492144,1,Hong Kong SAR,Indonesia,1,0
Hong Kong SAR--Japan#sti,Hong Kong SAR--Japan,sti,1,Hong Kong SAR,Hong Kong SAR,0.172647,0.597281,1,Hong Kong SAR,Japan,1,0
Hong Kong SAR--Japan#sti,Hong Kong SAR--Japan,sti,2,Japan,Japan,0.302497,0.608095,1,Hong Kong SAR,Japan,1,0
Hong Kong SAR--Philippines#sti,Hong Kong SAR--Philippines,sti,1,Hong Kong SAR,Hong Kong SAR,0.172647,0.597281,1,Hong Kong SAR,Philippines,1,0
Hong Kong SAR--Philippines#sti,Hong Kong SAR--Philippines,sti,2,Philippines,Philippines,0.403578,0.405159,1,Hong Kong SAR,Philippines,1,0
Hong Kong SAR--Thailand#sti,Hong Kong SAR--Thailand,sti,1,Hong Kong SAR,Hong Kong SAR,0.172647,0.597281,1,Hong Kong SAR,Thailand,1,0
Hong Kong SAR--Thailand#sti,Hong Kong SAR--Thailand,sti,2,Thailand,Thailand,0.336992,0.46232,1,Hong Kong SAR,Thailand,1,0
Hong Kong SAR--Viet Nam#sti,Hong Kong SAR--Viet Nam,sti,1,Hong Kong SAR,Hong Kong SAR,0.172647,0.597281,1,Hong Kong SAR,Viet Nam,1,0
Hong Kong SAR--Viet Nam#sti,Hong Kong SAR--Viet Nam,sti,2,Viet Nam,Viet Nam,0.306341,0.520662,1,Hong Kong SAR,Viet Nam,1,0
India--Indonesia#sti,India--Indonesia,sti,1,India,India,0.397173,0.572838,1,India,Indonesia,1,0
India--Indonesia#sti,India--Indonesia,sti,2,Indonesia,Indonesia,0.369414,0.492144,1,India,Indonesia,1,0
India--Philippines#sti,India--Philippines,sti,1,India,India,0.397173,0.572838,1,India,Philippines,1,0
India--Philippines#sti,India--Philippines,sti,2,Philippines,Philippines,0.403578,0.405159,1,India,Philippines,1,0
Indonesia--Japan#sti,Indonesia--Japan,sti,1,Indonesia,Indonesia,0.369414,0.492144,1,Indonesia,Japan,1,0
Indonesia--Japan#sti,Indonesia--Japan,sti,2,Japan,Japan,0.302497,0.608095,1,Indonesia,Japan,1,0
Indonesia--Malaysia#sti,Indonesia--Malaysia,sti,1,Indonesia,Indonesia,0.369414,0.492144,1,Indonesia,Malaysia,1,0
Indonesia--Malaysia#sti,Indonesia--Malaysia,sti,2,Malaysia,Malaysia,0.277414,0.425437,1,Indonesia,Malaysia,1,0
Indonesia--Philippines#sti,Indonesia--Philippines,sti,1,Indonesia,Indonesia,0.369414,0.492144,1,Indonesia,Philippines,1,0
Indonesia--Philippines#sti,Indonesia--Philippines,sti,2,Philippines,Philippines,0.403578,0.405159,1,Indonesia,Philippines,1,0
Indonesia--Republic of Korea#sti,Indonesia--Republic of Korea,sti,1,Indonesia,Indonesia,0.369414,0.492144,1,Indonesia,Republic of Korea,1,0
Indonesia--Republic of Korea#sti,Indonesia--Republic of Korea,sti,2,Republic of Korea,Republic of Korea,0.226785,0.465839,1,Indonesia,Republic of Korea,1,0
Indonesia--Singapore#sti,Indonesia--Singapore,sti,1,Indonesia,Indonesia,0.369414,0.492144,1,Indonesia,Singapore,1,1
Indonesia--Singapore#sti,Indonesia--Singapore,sti,2,Singapore,Singapore,0.429978,0.539306,1,Indonesia,Singapore,1,1
Indonesia--Taiwan#sti,Indonesia--Taiwan,sti,1,Indonesia,Indonesia,0.369414,0.492144,1,Indonesia,Taiwan,1,0
Indonesia--Taiwan#sti,Indonesia--Taiwan,sti,2,Taiwan,Taiwan,0.310266,0.423686,1,Indonesia,Taiwan,1,0
Indonesia--Thailand#sti,Indonesia--Thailand,sti,1,Indonesia,Indonesia,0.369414,0.492144,1,Indonesia,Thailand,1,0
Indonesia--Thailand#sti,Indonesia--Thailand,sti,2,Thailand,Thailand,0.336992,0.46232,1,Indonesia,Thailand,1,0
Indonesia--Viet Nam#sti,Indonesia--Viet Nam,sti,1,Indonesia,Indonesia,0.369414,0.492144,1,Indonesia,Viet Nam,1,0
Indonesia--Viet Nam#sti,Indonesia--Viet Nam,sti,2,Viet Nam,Viet Nam,0.306341,0.520662,1,Indonesia,Viet Nam,1,0
Japan--Philippines#sti,Japan--Philippines,sti,1,Japan,Japan,0.302497,0.608095,1,Japan,Philippines,1,0
Japan--Philippines#sti,Japan--Philippines,sti,2,Philippines,Philippines,0.403578,0.405159,1,Japan,Philippines,1,0
Malaysia--Philippines#sti,Malaysia--Philippines,sti,1,Malaysia,Malaysia,0.277414,0.425437,1,Malaysia,Philippines,1,0
Malaysia--Philippines#sti,Malaysia--Philippines,sti,2,Philippines,Philippines,0.403578,0.405159,1,Malaysia,Philippines,1,0
Philippines--Republic of Korea#sti,Philippines--Republic of Korea,sti,1,Philippines,Philippines,0.403578,0.405159,1,Philippines,Republic of Korea,1,0
Philippines--Republic of Korea#sti,Philippines--Republic of Korea,sti,2,Republic of Korea,Republic of Korea,0.226785,0.465839,1,Philippines,Republic of Korea,1,0
Philippines--Singapore#sti,Philippines--Singapore,sti,1,Philippines,Philippines,0.403578,0.405159,1,Philippines,Singapore,1,1
Philippines--Singapore#sti,Philippines--Singapore,sti,2,Singapore,Singapore,0.429978,0.539306,1,Philippines,Singapore,1,1
Philippines--Taiwan#sti,Philippines--Taiwan,sti,1,Philippines,Philippines,0.403578,0.405159,1,Philippines,Taiwan,1,0
Philippines--Taiwan#sti,Philippines--Taiwan,sti,2,Taiwan,Taiwan,0.310266,0.423686,1,Philippines,Taiwan,1,0
Philippines--Thailand#sti,Philippines--Thailand,sti,1,Philippines,Philippines,0.403578,0.405159,1,Philippines,Thailand,1,0
Philippines--Thailand#sti,Philippines--Thailand,sti,2,Thailand,Thailand,0.336992,0.46232,1,Philippines,Thailand,1,0
Philippines--Viet Nam#sti,Philippines--Viet Nam,sti,1,Philippines,Philippines,0.403578,0.405159,1,Philippines,Viet Nam,1,0
Philippines--Viet Nam#sti,Philippines--Viet Nam,sti,2,Viet Nam,Viet Nam,0.306341,0.520662,1,Philippines,Viet Nam,1,0
Brunei Darussalam--Singapore#rti,Brunei Darussalam--Singapore,rti,1,Brunei Darussalam,Brunei Darussalam,0.268306,0.335897,1,Brunei Darussalam,Singapore,1,1
Brunei Darussalam--Singapore#rti,Brunei Darussalam--Singapore,rti,2,Singapore,Singapore,0.429978,0.539306,1,Brunei Darussalam,Singapore,1,1
Japan--Nepal#vector_borne,Japan--Nepal,vector_borne,1,Japan,Japan,0.302497,0.608095,1,Japan,Nepal,1,0
Japan--Nepal#vector_borne,Japan--Nepal,vector_borne,2,Nepal,Nepal,0.224864,0.407765,1,Japan,Nepal,1,0
Japan--Viet Nam#vector_borne,Japan--Viet Nam,vector_borne,1,Japan,Japan,0.302497,0.608095,1,Japan,Viet Nam,1,0
Japan--Viet Nam#vector_borne,Japan--Viet Nam,vector_borne,2,Viet Nam,Viet Nam,0.306341,0.520662,1,Japan,Viet Nam,1,0
Malaysia--Nepal#vector_borne,Malaysia--Nepal,vector_borne,1,Malaysia,Malaysia,0.277414,0.425437,1,Malaysia,Nepal,1,0
Malaysia--Nepal#vector_borne,Malaysia--Nepal,vector_borne,2,Nepal,Nepal,0.224864,0.407765,1,Malaysia,Nepal,1,0
Malaysia--Viet Nam#vector_borne,Malaysia--Viet Nam,vector_borne,1,Malaysia,Malaysia,0.277414,0.425437,1,Malaysia,Viet Nam,1,0
Malaysia--Viet Nam#vector_borne,Malaysia--Viet Nam,vector_borne,2,Viet Nam,Viet Nam,0.306341,0.520662,1,Malaysia,Viet Nam,1,0
Nepal--Singapore#vector_borne,Nepal--Singapore,vector_borne,1,Nepal,Nepal,0.224864,0.407765,1,Nepal,Singapore,1,1
Nepal--Singapore#vector_borne,Nepal--Singapore,vector_borne,2,Singapore,Singapore,0.429978,0.539306,1,Nepal,Singapore,1,1
Nepal--United Kingdom#vector_borne,Nepal--United Kingdom,vector_borne,1,Nepal,Nepal,0.224864,0.407765,1,Nepal,United Kingdom,1,0
Nepal--United Kingdom#vector_borne,Nepal--United Kingdom,vector_borne,2,United Kingdom,United Kingdom,0.355643,0.570016,1,Nepal,United Kingdom,1,0
Nepal--Viet Nam#vector_borne,Nepal--Viet Nam,vector_borne,1,Nepal,Nepal,0.224864,0.407765,1,Nepal,Viet Nam,1,0
Nepal--Viet Nam#vector_borne,Nepal--Viet Nam,vector_borne,2,Viet Nam,Viet Nam,0.306341,0.520662,1,Nepal,Viet Nam,1,0
Iraq--Singapore#rti,Iraq--Singapore,rti,1,Iraq,Iraq,0.105623,0.20582,1,Iraq,Singapore,1,1
Iraq--Singapore#rti,Iraq--Singapore,rti,2,Singapore,Singapore,0.429978,0.539306,1,Iraq,Singapore,1,1
Iraq--United Kingdom#rti,Iraq--United Kingdom,rti,1,Iraq,Iraq,0.105623,0.20582,1,Iraq,United Kingdom,1,0
Iraq--United Kingdom#rti,Iraq--United Kingdom,rti,2,United Kingdom,United Kingdom,0.355643,0.570016,1,Iraq,United Kingdom,1,0
Belgium--Republic of Korea#rti,Belgium--Republic of Korea,rti,1,Belgium,Belgium,0.487025,0.572301,1,Belgium,Republic of Korea,1,0
Belgium--Republic of Korea#rti,Belgium--Republic of Korea,rti,2,Republic of Korea,Republic of Korea,0.226785,0.465839,1,Belgium,Republic of Korea,1,0
Belgium--Switzerland#rti,Belgium--Switzerland,rti,1,Belgium,Belgium,0.487025,0.572301,1,Belgium,Switzerland,1,0
Belgium--Switzerland#rti,Belgium--Switzerland,rti,2,Switzerland,Switzerland,0.407049,0.531378,1,Belgium,Switzerland,1,0
Republic of Korea--Switzerland#rti,Republic of Korea--Switzerland,rti,1,Republic of Korea,Republic of Korea,0.226785,0.465839,1,Republic of Korea,Switzerland,1,0
Republic of Korea--Switzerland#rti,Republic of Korea--Switzerland,rti,2,Switzerland,Switzerland,0.407049,0.531378,1,Republic of Korea,Switzerland,1,0
Republic of Korea--United Kingdom#rti,Republic of Korea--United Kingdom,rti,1,Republic of Korea,Republic of Korea,0.226785,0.465839,1,Republic of Korea,United Kingdom,1,0
Republic of Korea--United Kingdom#rti,Republic of Korea--United Kingdom,rti,2,United Kingdom,United Kingdom,0.355643,0.570016,1,Republic of Korea,United Kingdom,1,0
Japan--Republic of Korea#other_id,Japan--Republic of Korea,other_id,1,Japan,Japan,0.302497,0.608095,1,Japan,Republic of Korea,1,0
Japan--Republic of Korea#other_id,Japan--Republic of Korea,other_id,2,Republic of Korea,Republic of Korea,0.226785,0.465839,1,Japan,Republic of Korea,1,0
Japan--Singapore#other_id,Japan--Singapore,other_id,1,Japan,Japan,0.302497,0.608095,1,Japan,Singapore,1,1
Japan--Singapore#other_id,Japan--Singapore,other_id,2,Singapore,Singapore,0.429978,0.539306,1,Japan,Singapore,1,1
Japan--United Kingdom#other_id,Japan--United Kingdom,other_id,1,Japan,Japan,0.302497,0.608095,1,Japan,United Kingdom,1,0
Japan--United Kingdom#other_id,Japan--United Kingdom,other_id,2,United Kingdom,United Kingdom,0.355643,0.570016,1,Japan,United Kingdom,1,0
Japan--United States#other_id,Japan--United States,other_id,1,Japan,Japan,0.302497,0.608095,1,Japan,United States,1,0
Japan--United States#other_id,Japan--United States,other_id,2,United States,United States,0.440022,0.576858,1,Japan,United States,1,0
Republic of Korea--United Kingdom#other_id,Republic of Korea--United Kingdom,other_id,1,Republic of Korea,Republic of Korea,0.226785,0.465839,1,Republic of Korea,United Kingdom,1,0
Republic of Korea--United Kingdom#other_id,Republic of Korea--United Kingdom,other_id,2,United Kingdom,United Kingdom,0.355643,0.570016,1,Republic of Korea,United Kingdom,1,0
Republic of Korea--United States#other_id,Republic of Korea--United States,other_id,1,Republic of Korea,Republic of Korea,0.226785,0.465839,1,Republic of Korea,United States,1,0
Republic of Korea--United States#other_id,Republic of Korea--United States,other_id,2,United States,United States,0.440022,0.576858,1,Republic of Korea,United States,1,0
Hong Kong SAR--Republic of Korea#rti,Hong Kong SAR--Republic of Korea,rti,1,Hong Kong SAR,Hong Kong SAR,0.172647,0.597281,1,Hong Kong SAR,Republic of Korea,1,0
Hong Kong SAR--Republic of Korea#rti,Hong Kong SAR--Republic of Korea,rti,2,Republic of Korea,Republic of Korea,0.226785,0.465839,1,Hong Kong SAR,Republic of Korea,1,0
Hong Kong SAR--Thailand#rti,Hong Kong SAR--Thailand,rti,1,Hong Kong SAR,Hong Kong SAR,0.172647,0.597281,1,Hong Kong SAR,Thailand,1,0
Hong Kong SAR--Thailand#rti,Hong Kong SAR--Thailand,rti,2,Thailand,Thailand,0.336992,0.46232,1,Hong Kong SAR,Thailand,1,0
Republic of Korea--Thailand#rti,Republic of Korea--Thailand,rti,1,Republic of Korea,Republic of Korea,0.226785,0.465839,1,Republic of Korea,Thailand,1,0
Republic of Korea--Thailand#rti,Republic of Korea--Thailand,rti,2,Thailand,Thailand,0.336992,0.46232,1,Republic of Korea,Thailand,1,0
Republic of Korea--United States#rti,Republic of Korea--United States,rti,1,Republic of Korea,Republic of Korea,0.226785,0.465839,1,Republic of Korea,United States,1,0
Republic of Korea--United States#rti,Republic of Korea--United States,rti,2,United States,United States,0.440022,0.576858,1,Republic of Korea,United States,1,0
Malaysia--Republic of Korea#amr_hai,Malaysia--Republic of Korea,amr_hai,1,Malaysia,Malaysia,0.277414,0.425437,1,Malaysia,Republic of Korea,1,0
Malaysia--Republic of Korea#amr_hai,Malaysia--Republic of Korea,amr_hai,2,Republic of Korea,Republic of Korea,0.226785,0.465839,1,Malaysia,Republic of Korea,1,0
Canada--Senegal#sti,Canada--Senegal,sti,1,Canada,Canada,0.429902,0.670838,1,Canada,Senegal,1,0
Canada--Senegal#sti,Canada--Senegal,sti,2,Senegal,Senegal,0.776807,0.520625,1,Canada,Senegal,1,0
Canada--Spain#sti,Canada--Spain,sti,1,Canada,Canada,0.429902,0.670838,1,Canada,Spain,1,0
Canada--Spain#sti,Canada--Spain,sti,2,Spain,Spain,0.55585,0.501818,1,Canada,Spain,1,0
Canada--United States#sti,Canada--United States,sti,1,Canada,Canada,0.429902,0.670838,1,Canada,United States,1,0
Canada--United States#sti,Canada--United States,sti,2,United States,United States,0.440022,0.576858,1,Canada,United States,1,0
Senegal--Singapore#sti,Senegal--Singapore,sti,1,Senegal,Senegal,0.776807,0.520625,1,Senegal,Singapore,1,1
Senegal--Singapore#sti,Senegal--Singapore,sti,2,Singapore,Singapore,0.429978,0.539306,1,Senegal,Singapore,1,1
Senegal--Spain#sti,Senegal--Spain,sti,1,Senegal,Senegal,0.776807,0.520625,1,Senegal,Spain,1,0
Senegal--Spain#sti,Senegal--Spain,sti,2,Spain,Spain,0.55585,0.501818,1,Senegal,Spain,1,0
Senegal--United States#sti,Senegal--United States,sti,1,Senegal,Senegal,0.776807,0.520625,1,Senegal,United States,1,0
Senegal--United States#sti,Senegal--United States,sti,2,United States,United States,0.440022,0.576858,1,Senegal,United States,1,0
France--India#vector_borne,France--India,vector_borne,1,France,France,0.37365,0.542016,1,France,India,1,0
France--India#vector_borne,France--India,vector_borne,2,India,India,0.397173,0.572838,1,France,India,1,0
Bangladesh--Brunei Darussalam#amr_hai,Bangladesh--Brunei Darussalam,amr_hai,1,Bangladesh,Bangladesh,0.325634,0.547236,1,Bangladesh,Brunei Darussalam,1,0
Bangladesh--Brunei Darussalam#amr_hai,Bangladesh--Brunei Darussalam,amr_hai,2,Brunei Darussalam,Brunei Darussalam,0.268306,0.335897,1,Bangladesh,Brunei Darussalam,1,0
Bangladesh--Cambodia#amr_hai,Bangladesh--Cambodia,amr_hai,1,Bangladesh,Bangladesh,0.325634,0.547236,1,Bangladesh,Cambodia,1,0
Bangladesh--Cambodia#amr_hai,Bangladesh--Cambodia,amr_hai,2,Cambodia,Cambodia,0.216351,0.576345,1,Bangladesh,Cambodia,1,0
Bangladesh--China#amr_hai,Bangladesh--China,amr_hai,1,Bangladesh,Bangladesh,0.325634,0.547236,1,Bangladesh,China,1,0
Bangladesh--China#amr_hai,Bangladesh--China,amr_hai,2,China,China,0.331977,0.597918,1,Bangladesh,China,1,0
Bangladesh--India#amr_hai,Bangladesh--India,amr_hai,1,Bangladesh,Bangladesh,0.325634,0.547236,1,Bangladesh,India,1,0
Bangladesh--India#amr_hai,Bangladesh--India,amr_hai,2,India,India,0.397173,0.572838,1,Bangladesh,India,1,0
Bangladesh--Indonesia#amr_hai,Bangladesh--Indonesia,amr_hai,1,Bangladesh,Bangladesh,0.325634,0.547236,1,Bangladesh,Indonesia,1,0
Bangladesh--Indonesia#amr_hai,Bangladesh--Indonesia,amr_hai,2,Indonesia,Indonesia,0.369414,0.492144,1,Bangladesh,Indonesia,1,0
Bangladesh--Japan#amr_hai,Bangladesh--Japan,amr_hai,1,Bangladesh,Bangladesh,0.325634,0.547236,1,Bangladesh,Japan,1,0
Bangladesh--Japan#amr_hai,Bangladesh--Japan,amr_hai,2,Japan,Japan,0.302497,0.608095,1,Bangladesh,Japan,1,0
Bangladesh--Malaysia#amr_hai,Bangladesh--Malaysia,amr_hai,1,Bangladesh,Bangladesh,0.325634,0.547236,1,Bangladesh,Malaysia,1,0
Bangladesh--Malaysia#amr_hai,Bangladesh--Malaysia,amr_hai,2,Malaysia,Malaysia,0.277414,0.425437,1,Bangladesh,Malaysia,1,0
Bangladesh--Mongolia#amr_hai,Bangladesh--Mongolia,amr_hai,1,Bangladesh,Bangladesh,0.325634,0.547236,1,Bangladesh,Mongolia,1,0
Bangladesh--Mongolia#amr_hai,Bangladesh--Mongolia,amr_hai,2,Mongolia,Mongolia,0.328662,0.366715,1,Bangladesh,Mongolia,1,0
Bangladesh--Nepal#amr_hai,Bangladesh--Nepal,amr_hai,1,Bangladesh,Bangladesh,0.325634,0.547236,1,Bangladesh,Nepal,1,0
Bangladesh--Nepal#amr_hai,Bangladesh--Nepal,amr_hai,2,Nepal,Nepal,0.224864,0.407765,1,Bangladesh,Nepal,1,0
Bangladesh--Pakistan#amr_hai,Bangladesh--Pakistan,amr_hai,1,Bangladesh,Bangladesh,0.325634,0.547236,1,Bangladesh,Pakistan,1,0
Bangladesh--Pakistan#amr_hai,Bangladesh--Pakistan,amr_hai,2,Pakistan,Pakistan,0.35634,0.418637,1,Bangladesh,Pakistan,1,0
Bangladesh--Philippines#amr_hai,Bangladesh--Philippines,amr_hai,1,Bangladesh,Bangladesh,0.325634,0.547236,1,Bangladesh,Philippines,1,0
Bangladesh--Philippines#amr_hai,Bangladesh--Philippines,amr_hai,2,Philippines,Philippines,0.403578,0.405159,1,Bangladesh,Philippines,1,0
Bangladesh--Singapore#amr_hai,Bangladesh--Singapore,amr_hai,1,Bangladesh,Bangladesh,0.325634,0.547236,1,Bangladesh,Singapore,1,1
Bangladesh--Singapore#amr_hai,Bangladesh--Singapore,amr_hai,2,Singapore,Singapore,0.429978,0.539306,1,Bangladesh,Singapore,1,1
Bangladesh--Sri Lanka#amr_hai,Bangladesh--Sri Lanka,amr_hai,1,Bangladesh,Bangladesh,0.325634,0.547236,1,Bangladesh,Sri Lanka,1,0
Bangladesh--Sri Lanka#amr_hai,Bangladesh--Sri Lanka,amr_hai,2,Sri Lanka,Sri Lanka,0.179394,0.390155,1,Bangladesh,Sri Lanka,1,0
Bangladesh--Taiwan#amr_hai,Bangladesh--Taiwan,amr_hai,1,Bangladesh,Bangladesh,0.325634,0.547236,1,Bangladesh,Taiwan,1,0
Bangladesh--Taiwan#amr_hai,Bangladesh--Taiwan,amr_hai,2,Taiwan,Taiwan,0.310266,0.423686,1,Bangladesh,Taiwan,1,0
Bangladesh--Thailand#amr_hai,Bangladesh--Thailand,amr_hai,1,Bangladesh,Bangladesh,0.325634,0.547236,1,Bangladesh,Thailand,1,0
Bangladesh--Thailand#amr_hai,Bangladesh--Thailand,amr_hai,2,Thailand,Thailand,0.336992,0.46232,1,Bangladesh,Thailand,1,0
Bangladesh--Timor-Leste#amr_hai,Bangladesh--Timor-Leste,amr_hai,1,Bangladesh,Bangladesh,0.325634,0.547236,1,Bangladesh,Timor-Leste,1,0
Bangladesh--Timor-Leste#amr_hai,Bangladesh--Timor-Leste,amr_hai,2,Timor-Leste,Timor-Leste,0.217655,0.344437,1,Bangladesh,Timor-Leste,1,0
Bangladesh--United Kingdom#amr_hai,Bangladesh--United Kingdom,amr_hai,1,Bangladesh,Bangladesh,0.325634,0.547236,1,Bangladesh,United Kingdom,1,0
Bangladesh--United Kingdom#amr_hai,Bangladesh--United Kingdom,amr_hai,2,United Kingdom,United Kingdom,0.355643,0.570016,1,Bangladesh,United Kingdom,1,0
Bangladesh--Viet Nam#amr_hai,Bangladesh--Viet Nam,amr_hai,1,Bangladesh,Bangladesh,0.325634,0.547236,1,Bangladesh,Viet Nam,1,0
Bangladesh--Viet Nam#amr_hai,Bangladesh--Viet Nam,amr_hai,2,Viet Nam,Viet Nam,0.306341,0.520662,1,Bangladesh,Viet Nam,1,0
Brunei Darussalam--Cambodia#amr_hai,Brunei Darussalam--Cambodia,amr_hai,1,Brunei Darussalam,Brunei Darussalam,0.268306,0.335897,1,Brunei Darussalam,Cambodia,1,0
Brunei Darussalam--Cambodia#amr_hai,Brunei Darussalam--Cambodia,amr_hai,2,Cambodia,Cambodia,0.216351,0.576345,1,Brunei Darussalam,Cambodia,1,0
Brunei Darussalam--China#amr_hai,Brunei Darussalam--China,amr_hai,1,Brunei Darussalam,Brunei Darussalam,0.268306,0.335897,1,Brunei Darussalam,China,1,0
Brunei Darussalam--China#amr_hai,Brunei Darussalam--China,amr_hai,2,China,China,0.331977,0.597918,1,Brunei Darussalam,China,1,0
Brunei Darussalam--India#amr_hai,Brunei Darussalam--India,amr_hai,1,Brunei Darussalam,Brunei Darussalam,0.268306,0.335897,1,Brunei Darussalam,India,1,0
Brunei Darussalam--India#amr_hai,Brunei Darussalam--India,amr_hai,2,India,India,0.397173,0.572838,1,Brunei Darussalam,India,1,0
Brunei Darussalam--Indonesia#amr_hai,Brunei Darussalam--Indonesia,amr_hai,1,Brunei Darussalam,Brunei Darussalam,0.268306,0.335897,1,Brunei Darussalam,Indonesia,1,0
Brunei Darussalam--Indonesia#amr_hai,Brunei Darussalam--Indonesia,amr_hai,2,Indonesia,Indonesia,0.369414,0.492144,1,Brunei Darussalam,Indonesia,1,0
Brunei Darussalam--Japan#amr_hai,Brunei Darussalam--Japan,amr_hai,1,Brunei Darussalam,Brunei Darussalam,0.268306,0.335897,1,Brunei Darussalam,Japan,1,0
Brunei Darussalam--Japan#amr_hai,Brunei Darussalam--Japan,amr_hai,2,Japan,Japan,0.302497,0.608095,1,Brunei Darussalam,Japan,1,0
Brunei Darussalam--Malaysia#amr_hai,Brunei Darussalam--Malaysia,amr_hai,1,Brunei Darussalam,Brunei Darussalam,0.268306,0.335897,1,Brunei Darussalam,Malaysia,1,0
Brunei Darussalam--Malaysia#amr_hai,Brunei Darussalam--Malaysia,amr_hai,2,Malaysia,Malaysia,0.277414,0.425437,1,Brunei Darussalam,Malaysia,1,0
Brunei Darussalam--Mongolia#amr_hai,Brunei Darussalam--Mongolia,amr_hai,1,Brunei Darussalam,Brunei Darussalam,0.268306,0.335897,1,Brunei Darussalam,Mongolia,1,0
Brunei Darussalam--Mongolia#amr_hai,Brunei Darussalam--Mongolia,amr_hai,2,Mongolia,Mongolia,0.328662,0.366715,1,Brunei Darussalam,Mongolia,1,0
Brunei Darussalam--Nepal#amr_hai,Brunei Darussalam--Nepal,amr_hai,1,Brunei Darussalam,Brunei Darussalam,0.268306,0.335897,1,Brunei Darussalam,Nepal,1,0
Brunei Darussalam--Nepal#amr_hai,Brunei Darussalam--Nepal,amr_hai,2,Nepal,Nepal,0.224864,0.407765,1,Brunei Darussalam,Nepal,1,0
Brunei Darussalam--Pakistan#amr_hai,Brunei Darussalam--Pakistan,amr_hai,1,Brunei Darussalam,Brunei Darussalam,0.268306,0.335897,1,Brunei Darussalam,Pakistan,1,0
Brunei Darussalam--Pakistan#amr_hai,Brunei Darussalam--Pakistan,amr_hai,2,Pakistan,Pakistan,0.35634,0.418637,1,Brunei Darussalam,Pakistan,1,0
Brunei Darussalam--Philippines#amr_hai,Brunei Darussalam--Philippines,amr_hai,1,Brunei Darussalam,Brunei Darussalam,0.268306,0.335897,1,Brunei Darussalam,Philippines,1,0
Brunei Darussalam--Philippines#amr_hai,Brunei Darussalam--Philippines,amr_hai,2,Philippines,Philippines,0.403578,0.405159,1,Brunei Darussalam,Philippines,1,0
Brunei Darussalam--Singapore#amr_hai,Brunei Darussalam--Singapore,amr_hai,1,Brunei Darussalam,Brunei Darussalam,0.268306,0.335897,1,Brunei Darussalam,Singapore,1,1
Brunei Darussalam--Singapore#amr_hai,Brunei Darussalam--Singapore,amr_hai,2,Singapore,Singapore,0.429978,0.539306,1,Brunei Darussalam,Singapore,1,1
Brunei Darussalam--Sri Lanka#amr_hai,Brunei Darussalam--Sri Lanka,amr_hai,1,Brunei Darussalam,Brunei Darussalam,0.268306,0.335897,1,Brunei Darussalam,Sri Lanka,1,0
Brunei Darussalam--Sri Lanka#amr_hai,Brunei Darussalam--Sri Lanka,amr_hai,2,Sri Lanka,Sri Lanka,0.179394,0.390155,1,Brunei Darussalam,Sri Lanka,1,0
Brunei Darussalam--Taiwan#amr_hai,Brunei Darussalam--Taiwan,amr_hai,1,Brunei Darussalam,Brunei Darussalam,0.268306,0.335897,1,Brunei Darussalam,Taiwan,1,0
Brunei Darussalam--Taiwan#amr_hai,Brunei Darussalam--Taiwan,amr_hai,2,Taiwan,Taiwan,0.310266,0.423686,1,Brunei Darussalam,Taiwan,1,0
Brunei Darussalam--Thailand#amr_hai,Brunei Darussalam--Thailand,amr_hai,1,Brunei Darussalam,Brunei Darussalam,0.268306,0.335897,1,Brunei Darussalam,Thailand,1,0
Brunei Darussalam--Thailand#amr_hai,Brunei Darussalam--Thailand,amr_hai,2,Thailand,Thailand,0.336992,0.46232,1,Brunei Darussalam,Thailand,1,0
Brunei Darussalam--Timor-Leste#amr_hai,Brunei Darussalam--Timor-Leste,amr_hai,1,Brunei Darussalam,Brunei Darussalam,0.268306,0.335897,1,Brunei Darussalam,Timor-Leste,1,0
Brunei Darussalam--Timor-Leste#amr_hai,Brunei Darussalam--Timor-Leste,amr_hai,2,Timor-Leste,Timor-Leste,0.217655,0.344437,1,Brunei Darussalam,Timor-Leste,1,0
Brunei Darussalam--United Kingdom#amr_hai,Brunei Darussalam--United Kingdom,amr_hai,1,Brunei Darussalam,Brunei Darussalam,0.268306,0.335897,1,Brunei Darussalam,United Kingdom,1,0
Brunei Darussalam--United Kingdom#amr_hai,Brunei Darussalam--United Kingdom,amr_hai,2,United Kingdom,United Kingdom,0.355643,0.570016,1,Brunei Darussalam,United Kingdom,1,0
Brunei Darussalam--Viet Nam#amr_hai,Brunei Darussalam--Viet Nam,amr_hai,1,Brunei Darussalam,Brunei Darussalam,0.268306,0.335897,1,Brunei Darussalam,Viet Nam,1,0
Brunei Darussalam--Viet Nam#amr_hai,Brunei Darussalam--Viet Nam,amr_hai,2,Viet Nam,Viet Nam,0.306341,0.520662,1,Brunei Darussalam,Viet Nam,1,0
Cambodia--China#amr_hai,Cambodia--China,amr_hai,1,Cambodia,Cambodia,0.216351,0.576345,1,Cambodia,China,1,0
Cambodia--China#amr_hai,Cambodia--China,amr_hai,2,China,China,0.331977,0.597918,1,Cambodia,China,1,0
Cambodia--India#amr_hai,Cambodia--India,amr_hai,1,Cambodia,Cambodia,0.216351,0.576345,1,Cambodia,India,1,0
Cambodia--India#amr_hai,Cambodia--India,amr_hai,2,India,India,0.397173,0.572838,1,Cambodia,India,1,0
Cambodia--Indonesia#amr_hai,Cambodia--Indonesia,amr_hai,1,Cambodia,Cambodia,0.216351,0.576345,1,Cambodia,Indonesia,1,0
Cambodia--Indonesia#amr_hai,Cambodia--Indonesia,amr_hai,2,Indonesia,Indonesia,0.369414,0.492144,1,Cambodia,Indonesia,1,0
Cambodia--Japan#amr_hai,Cambodia--Japan,amr_hai,1,Cambodia,Cambodia,0.216351,0.576345,1,Cambodia,Japan,1,0
Cambodia--Japan#amr_hai,Cambodia--Japan,amr_hai,2,Japan,Japan,0.302497,0.608095,1,Cambodia,Japan,1,0
Cambodia--Malaysia#amr_hai,Cambodia--Malaysia,amr_hai,1,Cambodia,Cambodia,0.216351,0.576345,1,Cambodia,Malaysia,1,0
Cambodia--Malaysia#amr_hai,Cambodia--Malaysia,amr_hai,2,Malaysia,Malaysia,0.277414,0.425437,1,Cambodia,Malaysia,1,0
Cambodia--Mongolia#amr_hai,Cambodia--Mongolia,amr_hai,1,Cambodia,Cambodia,0.216351,0.576345,1,Cambodia,Mongolia,1,0
Cambodia--Mongolia#amr_hai,Cambodia--Mongolia,amr_hai,2,Mongolia,Mongolia,0.328662,0.366715,1,Cambodia,Mongolia,1,0
Cambodia--Nepal#amr_hai,Cambodia--Nepal,amr_hai,1,Cambodia,Cambodia,0.216351,0.576345,1,Cambodia,Nepal,1,0
Cambodia--Nepal#amr_hai,Cambodia--Nepal,amr_hai,2,Nepal,Nepal,0.224864,0.407765,1,Cambodia,Nepal,1,0
Cambodia--Pakistan#amr_hai,Cambodia--Pakistan,amr_hai,1,Cambodia,Cambodia,0.216351,0.576345,1,Cambodia,Pakistan,1,0
Cambodia--Pakistan#amr_hai,Cambodia--Pakistan,amr_hai,2,Pakistan,Pakistan,0.35634,0.418637,1,Cambodia,Pakistan,1,0
Cambodia--Philippines#amr_hai,Cambodia--Philippines,amr_hai,1,Cambodia,Cambodia,0.216351,0.576345,1,Cambodia,Philippines,1,0
Cambodia--Philippines#amr_hai,Cambodia--Philippines,amr_hai,2,Philippines,Philippines,0.403578,0.405159,1,Cambodia,Philippines,1,0
Cambodia--Sri Lanka#amr_hai,Cambodia--Sri Lanka,amr_hai,1,Cambodia,Cambodia,0.216351,0.576345,1,Cambodia,Sri Lanka,1,0
Cambodia--Sri Lanka#amr_hai,Cambodia--Sri Lanka,amr_hai,2,Sri Lanka,Sri Lanka,0.179394,0.390155,1,Cambodia,Sri Lanka,1,0
Cambodia--Taiwan#amr_hai,Cambodia--Taiwan,amr_hai,1,Cambodia,Cambodia,0.216351,0.576345,1,Cambodia,Taiwan,1,0
Cambodia--Taiwan#amr_hai,Cambodia--Taiwan,amr_hai,2,Taiwan,Taiwan,0.310266,0.423686,1,Cambodia,Taiwan,1,0
Cambodia--Timor-Leste#amr_hai,Cambodia--Timor-Leste,amr_hai,1,Cambodia,Cambodia,0.216351,0.576345,1,Cambodia,Timor-Leste,1,0
Cambodia--Timor-Leste#amr_hai,Cambodia--Timor-Leste,amr_hai,2,Timor-Leste,Timor-Leste,0.217655,0.344437,1,Cambodia,Timor-Leste,1,0
China--India#amr_hai,China--India,amr_hai,1,China,China,0.331977,0.597918,1,China,India,1,0
China--India#amr_hai,China--India,amr_hai,2,India,India,0.397173,0.572838,1,China,India,1,0
China--Indonesia#amr_hai,China--Indonesia,amr_hai,1,China,China,0.331977,0.597918,1,China,Indonesia,1,0
China--Indonesia#amr_hai,China--Indonesia,amr_hai,2,Indonesia,Indonesia,0.369414,0.492144,1,China,Indonesia,1,0
China--Japan#amr_hai,China--Japan,amr_hai,1,China,China,0.331977,0.597918,1,China,Japan,1,0
China--Japan#amr_hai,China--Japan,amr_hai,2,Japan,Japan,0.302497,0.608095,1,China,Japan,1,0
China--Mongolia#amr_hai,China--Mongolia,amr_hai,1,China,China,0.331977,0.597918,1,China,Mongolia,1,0
China--Mongolia#amr_hai,China--Mongolia,amr_hai,2,Mongolia,Mongolia,0.328662,0.366715,1,China,Mongolia,1,0
China--Nepal#amr_hai,China--Nepal,amr_hai,1,China,China,0.331977,0.597918,1,China,Nepal,1,0
China--Nepal#amr_hai,China--Nepal,amr_hai,2,Nepal,Nepal,0.224864,0.407765,1,China,Nepal,1,0
China--Philippines#amr_hai,China--Philippines,amr_hai,1,China,China,0.331977,0.597918,1,China,Philippines,1,0
China--Philippines#amr_hai,China--Philippines,amr_hai,2,Philippines,Philippines,0.403578,0.405159,1,China,Philippines,1,0
China--Sri Lanka#amr_hai,China--Sri Lanka,amr_hai,1,China,China,0.331977,0.597918,1,China,Sri Lanka,1,0
China--Sri Lanka#amr_hai,China--Sri Lanka,amr_hai,2,Sri Lanka,Sri Lanka,0.179394,0.390155,1,China,Sri Lanka,1,0
China--Taiwan#amr_hai,China--Taiwan,amr_hai,1,China,China,0.331977,0.597918,1,China,Taiwan,1,0
China--Taiwan#amr_hai,China--Taiwan,amr_hai,2,Taiwan,Taiwan,0.310266,0.423686,1,China,Taiwan,1,0
China--Thailand#amr_hai,China--Thailand,amr_hai,1,China,China,0.331977,0.597918,1,China,Thailand,1,0
China--Thailand#amr_hai,China--Thailand,amr_hai,2,Thailand,Thailand,0.336992,0.46232,1,China,Thailand,1,0
China--Timor-Leste#amr_hai,China--Timor-Leste,amr_hai,1,China,China,0.331977,0.597918,1,China,Timor-Leste,1,0
China--Timor-Leste#amr_hai,China--Timor-Leste,amr_hai,2,Timor-Leste,Timor-Leste,0.217655,0.344437,1,China,Timor-Leste,1,0
China--Viet Nam#amr_hai,China--Viet Nam,amr_hai,1,China,China,0.331977,0.597918,1,China,Viet Nam,1,0
China--Viet Nam#amr_hai,China--Viet Nam,amr_hai,2,Viet Nam,Viet Nam,0.306341,0.520662,1,China,Viet Nam,1,0
India--Indonesia#amr_hai,India--Indonesia,amr_hai,1,India,India,0.397173,0.572838,1,India,Indonesia,1,0
India--Indonesia#amr_hai,India--Indonesia,amr_hai,2,Indonesia,Indonesia,0.369414,0.492144,1,India,Indonesia,1,0
India--Malaysia#amr_hai,India--Malaysia,amr_hai,1,India,India,0.397173,0.572838,1,India,Malaysia,1,0
India--Malaysia#amr_hai,India--Malaysia,amr_hai,2,Malaysia,Malaysia,0.277414,0.425437,1,India,Malaysia,1,0
India--Mongolia#amr_hai,India--Mongolia,amr_hai,1,India,India,0.397173,0.572838,1,India,Mongolia,1,0
India--Mongolia#amr_hai,India--Mongolia,amr_hai,2,Mongolia,Mongolia,0.328662,0.366715,1,India,Mongolia,1,0
India--Nepal#amr_hai,India--Nepal,amr_hai,1,India,India,0.397173,0.572838,1,India,Nepal,1,0
India--Nepal#amr_hai,India--Nepal,amr_hai,2,Nepal,Nepal,0.224864,0.407765,1,India,Nepal,1,0
India--Pakistan#amr_hai,India--Pakistan,amr_hai,1,India,India,0.397173,0.572838,1,India,Pakistan,1,0
India--Pakistan#amr_hai,India--Pakistan,amr_hai,2,Pakistan,Pakistan,0.35634,0.418637,1,India,Pakistan,1,0
India--Philippines#amr_hai,India--Philippines,amr_hai,1,India,India,0.397173,0.572838,1,India,Philippines,1,0
India--Philippines#amr_hai,India--Philippines,amr_hai,2,Philippines,Philippines,0.403578,0.405159,1,India,Philippines,1,0
India--Sri Lanka#amr_hai,India--Sri Lanka,amr_hai,1,India,India,0.397173,0.572838,1,India,Sri Lanka,1,0
India--Sri Lanka#amr_hai,India--Sri Lanka,amr_hai,2,Sri Lanka,Sri Lanka,0.179394,0.390155,1,India,Sri Lanka,1,0
India--Timor-Leste#amr_hai,India--Timor-Leste,amr_hai,1,India,India,0.397173,0.572838,1,India,Timor-Leste,1,0
India--Timor-Leste#amr_hai,India--Timor-Leste,amr_hai,2,Timor-Leste,Timor-Leste,0.217655,0.344437,1,India,Timor-Leste,1,0
India--Viet Nam#amr_hai,India--Viet Nam,amr_hai,1,India,India,0.397173,0.572838,1,India,Viet Nam,1,0
India--Viet Nam#amr_hai,India--Viet Nam,amr_hai,2,Viet Nam,Viet Nam,0.306341,0.520662,1,India,Viet Nam,1,0
Indonesia--Japan#amr_hai,Indonesia--Japan,amr_hai,1,Indonesia,Indonesia,0.369414,0.492144,1,Indonesia,Japan,1,0
Indonesia--Japan#amr_hai,Indonesia--Japan,amr_hai,2,Japan,Japan,0.302497,0.608095,1,Indonesia,Japan,1,0
Indonesia--Malaysia#amr_hai,Indonesia--Malaysia,amr_hai,1,Indonesia,Indonesia,0.369414,0.492144,1,Indonesia,Malaysia,1,0
Indonesia--Malaysia#amr_hai,Indonesia--Malaysia,amr_hai,2,Malaysia,Malaysia,0.277414,0.425437,1,Indonesia,Malaysia,1,0
Indonesia--Mongolia#amr_hai,Indonesia--Mongolia,amr_hai,1,Indonesia,Indonesia,0.369414,0.492144,1,Indonesia,Mongolia,1,0
Indonesia--Mongolia#amr_hai,Indonesia--Mongolia,amr_hai,2,Mongolia,Mongolia,0.328662,0.366715,1,Indonesia,Mongolia,1,0
Indonesia--Nepal#amr_hai,Indonesia--Nepal,amr_hai,1,Indonesia,Indonesia,0.369414,0.492144,1,Indonesia,Nepal,1,0
Indonesia--Nepal#amr_hai,Indonesia--Nepal,amr_hai,2,Nepal,Nepal,0.224864,0.407765,1,Indonesia,Nepal,1,0
Indonesia--Pakistan#amr_hai,Indonesia--Pakistan,amr_hai,1,Indonesia,Indonesia,0.369414,0.492144,1,Indonesia,Pakistan,1,0
Indonesia--Pakistan#amr_hai,Indonesia--Pakistan,amr_hai,2,Pakistan,Pakistan,0.35634,0.418637,1,Indonesia,Pakistan,1,0
Indonesia--Philippines#amr_hai,Indonesia--Philippines,amr_hai,1,Indonesia,Indonesia,0.369414,0.492144,1,Indonesia,Philippines,1,0
Indonesia--Philippines#amr_hai,Indonesia--Philippines,amr_hai,2,Philippines,Philippines,0.403578,0.405159,1,Indonesia,Philippines,1,0
Indonesia--Singapore#amr_hai,Indonesia--Singapore,amr_hai,1,Indonesia,Indonesia,0.369414,0.492144,1,Indonesia,Singapore,1,1
Indonesia--Singapore#amr_hai,Indonesia--Singapore,amr_hai,2,Singapore,Singapore,0.429978,0.539306,1,Indonesia,Singapore,1,1
Indonesia--Sri Lanka#amr_hai,Indonesia--Sri Lanka,amr_hai,1,Indonesia,Indonesia,0.369414,0.492144,1,Indonesia,Sri Lanka,1,0
Indonesia--Sri Lanka#amr_hai,Indonesia--Sri Lanka,amr_hai,2,Sri Lanka,Sri Lanka,0.179394,0.390155,1,Indonesia,Sri Lanka,1,0
Indonesia--Taiwan#amr_hai,Indonesia--Taiwan,amr_hai,1,Indonesia,Indonesia,0.369414,0.492144,1,Indonesia,Taiwan,1,0
Indonesia--Taiwan#amr_hai,Indonesia--Taiwan,amr_hai,2,Taiwan,Taiwan,0.310266,0.423686,1,Indonesia,Taiwan,1,0
Indonesia--Thailand#amr_hai,Indonesia--Thailand,amr_hai,1,Indonesia,Indonesia,0.369414,0.492144,1,Indonesia,Thailand,1,0
Indonesia--Thailand#amr_hai,Indonesia--Thailand,amr_hai,2,Thailand,Thailand,0.336992,0.46232,1,Indonesia,Thailand,1,0
Indonesia--Timor-Leste#amr_hai,Indonesia--Timor-Leste,amr_hai,1,Indonesia,Indonesia,0.369414,0.492144,1,Indonesia,Timor-Leste,1,0
Indonesia--Timor-Leste#amr_hai,Indonesia--Timor-Leste,amr_hai,2,Timor-Leste,Timor-Leste,0.217655,0.344437,1,Indonesia,Timor-Leste,1,0
Indonesia--United Kingdom#amr_hai,Indonesia--United Kingdom,amr_hai,1,Indonesia,Indonesia,0.369414,0.492144,1,Indonesia,United Kingdom,1,0
Indonesia--United Kingdom#amr_hai,Indonesia--United Kingdom,amr_hai,2,United Kingdom,United Kingdom,0.355643,0.570016,1,Indonesia,United Kingdom,1,0
Indonesia--Viet Nam#amr_hai,Indonesia--Viet Nam,amr_hai,1,Indonesia,Indonesia,0.369414,0.492144,1,Indonesia,Viet Nam,1,0
Indonesia--Viet Nam#amr_hai,Indonesia--Viet Nam,amr_hai,2,Viet Nam,Viet Nam,0.306341,0.520662,1,Indonesia,Viet Nam,1,0
Japan--Malaysia#amr_hai,Japan--Malaysia,amr_hai,1,Japan,Japan,0.302497,0.608095,1,Japan,Malaysia,1,0
Japan--Malaysia#amr_hai,Japan--Malaysia,amr_hai,2,Malaysia,Malaysia,0.277414,0.425437,1,Japan,Malaysia,1,0
Japan--Mongolia#amr_hai,Japan--Mongolia,amr_hai,1,Japan,Japan,0.302497,0.608095,1,Japan,Mongolia,1,0
Japan--Mongolia#amr_hai,Japan--Mongolia,amr_hai,2,Mongolia,Mongolia,0.328662,0.366715,1,Japan,Mongolia,1,0
Japan--Nepal#amr_hai,Japan--Nepal,amr_hai,1,Japan,Japan,0.302497,0.608095,1,Japan,Nepal,1,0
Japan--Nepal#amr_hai,Japan--Nepal,amr_hai,2,Nepal,Nepal,0.224864,0.407765,1,Japan,Nepal,1,0
Japan--Pakistan#amr_hai,Japan--Pakistan,amr_hai,1,Japan,Japan,0.302497,0.608095,1,Japan,Pakistan,1,0
Japan--Pakistan#amr_hai,Japan--Pakistan,amr_hai,2,Pakistan,Pakistan,0.35634,0.418637,1,Japan,Pakistan,1,0
Japan--Philippines#amr_hai,Japan--Philippines,amr_hai,1,Japan,Japan,0.302497,0.608095,1,Japan,Philippines,1,0
Japan--Philippines#amr_hai,Japan--Philippines,amr_hai,2,Philippines,Philippines,0.403578,0.405159,1,Japan,Philippines,1,0
Japan--Sri Lanka#amr_hai,Japan--Sri Lanka,amr_hai,1,Japan,Japan,0.302497,0.608095,1,Japan,Sri Lanka,1,0
Japan--Sri Lanka#amr_hai,Japan--Sri Lanka,amr_hai,2,Sri Lanka,Sri Lanka,0.179394,0.390155,1,Japan,Sri Lanka,1,0
Japan--Timor-Leste#amr_hai,Japan--Timor-Leste,amr_hai,1,Japan,Japan,0.302497,0.608095,1,Japan,Timor-Leste,1,0
Japan--Timor-Leste#amr_hai,Japan--Timor-Leste,amr_hai,2,Timor-Leste,Timor-Leste,0.217655,0.344437,1,Japan,Timor-Leste,1,0
Japan--Viet Nam#amr_hai,Japan--Viet Nam,amr_hai,1,Japan,Japan,0.302497,0.608095,1,Japan,Viet Nam,1,0
Japan--Viet Nam#amr_hai,Japan--Viet Nam,amr_hai,2,Viet Nam,Viet Nam,0.306341,0.520662,1,Japan,Viet Nam,1,0
Malaysia--Mongolia#amr_hai,Malaysia--Mongolia,amr_hai,1,Malaysia,Malaysia,0.277414,0.425437,1,Malaysia,Mongolia,1,0
Malaysia--Mongolia#amr_hai,Malaysia--Mongolia,amr_hai,2,Mongolia,Mongolia,0.328662,0.366715,1,Malaysia,Mongolia,1,0
Malaysia--Nepal#amr_hai,Malaysia--Nepal,amr_hai,1,Malaysia,Malaysia,0.277414,0.425437,1,Malaysia,Nepal,1,0
Malaysia--Nepal#amr_hai,Malaysia--Nepal,amr_hai,2,Nepal,Nepal,0.224864,0.407765,1,Malaysia,Nepal,1,0
Malaysia--Pakistan#amr_hai,Malaysia--Pakistan,amr_hai,1,Malaysia,Malaysia,0.277414,0.425437,1,Malaysia,Pakistan,1,0
Malaysia--Pakistan#amr_hai,Malaysia--Pakistan,amr_hai,2,Pakistan,Pakistan,0.35634,0.418637,1,Malaysia,Pakistan,1,0
Malaysia--Philippines#amr_hai,Malaysia--Philippines,amr_hai,1,Malaysia,Malaysia,0.277414,0.425437,1,Malaysia,Philippines,1,0
Malaysia--Philippines#amr_hai,Malaysia--Philippines,amr_hai,2,Philippines,Philippines,0.403578,0.405159,1,Malaysia,Philippines,1,0
Malaysia--Sri Lanka#amr_hai,Malaysia--Sri Lanka,amr_hai,1,Malaysia,Malaysia,0.277414,0.425437,1,Malaysia,Sri Lanka,1,0
Malaysia--Sri Lanka#amr_hai,Malaysia--Sri Lanka,amr_hai,2,Sri Lanka,Sri Lanka,0.179394,0.390155,1,Malaysia,Sri Lanka,1,0
Malaysia--Taiwan#amr_hai,Malaysia--Taiwan,amr_hai,1,Malaysia,Malaysia,0.277414,0.425437,1,Malaysia,Taiwan,1,0
Malaysia--Taiwan#amr_hai,Malaysia--Taiwan,amr_hai,2,Taiwan,Taiwan,0.310266,0.423686,1,Malaysia,Taiwan,1,0
Malaysia--Timor-Leste#amr_hai,Malaysia--Timor-Leste,amr_hai,1,Malaysia,Malaysia,0.277414,0.425437,1,Malaysia,Timor-Leste,1,0
Malaysia--Timor-Leste#amr_hai,Malaysia--Timor-Leste,amr_hai,2,Timor-Leste,Timor-Leste,0.217655,0.344437,1,Malaysia,Timor-Leste,1,0
Mongolia--Nepal#amr_hai,Mongolia--Nepal,amr_hai,1,Mongolia,Mongolia,0.328662,0.366715,1,Mongolia,Nepal,1,0
Mongolia--Nepal#amr_hai,Mongolia--Nepal,amr_hai,2,Nepal,Nepal,0.224864,0.407765,1,Mongolia,Nepal,1,0
Mongolia--Pakistan#amr_hai,Mongolia--Pakistan,amr_hai,1,Mongolia,Mongolia,0.328662,0.366715,1,Mongolia,Pakistan,1,0
Mongolia--Pakistan#amr_hai,Mongolia--Pakistan,amr_hai,2,Pakistan,Pakistan,0.35634,0.418637,1,Mongolia,Pakistan,1,0
Mongolia--Philippines#amr_hai,Mongolia--Philippines,amr_hai,1,Mongolia,Mongolia,0.328662,0.366715,1,Mongolia,Philippines,1,0
Mongolia--Philippines#amr_hai,Mongolia--Philippines,amr_hai,2,Philippines,Philippines,0.403578,0.405159,1,Mongolia,Philippines,1,0
Mongolia--Singapore#amr_hai,Mongolia--Singapore,amr_hai,1,Mongolia,Mongolia,0.328662,0.366715,1,Mongolia,Singapore,1,1
Mongolia--Singapore#amr_hai,Mongolia--Singapore,amr_hai,2,Singapore,Singapore,0.429978,0.539306,1,Mongolia,Singapore,1,1
Mongolia--Sri Lanka#amr_hai,Mongolia--Sri Lanka,amr_hai,1,Mongolia,Mongolia,0.328662,0.366715,1,Mongolia,Sri Lanka,1,0
Mongolia--Sri Lanka#amr_hai,Mongolia--Sri Lanka,amr_hai,2,Sri Lanka,Sri Lanka,0.179394,0.390155,1,Mongolia,Sri Lanka,1,0
Mongolia--Taiwan#amr_hai,Mongolia--Taiwan,amr_hai,1,Mongolia,Mongolia,0.328662,0.366715,1,Mongolia,Taiwan,1,0
Mongolia--Taiwan#amr_hai,Mongolia--Taiwan,amr_hai,2,Taiwan,Taiwan,0.310266,0.423686,1,Mongolia,Taiwan,1,0
Mongolia--Thailand#amr_hai,Mongolia--Thailand,amr_hai,1,Mongolia,Mongolia,0.328662,0.366715,1,Mongolia,Thailand,1,0
Mongolia--Thailand#amr_hai,Mongolia--Thailand,amr_hai,2,Thailand,Thailand,0.336992,0.46232,1,Mongolia,Thailand,1,0
Mongolia--Timor-Leste#amr_hai,Mongolia--Timor-Leste,amr_hai,1,Mongolia,Mongolia,0.328662,0.366715,1,Mongolia,Timor-Leste,1,0
Mongolia--Timor-Leste#amr_hai,Mongolia--Timor-Leste,amr_hai,2,Timor-Leste,Timor-Leste,0.217655,0.344437,1,Mongolia,Timor-Leste,1,0
Mongolia--United Kingdom#amr_hai,Mongolia--United Kingdom,amr_hai,1,Mongolia,Mongolia,0.328662,0.366715,1,Mongolia,United Kingdom,1,0
Mongolia--United Kingdom#amr_hai,Mongolia--United Kingdom,amr_hai,2,United Kingdom,United Kingdom,0.355643,0.570016,1,Mongolia,United Kingdom,1,0
Mongolia--Viet Nam#amr_hai,Mongolia--Viet Nam,amr_hai,1,Mongolia,Mongolia,0.328662,0.366715,1,Mongolia,Viet Nam,1,0
Mongolia--Viet Nam#amr_hai,Mongolia--Viet Nam,amr_hai,2,Viet Nam,Viet Nam,0.306341,0.520662,1,Mongolia,Viet Nam,1,0
Nepal--Pakistan#amr_hai,Nepal--Pakistan,amr_hai,1,Nepal,Nepal,0.224864,0.407765,1,Nepal,Pakistan,1,0
Nepal--Pakistan#amr_hai,Nepal--Pakistan,amr_hai,2,Pakistan,Pakistan,0.35634,0.418637,1,Nepal,Pakistan,1,0
Nepal--Philippines#amr_hai,Nepal--Philippines,amr_hai,1,Nepal,Nepal,0.224864,0.407765,1,Nepal,Philippines,1,0
Nepal--Philippines#amr_hai,Nepal--Philippines,amr_hai,2,Philippines,Philippines,0.403578,0.405159,1,Nepal,Philippines,1,0
Nepal--Singapore#amr_hai,Nepal--Singapore,amr_hai,1,Nepal,Nepal,0.224864,0.407765,1,Nepal,Singapore,1,1
Nepal--Singapore#amr_hai,Nepal--Singapore,amr_hai,2,Singapore,Singapore,0.429978,0.539306,1,Nepal,Singapore,1,1
Nepal--Sri Lanka#amr_hai,Nepal--Sri Lanka,amr_hai,1,Nepal,Nepal,0.224864,0.407765,1,Nepal,Sri Lanka,1,0
Nepal--Sri Lanka#amr_hai,Nepal--Sri Lanka,amr_hai,2,Sri Lanka,Sri Lanka,0.179394,0.390155,1,Nepal,Sri Lanka,1,0
Nepal--Taiwan#amr_hai,Nepal--Taiwan,amr_hai,1,Nepal,Nepal,0.224864,0.407765,1,Nepal,Taiwan,1,0
Nepal--Taiwan#amr_hai,Nepal--Taiwan,amr_hai,2,Taiwan,Taiwan,0.310266,0.423686,1,Nepal,Taiwan,1,0
Nepal--Thailand#amr_hai,Nepal--Thailand,amr_hai,1,Nepal,Nepal,0.224864,0.407765,1,Nepal,Thailand,1,0
Nepal--Thailand#amr_hai,Nepal--Thailand,amr_hai,2,Thailand,Thailand,0.336992,0.46232,1,Nepal,Thailand,1,0
Nepal--Timor-Leste#amr_hai,Nepal--Timor-Leste,amr_hai,1,Nepal,Nepal,0.224864,0.407765,1,Nepal,Timor-Leste,1,0
Nepal--Timor-Leste#amr_hai,Nepal--Timor-Leste,amr_hai,2,Timor-Leste,Timor-Leste,0.217655,0.344437,1,Nepal,Timor-Leste,1,0
Nepal--United Kingdom#amr_hai,Nepal--United Kingdom,amr_hai,1,Nepal,Nepal,0.224864,0.407765,1,Nepal,United Kingdom,1,0
Nepal--United Kingdom#amr_hai,Nepal--United Kingdom,amr_hai,2,United Kingdom,United Kingdom,0.355643,0.570016,1,Nepal,United Kingdom,1,0
Nepal--Viet Nam#amr_hai,Nepal--Viet Nam,amr_hai,1,Nepal,Nepal,0.224864,0.407765,1,Nepal,Viet Nam,1,0
Nepal--Viet Nam#amr_hai,Nepal--Viet Nam,amr_hai,2,Viet Nam,Viet Nam,0.306341,0.520662,1,Nepal,Viet Nam,1,0
Pakistan--Philippines#amr_hai,Pakistan--Philippines,amr_hai,1,Pakistan,Pakistan,0.35634,0.418637,1,Pakistan,Philippines,1,0
Pakistan--Philippines#amr_hai,Pakistan--Philippines,amr_hai,2,Philippines,Philippines,0.403578,0.405159,1,Pakistan,Philippines,1,0
Pakistan--Sri Lanka#amr_hai,Pakistan--Sri Lanka,amr_hai,1,Pakistan,Pakistan,0.35634,0.418637,1,Pakistan,Sri Lanka,1,0
Pakistan--Sri Lanka#amr_hai,Pakistan--Sri Lanka,amr_hai,2,Sri Lanka,Sri Lanka,0.179394,0.390155,1,Pakistan,Sri Lanka,1,0
Pakistan--Taiwan#amr_hai,Pakistan--Taiwan,amr_hai,1,Pakistan,Pakistan,0.35634,0.418637,1,Pakistan,Taiwan,1,0
Pakistan--Taiwan#amr_hai,Pakistan--Taiwan,amr_hai,2,Taiwan,Taiwan,0.310266,0.423686,1,Pakistan,Taiwan,1,0
Pakistan--Thailand#amr_hai,Pakistan--Thailand,amr_hai,1,Pakistan,Pakistan,0.35634,0.418637,1,Pakistan,Thailand,1,0
Pakistan--Thailand#amr_hai,Pakistan--Thailand,amr_hai,2,Thailand,Thailand,0.336992,0.46232,1,Pakistan,Thailand,1,0
Pakistan--Timor-Leste#amr_hai,Pakistan--Timor-Leste,amr_hai,1,Pakistan,Pakistan,0.35634,0.418637,1,Pakistan,Timor-Leste,1,0
Pakistan--Timor-Leste#amr_hai,Pakistan--Timor-Leste,amr_hai,2,Timor-Leste,Timor-Leste,0.217655,0.344437,1,Pakistan,Timor-Leste,1,0
Pakistan--United Kingdom#amr_hai,Pakistan--United Kingdom,amr_hai,1,Pakistan,Pakistan,0.35634,0.418637,1,Pakistan,United Kingdom,1,0
Pakistan--United Kingdom#amr_hai,Pakistan--United Kingdom,amr_hai,2,United Kingdom,United Kingdom,0.355643,0.570016,1,Pakistan,United Kingdom,1,0
Pakistan--Viet Nam#amr_hai,Pakistan--Viet Nam,amr_hai,1,Pakistan,Pakistan,0.35634,0.418637,1,Pakistan,Viet Nam,1,0
Pakistan--Viet Nam#amr_hai,Pakistan--Viet Nam,amr_hai,2,Viet Nam,Viet Nam,0.306341,0.520662,1,Pakistan,Viet Nam,1,0
Philippines--Sri Lanka#amr_hai,Philippines--Sri Lanka,amr_hai,1,Philippines,Philippines,0.403578,0.405159,1,Philippines,Sri Lanka,1,0
Philippines--Sri Lanka#amr_hai,Philippines--Sri Lanka,amr_hai,2,Sri Lanka,Sri Lanka,0.179394,0.390155,1,Philippines,Sri Lanka,1,0
Philippines--Taiwan#amr_hai,Philippines--Taiwan,amr_hai,1,Philippines,Philippines,0.403578,0.405159,1,Philippines,Taiwan,1,0
Philippines--Taiwan#amr_hai,Philippines--Taiwan,amr_hai,2,Taiwan,Taiwan,0.310266,0.423686,1,Philippines,Taiwan,1,0
Philippines--Timor-Leste#amr_hai,Philippines--Timor-Leste,amr_hai,1,Philippines,Philippines,0.403578,0.405159,1,Philippines,Timor-Leste,1,0
Philippines--Timor-Leste#amr_hai,Philippines--Timor-Leste,amr_hai,2,Timor-Leste,Timor-Leste,0.217655,0.344437,1,Philippines,Timor-Leste,1,0
Philippines--Viet Nam#amr_hai,Philippines--Viet Nam,amr_hai,1,Philippines,Philippines,0.403578,0.405159,1,Philippines,Viet Nam,1,0
Philippines--Viet Nam#amr_hai,Philippines--Viet Nam,amr_hai,2,Viet Nam,Viet Nam,0.306341,0.520662,1,Philippines,Viet Nam,1,0
Singapore--Sri Lanka#amr_hai,Singapore--Sri Lanka,amr_hai,1,Singapore,Singapore,0.429978,0.539306,1,Singapore,Sri Lanka,1,1
Singapore--Sri Lanka#amr_hai,Singapore--Sri Lanka,amr_hai,2,Sri Lanka,Sri Lanka,0.179394,0.390155,1,Singapore,Sri Lanka,1,1
Singapore--Timor-Leste#amr_hai,Singapore--Timor-Leste,amr_hai,1,Singapore,Singapore,0.429978,0.539306,1,Singapore,Timor-Leste,1,1
Singapore--Timor-Leste#amr_hai,Singapore--Timor-Leste,amr_hai,2,Timor-Leste,Timor-Leste,0.217655,0.344437,1,Singapore,Timor-Leste,1,1
Sri Lanka--Taiwan#amr_hai,Sri Lanka--Taiwan,amr_hai,1,Sri Lanka,Sri Lanka,0.179394,0.390155,1,Sri Lanka,Taiwan,1,0
Sri Lanka--Taiwan#amr_hai,Sri Lanka--Taiwan,amr_hai,2,Taiwan,Taiwan,0.310266,0.423686,1,Sri Lanka,Taiwan,1,0
Sri Lanka--Thailand#amr_hai,Sri Lanka--Thailand,amr_hai,1,Sri Lanka,Sri Lanka,0.179394,0.390155,1,Sri Lanka,Thailand,1,0
Sri Lanka--Thailand#amr_hai,Sri Lanka--Thailand,amr_hai,2,Thailand,Thailand,0.336992,0.46232,1,Sri Lanka,Thailand,1,0
Sri Lanka--Timor-Leste#amr_hai,Sri Lanka--Timor-Leste,amr_hai,1,Sri Lanka,Sri Lanka,0.179394,0.390155,1,Sri Lanka,Timor-Leste,1,0
Sri Lanka--Timor-Leste#amr_hai,Sri Lanka--Timor-Leste,amr_hai,2,Timor-Leste,Timor-Leste,0.217655,0.344437,1,Sri Lanka,Timor-Leste,1,0
Sri Lanka--United Kingdom#amr_hai,Sri Lanka--United Kingdom,amr_hai,1,Sri Lanka,Sri Lanka,0.179394,0.390155,1,Sri Lanka,United Kingdom,1,0
Sri Lanka--United Kingdom#amr_hai,Sri Lanka--United Kingdom,amr_hai,2,United Kingdom,United Kingdom,0.355643,0.570016,1,Sri Lanka,United Kingdom,1,0
Sri Lanka--Viet Nam#amr_hai,Sri Lanka--Viet Nam,amr_hai,1,Sri Lanka,Sri Lanka,0.179394,0.390155,1,Sri Lanka,Viet Nam,1,0
Sri Lanka--Viet Nam#amr_hai,Sri Lanka--Viet Nam,amr_hai,2,Viet Nam,Viet Nam,0.306341,0.520662,1,Sri Lanka,Viet Nam,1,0
Taiwan--Timor-Leste#amr_hai,Taiwan--Timor-Leste,amr_hai,1,Taiwan,Taiwan,0.310266,0.423686,1,Taiwan,Timor-Leste,1,0
Taiwan--Timor-Leste#amr_hai,Taiwan--Timor-Leste,amr_hai,2,Timor-Leste,Timor-Leste,0.217655,0.344437,1,Taiwan,Timor-Leste,1,0
Taiwan--United Kingdom#amr_hai,Taiwan--United Kingdom,amr_hai,1,Taiwan,Taiwan,0.310266,0.423686,1,Taiwan,United Kingdom,1,0
Taiwan--United Kingdom#amr_hai,Taiwan--United Kingdom,amr_hai,2,United Kingdom,United Kingdom,0.355643,0.570016,1,Taiwan,United Kingdom,1,0
Taiwan--Viet Nam#amr_hai,Taiwan--Viet Nam,amr_hai,1,Taiwan,Taiwan,0.310266,0.423686,1,Taiwan,Viet Nam,1,0
Taiwan--Viet Nam#amr_hai,Taiwan--Viet Nam,amr_hai,2,Viet Nam,Viet Nam,0.306341,0.520662,1,Taiwan,Viet Nam,1,0
Thailand--Timor-Leste#amr_hai,Thailand--Timor-Leste,amr_hai,1,Thailand,Thailand,0.336992,0.46232,1,Thailand,Timor-Leste,1,0
Thailand--Timor-Leste#amr_hai,Thailand--Timor-Leste,amr_hai,2,Timor-Leste,Timor-Leste,0.217655,0.344437,1,Thailand,Timor-Leste,1,0
Timor-Leste--United Kingdom#amr_hai,Timor-Leste--United Kingdom,amr_hai,1,Timor-Leste,Timor-Leste,0.217655,0.344437,1,Timor-Leste,United Kingdom,1,0
Timor-Leste--United Kingdom#amr_hai,Timor-Leste--United Kingdom,amr_hai,2,United Kingdom,United Kingdom,0.355643,0.570016,1,Timor-Leste,United Kingdom,1,0
Timor-Leste--Viet Nam#amr_hai,Timor-Leste--Viet Nam,amr_hai,1,Timor-Leste,Timor-Leste,0.217655,0.344437,1,Timor-Leste,Viet Nam,1,0
Timor-Leste--Viet Nam#amr_hai,Timor-Leste--Viet Nam,amr_hai,2,Viet Nam,Viet Nam,0.306341,0.520662,1,Timor-Leste,Viet Nam,1,0
Democratic Republic of the Congo--Japan#sti,Democratic Republic of the Congo--Japan,sti,1,Democratic Republic of the Congo,Democratic Republic of the Congo,0.376327,0.815444,1,Democratic Republic of the Congo,Japan,1,0
Democratic Republic of the Congo--Japan#sti,Democratic Republic of the Congo--Japan,sti,2,Japan,Japan,0.302497,0.608095,1,Democratic Republic of the Congo,Japan,1,0
Democratic Republic of the Congo--Singapore#sti,Democratic Republic of the Congo--Singapore,sti,1,Democratic Republic of the Congo,Democratic Republic of the Congo,0.376327,0.815444,1,Democratic Republic of the Congo,Singapore,1,1
Democratic Republic of the Congo--Singapore#sti,Democratic Republic of the Congo--Singapore,sti,2,Singapore,Singapore,0.429978,0.539306,1,Democratic Republic of the Congo,Singapore,1,1
Democratic Republic of the Congo--South Africa#sti,Democratic Republic of the Congo--South Africa,sti,1,Democratic Republic of the Congo,Democratic Republic of the Congo,0.376327,0.815444,1,Democratic Republic of the Congo,South Africa,1,0
Democratic Republic of the Congo--South Africa#sti,Democratic Republic of the Congo--South Africa,sti,2,South Africa,South Africa,0.354082,0.657729,1,Democratic Republic of the Congo,South Africa,1,0
Democratic Republic of the Congo--United Kingdom#sti,Democratic Republic of the Congo--United Kingdom,sti,1,Democratic Republic of the Congo,Democratic Republic of the Congo,0.376327,0.815444,1,Democratic Republic of the Congo,United Kingdom,1,0
Democratic Republic of the Congo--United Kingdom#sti,Democratic Republic of the Congo--United Kingdom,sti,2,United Kingdom,United Kingdom,0.355643,0.570016,1,Democratic Republic of the Congo,United Kingdom,1,0
Democratic Republic of the Congo--United States#sti,Democratic Republic of the Congo--United States,sti,1,Democratic Republic of the Congo,Democratic Republic of the Congo,0.376327,0.815444,1,Democratic Republic of the Congo,United States,1,0
Democratic Republic of the Congo--United States#sti,Democratic Republic of the Congo--United States,sti,2,United States,United States,0.440022,0.576858,1,Democratic Republic of the Congo,United States,1,0
Japan--South Africa#sti,Japan--South Africa,sti,1,Japan,Japan,0.302497,0.608095,1,Japan,South Africa,1,0
Japan--South Africa#sti,Japan--South Africa,sti,2,South Africa,South Africa,0.354082,0.657729,1,Japan,South Africa,1,0
South Africa--United States#sti,South Africa--United States,sti,1,South Africa,South Africa,0.354082,0.657729,1,South Africa,United States,1,0
South Africa--United States#sti,South Africa--United States,sti,2,United States,United States,0.440022,0.576858,1,South Africa,United States,1,0
New Zealand--Tanzania#rti,New Zealand--Tanzania,rti,1,New Zealand,New Zealand,0.267102,0.517173,1,New Zealand,Tanzania,1,0
New Zealand--Tanzania#rti,New Zealand--Tanzania,rti,2,Tanzania,Tanzania,0.324634,0.135604,1,New Zealand,Tanzania,1,0
Singapore--Tanzania#rti,Singapore--Tanzania,rti,1,Singapore,Singapore,0.429978,0.539306,1,Singapore,Tanzania,1,1
Singapore--Tanzania#rti,Singapore--Tanzania,rti,2,Tanzania,Tanzania,0.324634,0.135604,1,Singapore,Tanzania,1,1
Tanzania--United States#rti,Tanzania--United States,rti,1,Tanzania,Tanzania,0.324634,0.135604,1,Tanzania,United States,1,0
Tanzania--United States#rti,Tanzania--United States,rti,2,United States,United States,0.440022,0.576858,1,Tanzania,United States,1,0
Argentina--Australia#amr_hai,Argentina--Australia,amr_hai,1,Argentina,Argentina,0.760761,0.713866,1,Argentina,Australia,1,0
Argentina--Australia#amr_hai,Argentina--Australia,amr_hai,2,Australia,Australia,0.390756,0.648197,1,Argentina,Australia,1,0
Argentina--Chile#amr_hai,Argentina--Chile,amr_hai,1,Argentina,Argentina,0.760761,0.713866,1,Argentina,Chile,1,0
Argentina--Chile#amr_hai,Argentina--Chile,amr_hai,2,Chile,Chile,0.722964,0.79092,1,Argentina,Chile,1,0
Argentina--Colombia#amr_hai,Argentina--Colombia,amr_hai,1,Argentina,Argentina,0.760761,0.713866,1,Argentina,Colombia,1,0
Argentina--Colombia#amr_hai,Argentina--Colombia,amr_hai,2,Colombia,Colombia,0.61512,0.480456,1,Argentina,Colombia,1,0
Argentina--Singapore#amr_hai,Argentina--Singapore,amr_hai,1,Argentina,Argentina,0.760761,0.713866,1,Argentina,Singapore,1,1
Argentina--Singapore#amr_hai,Argentina--Singapore,amr_hai,2,Singapore,Singapore,0.429978,0.539306,1,Argentina,Singapore,1,1
Argentina--United States#amr_hai,Argentina--United States,amr_hai,1,Argentina,Argentina,0.760761,0.713866,1,Argentina,United States,1,0
Argentina--United States#amr_hai,Argentina--United States,amr_hai,2,United States,United States,0.440022,0.576858,1,Argentina,United States,1,0
Australia--Chile#amr_hai,Australia--Chile,amr_hai,1,Australia,Australia,0.390756,0.648197,1,Australia,Chile,1,0
Australia--Chile#amr_hai,Australia--Chile,amr_hai,2,Chile,Chile,0.722964,0.79092,1,Australia,Chile,1,0
Australia--Colombia#amr_hai,Australia--Colombia,amr_hai,1,Australia,Australia,0.390756,0.648197,1,Australia,Colombia,1,0
Australia--Colombia#amr_hai,Australia--Colombia,amr_hai,2,Colombia,Colombia,0.61512,0.480456,1,Australia,Colombia,1,0
Chile--Colombia#amr_hai,Chile--Colombia,amr_hai,1,Chile,Chile,0.722964,0.79092,1,Chile,Colombia,1,0
Chile--Colombia#amr_hai,Chile--Colombia,amr_hai,2,Colombia,Colombia,0.61512,0.480456,1,Chile,Colombia,1,0
Chile--United States#amr_hai,Chile--United States,amr_hai,1,Chile,Chile,0.722964,0.79092,1,Chile,United States,1,0
Chile--United States#amr_hai,Chile--United States,amr_hai,2,United States,United States,0.440022,0.576858,1,Chile,United States,1,0
Colombia--Singapore#amr_hai,Colombia--Singapore,amr_hai,1,Colombia,Colombia,0.61512,0.480456,1,Colombia,Singapore,1,1
Colombia--Singapore#amr_hai,Colombia--Singapore,amr_hai,2,Singapore,Singapore,0.429978,0.539306,1,Colombia,Singapore,1,1
Colombia--United States#amr_hai,Colombia--United States,amr_hai,1,Colombia,Colombia,0.61512,0.480456,1,Colombia,United States,1,0
Colombia--United States#amr_hai,Colombia--United States,amr_hai,2,United States,United States,0.440022,0.576858,1,Colombia,United States,1,0
China--Germany#amr_hai,China--Germany,amr_hai,1,China,China,0.331977,0.597918,1,China,Germany,1,0
China--Germany#amr_hai,China--Germany,amr_hai,2,Germany,Germany,0.479367,0.620904,1,China,Germany,1,0
Germany--Malaysia#amr_hai,Germany--Malaysia,amr_hai,1,Germany,Germany,0.479367,0.620904,1,Germany,Malaysia,1,0
Germany--Malaysia#amr_hai,Germany--Malaysia,amr_hai,2,Malaysia,Malaysia,0.277414,0.425437,1,Germany,Malaysia,1,0
Belgium--China#rti,Belgium--China,rti,1,Belgium,Belgium,0.487025,0.572301,1,Belgium,China,1,0
Belgium--China#rti,Belgium--China,rti,2,China,China,0.331977,0.597918,1,Belgium,China,1,0
Bangladesh--Belgium#tb,Bangladesh--Belgium,tb,1,Bangladesh,Bangladesh,0.325634,0.547236,1,Bangladesh,Belgium,1,0
Bangladesh--Belgium#tb,Bangladesh--Belgium,tb,2,Belgium,Belgium,0.487025,0.572301,1,Bangladesh,Belgium,1,0
Bangladesh--Brazil#tb,Bangladesh--Brazil,tb,1,Bangladesh,Bangladesh,0.325634,0.547236,1,Bangladesh,Brazil,1,0
Bangladesh--Brazil#tb,Bangladesh--Brazil,tb,2,Brazil,Brazil,0.412471,0.61443,1,Bangladesh,Brazil,1,0
Bangladesh--China#tb,Bangladesh--China,tb,1,Bangladesh,Bangladesh,0.325634,0.547236,1,Bangladesh,China,1,0
Bangladesh--China#tb,Bangladesh--China,tb,2,China,China,0.331977,0.597918,1,Bangladesh,China,1,0
Bangladesh--Denmark#tb,Bangladesh--Denmark,tb,1,Bangladesh,Bangladesh,0.325634,0.547236,1,Bangladesh,Denmark,1,0
Bangladesh--Denmark#tb,Bangladesh--Denmark,tb,2,Denmark,Denmark,0.44304,0.500047,1,Bangladesh,Denmark,1,0
Bangladesh--India#tb,Bangladesh--India,tb,1,Bangladesh,Bangladesh,0.325634,0.547236,1,Bangladesh,India,1,0
Bangladesh--India#tb,Bangladesh--India,tb,2,India,India,0.397173,0.572838,1,Bangladesh,India,1,0
Bangladesh--Italy#tb,Bangladesh--Italy,tb,1,Bangladesh,Bangladesh,0.325634,0.547236,1,Bangladesh,Italy,1,0
Bangladesh--Italy#tb,Bangladesh--Italy,tb,2,Italy,Italy,0.491029,0.507028,1,Bangladesh,Italy,1,0
Bangladesh--Mexico#tb,Bangladesh--Mexico,tb,1,Bangladesh,Bangladesh,0.325634,0.547236,1,Bangladesh,Mexico,1,0
Bangladesh--Mexico#tb,Bangladesh--Mexico,tb,2,Mexico,Mexico,0.52358,0.407048,1,Bangladesh,Mexico,1,0
Bangladesh--Netherlands#tb,Bangladesh--Netherlands,tb,1,Bangladesh,Bangladesh,0.325634,0.547236,1,Bangladesh,Netherlands,1,0
Bangladesh--Netherlands#tb,Bangladesh--Netherlands,tb,2,Netherlands,Netherlands,0.442831,0.641991,1,Bangladesh,Netherlands,1,0
Bangladesh--Oman#tb,Bangladesh--Oman,tb,1,Bangladesh,Bangladesh,0.325634,0.547236,1,Bangladesh,Oman,1,0
Bangladesh--Oman#tb,Bangladesh--Oman,tb,2,Oman,Oman,0.471591,0.370701,1,Bangladesh,Oman,1,0
Bangladesh--Philippines#tb,Bangladesh--Philippines,tb,1,Bangladesh,Bangladesh,0.325634,0.547236,1,Bangladesh,Philippines,1,0
Bangladesh--Philippines#tb,Bangladesh--Philippines,tb,2,Philippines,Philippines,0.403578,0.405159,1,Bangladesh,Philippines,1,0
Bangladesh--Russian Federation#tb,Bangladesh--Russian Federation,tb,1,Bangladesh,Bangladesh,0.325634,0.547236,1,Bangladesh,Russian Federation,1,0
Bangladesh--Russian Federation#tb,Bangladesh--Russian Federation,tb,2,Russian Federation,Russian Federation,0.488704,0.417283,1,Bangladesh,Russian Federation,1,0
Bangladesh--Spain#tb,Bangladesh--Spain,tb,1,Bangladesh,Bangladesh,0.325634,0.547236,1,Bangladesh,Spain,1,0
Bangladesh--Spain#tb,Bangladesh--Spain,tb,2,Spain,Spain,0.55585,0.501818,1,Bangladesh,Spain,1,0
Belgium--Brazil#tb,Belgium--Brazil,tb,1,Belgium,Belgium,0.487025,0.572301,1,Belgium,Brazil,1,0
Belgium--Brazil#tb,Belgium--Brazil,tb,2,Brazil,Brazil,0.412471,0.61443,1,Belgium,Brazil,1,0
Belgium--Mexico#tb,Belgium--Mexico,tb,1,Belgium,Belgium,0.487025,0.572301,1,Belgium,Mexico,1,0
Belgium--Mexico#tb,Belgium--Mexico,tb,2,Mexico,Mexico,0.52358,0.407048,1,Belgium,Mexico,1,0
Belgium--Oman#tb,Belgium--Oman,tb,1,Belgium,Belgium,0.487025,0.572301,1,Belgium,Oman,1,0
Belgium--Oman#tb,Belgium--Oman,tb,2,Oman,Oman,0.471591,0.370701,1,Belgium,Oman,1,0
Belgium--Philippines#tb,Belgium--Philippines,tb,1,Belgium,Belgium,0.487025,0.572301,1,Belgium,Philippines,1,0
Belgium--Philippines#tb,Belgium--Philippines,tb,2,Philippines,Philippines,0.403578,0.405159,1,Belgium,Philippines,1,0
Belgium--Russian Federation#tb,Belgium--Russian Federation,tb,1,Belgium,Belgium,0.487025,0.572301,1,Belgium,Russian Federation,1,0
Belgium--Russian Federation#tb,Belgium--Russian Federation,tb,2,Russian Federation,Russian Federation,0.488704,0.417283,1,Belgium,Russian Federation,1,0
Belgium--Spain#tb,Belgium--Spain,tb,1,Belgium,Belgium,0.487025,0.572301,1,Belgium,Spain,1,0
Belgium--Spain#tb,Belgium--Spain,tb,2,Spain,Spain,0.55585,0.501818,1,Belgium,Spain,1,0
Brazil--China#tb,Brazil--China,tb,1,Brazil,Brazil,0.412471,0.61443,1,Brazil,China,1,0
Brazil--China#tb,Brazil--China,tb,2,China,China,0.331977,0.597918,1,Brazil,China,1,0
Brazil--Denmark#tb,Brazil--Denmark,tb,1,Brazil,Brazil,0.412471,0.61443,1,Brazil,Denmark,1,0
Brazil--Denmark#tb,Brazil--Denmark,tb,2,Denmark,Denmark,0.44304,0.500047,1,Brazil,Denmark,1,0
Brazil--Ethiopia#tb,Brazil--Ethiopia,tb,1,Brazil,Brazil,0.412471,0.61443,1,Brazil,Ethiopia,1,0
Brazil--Ethiopia#tb,Brazil--Ethiopia,tb,2,Ethiopia,Ethiopia,0.413066,0.448775,1,Brazil,Ethiopia,1,0
Brazil--France#tb,Brazil--France,tb,1,Brazil,Brazil,0.412471,0.61443,1,Brazil,France,1,0
Brazil--France#tb,Brazil--France,tb,2,France,France,0.37365,0.542016,1,Brazil,France,1,0
Brazil--India#tb,Brazil--India,tb,1,Brazil,Brazil,0.412471,0.61443,1,Brazil,India,1,0
Brazil--India#tb,Brazil--India,tb,2,India,India,0.397173,0.572838,1,Brazil,India,1,0
Brazil--Indonesia#tb,Brazil--Indonesia,tb,1,Brazil,Brazil,0.412471,0.61443,1,Brazil,Indonesia,1,0
Brazil--Indonesia#tb,Brazil--Indonesia,tb,2,Indonesia,Indonesia,0.369414,0.492144,1,Brazil,Indonesia,1,0
Brazil--Italy#tb,Brazil--Italy,tb,1,Brazil,Brazil,0.412471,0.61443,1,Brazil,Italy,1,0
Brazil--Italy#tb,Brazil--Italy,tb,2,Italy,Italy,0.491029,0.507028,1,Brazil,Italy,1,0
Brazil--Mexico#tb,Brazil--Mexico,tb,1,Brazil,Brazil,0.412471,0.61443,1,Brazil,Mexico,1,0
Brazil--Mexico#tb,Brazil--Mexico,tb,2,Mexico,Mexico,0.52358,0.407048,1,Brazil,Mexico,1,0
Brazil--Netherlands#tb,Brazil--Netherlands,tb,1,Brazil,Brazil,0.412471,0.61443,1,Brazil,Netherlands,1,0
Brazil--Netherlands#tb,Brazil--Netherlands,tb,2,Netherlands,Netherlands,0.442831,0.641991,1,Brazil,Netherlands,1,0
Brazil--Oman#tb,Brazil--Oman,tb,1,Brazil,Brazil,0.412471,0.61443,1,Brazil,Oman,1,0
Brazil--Oman#tb,Brazil--Oman,tb,2,Oman,Oman,0.471591,0.370701,1,Brazil,Oman,1,0
Brazil--Pakistan#tb,Brazil--Pakistan,tb,1,Brazil,Brazil,0.412471,0.61443,1,Brazil,Pakistan,1,0
Brazil--Pakistan#tb,Brazil--Pakistan,tb,2,Pakistan,Pakistan,0.35634,0.418637,1,Brazil,Pakistan,1,0
Brazil--Philippines#tb,Brazil--Philippines,tb,1,Brazil,Brazil,0.412471,0.61443,1,Brazil,Philippines,1,0
Brazil--Philippines#tb,Brazil--Philippines,tb,2,Philippines,Philippines,0.403578,0.405159,1,Brazil,Philippines,1,0
Brazil--Russian Federation#tb,Brazil--Russian Federation,tb,1,Brazil,Brazil,0.412471,0.61443,1,Brazil,Russian Federation,1,0
Brazil--Russian Federation#tb,Brazil--Russian Federation,tb,2,Russian Federation,Russian Federation,0.488704,0.417283,1,Brazil,Russian Federation,1,0
Brazil--Singapore#tb,Brazil--Singapore,tb,1,Brazil,Brazil,0.412471,0.61443,1,Brazil,Singapore,1,1
Brazil--Singapore#tb,Brazil--Singapore,tb,2,Singapore,Singapore,0.429978,0.539306,1,Brazil,Singapore,1,1
Brazil--Spain#tb,Brazil--Spain,tb,1,Brazil,Brazil,0.412471,0.61443,1,Brazil,Spain,1,0
Brazil--Spain#tb,Brazil--Spain,tb,2,Spain,Spain,0.55585,0.501818,1,Brazil,Spain,1,0
Brazil--Switzerland#tb,Brazil--Switzerland,tb,1,Brazil,Brazil,0.412471,0.61443,1,Brazil,Switzerland,1,0
Brazil--Switzerland#tb,Brazil--Switzerland,tb,2,Switzerland,Switzerland,0.407049,0.531378,1,Brazil,Switzerland,1,0
Brazil--United Kingdom#tb,Brazil--United Kingdom,tb,1,Brazil,Brazil,0.412471,0.61443,1,Brazil,United Kingdom,1,0
Brazil--United Kingdom#tb,Brazil--United Kingdom,tb,2,United Kingdom,United Kingdom,0.355643,0.570016,1,Brazil,United Kingdom,1,0
Brazil--United States#tb,Brazil--United States,tb,1,Brazil,Brazil,0.412471,0.61443,1,Brazil,United States,1,0
Brazil--United States#tb,Brazil--United States,tb,2,United States,United States,0.440022,0.576858,1,Brazil,United States,1,0
China--Ethiopia#tb,China--Ethiopia,tb,1,China,China,0.331977,0.597918,1,China,Ethiopia,1,0
China--Ethiopia#tb,China--Ethiopia,tb,2,Ethiopia,Ethiopia,0.413066,0.448775,1,China,Ethiopia,1,0
China--Indonesia#tb,China--Indonesia,tb,1,China,China,0.331977,0.597918,1,China,Indonesia,1,0
China--Indonesia#tb,China--Indonesia,tb,2,Indonesia,Indonesia,0.369414,0.492144,1,China,Indonesia,1,0
China--Italy#tb,China--Italy,tb,1,China,China,0.331977,0.597918,1,China,Italy,1,0
China--Italy#tb,China--Italy,tb,2,Italy,Italy,0.491029,0.507028,1,China,Italy,1,0
China--Mexico#tb,China--Mexico,tb,1,China,China,0.331977,0.597918,1,China,Mexico,1,0
China--Mexico#tb,China--Mexico,tb,2,Mexico,Mexico,0.52358,0.407048,1,China,Mexico,1,0
China--Oman#tb,China--Oman,tb,1,China,China,0.331977,0.597918,1,China,Oman,1,0
China--Oman#tb,China--Oman,tb,2,Oman,Oman,0.471591,0.370701,1,China,Oman,1,0
China--Russian Federation#tb,China--Russian Federation,tb,1,China,China,0.331977,0.597918,1,China,Russian Federation,1,0
China--Russian Federation#tb,China--Russian Federation,tb,2,Russian Federation,Russian Federation,0.488704,0.417283,1,China,Russian Federation,1,0
China--Spain#tb,China--Spain,tb,1,China,China,0.331977,0.597918,1,China,Spain,1,0
China--Spain#tb,China--Spain,tb,2,Spain,Spain,0.55585,0.501818,1,China,Spain,1,0
China--Switzerland#tb,China--Switzerland,tb,1,China,China,0.331977,0.597918,1,China,Switzerland,1,0
China--Switzerland#tb,China--Switzerland,tb,2,Switzerland,Switzerland,0.407049,0.531378,1,China,Switzerland,1,0
Denmark--Italy#tb,Denmark--Italy,tb,1,Denmark,Denmark,0.44304,0.500047,1,Denmark,Italy,1,0
Denmark--Italy#tb,Denmark--Italy,tb,2,Italy,Italy,0.491029,0.507028,1,Denmark,Italy,1,0
Denmark--Mexico#tb,Denmark--Mexico,tb,1,Denmark,Denmark,0.44304,0.500047,1,Denmark,Mexico,1,0
Denmark--Mexico#tb,Denmark--Mexico,tb,2,Mexico,Mexico,0.52358,0.407048,1,Denmark,Mexico,1,0
Denmark--Oman#tb,Denmark--Oman,tb,1,Denmark,Denmark,0.44304,0.500047,1,Denmark,Oman,1,0
Denmark--Oman#tb,Denmark--Oman,tb,2,Oman,Oman,0.471591,0.370701,1,Denmark,Oman,1,0
Denmark--Philippines#tb,Denmark--Philippines,tb,1,Denmark,Denmark,0.44304,0.500047,1,Denmark,Philippines,1,0
Denmark--Philippines#tb,Denmark--Philippines,tb,2,Philippines,Philippines,0.403578,0.405159,1,Denmark,Philippines,1,0
Denmark--Russian Federation#tb,Denmark--Russian Federation,tb,1,Denmark,Denmark,0.44304,0.500047,1,Denmark,Russian Federation,1,0
Denmark--Russian Federation#tb,Denmark--Russian Federation,tb,2,Russian Federation,Russian Federation,0.488704,0.417283,1,Denmark,Russian Federation,1,0
Denmark--Spain#tb,Denmark--Spain,tb,1,Denmark,Denmark,0.44304,0.500047,1,Denmark,Spain,1,0
Denmark--Spain#tb,Denmark--Spain,tb,2,Spain,Spain,0.55585,0.501818,1,Denmark,Spain,1,0
Ethiopia--Italy#tb,Ethiopia--Italy,tb,1,Ethiopia,Ethiopia,0.413066,0.448775,1,Ethiopia,Italy,1,0
Ethiopia--Italy#tb,Ethiopia--Italy,tb,2,Italy,Italy,0.491029,0.507028,1,Ethiopia,Italy,1,0
Ethiopia--Mexico#tb,Ethiopia--Mexico,tb,1,Ethiopia,Ethiopia,0.413066,0.448775,1,Ethiopia,Mexico,1,0
Ethiopia--Mexico#tb,Ethiopia--Mexico,tb,2,Mexico,Mexico,0.52358,0.407048,1,Ethiopia,Mexico,1,0
Ethiopia--Oman#tb,Ethiopia--Oman,tb,1,Ethiopia,Ethiopia,0.413066,0.448775,1,Ethiopia,Oman,1,0
Ethiopia--Oman#tb,Ethiopia--Oman,tb,2,Oman,Oman,0.471591,0.370701,1,Ethiopia,Oman,1,0
Ethiopia--Philippines#tb,Ethiopia--Philippines,tb,1,Ethiopia,Ethiopia,0.413066,0.448775,1,Ethiopia,Philippines,1,0
Ethiopia--Philippines#tb,Ethiopia--Philippines,tb,2,Philippines,Philippines,0.403578,0.405159,1,Ethiopia,Philippines,1,0
Ethiopia--Russian Federation#tb,Ethiopia--Russian Federation,tb,1,Ethiopia,Ethiopia,0.413066,0.448775,1,Ethiopia,Russian Federation,1,0
Ethiopia--Russian Federation#tb,Ethiopia--Russian Federation,tb,2,Russian Federation,Russian Federation,0.488704,0.417283,1,Ethiopia,Russian Federation,1,0
Ethiopia--Spain#tb,Ethiopia--Spain,tb,1,Ethiopia,Ethiopia,0.413066,0.448775,1,Ethiopia,Spain,1,0
Ethiopia--Spain#tb,Ethiopia--Spain,tb,2,Spain,Spain,0.55585,0.501818,1,Ethiopia,Spain,1,0
France--Mexico#tb,France--Mexico,tb,1,France,France,0.37365,0.542016,1,France,Mexico,1,0
France--Mexico#tb,France--Mexico,tb,2,Mexico,Mexico,0.52358,0.407048,1,France,Mexico,1,0
France--Oman#tb,France--Oman,tb,1,France,France,0.37365,0.542016,1,France,Oman,1,0
France--Oman#tb,France--Oman,tb,2,Oman,Oman,0.471591,0.370701,1,France,Oman,1,0
France--Philippines#tb,France--Philippines,tb,1,France,France,0.37365,0.542016,1,France,Philippines,1,0
France--Philippines#tb,France--Philippines,tb,2,Philippines,Philippines,0.403578,0.405159,1,France,Philippines,1,0
France--Russian Federation#tb,France--Russian Federation,tb,1,France,France,0.37365,0.542016,1,France,Russian Federation,1,0
France--Russian Federation#tb,France--Russian Federation,tb,2,Russian Federation,Russian Federation,0.488704,0.417283,1,France,Russian Federation,1,0
France--Spain#tb,France--Spain,tb,1,France,France,0.37365,0.542016,1,France,Spain,1,0
France--Spain#tb,France--Spain,tb,2,Spain,Spain,0.55585,0.501818,1,France,Spain,1,0
India--Mexico#tb,India--Mexico,tb,1,India,India,0.397173,0.572838,1,India,Mexico,1,0
India--Mexico#tb,India--Mexico,tb,2,Mexico,Mexico,0.52358,0.407048,1,India,Mexico,1,0
India--Oman#tb,India--Oman,tb,1,India,India,0.397173,0.572838,1,India,Oman,1,0
India--Oman#tb,India--Oman,tb,2,Oman,Oman,0.471591,0.370701,1,India,Oman,1,0
India--Russian Federation#tb,India--Russian Federation,tb,1,India,India,0.397173,0.572838,1,India,Russian Federation,1,0
India--Russian Federation#tb,India--Russian Federation,tb,2,Russian Federation,Russian Federation,0.488704,0.417283,1,India,Russian Federation,1,0
India--Spain#tb,India--Spain,tb,1,India,India,0.397173,0.572838,1,India,Spain,1,0
India--Spain#tb,India--Spain,tb,2,Spain,Spain,0.55585,0.501818,1,India,Spain,1,0
Indonesia--Mexico#tb,Indonesia--Mexico,tb,1,Indonesia,Indonesia,0.369414,0.492144,1,Indonesia,Mexico,1,0
Indonesia--Mexico#tb,Indonesia--Mexico,tb,2,Mexico,Mexico,0.52358,0.407048,1,Indonesia,Mexico,1,0
Indonesia--Oman#tb,Indonesia--Oman,tb,1,Indonesia,Indonesia,0.369414,0.492144,1,Indonesia,Oman,1,0
Indonesia--Oman#tb,Indonesia--Oman,tb,2,Oman,Oman,0.471591,0.370701,1,Indonesia,Oman,1,0
Indonesia--Russian Federation#tb,Indonesia--Russian Federation,tb,1,Indonesia,Indonesia,0.369414,0.492144,1,Indonesia,Russian Federation,1,0
Indonesia--Russian Federation#tb,Indonesia--Russian Federation,tb,2,Russian Federation,Russian Federation,0.488704,0.417283,1,Indonesia,Russian Federation,1,0
Indonesia--Spain#tb,Indonesia--Spain,tb,1,Indonesia,Indonesia,0.369414,0.492144,1,Indonesia,Spain,1,0
Indonesia--Spain#tb,Indonesia--Spain,tb,2,Spain,Spain,0.55585,0.501818,1,Indonesia,Spain,1,0
Italy--Mexico#tb,Italy--Mexico,tb,1,Italy,Italy,0.491029,0.507028,1,Italy,Mexico,1,0
Italy--Mexico#tb,Italy--Mexico,tb,2,Mexico,Mexico,0.52358,0.407048,1,Italy,Mexico,1,0
Italy--Oman#tb,Italy--Oman,tb,1,Italy,Italy,0.491029,0.507028,1,Italy,Oman,1,0
Italy--Oman#tb,Italy--Oman,tb,2,Oman,Oman,0.471591,0.370701,1,Italy,Oman,1,0
Italy--Philippines#tb,Italy--Philippines,tb,1,Italy,Italy,0.491029,0.507028,1,Italy,Philippines,1,0
Italy--Philippines#tb,Italy--Philippines,tb,2,Philippines,Philippines,0.403578,0.405159,1,Italy,Philippines,1,0
Italy--Russian Federation#tb,Italy--Russian Federation,tb,1,Italy,Italy,0.491029,0.507028,1,Italy,Russian Federation,1,0
Italy--Russian Federation#tb,Italy--Russian Federation,tb,2,Russian Federation,Russian Federation,0.488704,0.417283,1,Italy,Russian Federation,1,0
Italy--Spain#tb,Italy--Spain,tb,1,Italy,Italy,0.491029,0.507028,1,Italy,Spain,1,0
Italy--Spain#tb,Italy--Spain,tb,2,Spain,Spain,0.55585,0.501818,1,Italy,Spain,1,0
Mexico--Netherlands#tb,Mexico--Netherlands,tb,1,Mexico,Mexico,0.52358,0.407048,1,Mexico,Netherlands,1,0
Mexico--Netherlands#tb,Mexico--Netherlands,tb,2,Netherlands,Netherlands,0.442831,0.641991,1,Mexico,Netherlands,1,0
Mexico--Oman#tb,Mexico--Oman,tb,1,Mexico,Mexico,0.52358,0.407048,1,Mexico,Oman,1,0
Mexico--Oman#tb,Mexico--Oman,tb,2,Oman,Oman,0.471591,0.370701,1,Mexico,Oman,1,0
Mexico--Pakistan#tb,Mexico--Pakistan,tb,1,Mexico,Mexico,0.52358,0.407048,1,Mexico,Pakistan,1,0
Mexico--Pakistan#tb,Mexico--Pakistan,tb,2,Pakistan,Pakistan,0.35634,0.418637,1,Mexico,Pakistan,1,0
Mexico--Philippines#tb,Mexico--Philippines,tb,1,Mexico,Mexico,0.52358,0.407048,1,Mexico,Philippines,1,0
Mexico--Philippines#tb,Mexico--Philippines,tb,2,Philippines,Philippines,0.403578,0.405159,1,Mexico,Philippines,1,0
Mexico--Russian Federation#tb,Mexico--Russian Federation,tb,1,Mexico,Mexico,0.52358,0.407048,1,Mexico,Russian Federation,1,0
Mexico--Russian Federation#tb,Mexico--Russian Federation,tb,2,Russian Federation,Russian Federation,0.488704,0.417283,1,Mexico,Russian Federation,1,0
Mexico--Singapore#tb,Mexico--Singapore,tb,1,Mexico,Mexico,0.52358,0.407048,1,Mexico,Singapore,1,1
Mexico--Singapore#tb,Mexico--Singapore,tb,2,Singapore,Singapore,0.429978,0.539306,1,Mexico,Singapore,1,1
Mexico--Spain#tb,Mexico--Spain,tb,1,Mexico,Mexico,0.52358,0.407048,1,Mexico,Spain,1,0
Mexico--Spain#tb,Mexico--Spain,tb,2,Spain,Spain,0.55585,0.501818,1,Mexico,Spain,1,0
Mexico--Switzerland#tb,Mexico--Switzerland,tb,1,Mexico,Mexico,0.52358,0.407048,1,Mexico,Switzerland,1,0
Mexico--Switzerland#tb,Mexico--Switzerland,tb,2,Switzerland,Switzerland,0.407049,0.531378,1,Mexico,Switzerland,1,0
Mexico--United Kingdom#tb,Mexico--United Kingdom,tb,1,Mexico,Mexico,0.52358,0.407048,1,Mexico,United Kingdom,1,0
Mexico--United Kingdom#tb,Mexico--United Kingdom,tb,2,United Kingdom,United Kingdom,0.355643,0.570016,1,Mexico,United Kingdom,1,0
Mexico--United States#tb,Mexico--United States,tb,1,Mexico,Mexico,0.52358,0.407048,1,Mexico,United States,1,0
Mexico--United States#tb,Mexico--United States,tb,2,United States,United States,0.440022,0.576858,1,Mexico,United States,1,0
Netherlands--Oman#tb,Netherlands--Oman,tb,1,Netherlands,Netherlands,0.442831,0.641991,1,Netherlands,Oman,1,0
Netherlands--Oman#tb,Netherlands--Oman,tb,2,Oman,Oman,0.471591,0.370701,1,Netherlands,Oman,1,0
Netherlands--Pakistan#tb,Netherlands--Pakistan,tb,1,Netherlands,Netherlands,0.442831,0.641991,1,Netherlands,Pakistan,1,0
Netherlands--Pakistan#tb,Netherlands--Pakistan,tb,2,Pakistan,Pakistan,0.35634,0.418637,1,Netherlands,Pakistan,1,0
Netherlands--Philippines#tb,Netherlands--Philippines,tb,1,Netherlands,Netherlands,0.442831,0.641991,1,Netherlands,Philippines,1,0
Netherlands--Philippines#tb,Netherlands--Philippines,tb,2,Philippines,Philippines,0.403578,0.405159,1,Netherlands,Philippines,1,0
Netherlands--Russian Federation#tb,Netherlands--Russian Federation,tb,1,Netherlands,Netherlands,0.442831,0.641991,1,Netherlands,Russian Federation,1,0
Netherlands--Russian Federation#tb,Netherlands--Russian Federation,tb,2,Russian Federation,Russian Federation,0.488704,0.417283,1,Netherlands,Russian Federation,1,0
Netherlands--Spain#tb,Netherlands--Spain,tb,1,Netherlands,Netherlands,0.442831,0.641991,1,Netherlands,Spain,1,0
Netherlands--Spain#tb,Netherlands--Spain,tb,2,Spain,Spain,0.55585,0.501818,1,Netherlands,Spain,1,0
Oman--Pakistan#tb,Oman--Pakistan,tb,1,Oman,Oman,0.471591,0.370701,1,Oman,Pakistan,1,0
Oman--Pakistan#tb,Oman--Pakistan,tb,2,Pakistan,Pakistan,0.35634,0.418637,1,Oman,Pakistan,1,0
Oman--Philippines#tb,Oman--Philippines,tb,1,Oman,Oman,0.471591,0.370701,1,Oman,Philippines,1,0
Oman--Philippines#tb,Oman--Philippines,tb,2,Philippines,Philippines,0.403578,0.405159,1,Oman,Philippines,1,0
Oman--Russian Federation#tb,Oman--Russian Federation,tb,1,Oman,Oman,0.471591,0.370701,1,Oman,Russian Federation,1,0
Oman--Russian Federation#tb,Oman--Russian Federation,tb,2,Russian Federation,Russian Federation,0.488704,0.417283,1,Oman,Russian Federation,1,0
Oman--Singapore#tb,Oman--Singapore,tb,1,Oman,Oman,0.471591,0.370701,1,Oman,Singapore,1,1
Oman--Singapore#tb,Oman--Singapore,tb,2,Singapore,Singapore,0.429978,0.539306,1,Oman,Singapore,1,1
Oman--Spain#tb,Oman--Spain,tb,1,Oman,Oman,0.471591,0.370701,1,Oman,Spain,1,0
Oman--Spain#tb,Oman--Spain,tb,2,Spain,Spain,0.55585,0.501818,1,Oman,Spain,1,0
Oman--Switzerland#tb,Oman--Switzerland,tb,1,Oman,Oman,0.471591,0.370701,1,Oman,Switzerland,1,0
Oman--Switzerland#tb,Oman--Switzerland,tb,2,Switzerland,Switzerland,0.407049,0.531378,1,Oman,Switzerland,1,0
Oman--United Kingdom#tb,Oman--United Kingdom,tb,1,Oman,Oman,0.471591,0.370701,1,Oman,United Kingdom,1,0
Oman--United Kingdom#tb,Oman--United Kingdom,tb,2,United Kingdom,United Kingdom,0.355643,0.570016,1,Oman,United Kingdom,1,0
Oman--United States#tb,Oman--United States,tb,1,Oman,Oman,0.471591,0.370701,1,Oman,United States,1,0
Oman--United States#tb,Oman--United States,tb,2,United States,United States,0.440022,0.576858,1,Oman,United States,1,0
Pakistan--Philippines#tb,Pakistan--Philippines,tb,1,Pakistan,Pakistan,0.35634,0.418637,1,Pakistan,Philippines,1,0
Pakistan--Philippines#tb,Pakistan--Philippines,tb,2,Philippines,Philippines,0.403578,0.405159,1,Pakistan,Philippines,1,0
Pakistan--Russian Federation#tb,Pakistan--Russian Federation,tb,1,Pakistan,Pakistan,0.35634,0.418637,1,Pakistan,Russian Federation,1,0
Pakistan--Russian Federation#tb,Pakistan--Russian Federation,tb,2,Russian Federation,Russian Federation,0.488704,0.417283,1,Pakistan,Russian Federation,1,0
Pakistan--Spain#tb,Pakistan--Spain,tb,1,Pakistan,Pakistan,0.35634,0.418637,1,Pakistan,Spain,1,0
Pakistan--Spain#tb,Pakistan--Spain,tb,2,Spain,Spain,0.55585,0.501818,1,Pakistan,Spain,1,0
Philippines--Russian Federation#tb,Philippines--Russian Federation,tb,1,Philippines,Philippines,0.403578,0.405159,1,Philippines,Russian Federation,1,0
Philippines--Russian Federation#tb,Philippines--Russian Federation,tb,2,Russian Federation,Russian Federation,0.488704,0.417283,1,Philippines,Russian Federation,1,0
Philippines--Spain#tb,Philippines--Spain,tb,1,Philippines,Philippines,0.403578,0.405159,1,Philippines,Spain,1,0
Philippines--Spain#tb,Philippines--Spain,tb,2,Spain,Spain,0.55585,0.501818,1,Philippines,Spain,1,0
Russian Federation--Singapore#tb,Russian Federation--Singapore,tb,1,Russian Federation,Russian Federation,0.488704,0.417283,1,Russian Federation,Singapore,1,1
Russian Federation--Singapore#tb,Russian Federation--Singapore,tb,2,Singapore,Singapore,0.429978,0.539306,1,Russian Federation,Singapore,1,1
Russian Federation--Spain#tb,Russian Federation--Spain,tb,1,Russian Federation,Russian Federation,0.488704,0.417283,1,Russian Federation,Spain,1,0
Russian Federation--Spain#tb,Russian Federation--Spain,tb,2,Spain,Spain,0.55585,0.501818,1,Russian Federation,Spain,1,0
Russian Federation--Switzerland#tb,Russian Federation--Switzerland,tb,1,Russian Federation,Russian Federation,0.488704,0.417283,1,Russian Federation,Switzerland,1,0
Russian Federation--Switzerland#tb,Russian Federation--Switzerland,tb,2,Switzerland,Switzerland,0.407049,0.531378,1,Russian Federation,Switzerland,1,0
Russian Federation--United Kingdom#tb,Russian Federation--United Kingdom,tb,1,Russian Federation,Russian Federation,0.488704,0.417283,1,Russian Federation,United Kingdom,1,0
Russian Federation--United Kingdom#tb,Russian Federation--United Kingdom,tb,2,United Kingdom,United Kingdom,0.355643,0.570016,1,Russian Federation,United Kingdom,1,0
Russian Federation--United States#tb,Russian Federation--United States,tb,1,Russian Federation,Russian Federation,0.488704,0.417283,1,Russian Federation,United States,1,0
Russian Federation--United States#tb,Russian Federation--United States,tb,2,United States,United States,0.440022,0.576858,1,Russian Federation,United States,1,0
Singapore--Spain#tb,Singapore--Spain,tb,1,Singapore,Singapore,0.429978,0.539306,1,Singapore,Spain,1,1
Singapore--Spain#tb,Singapore--Spain,tb,2,Spain,Spain,0.55585,0.501818,1,Singapore,Spain,1,1
Spain--Switzerland#tb,Spain--Switzerland,tb,1,Spain,Spain,0.55585,0.501818,1,Spain,Switzerland,1,0
Spain--Switzerland#tb,Spain--Switzerland,tb,2,Switzerland,Switzerland,0.407049,0.531378,1,Spain,Switzerland,1,0
Spain--United Kingdom#tb,Spain--United Kingdom,tb,1,Spain,Spain,0.55585,0.501818,1,Spain,United Kingdom,1,0
Spain--United Kingdom#tb,Spain--United Kingdom,tb,2,United Kingdom,United Kingdom,0.355643,0.570016,1,Spain,United Kingdom,1,0
Spain--United States#tb,Spain--United States,tb,1,Spain,Spain,0.55585,0.501818,1,Spain,United States,1,0
Spain--United States#tb,Spain--United States,tb,2,United States,United States,0.440022,0.576858,1,Spain,United States,1,0
Canada--Egypt#rti,Canada--Egypt,rti,1,Canada,Canada,0.429902,0.670838,1,Canada,Egypt,1,0
Canada--Egypt#rti,Canada--Egypt,rti,2,Egypt,Egypt,0.633485,0.596221,1,Canada,Egypt,1,0
Canada--Singapore#rti,Canada--Singapore,rti,1,Canada,Canada,0.429902,0.670838,1,Canada,Singapore,1,1
Canada--Singapore#rti,Canada--Singapore,rti,2,Singapore,Singapore,0.429978,0.539306,1,Canada,Singapore,1,1
Egypt--Singapore#rti,Egypt--Singapore,rti,1,Egypt,Egypt,0.633485,0.596221,1,Egypt,Singapore,1,1
Egypt--Singapore#rti,Egypt--Singapore,rti,2,Singapore,Singapore,0.429978,0.539306,1,Egypt,Singapore,1,1
Australia--Ireland#tb,Australia--Ireland,tb,1,Australia,Australia,0.390756,0.648197,1,Australia,Ireland,1,0
Australia--Ireland#tb,Australia--Ireland,tb,2,Ireland,Ireland,0.202061,0.805752,1,Australia,Ireland,1,0
Australia--Namibia#tb,Australia--Namibia,tb,1,Australia,Australia,0.390756,0.648197,1,Australia,Namibia,1,0
Australia--Namibia#tb,Australia--Namibia,tb,2,Namibia,Namibia,0.13264,0.794069,1,Australia,Namibia,1,0
Cambodia--Ireland#tb,Cambodia--Ireland,tb,1,Cambodia,Cambodia,0.216351,0.576345,1,Cambodia,Ireland,1,0
Cambodia--Ireland#tb,Cambodia--Ireland,tb,2,Ireland,Ireland,0.202061,0.805752,1,Cambodia,Ireland,1,0
Cambodia--Namibia#tb,Cambodia--Namibia,tb,1,Cambodia,Cambodia,0.216351,0.576345,1,Cambodia,Namibia,1,0
Cambodia--Namibia#tb,Cambodia--Namibia,tb,2,Namibia,Namibia,0.13264,0.794069,1,Cambodia,Namibia,1,0
Cambodia--South Africa#tb,Cambodia--South Africa,tb,1,Cambodia,Cambodia,0.216351,0.576345,1,Cambodia,South Africa,1,0
Cambodia--South Africa#tb,Cambodia--South Africa,tb,2,South Africa,South Africa,0.354082,0.657729,1,Cambodia,South Africa,1,0
Ireland--Japan#tb,Ireland--Japan,tb,1,Ireland,Ireland,0.202061,0.805752,1,Ireland,Japan,1,0
Ireland--Japan#tb,Ireland--Japan,tb,2,Japan,Japan,0.302497,0.608095,1,Ireland,Japan,1,0
Ireland--Namibia#tb,Ireland--Namibia,tb,1,Ireland,Ireland,0.202061,0.805752,1,Ireland,Namibia,1,0
Ireland--Namibia#tb,Ireland--Namibia,tb,2,Namibia,Namibia,0.13264,0.794069,1,Ireland,Namibia,1,0
Ireland--Singapore#tb,Ireland--Singapore,tb,1,Ireland,Ireland,0.202061,0.805752,1,Ireland,Singapore,1,1
Ireland--Singapore#tb,Ireland--Singapore,tb,2,Singapore,Singapore,0.429978,0.539306,1,Ireland,Singapore,1,1
Ireland--South Africa#tb,Ireland--South Africa,tb,1,Ireland,Ireland,0.202061,0.805752,1,Ireland,South Africa,1,0
Ireland--South Africa#tb,Ireland--South Africa,tb,2,South Africa,South Africa,0.354082,0.657729,1,Ireland,South Africa,1,0
Ireland--United States#tb,Ireland--United States,tb,1,Ireland,Ireland,0.202061,0.805752,1,Ireland,United States,1,0
Ireland--United States#tb,Ireland--United States,tb,2,United States,United States,0.440022,0.576858,1,Ireland,United States,1,0
Japan--Namibia#tb,Japan--Namibia,tb,1,Japan,Japan,0.302497,0.608095,1,Japan,Namibia,1,0
Japan--Namibia#tb,Japan--Namibia,tb,2,Namibia,Namibia,0.13264,0.794069,1,Japan,Namibia,1,0
Japan--South Africa#tb,Japan--South Africa,tb,1,Japan,Japan,0.302497,0.608095,1,Japan,South Africa,1,0
Japan--South Africa#tb,Japan--South Africa,tb,2,South Africa,South Africa,0.354082,0.657729,1,Japan,South Africa,1,0
Namibia--Singapore#tb,Namibia--Singapore,tb,1,Namibia,Namibia,0.13264,0.794069,1,Namibia,Singapore,1,1
Namibia--Singapore#tb,Namibia--Singapore,tb,2,Singapore,Singapore,0.429978,0.539306,1,Namibia,Singapore,1,1
Namibia--South Africa#tb,Namibia--South Africa,tb,1,Namibia,Namibia,0.13264,0.794069,1,Namibia,South Africa,1,0
Namibia--South Africa#tb,Namibia--South Africa,tb,2,South Africa,South Africa,0.354082,0.657729,1,Namibia,South Africa,1,0
Namibia--United States#tb,Namibia--United States,tb,1,Namibia,Namibia,0.13264,0.794069,1,Namibia,United States,1,0
Namibia--United States#tb,Namibia--United States,tb,2,United States,United States,0.440022,0.576858,1,Namibia,United States,1,0
India--Singapore#rti,India--Singapore,rti,1,India,India,0.397173,0.572838,1,India,Singapore,1,1
India--Singapore#rti,India--Singapore,rti,2,Singapore,Singapore,0.429978,0.539306,1,India,Singapore,1,1
India--United States#rti,India--United States,rti,1,India,India,0.397173,0.572838,1,India,United States,1,0
India--United States#rti,India--United States,rti,2,United States,United States,0.440022,0.576858,1,India,United States,1,0
Australia--Bangladesh#vector_borne,Australia--Bangladesh,vector_borne,1,Australia,Australia,0.390756,0.648197,1,Australia,Bangladesh,1,0
Australia--Bangladesh#vector_borne,Australia--Bangladesh,vector_borne,2,Bangladesh,Bangladesh,0.325634,0.547236,1,Australia,Bangladesh,1,0
Australia--Canada#vector_borne,Australia--Canada,vector_borne,1,Australia,Australia,0.390756,0.648197,1,Australia,Canada,1,0
Australia--Canada#vector_borne,Australia--Canada,vector_borne,2,Canada,Canada,0.429902,0.670838,1,Australia,Canada,1,0
Australia--Cuba#vector_borne,Australia--Cuba,vector_borne,1,Australia,Australia,0.390756,0.648197,1,Australia,Cuba,1,0
Australia--Cuba#vector_borne,Australia--Cuba,vector_borne,2,Cuba,Cuba,0.337138,0.814635,1,Australia,Cuba,1,0
Australia--Democratic Republic of the Congo#vector_borne,Australia--Democratic Republic of the Congo,vector_borne,1,Australia,Australia,0.390756,0.648197,1,Australia,Democratic Republic of the Congo,1,0
Australia--Democratic Republic of the Congo#vector_borne,Australia--Democratic Republic of the Congo,vector_borne,2,Democratic Republic of the Congo,Democratic Republic of the Congo,0.376327,0.815444,1,Australia,Democratic Republic of the Congo,1,0
Australia--India#vector_borne,Australia--India,vector_borne,1,Australia,Australia,0.390756,0.648197,1,Australia,India,1,0
Australia--India#vector_borne,Australia--India,vector_borne,2,India,India,0.397173,0.572838,1,Australia,India,1,0
Australia--Japan#vector_borne,Australia--Japan,vector_borne,1,Australia,Australia,0.390756,0.648197,1,Australia,Japan,1,0
Australia--Japan#vector_borne,Australia--Japan,vector_borne,2,Japan,Japan,0.302497,0.608095,1,Australia,Japan,1,0
Australia--Lebanon#vector_borne,Australia--Lebanon,vector_borne,1,Australia,Australia,0.390756,0.648197,1,Australia,Lebanon,1,0
Australia--Lebanon#vector_borne,Australia--Lebanon,vector_borne,2,Lebanon,Lebanon,0.412955,0.815087,1,Australia,Lebanon,1,0
Australia--Netherlands#vector_borne,Australia--Netherlands,vector_borne,1,Australia,Australia,0.390756,0.648197,1,Australia,Netherlands,1,0
Australia--Netherlands#vector_borne,Australia--Netherlands,vector_borne,2,Netherlands,Netherlands,0.442831,0.641991,1,Australia,Netherlands,1,0
Australia--Nigeria#vector_borne,Australia--Nigeria,vector_borne,1,Australia,Australia,0.390756,0.648197,1,Australia,Nigeria,1,0
Australia--Nigeria#vector_borne,Australia--Nigeria,vector_borne,2,Nigeria,Nigeria,0.342207,0.771426,1,Australia,Nigeria,1,0
Australia--Qatar#vector_borne,Australia--Qatar,vector_borne,1,Australia,Australia,0.390756,0.648197,1,Australia,Qatar,1,0
Australia--Qatar#vector_borne,Australia--Qatar,vector_borne,2,Qatar,Qatar,0.278094,0.747628,1,Australia,Qatar,1,0
Australia--Saudi Arabia#vector_borne,Australia--Saudi Arabia,vector_borne,1,Australia,Australia,0.390756,0.648197,1,Australia,Saudi Arabia,1,0
Australia--Saudi Arabia#vector_borne,Australia--Saudi Arabia,vector_borne,2,Saudi Arabia,Saudi Arabia,0.301902,0.78104,1,Australia,Saudi Arabia,1,0
Australia--South Africa#vector_borne,Australia--South Africa,vector_borne,1,Australia,Australia,0.390756,0.648197,1,Australia,South Africa,1,0
Australia--South Africa#vector_borne,Australia--South Africa,vector_borne,2,South Africa,South Africa,0.354082,0.657729,1,Australia,South Africa,1,0
Bangladesh--Brazil#vector_borne,Bangladesh--Brazil,vector_borne,1,Bangladesh,Bangladesh,0.325634,0.547236,1,Bangladesh,Brazil,1,0
Bangladesh--Brazil#vector_borne,Bangladesh--Brazil,vector_borne,2,Brazil,Brazil,0.412471,0.61443,1,Bangladesh,Brazil,1,0
Bangladesh--Canada#vector_borne,Bangladesh--Canada,vector_borne,1,Bangladesh,Bangladesh,0.325634,0.547236,1,Bangladesh,Canada,1,0
Bangladesh--Canada#vector_borne,Bangladesh--Canada,vector_borne,2,Canada,Canada,0.429902,0.670838,1,Bangladesh,Canada,1,0
Bangladesh--China#vector_borne,Bangladesh--China,vector_borne,1,Bangladesh,Bangladesh,0.325634,0.547236,1,Bangladesh,China,1,0
Bangladesh--China#vector_borne,Bangladesh--China,vector_borne,2,China,China,0.331977,0.597918,1,Bangladesh,China,1,0
Bangladesh--Cuba#vector_borne,Bangladesh--Cuba,vector_borne,1,Bangladesh,Bangladesh,0.325634,0.547236,1,Bangladesh,Cuba,1,0
Bangladesh--Cuba#vector_borne,Bangladesh--Cuba,vector_borne,2,Cuba,Cuba,0.337138,0.814635,1,Bangladesh,Cuba,1,0
Bangladesh--Democratic Republic of the Congo#vector_borne,Bangladesh--Democratic Republic of the Congo,vector_borne,1,Bangladesh,Bangladesh,0.325634,0.547236,1,Bangladesh,Democratic Republic of the Congo,1,0
Bangladesh--Democratic Republic of the Congo#vector_borne,Bangladesh--Democratic Republic of the Congo,vector_borne,2,Democratic Republic of the Congo,Democratic Republic of the Congo,0.376327,0.815444,1,Bangladesh,Democratic Republic of the Congo,1,0
Bangladesh--Germany#vector_borne,Bangladesh--Germany,vector_borne,1,Bangladesh,Bangladesh,0.325634,0.547236,1,Bangladesh,Germany,1,0
Bangladesh--Germany#vector_borne,Bangladesh--Germany,vector_borne,2,Germany,Germany,0.479367,0.620904,1,Bangladesh,Germany,1,0
Bangladesh--Japan#vector_borne,Bangladesh--Japan,vector_borne,1,Bangladesh,Bangladesh,0.325634,0.547236,1,Bangladesh,Japan,1,0
Bangladesh--Japan#vector_borne,Bangladesh--Japan,vector_borne,2,Japan,Japan,0.302497,0.608095,1,Bangladesh,Japan,1,0
Bangladesh--Lebanon#vector_borne,Bangladesh--Lebanon,vector_borne,1,Bangladesh,Bangladesh,0.325634,0.547236,1,Bangladesh,Lebanon,1,0
Bangladesh--Lebanon#vector_borne,Bangladesh--Lebanon,vector_borne,2,Lebanon,Lebanon,0.412955,0.815087,1,Bangladesh,Lebanon,1,0
Bangladesh--Netherlands#vector_borne,Bangladesh--Netherlands,vector_borne,1,Bangladesh,Bangladesh,0.325634,0.547236,1,Bangladesh,Netherlands,1,0
Bangladesh--Netherlands#vector_borne,Bangladesh--Netherlands,vector_borne,2,Netherlands,Netherlands,0.442831,0.641991,1,Bangladesh,Netherlands,1,0
Bangladesh--Nigeria#vector_borne,Bangladesh--Nigeria,vector_borne,1,Bangladesh,Bangladesh,0.325634,0.547236,1,Bangladesh,Nigeria,1,0
Bangladesh--Nigeria#vector_borne,Bangladesh--Nigeria,vector_borne,2,Nigeria,Nigeria,0.342207,0.771426,1,Bangladesh,Nigeria,1,0
Bangladesh--Qatar#vector_borne,Bangladesh--Qatar,vector_borne,1,Bangladesh,Bangladesh,0.325634,0.547236,1,Bangladesh,Qatar,1,0
Bangladesh--Qatar#vector_borne,Bangladesh--Qatar,vector_borne,2,Qatar,Qatar,0.278094,0.747628,1,Bangladesh,Qatar,1,0
Bangladesh--Saudi Arabia#vector_borne,Bangladesh--Saudi Arabia,vector_borne,1,Bangladesh,Bangladesh,0.325634,0.547236,1,Bangladesh,Saudi Arabia,1,0
Bangladesh--Saudi Arabia#vector_borne,Bangladesh--Saudi Arabia,vector_borne,2,Saudi Arabia,Saudi Arabia,0.301902,0.78104,1,Bangladesh,Saudi Arabia,1,0
Bangladesh--South Africa#vector_borne,Bangladesh--South Africa,vector_borne,1,Bangladesh,Bangladesh,0.325634,0.547236,1,Bangladesh,South Africa,1,0
Bangladesh--South Africa#vector_borne,Bangladesh--South Africa,vector_borne,2,South Africa,South Africa,0.354082,0.657729,1,Bangladesh,South Africa,1,0
Bangladesh--Switzerland#vector_borne,Bangladesh--Switzerland,vector_borne,1,Bangladesh,Bangladesh,0.325634,0.547236,1,Bangladesh,Switzerland,1,0
Bangladesh--Switzerland#vector_borne,Bangladesh--Switzerland,vector_borne,2,Switzerland,Switzerland,0.407049,0.531378,1,Bangladesh,Switzerland,1,0
Bangladesh--United Kingdom#vector_borne,Bangladesh--United Kingdom,vector_borne,1,Bangladesh,Bangladesh,0.325634,0.547236,1,Bangladesh,United Kingdom,1,0
Bangladesh--United Kingdom#vector_borne,Bangladesh--United Kingdom,vector_borne,2,United Kingdom,United Kingdom,0.355643,0.570016,1,Bangladesh,United Kingdom,1,0
Bangladesh--United States#vector_borne,Bangladesh--United States,vector_borne,1,Bangladesh,Bangladesh,0.325634,0.547236,1,Bangladesh,United States,1,0
Bangladesh--United States#vector_borne,Bangladesh--United States,vector_borne,2,United States,United States,0.440022,0.576858,1,Bangladesh,United States,1,0
Brazil--Canada#vector_borne,Brazil--Canada,vector_borne,1,Brazil,Brazil,0.412471,0.61443,1,Brazil,Canada,1,0
Brazil--Canada#vector_borne,Brazil--Canada,vector_borne,2,Canada,Canada,0.429902,0.670838,1,Brazil,Canada,1,0
Brazil--China#vector_borne,Brazil--China,vector_borne,1,Brazil,Brazil,0.412471,0.61443,1,Brazil,China,1,0
Brazil--China#vector_borne,Brazil--China,vector_borne,2,China,China,0.331977,0.597918,1,Brazil,China,1,0
Brazil--Cuba#vector_borne,Brazil--Cuba,vector_borne,1,Brazil,Brazil,0.412471,0.61443,1,Brazil,Cuba,1,0
Brazil--Cuba#vector_borne,Brazil--Cuba,vector_borne,2,Cuba,Cuba,0.337138,0.814635,1,Brazil,Cuba,1,0
Brazil--Democratic Republic of the Congo#vector_borne,Brazil--Democratic Republic of the Congo,vector_borne,1,Brazil,Brazil,0.412471,0.61443,1,Brazil,Democratic Republic of the Congo,1,0
Brazil--Democratic Republic of the Congo#vector_borne,Brazil--Democratic Republic of the Congo,vector_borne,2,Democratic Republic of the Congo,Democratic Republic of the Congo,0.376327,0.815444,1,Brazil,Democratic Republic of the Congo,1,0
Brazil--Germany#vector_borne,Brazil--Germany,vector_borne,1,Brazil,Brazil,0.412471,0.61443,1,Brazil,Germany,1,0
Brazil--Germany#vector_borne,Brazil--Germany,vector_borne,2,Germany,Germany,0.479367,0.620904,1,Brazil,Germany,1,0
Brazil--India#vector_borne,Brazil--India,vector_borne,1,Brazil,Brazil,0.412471,0.61443,1,Brazil,India,1,0
Brazil--India#vector_borne,Brazil--India,vector_borne,2,India,India,0.397173,0.572838,1,Brazil,India,1,0
Brazil--Japan#vector_borne,Brazil--Japan,vector_borne,1,Brazil,Brazil,0.412471,0.61443,1,Brazil,Japan,1,0
Brazil--Japan#vector_borne,Brazil--Japan,vector_borne,2,Japan,Japan,0.302497,0.608095,1,Brazil,Japan,1,0
Brazil--Lebanon#vector_borne,Brazil--Lebanon,vector_borne,1,Brazil,Brazil,0.412471,0.61443,1,Brazil,Lebanon,1,0
Brazil--Lebanon#vector_borne,Brazil--Lebanon,vector_borne,2,Lebanon,Lebanon,0.412955,0.815087,1,Brazil,Lebanon,1,0
Brazil--Netherlands#vector_borne,Brazil--Netherlands,vector_borne,1,Brazil,Brazil,0.412471,0.61443,1,Brazil,Netherlands,1,0
Brazil--Netherlands#vector_borne,Brazil--Netherlands,vector_borne,2,Netherlands,Netherlands,0.442831,0.641991,1,Brazil,Netherlands,1,0
Brazil--Nigeria#vector_borne,Brazil--Nigeria,vector_borne,1,Brazil,Brazil,0.412471,0.61443,1,Brazil,Nigeria,1,0
Brazil--Nigeria#vector_borne,Brazil--Nigeria,vector_borne,2,Nigeria,Nigeria,0.342207,0.771426,1,Brazil,Nigeria,1,0
Brazil--Qatar#vector_borne,Brazil--Qatar,vector_borne,1,Brazil,Brazil,0.412471,0.61443,1,Brazil,Qatar,1,0
Brazil--Qatar#vector_borne,Brazil--Qatar,vector_borne,2,Qatar,Qatar,0.278094,0.747628,1,Brazil,Qatar,1,0
Brazil--Saudi Arabia#vector_borne,Brazil--Saudi Arabia,vector_borne,1,Brazil,Brazil,0.412471,0.61443,1,Brazil,Saudi Arabia,1,0
Brazil--Saudi Arabia#vector_borne,Brazil--Saudi Arabia,vector_borne,2,Saudi Arabia,Saudi Arabia,0.301902,0.78104,1,Brazil,Saudi Arabia,1,0
Brazil--South Africa#vector_borne,Brazil--South Africa,vector_borne,1,Brazil,Brazil,0.412471,0.61443,1,Brazil,South Africa,1,0
Brazil--South Africa#vector_borne,Brazil--South Africa,vector_borne,2,South Africa,South Africa,0.354082,0.657729,1,Brazil,South Africa,1,0
Canada--China#vector_borne,Canada--China,vector_borne,1,Canada,Canada,0.429902,0.670838,1,Canada,China,1,0
Canada--China#vector_borne,Canada--China,vector_borne,2,China,China,0.331977,0.597918,1,Canada,China,1,0
Canada--Cuba#vector_borne,Canada--Cuba,vector_borne,1,Canada,Canada,0.429902,0.670838,1,Canada,Cuba,1,0
Canada--Cuba#vector_borne,Canada--Cuba,vector_borne,2,Cuba,Cuba,0.337138,0.814635,1,Canada,Cuba,1,0
Canada--Democratic Republic of the Congo#vector_borne,Canada--Democratic Republic of the Congo,vector_borne,1,Canada,Canada,0.429902,0.670838,1,Canada,Democratic Republic of the Congo,1,0
Canada--Democratic Republic of the Congo#vector_borne,Canada--Democratic Republic of the Congo,vector_borne,2,Democratic Republic of the Congo,Democratic Republic of the Congo,0.376327,0.815444,1,Canada,Democratic Republic of the Congo,1,0
Canada--Germany#vector_borne,Canada--Germany,vector_borne,1,Canada,Canada,0.429902,0.670838,1,Canada,Germany,1,0
Canada--Germany#vector_borne,Canada--Germany,vector_borne,2,Germany,Germany,0.479367,0.620904,1,Canada,Germany,1,0
Canada--India#vector_borne,Canada--India,vector_borne,1,Canada,Canada,0.429902,0.670838,1,Canada,India,1,0
Canada--India#vector_borne,Canada--India,vector_borne,2,India,India,0.397173,0.572838,1,Canada,India,1,0
Canada--Japan#vector_borne,Canada--Japan,vector_borne,1,Canada,Canada,0.429902,0.670838,1,Canada,Japan,1,0
Canada--Japan#vector_borne,Canada--Japan,vector_borne,2,Japan,Japan,0.302497,0.608095,1,Canada,Japan,1,0
Canada--Lebanon#vector_borne,Canada--Lebanon,vector_borne,1,Canada,Canada,0.429902,0.670838,1,Canada,Lebanon,1,0
Canada--Lebanon#vector_borne,Canada--Lebanon,vector_borne,2,Lebanon,Lebanon,0.412955,0.815087,1,Canada,Lebanon,1,0
Canada--Netherlands#vector_borne,Canada--Netherlands,vector_borne,1,Canada,Canada,0.429902,0.670838,1,Canada,Netherlands,1,0
Canada--Netherlands#vector_borne,Canada--Netherlands,vector_borne,2,Netherlands,Netherlands,0.442831,0.641991,1,Canada,Netherlands,1,0
Canada--Nigeria#vector_borne,Canada--Nigeria,vector_borne,1,Canada,Canada,0.429902,0.670838,1,Canada,Nigeria,1,0
Canada--Nigeria#vector_borne,Canada--Nigeria,vector_borne,2,Nigeria,Nigeria,0.342207,0.771426,1,Canada,Nigeria,1,0
Canada--Qatar#vector_borne,Canada--Qatar,vector_borne,1,Canada,Canada,0.429902,0.670838,1,Canada,Qatar,1,0
Canada--Qatar#vector_borne,Canada--Qatar,vector_borne,2,Qatar,Qatar,0.278094,0.747628,1,Canada,Qatar,1,0
Canada--Saudi Arabia#vector_borne,Canada--Saudi Arabia,vector_borne,1,Canada,Canada,0.429902,0.670838,1,Canada,Saudi Arabia,1,0
Canada--Saudi Arabia#vector_borne,Canada--Saudi Arabia,vector_borne,2,Saudi Arabia,Saudi Arabia,0.301902,0.78104,1,Canada,Saudi Arabia,1,0
Canada--South Africa#vector_borne,Canada--South Africa,vector_borne,1,Canada,Canada,0.429902,0.670838,1,Canada,South Africa,1,0
Canada--South Africa#vector_borne,Canada--South Africa,vector_borne,2,South Africa,South Africa,0.354082,0.657729,1,Canada,South Africa,1,0
China--Cuba#vector_borne,China--Cuba,vector_borne,1,China,China,0.331977,0.597918,1,China,Cuba,1,0
China--Cuba#vector_borne,China--Cuba,vector_borne,2,Cuba,Cuba,0.337138,0.814635,1,China,Cuba,1,0
China--Democratic Republic of the Congo#vector_borne,China--Democratic Republic of the Congo,vector_borne,1,China,China,0.331977,0.597918,1,China,Democratic Republic of the Congo,1,0
China--Democratic Republic of the Congo#vector_borne,China--Democratic Republic of the Congo,vector_borne,2,Democratic Republic of the Congo,Democratic Republic of the Congo,0.376327,0.815444,1,China,Democratic Republic of the Congo,1,0
China--India#vector_borne,China--India,vector_borne,1,China,China,0.331977,0.597918,1,China,India,1,0
China--India#vector_borne,China--India,vector_borne,2,India,India,0.397173,0.572838,1,China,India,1,0
China--Japan#vector_borne,China--Japan,vector_borne,1,China,China,0.331977,0.597918,1,China,Japan,1,0
China--Japan#vector_borne,China--Japan,vector_borne,2,Japan,Japan,0.302497,0.608095,1,China,Japan,1,0
China--Lebanon#vector_borne,China--Lebanon,vector_borne,1,China,China,0.331977,0.597918,1,China,Lebanon,1,0
China--Lebanon#vector_borne,China--Lebanon,vector_borne,2,Lebanon,Lebanon,0.412955,0.815087,1,China,Lebanon,1,0
China--Netherlands#vector_borne,China--Netherlands,vector_borne,1,China,China,0.331977,0.597918,1,China,Netherlands,1,0
China--Netherlands#vector_borne,China--Netherlands,vector_borne,2,Netherlands,Netherlands,0.442831,0.641991,1,China,Netherlands,1,0
China--Nigeria#vector_borne,China--Nigeria,vector_borne,1,China,China,0.331977,0.597918,1,China,Nigeria,1,0
China--Nigeria#vector_borne,China--Nigeria,vector_borne,2,Nigeria,Nigeria,0.342207,0.771426,1,China,Nigeria,1,0
China--Qatar#vector_borne,China--Qatar,vector_borne,1,China,China,0.331977,0.597918,1,China,Qatar,1,0
China--Qatar#vector_borne,China--Qatar,vector_borne,2,Qatar,Qatar,0.278094,0.747628,1,China,Qatar,1,0
China--Saudi Arabia#vector_borne,China--Saudi Arabia,vector_borne,1,China,China,0.331977,0.597918,1,China,Saudi Arabia,1,0
China--Saudi Arabia#vector_borne,China--Saudi Arabia,vector_borne,2,Saudi Arabia,Saudi Arabia,0.301902,0.78104,1,China,Saudi Arabia,1,0
China--South Africa#vector_borne,China--South Africa,vector_borne,1,China,China,0.331977,0.597918,1,China,South Africa,1,0
China--South Africa#vector_borne,China--South Africa,vector_borne,2,South Africa,South Africa,0.354082,0.657729,1,China,South Africa,1,0
China--United Kingdom#vector_borne,China--United Kingdom,vector_borne,1,China,China,0.331977,0.597918,1,China,United Kingdom,1,0
China--United Kingdom#vector_borne,China--United Kingdom,vector_borne,2,United Kingdom,United Kingdom,0.355643,0.570016,1,China,United Kingdom,1,0
Cuba--Democratic Republic of the Congo#vector_borne,Cuba--Democratic Republic of the Congo,vector_borne,1,Cuba,Cuba,0.337138,0.814635,1,Cuba,Democratic Republic of the Congo,1,0
Cuba--Democratic Republic of the Congo#vector_borne,Cuba--Democratic Republic of the Congo,vector_borne,2,Democratic Republic of the Congo,Democratic Republic of the Congo,0.376327,0.815444,1,Cuba,Democratic Republic of the Congo,1,0
Cuba--Germany#vector_borne,Cuba--Germany,vector_borne,1,Cuba,Cuba,0.337138,0.814635,1,Cuba,Germany,1,0
Cuba--Germany#vector_borne,Cuba--Germany,vector_borne,2,Germany,Germany,0.479367,0.620904,1,Cuba,Germany,1,0
Cuba--India#vector_borne,Cuba--India,vector_borne,1,Cuba,Cuba,0.337138,0.814635,1,Cuba,India,1,0
Cuba--India#vector_borne,Cuba--India,vector_borne,2,India,India,0.397173,0.572838,1,Cuba,India,1,0
Cuba--Japan#vector_borne,Cuba--Japan,vector_borne,1,Cuba,Cuba,0.337138,0.814635,1,Cuba,Japan,1,0
Cuba--Japan#vector_borne,Cuba--Japan,vector_borne,2,Japan,Japan,0.302497,0.608095,1,Cuba,Japan,1,0
Cuba--Lebanon#vector_borne,Cuba--Lebanon,vector_borne,1,Cuba,Cuba,0.337138,0.814635,1,Cuba,Lebanon,1,0
Cuba--Lebanon#vector_borne,Cuba--Lebanon,vector_borne,2,Lebanon,Lebanon,0.412955,0.815087,1,Cuba,Lebanon,1,0
Cuba--Netherlands#vector_borne,Cuba--Netherlands,vector_borne,1,Cuba,Cuba,0.337138,0.814635,1,Cuba,Netherlands,1,0
Cuba--Netherlands#vector_borne,Cuba--Netherlands,vector_borne,2,Netherlands,Netherlands,0.442831,0.641991,1,Cuba,Netherlands,1,0
Cuba--Nigeria#vector_borne,Cuba--Nigeria,vector_borne,1,Cuba,Cuba,0.337138,0.814635,1,Cuba,Nigeria,1,0
Cuba--Nigeria#vector_borne,Cuba--Nigeria,vector_borne,2,Nigeria,Nigeria,0.342207,0.771426,1,Cuba,Nigeria,1,0
Cuba--Qatar#vector_borne,Cuba--Qatar,vector_borne,1,Cuba,Cuba,0.337138,0.814635,1,Cuba,Qatar,1,0
Cuba--Qatar#vector_borne,Cuba--Qatar,vector_borne,2,Qatar,Qatar,0.278094,0.747628,1,Cuba,Qatar,1,0
Cuba--Saudi Arabia#vector_borne,Cuba--Saudi Arabia,vector_borne,1,Cuba,Cuba,0.337138,0.814635,1,Cuba,Saudi Arabia,1,0
Cuba--Saudi Arabia#vector_borne,Cuba--Saudi Arabia,vector_borne,2,Saudi Arabia,Saudi Arabia,0.301902,0.78104,1,Cuba,Saudi Arabia,1,0
Cuba--Singapore#vector_borne,Cuba--Singapore,vector_borne,1,Cuba,Cuba,0.337138,0.814635,1,Cuba,Singapore,1,1
Cuba--Singapore#vector_borne,Cuba--Singapore,vector_borne,2,Singapore,Singapore,0.429978,0.539306,1,Cuba,Singapore,1,1
Cuba--South Africa#vector_borne,Cuba--South Africa,vector_borne,1,Cuba,Cuba,0.337138,0.814635,1,Cuba,South Africa,1,0
Cuba--South Africa#vector_borne,Cuba--South Africa,vector_borne,2,South Africa,South Africa,0.354082,0.657729,1,Cuba,South Africa,1,0
Cuba--Switzerland#vector_borne,Cuba--Switzerland,vector_borne,1,Cuba,Cuba,0.337138,0.814635,1,Cuba,Switzerland,1,0
Cuba--Switzerland#vector_borne,Cuba--Switzerland,vector_borne,2,Switzerland,Switzerland,0.407049,0.531378,1,Cuba,Switzerland,1,0
Cuba--United Kingdom#vector_borne,Cuba--United Kingdom,vector_borne,1,Cuba,Cuba,0.337138,0.814635,1,Cuba,United Kingdom,1,0
Cuba--United Kingdom#vector_borne,Cuba--United Kingdom,vector_borne,2,United Kingdom,United Kingdom,0.355643,0.570016,1,Cuba,United Kingdom,1,0
Cuba--United States#vector_borne,Cuba--United States,vector_borne,1,Cuba,Cuba,0.337138,0.814635,1,Cuba,United States,1,0
Cuba--United States#vector_borne,Cuba--United States,vector_borne,2,United States,United States,0.440022,0.576858,1,Cuba,United States,1,0
Democratic Republic of the Congo--Germany#vector_borne,Democratic Republic of the Congo--Germany,vector_borne,1,Democratic Republic of the Congo,Democratic Republic of the Congo,0.376327,0.815444,1,Democratic Republic of the Congo,Germany,1,0
Democratic Republic of the Congo--Germany#vector_borne,Democratic Republic of the Congo--Germany,vector_borne,2,Germany,Germany,0.479367,0.620904,1,Democratic Republic of the Congo,Germany,1,0
Democratic Republic of the Congo--India#vector_borne,Democratic Republic of the Congo--India,vector_borne,1,Democratic Republic of the Congo,Democratic Republic of the Congo,0.376327,0.815444,1,Democratic Republic of the Congo,India,1,0
Democratic Republic of the Congo--India#vector_borne,Democratic Republic of the Congo--India,vector_borne,2,India,India,0.397173,0.572838,1,Democratic Republic of the Congo,India,1,0
Democratic Republic of the Congo--Japan#vector_borne,Democratic Republic of the Congo--Japan,vector_borne,1,Democratic Republic of the Congo,Democratic Republic of the Congo,0.376327,0.815444,1,Democratic Republic of the Congo,Japan,1,0
Democratic Republic of the Congo--Japan#vector_borne,Democratic Republic of the Congo--Japan,vector_borne,2,Japan,Japan,0.302497,0.608095,1,Democratic Republic of the Congo,Japan,1,0
Democratic Republic of the Congo--Lebanon#vector_borne,Democratic Republic of the Congo--Lebanon,vector_borne,1,Democratic Republic of the Congo,Democratic Republic of the Congo,0.376327,0.815444,1,Democratic Republic of the Congo,Lebanon,1,0
Democratic Republic of the Congo--Lebanon#vector_borne,Democratic Republic of the Congo--Lebanon,vector_borne,2,Lebanon,Lebanon,0.412955,0.815087,1,Democratic Republic of the Congo,Lebanon,1,0
Democratic Republic of the Congo--Netherlands#vector_borne,Democratic Republic of the Congo--Netherlands,vector_borne,1,Democratic Republic of the Congo,Democratic Republic of the Congo,0.376327,0.815444,1,Democratic Republic of the Congo,Netherlands,1,0
Democratic Republic of the Congo--Netherlands#vector_borne,Democratic Republic of the Congo--Netherlands,vector_borne,2,Netherlands,Netherlands,0.442831,0.641991,1,Democratic Republic of the Congo,Netherlands,1,0
Democratic Republic of the Congo--Nigeria#vector_borne,Democratic Republic of the Congo--Nigeria,vector_borne,1,Democratic Republic of the Congo,Democratic Republic of the Congo,0.376327,0.815444,1,Democratic Republic of the Congo,Nigeria,1,0
Democratic Republic of the Congo--Nigeria#vector_borne,Democratic Republic of the Congo--Nigeria,vector_borne,2,Nigeria,Nigeria,0.342207,0.771426,1,Democratic Republic of the Congo,Nigeria,1,0
Democratic Republic of the Congo--Qatar#vector_borne,Democratic Republic of the Congo--Qatar,vector_borne,1,Democratic Republic of the Congo,Democratic Republic of the Congo,0.376327,0.815444,1,Democratic Republic of the Congo,Qatar,1,0
Democratic Republic of the Congo--Qatar#vector_borne,Democratic Republic of the Congo--Qatar,vector_borne,2,Qatar,Qatar,0.278094,0.747628,1,Democratic Republic of the Congo,Qatar,1,0
Democratic Republic of the Congo--Saudi Arabia#vector_borne,Democratic Republic of the Congo--Saudi Arabia,vector_borne,1,Democratic Republic of the Congo,Democratic Republic of the Congo,0.376327,0.815444,1,Democratic Republic of the Congo,Saudi Arabia,1,0
Democratic Republic of the Congo--Saudi Arabia#vector_borne,Democratic Republic of the Congo--Saudi Arabia,vector_borne,2,Saudi Arabia,Saudi Arabia,0.301902,0.78104,1,Democratic Republic of the Congo,Saudi Arabia,1,0
Democratic Republic of the Congo--Singapore#vector_borne,Democratic Republic of the Congo--Singapore,vector_borne,1,Democratic Republic of the Congo,Democratic Republic of the Congo,0.376327,0.815444,1,Democratic Republic of the Congo,Singapore,1,1
Democratic Republic of the Congo--Singapore#vector_borne,Democratic Republic of the Congo--Singapore,vector_borne,2,Singapore,Singapore,0.429978,0.539306,1,Democratic Republic of the Congo,Singapore,1,1
Democratic Republic of the Congo--South Africa#vector_borne,Democratic Republic of the Congo--South Africa,vector_borne,1,Democratic Republic of the Congo,Democratic Republic of the Congo,0.376327,0.815444,1,Democratic Republic of the Congo,South Africa,1,0
Democratic Republic of the Congo--South Africa#vector_borne,Democratic Republic of the Congo--South Africa,vector_borne,2,South Africa,South Africa,0.354082,0.657729,1,Democratic Republic of the Congo,South Africa,1,0
Democratic Republic of the Congo--Switzerland#vector_borne,Democratic Republic of the Congo--Switzerland,vector_borne,1,Democratic Republic of the Congo,Democratic Republic of the Congo,0.376327,0.815444,1,Democratic Republic of the Congo,Switzerland,1,0
Democratic Republic of the Congo--Switzerland#vector_borne,Democratic Republic of the Congo--Switzerland,vector_borne,2,Switzerland,Switzerland,0.407049,0.531378,1,Democratic Republic of the Congo,Switzerland,1,0
Democratic Republic of the Congo--United Kingdom#vector_borne,Democratic Republic of the Congo--United Kingdom,vector_borne,1,Democratic Republic of the Congo,Democratic Republic of the Congo,0.376327,0.815444,1,Democratic Republic of the Congo,United Kingdom,1,0
Democratic Republic of the Congo--United Kingdom#vector_borne,Democratic Republic of the Congo--United Kingdom,vector_borne,2,United Kingdom,United Kingdom,0.355643,0.570016,1,Democratic Republic of the Congo,United Kingdom,1,0
Democratic Republic of the Congo--United States#vector_borne,Democratic Republic of the Congo--United States,vector_borne,1,Democratic Republic of the Congo,Democratic Republic of the Congo,0.376327,0.815444,1,Democratic Republic of the Congo,United States,1,0
Democratic Republic of the Congo--United States#vector_borne,Democratic Republic of the Congo--United States,vector_borne,2,United States,United States,0.440022,0.576858,1,Democratic Republic of the Congo,United States,1,0
Germany--India#vector_borne,Germany--India,vector_borne,1,Germany,Germany,0.479367,0.620904,1,Germany,India,1,0
Germany--India#vector_borne,Germany--India,vector_borne,2,India,India,0.397173,0.572838,1,Germany,India,1,0
Germany--Japan#vector_borne,Germany--Japan,vector_borne,1,Germany,Germany,0.479367,0.620904,1,Germany,Japan,1,0
Germany--Japan#vector_borne,Germany--Japan,vector_borne,2,Japan,Japan,0.302497,0.608095,1,Germany,Japan,1,0
Germany--Lebanon#vector_borne,Germany--Lebanon,vector_borne,1,Germany,Germany,0.479367,0.620904,1,Germany,Lebanon,1,0
Germany--Lebanon#vector_borne,Germany--Lebanon,vector_borne,2,Lebanon,Lebanon,0.412955,0.815087,1,Germany,Lebanon,1,0
Germany--Netherlands#vector_borne,Germany--Netherlands,vector_borne,1,Germany,Germany,0.479367,0.620904,1,Germany,Netherlands,1,0
Germany--Netherlands#vector_borne,Germany--Netherlands,vector_borne,2,Netherlands,Netherlands,0.442831,0.641991,1,Germany,Netherlands,1,0
Germany--Nigeria#vector_borne,Germany--Nigeria,vector_borne,1,Germany,Germany,0.479367,0.620904,1,Germany,Nigeria,1,0
Germany--Nigeria#vector_borne,Germany--Nigeria,vector_borne,2,Nigeria,Nigeria,0.342207,0.771426,1,Germany,Nigeria,1,0
Germany--Qatar#vector_borne,Germany--Qatar,vector_borne,1,Germany,Germany,0.479367,0.620904,1,Germany,Qatar,1,0
Germany--Qatar#vector_borne,Germany--Qatar,vector_borne,2,Qatar,Qatar,0.278094,0.747628,1,Germany,Qatar,1,0
Germany--Saudi Arabia#vector_borne,Germany--Saudi Arabia,vector_borne,1,Germany,Germany,0.479367,0.620904,1,Germany,Saudi Arabia,1,0
Germany--Saudi Arabia#vector_borne,Germany--Saudi Arabia,vector_borne,2,Saudi Arabia,Saudi Arabia,0.301902,0.78104,1,Germany,Saudi Arabia,1,0
Germany--South Africa#vector_borne,Germany--South Africa,vector_borne,1,Germany,Germany,0.479367,0.620904,1,Germany,South Africa,1,0
Germany--South Africa#vector_borne,Germany--South Africa,vector_borne,2,South Africa,South Africa,0.354082,0.657729,1,Germany,South Africa,1,0
Germany--Switzerland#vector_borne,Germany--Switzerland,vector_borne,1,Germany,Germany,0.479367,0.620904,1,Germany,Switzerland,1,0
Germany--Switzerland#vector_borne,Germany--Switzerland,vector_borne,2,Switzerland,Switzerland,0.407049,0.531378,1,Germany,Switzerland,1,0
Germany--United Kingdom#vector_borne,Germany--United Kingdom,vector_borne,1,Germany,Germany,0.479367,0.620904,1,Germany,United Kingdom,1,0
Germany--United Kingdom#vector_borne,Germany--United Kingdom,vector_borne,2,United Kingdom,United Kingdom,0.355643,0.570016,1,Germany,United Kingdom,1,0
Germany--United States#vector_borne,Germany--United States,vector_borne,1,Germany,Germany,0.479367,0.620904,1,Germany,United States,1,0
Germany--United States#vector_borne,Germany--United States,vector_borne,2,United States,United States,0.440022,0.576858,1,Germany,United States,1,0
India--Japan#vector_borne,India--Japan,vector_borne,1,India,India,0.397173,0.572838,1,India,Japan,1,0
India--Japan#vector_borne,India--Japan,vector_borne,2,Japan,Japan,0.302497,0.608095,1,India,Japan,1,0
India--Lebanon#vector_borne,India--Lebanon,vector_borne,1,India,India,0.397173,0.572838,1,India,Lebanon,1,0
India--Lebanon#vector_borne,India--Lebanon,vector_borne,2,Lebanon,Lebanon,0.412955,0.815087,1,India,Lebanon,1,0
India--Netherlands#vector_borne,India--Netherlands,vector_borne,1,India,India,0.397173,0.572838,1,India,Netherlands,1,0
India--Netherlands#vector_borne,India--Netherlands,vector_borne,2,Netherlands,Netherlands,0.442831,0.641991,1,India,Netherlands,1,0
India--Nigeria#vector_borne,India--Nigeria,vector_borne,1,India,India,0.397173,0.572838,1,India,Nigeria,1,0
India--Nigeria#vector_borne,India--Nigeria,vector_borne,2,Nigeria,Nigeria,0.342207,0.771426,1,India,Nigeria,1,0
India--Qatar#vector_borne,India--Qatar,vector_borne,1,India,India,0.397173,0.572838,1,India,Qatar,1,0
India--Qatar#vector_borne,India--Qatar,vector_borne,2,Qatar,Qatar,0.278094,0.747628,1,India,Qatar,1,0
India--Saudi Arabia#vector_borne,India--Saudi Arabia,vector_borne,1,India,India,0.397173,0.572838,1,India,Saudi Arabia,1,0
India--Saudi Arabia#vector_borne,India--Saudi Arabia,vector_borne,2,Saudi Arabia,Saudi Arabia,0.301902,0.78104,1,India,Saudi Arabia,1,0
India--South Africa#vector_borne,India--South Africa,vector_borne,1,India,India,0.397173,0.572838,1,India,South Africa,1,0
India--South Africa#vector_borne,India--South Africa,vector_borne,2,South Africa,South Africa,0.354082,0.657729,1,India,South Africa,1,0
India--Switzerland#vector_borne,India--Switzerland,vector_borne,1,India,India,0.397173,0.572838,1,India,Switzerland,1,0
India--Switzerland#vector_borne,India--Switzerland,vector_borne,2,Switzerland,Switzerland,0.407049,0.531378,1,India,Switzerland,1,0
India--United Kingdom#vector_borne,India--United Kingdom,vector_borne,1,India,India,0.397173,0.572838,1,India,United Kingdom,1,0
India--United Kingdom#vector_borne,India--United Kingdom,vector_borne,2,United Kingdom,United Kingdom,0.355643,0.570016,1,India,United Kingdom,1,0
India--United States#vector_borne,India--United States,vector_borne,1,India,India,0.397173,0.572838,1,India,United States,1,0
India--United States#vector_borne,India--United States,vector_borne,2,United States,United States,0.440022,0.576858,1,India,United States,1,0
Japan--Lebanon#vector_borne,Japan--Lebanon,vector_borne,1,Japan,Japan,0.302497,0.608095,1,Japan,Lebanon,1,0
Japan--Lebanon#vector_borne,Japan--Lebanon,vector_borne,2,Lebanon,Lebanon,0.412955,0.815087,1,Japan,Lebanon,1,0
Japan--Netherlands#vector_borne,Japan--Netherlands,vector_borne,1,Japan,Japan,0.302497,0.608095,1,Japan,Netherlands,1,0
Japan--Netherlands#vector_borne,Japan--Netherlands,vector_borne,2,Netherlands,Netherlands,0.442831,0.641991,1,Japan,Netherlands,1,0
Japan--Nigeria#vector_borne,Japan--Nigeria,vector_borne,1,Japan,Japan,0.302497,0.608095,1,Japan,Nigeria,1,0
Japan--Nigeria#vector_borne,Japan--Nigeria,vector_borne,2,Nigeria,Nigeria,0.342207,0.771426,1,Japan,Nigeria,1,0
Japan--Qatar#vector_borne,Japan--Qatar,vector_borne,1,Japan,Japan,0.302497,0.608095,1,Japan,Qatar,1,0
Japan--Qatar#vector_borne,Japan--Qatar,vector_borne,2,Qatar,Qatar,0.278094,0.747628,1,Japan,Qatar,1,0
Japan--Saudi Arabia#vector_borne,Japan--Saudi Arabia,vector_borne,1,Japan,Japan,0.302497,0.608095,1,Japan,Saudi Arabia,1,0
Japan--Saudi Arabia#vector_borne,Japan--Saudi Arabia,vector_borne,2,Saudi Arabia,Saudi Arabia,0.301902,0.78104,1,Japan,Saudi Arabia,1,0
Japan--South Africa#vector_borne,Japan--South Africa,vector_borne,1,Japan,Japan,0.302497,0.608095,1,Japan,South Africa,1,0
Japan--South Africa#vector_borne,Japan--South Africa,vector_borne,2,South Africa,South Africa,0.354082,0.657729,1,Japan,South Africa,1,0
Japan--Switzerland#vector_borne,Japan--Switzerland,vector_borne,1,Japan,Japan,0.302497,0.608095,1,Japan,Switzerland,1,0
Japan--Switzerland#vector_borne,Japan--Switzerland,vector_borne,2,Switzerland,Switzerland,0.407049,0.531378,1,Japan,Switzerland,1,0
Lebanon--Netherlands#vector_borne,Lebanon--Netherlands,vector_borne,1,Lebanon,Lebanon,0.412955,0.815087,1,Lebanon,Netherlands,1,0
Lebanon--Netherlands#vector_borne,Lebanon--Netherlands,vector_borne,2,Netherlands,Netherlands,0.442831,0.641991,1,Lebanon,Netherlands,1,0
Lebanon--Nigeria#vector_borne,Lebanon--Nigeria,vector_borne,1,Lebanon,Lebanon,0.412955,0.815087,1,Lebanon,Nigeria,1,0
Lebanon--Nigeria#vector_borne,Lebanon--Nigeria,vector_borne,2,Nigeria,Nigeria,0.342207,0.771426,1,Lebanon,Nigeria,1,0
Lebanon--Qatar#vector_borne,Lebanon--Qatar,vector_borne,1,Lebanon,Lebanon,0.412955,0.815087,1,Lebanon,Qatar,1,0
Lebanon--Qatar#vector_borne,Lebanon--Qatar,vector_borne,2,Qatar,Qatar,0.278094,0.747628,1,Lebanon,Qatar,1,0
Lebanon--Saudi Arabia#vector_borne,Lebanon--Saudi Arabia,vector_borne,1,Lebanon,Lebanon,0.412955,0.815087,1,Lebanon,Saudi Arabia,1,0
Lebanon--Saudi Arabia#vector_borne,Lebanon--Saudi Arabia,vector_borne,2,Saudi Arabia,Saudi Arabia,0.301902,0.78104,1,Lebanon,Saudi Arabia,1,0
Lebanon--Singapore#vector_borne,Lebanon--Singapore,vector_borne,1,Lebanon,Lebanon,0.412955,0.815087,1,Lebanon,Singapore,1,1
Lebanon--Singapore#vector_borne,Lebanon--Singapore,vector_borne,2,Singapore,Singapore,0.429978,0.539306,1,Lebanon,Singapore,1,1
Lebanon--South Africa#vector_borne,Lebanon--South Africa,vector_borne,1,Lebanon,Lebanon,0.412955,0.815087,1,Lebanon,South Africa,1,0
Lebanon--South Africa#vector_borne,Lebanon--South Africa,vector_borne,2,South Africa,South Africa,0.354082,0.657729,1,Lebanon,South Africa,1,0
Lebanon--Switzerland#vector_borne,Lebanon--Switzerland,vector_borne,1,Lebanon,Lebanon,0.412955,0.815087,1,Lebanon,Switzerland,1,0
Lebanon--Switzerland#vector_borne,Lebanon--Switzerland,vector_borne,2,Switzerland,Switzerland,0.407049,0.531378,1,Lebanon,Switzerland,1,0
Lebanon--United Kingdom#vector_borne,Lebanon--United Kingdom,vector_borne,1,Lebanon,Lebanon,0.412955,0.815087,1,Lebanon,United Kingdom,1,0
Lebanon--United Kingdom#vector_borne,Lebanon--United Kingdom,vector_borne,2,United Kingdom,United Kingdom,0.355643,0.570016,1,Lebanon,United Kingdom,1,0
Lebanon--United States#vector_borne,Lebanon--United States,vector_borne,1,Lebanon,Lebanon,0.412955,0.815087,1,Lebanon,United States,1,0
Lebanon--United States#vector_borne,Lebanon--United States,vector_borne,2,United States,United States,0.440022,0.576858,1,Lebanon,United States,1,0
Netherlands--Nigeria#vector_borne,Netherlands--Nigeria,vector_borne,1,Netherlands,Netherlands,0.442831,0.641991,1,Netherlands,Nigeria,1,0
Netherlands--Nigeria#vector_borne,Netherlands--Nigeria,vector_borne,2,Nigeria,Nigeria,0.342207,0.771426,1,Netherlands,Nigeria,1,0
Netherlands--Qatar#vector_borne,Netherlands--Qatar,vector_borne,1,Netherlands,Netherlands,0.442831,0.641991,1,Netherlands,Qatar,1,0
Netherlands--Qatar#vector_borne,Netherlands--Qatar,vector_borne,2,Qatar,Qatar,0.278094,0.747628,1,Netherlands,Qatar,1,0
Netherlands--Saudi Arabia#vector_borne,Netherlands--Saudi Arabia,vector_borne,1,Netherlands,Netherlands,0.442831,0.641991,1,Netherlands,Saudi Arabia,1,0
Netherlands--Saudi Arabia#vector_borne,Netherlands--Saudi Arabia,vector_borne,2,Saudi Arabia,Saudi Arabia,0.301902,0.78104,1,Netherlands,Saudi Arabia,1,0
Netherlands--Singapore#vector_borne,Netherlands--Singapore,vector_borne,1,Netherlands,Netherlands,0.442831,0.641991,1,Netherlands,Singapore,1,1
Netherlands--Singapore#vector_borne,Netherlands--Singapore,vector_borne,2,Singapore,Singapore,0.429978,0.539306,1,Netherlands,Singapore,1,1
Netherlands--South Africa#vector_borne,Netherlands--South Africa,vector_borne,1,Netherlands,Netherlands,0.442831,0.641991,1,Netherlands,South Africa,1,0
Netherlands--South Africa#vector_borne,Netherlands--South Africa,vector_borne,2,South Africa,South Africa,0.354082,0.657729,1,Netherlands,South Africa,1,0
Netherlands--Switzerland#vector_borne,Netherlands--Switzerland,vector_borne,1,Netherlands,Netherlands,0.442831,0.641991,1,Netherlands,Switzerland,1,0
Netherlands--Switzerland#vector_borne,Netherlands--Switzerland,vector_borne,2,Switzerland,Switzerland,0.407049,0.531378,1,Netherlands,Switzerland,1,0
Netherlands--United Kingdom#vector_borne,Netherlands--United Kingdom,vector_borne,1,Netherlands,Netherlands,0.442831,0.641991,1,Netherlands,United Kingdom,1,0
Netherlands--United Kingdom#vector_borne,Netherlands--United Kingdom,vector_borne,2,United Kingdom,United Kingdom,0.355643,0.570016,1,Netherlands,United Kingdom,1,0
Netherlands--United States#vector_borne,Netherlands--United States,vector_borne,1,Netherlands,Netherlands,0.442831,0.641991,1,Netherlands,United States,1,0
Netherlands--United States#vector_borne,Netherlands--United States,vector_borne,2,United States,United States,0.440022,0.576858,1,Netherlands,United States,1,0
Nigeria--Qatar#vector_borne,Nigeria--Qatar,vector_borne,1,Nigeria,Nigeria,0.342207,0.771426,1,Nigeria,Qatar,1,0
Nigeria--Qatar#vector_borne,Nigeria--Qatar,vector_borne,2,Qatar,Qatar,0.278094,0.747628,1,Nigeria,Qatar,1,0
Nigeria--Saudi Arabia#vector_borne,Nigeria--Saudi Arabia,vector_borne,1,Nigeria,Nigeria,0.342207,0.771426,1,Nigeria,Saudi Arabia,1,0
Nigeria--Saudi Arabia#vector_borne,Nigeria--Saudi Arabia,vector_borne,2,Saudi Arabia,Saudi Arabia,0.301902,0.78104,1,Nigeria,Saudi Arabia,1,0
Nigeria--Singapore#vector_borne,Nigeria--Singapore,vector_borne,1,Nigeria,Nigeria,0.342207,0.771426,1,Nigeria,Singapore,1,1
Nigeria--Singapore#vector_borne,Nigeria--Singapore,vector_borne,2,Singapore,Singapore,0.429978,0.539306,1,Nigeria,Singapore,1,1
Nigeria--South Africa#vector_borne,Nigeria--South Africa,vector_borne,1,Nigeria,Nigeria,0.342207,0.771426,1,Nigeria,South Africa,1,0
Nigeria--South Africa#vector_borne,Nigeria--South Africa,vector_borne,2,South Africa,South Africa,0.354082,0.657729,1,Nigeria,South Africa,1,0
Nigeria--Switzerland#vector_borne,Nigeria--Switzerland,vector_borne,1,Nigeria,Nigeria,0.342207,0.771426,1,Nigeria,Switzerland,1,0
Nigeria--Switzerland#vector_borne,Nigeria--Switzerland,vector_borne,2,Switzerland,Switzerland,0.407049,0.531378,1,Nigeria,Switzerland,1,0
Nigeria--United Kingdom#vector_borne,Nigeria--United Kingdom,vector_borne,1,Nigeria,Nigeria,0.342207,0.771426,1,Nigeria,United Kingdom,1,0
Nigeria--United Kingdom#vector_borne,Nigeria--United Kingdom,vector_borne,2,United Kingdom,United Kingdom,0.355643,0.570016,1,Nigeria,United Kingdom,1,0
Nigeria--United States#vector_borne,Nigeria--United States,vector_borne,1,Nigeria,Nigeria,0.342207,0.771426,1,Nigeria,United States,1,0
Nigeria--United States#vector_borne,Nigeria--United States,vector_borne,2,United States,United States,0.440022,0.576858,1,Nigeria,United States,1,0
Qatar--Saudi Arabia#vector_borne,Qatar--Saudi Arabia,vector_borne,1,Qatar,Qatar,0.278094,0.747628,1,Qatar,Saudi Arabia,1,0
Qatar--Saudi Arabia#vector_borne,Qatar--Saudi Arabia,vector_borne,2,Saudi Arabia,Saudi Arabia,0.301902,0.78104,1,Qatar,Saudi Arabia,1,0
Qatar--Singapore#vector_borne,Qatar--Singapore,vector_borne,1,Qatar,Qatar,0.278094,0.747628,1,Qatar,Singapore,1,1
Qatar--Singapore#vector_borne,Qatar--Singapore,vector_borne,2,Singapore,Singapore,0.429978,0.539306,1,Qatar,Singapore,1,1
Qatar--South Africa#vector_borne,Qatar--South Africa,vector_borne,1,Qatar,Qatar,0.278094,0.747628,1,Qatar,South Africa,1,0
Qatar--South Africa#vector_borne,Qatar--South Africa,vector_borne,2,South Africa,South Africa,0.354082,0.657729,1,Qatar,South Africa,1,0
Qatar--Switzerland#vector_borne,Qatar--Switzerland,vector_borne,1,Qatar,Qatar,0.278094,0.747628,1,Qatar,Switzerland,1,0
Qatar--Switzerland#vector_borne,Qatar--Switzerland,vector_borne,2,Switzerland,Switzerland,0.407049,0.531378,1,Qatar,Switzerland,1,0
Qatar--United Kingdom#vector_borne,Qatar--United Kingdom,vector_borne,1,Qatar,Qatar,0.278094,0.747628,1,Qatar,United Kingdom,1,0
Qatar--United Kingdom#vector_borne,Qatar--United Kingdom,vector_borne,2,United Kingdom,United Kingdom,0.355643,0.570016,1,Qatar,United Kingdom,1,0
Qatar--United States#vector_borne,Qatar--United States,vector_borne,1,Qatar,Qatar,0.278094,0.747628,1,Qatar,United States,1,0
Qatar--United States#vector_borne,Qatar--United States,vector_borne,2,United States,United States,0.440022,0.576858,1,Qatar,United States,1,0
Saudi Arabia--Singapore#vector_borne,Saudi Arabia--Singapore,vector_borne,1,Saudi Arabia,Saudi Arabia,0.301902,0.78104,1,Saudi Arabia,Singapore,1,1
Saudi Arabia--Singapore#vector_borne,Saudi Arabia--Singapore,vector_borne,2,Singapore,Singapore,0.429978,0.539306,1,Saudi Arabia,Singapore,1,1
Saudi Arabia--South Africa#vector_borne,Saudi Arabia--South Africa,vector_borne,1,Saudi Arabia,Saudi Arabia,0.301902,0.78104,1,Saudi Arabia,South Africa,1,0
Saudi Arabia--South Africa#vector_borne,Saudi Arabia--South Africa,vector_borne,2,South Africa,South Africa,0.354082,0.657729,1,Saudi Arabia,South Africa,1,0
Saudi Arabia--Switzerland#vector_borne,Saudi Arabia--Switzerland,vector_borne,1,Saudi Arabia,Saudi Arabia,0.301902,0.78104,1,Saudi Arabia,Switzerland,1,0
Saudi Arabia--Switzerland#vector_borne,Saudi Arabia--Switzerland,vector_borne,2,Switzerland,Switzerland,0.407049,0.531378,1,Saudi Arabia,Switzerland,1,0
Saudi Arabia--United Kingdom#vector_borne,Saudi Arabia--United Kingdom,vector_borne,1,Saudi Arabia,Saudi Arabia,0.301902,0.78104,1,Saudi Arabia,United Kingdom,1,0
Saudi Arabia--United Kingdom#vector_borne,Saudi Arabia--United Kingdom,vector_borne,2,United Kingdom,United Kingdom,0.355643,0.570016,1,Saudi Arabia,United Kingdom,1,0
Saudi Arabia--United States#vector_borne,Saudi Arabia--United States,vector_borne,1,Saudi Arabia,Saudi Arabia,0.301902,0.78104,1,Saudi Arabia,United States,1,0
Saudi Arabia--United States#vector_borne,Saudi Arabia--United States,vector_borne,2,United States,United States,0.440022,0.576858,1,Saudi Arabia,United States,1,0
South Africa--Switzerland#vector_borne,South Africa--Switzerland,vector_borne,1,South Africa,South Africa,0.354082,0.657729,1,South Africa,Switzerland,1,0
South Africa--Switzerland#vector_borne,South Africa--Switzerland,vector_borne,2,Switzerland,Switzerland,0.407049,0.531378,1,South Africa,Switzerland,1,0
South Africa--United States#vector_borne,South Africa--United States,vector_borne,1,South Africa,South Africa,0.354082,0.657729,1,South Africa,United States,1,0
South Africa--United States#vector_borne,South Africa--United States,vector_borne,2,United States,United States,0.440022,0.576858,1,South Africa,United States,1,0
Singapore--Tanzania#sti,Singapore--Tanzania,sti,1,Singapore,Singapore,0.429978,0.539306,1,Singapore,Tanzania,1,1
Singapore--Tanzania#sti,Singapore--Tanzania,sti,2,Tanzania,Tanzania,0.324634,0.135604,1,Singapore,Tanzania,1,1
Tanzania--United States#sti,Tanzania--United States,sti,1,Tanzania,Tanzania,0.324634,0.135604,1,Tanzania,United States,1,0
Tanzania--United States#sti,Tanzania--United States,sti,2,United States,United States,0.440022,0.576858,1,Tanzania,United States,1,0
Austria--Czechia#rti,Austria--Czechia,rti,1,Austria,Austria,0.630309,0.316021,1,Austria,Czechia,1,0
Austria--Czechia#rti,Austria--Czechia,rti,2,Czechia,Czechia,0.625747,0.076617,1,Austria,Czechia,1,0
Austria--Philippines#rti,Austria--Philippines,rti,1,Austria,Austria,0.630309,0.316021,1,Austria,Philippines,1,0
Austria--Philippines#rti,Austria--Philippines,rti,2,Philippines,Philippines,0.403578,0.405159,1,Austria,Philippines,1,0
Austria--Singapore#rti,Austria--Singapore,rti,1,Austria,Austria,0.630309,0.316021,1,Austria,Singapore,1,1
Austria--Singapore#rti,Austria--Singapore,rti,2,Singapore,Singapore,0.429978,0.539306,1,Austria,Singapore,1,1
Czechia--Philippines#rti,Czechia--Philippines,rti,1,Czechia,Czechia,0.625747,0.076617,1,Czechia,Philippines,1,0
Czechia--Philippines#rti,Czechia--Philippines,rti,2,Philippines,Philippines,0.403578,0.405159,1,Czechia,Philippines,1,0
Czechia--Singapore#rti,Czechia--Singapore,rti,1,Czechia,Czechia,0.625747,0.076617,1,Czechia,Singapore,1,1
Czechia--Singapore#rti,Czechia--Singapore,rti,2,Singapore,Singapore,0.429978,0.539306,1,Czechia,Singapore,1,1
Philippines--Singapore#rti,Philippines--Singapore,rti,1,Philippines,Philippines,0.403578,0.405159,1,Philippines,Singapore,1,1
Philippines--Singapore#rti,Philippines--Singapore,rti,2,Singapore,Singapore,0.429978,0.539306,1,Philippines,Singapore,1,1
Japan--Zambia#rti,Japan--Zambia,rti,1,Japan,Japan,0.302497,0.608095,1,Japan,Zambia,1,0
Japan--Zambia#rti,Japan--Zambia,rti,2,Zambia,Zambia,0.452671,0.736174,1,Japan,Zambia,1,0
Singapore--Zambia#rti,Singapore--Zambia,rti,1,Singapore,Singapore,0.429978,0.539306,1,Singapore,Zambia,1,1
Singapore--Zambia#rti,Singapore--Zambia,rti,2,Zambia,Zambia,0.452671,0.736174,1,Singapore,Zambia,1,1
Germany--India#amr_hai,Germany--India,amr_hai,1,Germany,Germany,0.479367,0.620904,1,Germany,India,1,0
Germany--India#amr_hai,Germany--India,amr_hai,2,India,India,0.397173,0.572838,1,Germany,India,1,0
Germany--Netherlands#amr_hai,Germany--Netherlands,amr_hai,1,Germany,Germany,0.479367,0.620904,1,Germany,Netherlands,1,0
Germany--Netherlands#amr_hai,Germany--Netherlands,amr_hai,2,Netherlands,Netherlands,0.442831,0.641991,1,Germany,Netherlands,1,0
Denmark--Germany#rti,Denmark--Germany,rti,1,Denmark,Denmark,0.44304,0.500047,1,Denmark,Germany,1,0
Denmark--Germany#rti,Denmark--Germany,rti,2,Germany,Germany,0.479367,0.620904,1,Denmark,Germany,1,0
Denmark--Switzerland#rti,Denmark--Switzerland,rti,1,Denmark,Denmark,0.44304,0.500047,1,Denmark,Switzerland,1,0
Denmark--Switzerland#rti,Denmark--Switzerland,rti,2,Switzerland,Switzerland,0.407049,0.531378,1,Denmark,Switzerland,1,0
Denmark--Türkiye#rti,Denmark--Türkiye,rti,1,Denmark,Denmark,0.44304,0.500047,1,Denmark,Türkiye,1,0
Denmark--Türkiye#rti,Denmark--Türkiye,rti,2,Türkiye,Türkiye,0.411167,0.293179,1,Denmark,Türkiye,1,0
Denmark--United States#rti,Denmark--United States,rti,1,Denmark,Denmark,0.44304,0.500047,1,Denmark,United States,1,0
Denmark--United States#rti,Denmark--United States,rti,2,United States,United States,0.440022,0.576858,1,Denmark,United States,1,0
Germany--Switzerland#rti,Germany--Switzerland,rti,1,Germany,Germany,0.479367,0.620904,1,Germany,Switzerland,1,0
Germany--Switzerland#rti,Germany--Switzerland,rti,2,Switzerland,Switzerland,0.407049,0.531378,1,Germany,Switzerland,1,0
Germany--Türkiye#rti,Germany--Türkiye,rti,1,Germany,Germany,0.479367,0.620904,1,Germany,Türkiye,1,0
Germany--Türkiye#rti,Germany--Türkiye,rti,2,Türkiye,Türkiye,0.411167,0.293179,1,Germany,Türkiye,1,0
Germany--United States#rti,Germany--United States,rti,1,Germany,Germany,0.479367,0.620904,1,Germany,United States,1,0
Germany--United States#rti,Germany--United States,rti,2,United States,United States,0.440022,0.576858,1,Germany,United States,1,0
Singapore--Türkiye#rti,Singapore--Türkiye,rti,1,Singapore,Singapore,0.429978,0.539306,1,Singapore,Türkiye,1,1
Singapore--Türkiye#rti,Singapore--Türkiye,rti,2,Türkiye,Türkiye,0.411167,0.293179,1,Singapore,Türkiye,1,1
Switzerland--Türkiye#rti,Switzerland--Türkiye,rti,1,Switzerland,Switzerland,0.407049,0.531378,1,Switzerland,Türkiye,1,0
Switzerland--Türkiye#rti,Switzerland--Türkiye,rti,2,Türkiye,Türkiye,0.411167,0.293179,1,Switzerland,Türkiye,1,0
Switzerland--United States#rti,Switzerland--United States,rti,1,Switzerland,Switzerland,0.407049,0.531378,1,Switzerland,United States,1,0
Switzerland--United States#rti,Switzerland--United States,rti,2,United States,United States,0.440022,0.576858,1,Switzerland,United States,1,0
Türkiye--United Kingdom#rti,Türkiye--United Kingdom,rti,1,Türkiye,Türkiye,0.411167,0.293179,1,Türkiye,United Kingdom,1,0
Türkiye--United Kingdom#rti,Türkiye--United Kingdom,rti,2,United Kingdom,United Kingdom,0.355643,0.570016,1,Türkiye,United Kingdom,1,0
Türkiye--United States#rti,Türkiye--United States,rti,1,Türkiye,Türkiye,0.411167,0.293179,1,Türkiye,United States,1,0
Türkiye--United States#rti,Türkiye--United States,rti,2,United States,United States,0.440022,0.576858,1,Türkiye,United States,1,0
China--Japan#tb,China--Japan,tb,1,China,China,0.331977,0.597918,1,China,Japan,1,0
China--Japan#tb,China--Japan,tb,2,Japan,Japan,0.302497,0.608095,1,China,Japan,1,0
China--Republic of Korea#tb,China--Republic of Korea,tb,1,China,China,0.331977,0.597918,1,China,Republic of Korea,1,0
China--Republic of Korea#tb,China--Republic of Korea,tb,2,Republic of Korea,Republic of Korea,0.226785,0.465839,1,China,Republic of Korea,1,0
Japan--Republic of Korea#tb,Japan--Republic of Korea,tb,1,Japan,Japan,0.302497,0.608095,1,Japan,Republic of Korea,1,0
Japan--Republic of Korea#tb,Japan--Republic of Korea,tb,2,Republic of Korea,Republic of Korea,0.226785,0.465839,1,Japan,Republic of Korea,1,0
Finland--Singapore#vector_borne,Finland--Singapore,vector_borne,1,Finland,Finland,0.246851,0.866183,1,Finland,Singapore,1,1
Finland--Singapore#vector_borne,Finland--Singapore,vector_borne,2,Singapore,Singapore,0.429978,0.539306,1,Finland,Singapore,1,1
Finland--United Kingdom#vector_borne,Finland--United Kingdom,vector_borne,1,Finland,Finland,0.246851,0.866183,1,Finland,United Kingdom,1,0
Finland--United Kingdom#vector_borne,Finland--United Kingdom,vector_borne,2,United Kingdom,United Kingdom,0.355643,0.570016,1,Finland,United Kingdom,1,0
Finland--Ireland#amr_hai,Finland--Ireland,amr_hai,1,Finland,Finland,0.246851,0.866183,1,Finland,Ireland,1,0
Finland--Ireland#amr_hai,Finland--Ireland,amr_hai,2,Ireland,Ireland,0.202061,0.805752,1,Finland,Ireland,1,0
Finland--Netherlands#amr_hai,Finland--Netherlands,amr_hai,1,Finland,Finland,0.246851,0.866183,1,Finland,Netherlands,1,0
Finland--Netherlands#amr_hai,Finland--Netherlands,amr_hai,2,Netherlands,Netherlands,0.442831,0.641991,1,Finland,Netherlands,1,0
Finland--Singapore#amr_hai,Finland--Singapore,amr_hai,1,Finland,Finland,0.246851,0.866183,1,Finland,Singapore,1,1
Finland--Singapore#amr_hai,Finland--Singapore,amr_hai,2,Singapore,Singapore,0.429978,0.539306,1,Finland,Singapore,1,1
Finland--United Kingdom#amr_hai,Finland--United Kingdom,amr_hai,1,Finland,Finland,0.246851,0.866183,1,Finland,United Kingdom,1,0
Finland--United Kingdom#amr_hai,Finland--United Kingdom,amr_hai,2,United Kingdom,United Kingdom,0.355643,0.570016,1,Finland,United Kingdom,1,0
Ireland--Netherlands#amr_hai,Ireland--Netherlands,amr_hai,1,Ireland,Ireland,0.202061,0.805752,1,Ireland,Netherlands,1,0
Ireland--Netherlands#amr_hai,Ireland--Netherlands,amr_hai,2,Netherlands,Netherlands,0.442831,0.641991,1,Ireland,Netherlands,1,0
Ireland--Singapore#amr_hai,Ireland--Singapore,amr_hai,1,Ireland,Ireland,0.202061,0.805752,1,Ireland,Singapore,1,1
Ireland--Singapore#amr_hai,Ireland--Singapore,amr_hai,2,Singapore,Singapore,0.429978,0.539306,1,Ireland,Singapore,1,1
Ireland--United Kingdom#amr_hai,Ireland--United Kingdom,amr_hai,1,Ireland,Ireland,0.202061,0.805752,1,Ireland,United Kingdom,1,0
Ireland--United Kingdom#amr_hai,Ireland--United Kingdom,amr_hai,2,United Kingdom,United Kingdom,0.355643,0.570016,1,Ireland,United Kingdom,1,0
Malaysia--United States#sti,Malaysia--United States,sti,1,Malaysia,Malaysia,0.277414,0.425437,1,Malaysia,United States,1,0
Malaysia--United States#sti,Malaysia--United States,sti,2,United States,United States,0.440022,0.576858,1,Malaysia,United States,1,0
Thailand--United States#sti,Thailand--United States,sti,1,Thailand,Thailand,0.336992,0.46232,1,Thailand,United States,1,0
Thailand--United States#sti,Thailand--United States,sti,2,United States,United States,0.440022,0.576858,1,Thailand,United States,1,0
Botswana--Romania#sti,Botswana--Romania,sti,1,Botswana,Botswana,0.792726,0.584919,1,Botswana,Romania,1,0
Botswana--Romania#sti,Botswana--Romania,sti,2,Romania,Romania,0.664787,0.523625,1,Botswana,Romania,1,0
Botswana--Rwanda#sti,Botswana--Rwanda,sti,1,Botswana,Botswana,0.792726,0.584919,1,Botswana,Rwanda,1,0
Botswana--Rwanda#sti,Botswana--Rwanda,sti,2,Rwanda,Rwanda,0.80956,0.425839,1,Botswana,Rwanda,1,0
Botswana--Singapore#sti,Botswana--Singapore,sti,1,Botswana,Botswana,0.792726,0.584919,1,Botswana,Singapore,1,1
Botswana--Singapore#sti,Botswana--Singapore,sti,2,Singapore,Singapore,0.429978,0.539306,1,Botswana,Singapore,1,1
Botswana--Spain#sti,Botswana--Spain,sti,1,Botswana,Botswana,0.792726,0.584919,1,Botswana,Spain,1,0
Botswana--Spain#sti,Botswana--Spain,sti,2,Spain,Spain,0.55585,0.501818,1,Botswana,Spain,1,0
Botswana--United States#sti,Botswana--United States,sti,1,Botswana,Botswana,0.792726,0.584919,1,Botswana,United States,1,0
Botswana--United States#sti,Botswana--United States,sti,2,United States,United States,0.440022,0.576858,1,Botswana,United States,1,0
Romania--Rwanda#sti,Romania--Rwanda,sti,1,Romania,Romania,0.664787,0.523625,1,Romania,Rwanda,1,0
Romania--Rwanda#sti,Romania--Rwanda,sti,2,Rwanda,Rwanda,0.80956,0.425839,1,Romania,Rwanda,1,0
Romania--Singapore#sti,Romania--Singapore,sti,1,Romania,Romania,0.664787,0.523625,1,Romania,Singapore,1,1
Romania--Singapore#sti,Romania--Singapore,sti,2,Singapore,Singapore,0.429978,0.539306,1,Romania,Singapore,1,1
Romania--Spain#sti,Romania--Spain,sti,1,Romania,Romania,0.664787,0.523625,1,Romania,Spain,1,0
Romania--Spain#sti,Romania--Spain,sti,2,Spain,Spain,0.55585,0.501818,1,Romania,Spain,1,0
Romania--United States#sti,Romania--United States,sti,1,Romania,Romania,0.664787,0.523625,1,Romania,United States,1,0
Romania--United States#sti,Romania--United States,sti,2,United States,United States,0.440022,0.576858,1,Romania,United States,1,0
Rwanda--Singapore#sti,Rwanda--Singapore,sti,1,Rwanda,Rwanda,0.80956,0.425839,1,Rwanda,Singapore,1,1
Rwanda--Singapore#sti,Rwanda--Singapore,sti,2,Singapore,Singapore,0.429978,0.539306,1,Rwanda,Singapore,1,1
Rwanda--Spain#sti,Rwanda--Spain,sti,1,Rwanda,Rwanda,0.80956,0.425839,1,Rwanda,Spain,1,0
Rwanda--Spain#sti,Rwanda--Spain,sti,2,Spain,Spain,0.55585,0.501818,1,Rwanda,Spain,1,0
Rwanda--United States#sti,Rwanda--United States,sti,1,Rwanda,Rwanda,0.80956,0.425839,1,Rwanda,United States,1,0
Rwanda--United States#sti,Rwanda--United States,sti,2,United States,United States,0.440022,0.576858,1,Rwanda,United States,1,0
Australia--Italy#rti,Australia--Italy,rti,1,Australia,Australia,0.390756,0.648197,1,Australia,Italy,1,0
Australia--Italy#rti,Australia--Italy,rti,2,Italy,Italy,0.491029,0.507028,1,Australia,Italy,1,0
Australia--Malaysia#rti,Australia--Malaysia,rti,1,Australia,Australia,0.390756,0.648197,1,Australia,Malaysia,1,0
Australia--Malaysia#rti,Australia--Malaysia,rti,2,Malaysia,Malaysia,0.277414,0.425437,1,Australia,Malaysia,1,0
China--Italy#rti,China--Italy,rti,1,China,China,0.331977,0.597918,1,China,Italy,1,0
China--Italy#rti,China--Italy,rti,2,Italy,Italy,0.491029,0.507028,1,China,Italy,1,0
China--Malaysia#rti,China--Malaysia,rti,1,China,China,0.331977,0.597918,1,China,Malaysia,1,0
China--Malaysia#rti,China--Malaysia,rti,2,Malaysia,Malaysia,0.277414,0.425437,1,China,Malaysia,1,0
Italy--Japan#rti,Italy--Japan,rti,1,Italy,Italy,0.491029,0.507028,1,Italy,Japan,1,0
Italy--Japan#rti,Italy--Japan,rti,2,Japan,Japan,0.302497,0.608095,1,Italy,Japan,1,0
Italy--Malaysia#rti,Italy--Malaysia,rti,1,Italy,Italy,0.491029,0.507028,1,Italy,Malaysia,1,0
Italy--Malaysia#rti,Italy--Malaysia,rti,2,Malaysia,Malaysia,0.277414,0.425437,1,Italy,Malaysia,1,0
Italy--New Zealand#rti,Italy--New Zealand,rti,1,Italy,Italy,0.491029,0.507028,1,Italy,New Zealand,1,0
Italy--New Zealand#rti,Italy--New Zealand,rti,2,New Zealand,New Zealand,0.267102,0.517173,1,Italy,New Zealand,1,0
Italy--Singapore#rti,Italy--Singapore,rti,1,Italy,Italy,0.491029,0.507028,1,Italy,Singapore,1,1
Italy--Singapore#rti,Italy--Singapore,rti,2,Singapore,Singapore,0.429978,0.539306,1,Italy,Singapore,1,1
Italy--United Kingdom#rti,Italy--United Kingdom,rti,1,Italy,Italy,0.491029,0.507028,1,Italy,United Kingdom,1,0
Italy--United Kingdom#rti,Italy--United Kingdom,rti,2,United Kingdom,United Kingdom,0.355643,0.570016,1,Italy,United Kingdom,1,0
Japan--Malaysia#rti,Japan--Malaysia,rti,1,Japan,Japan,0.302497,0.608095,1,Japan,Malaysia,1,0
Japan--Malaysia#rti,Japan--Malaysia,rti,2,Malaysia,Malaysia,0.277414,0.425437,1,Japan,Malaysia,1,0
Malaysia--New Zealand#rti,Malaysia--New Zealand,rti,1,Malaysia,Malaysia,0.277414,0.425437,1,Malaysia,New Zealand,1,0
Malaysia--New Zealand#rti,Malaysia--New Zealand,rti,2,New Zealand,New Zealand,0.267102,0.517173,1,Malaysia,New Zealand,1,0
Malaysia--United Kingdom#rti,Malaysia--United Kingdom,rti,1,Malaysia,Malaysia,0.277414,0.425437,1,Malaysia,United Kingdom,1,0
Malaysia--United Kingdom#rti,Malaysia--United Kingdom,rti,2,United Kingdom,United Kingdom,0.355643,0.570016,1,Malaysia,United Kingdom,1,0
Côte d'Ivoire--Singapore#sti,Côte d'Ivoire--Singapore,sti,1,Côte d'Ivoire,Côte d'Ivoire,0.840332,0.250775,1,Côte d'Ivoire,Singapore,1,1
Côte d'Ivoire--Singapore#sti,Côte d'Ivoire--Singapore,sti,2,Singapore,Singapore,0.429978,0.539306,1,Côte d'Ivoire,Singapore,1,1
Côte d'Ivoire--Spain#sti,Côte d'Ivoire--Spain,sti,1,Côte d'Ivoire,Côte d'Ivoire,0.840332,0.250775,1,Côte d'Ivoire,Spain,1,0
Côte d'Ivoire--Spain#sti,Côte d'Ivoire--Spain,sti,2,Spain,Spain,0.55585,0.501818,1,Côte d'Ivoire,Spain,1,0
Australia--Indonesia#rti,Australia--Indonesia,rti,1,Australia,Australia,0.390756,0.648197,1,Australia,Indonesia,1,0
Australia--Indonesia#rti,Australia--Indonesia,rti,2,Indonesia,Indonesia,0.369414,0.492144,1,Australia,Indonesia,1,0
Australia--Kenya#rti,Australia--Kenya,rti,1,Australia,Australia,0.390756,0.648197,1,Australia,Kenya,1,0
Australia--Kenya#rti,Australia--Kenya,rti,2,Kenya,Kenya,0.39613,0.758485,1,Australia,Kenya,1,0
Australia--Thailand#rti,Australia--Thailand,rti,1,Australia,Australia,0.390756,0.648197,1,Australia,Thailand,1,0
Australia--Thailand#rti,Australia--Thailand,rti,2,Thailand,Thailand,0.336992,0.46232,1,Australia,Thailand,1,0
Australia--Tunisia#rti,Australia--Tunisia,rti,1,Australia,Australia,0.390756,0.648197,1,Australia,Tunisia,1,0
Australia--Tunisia#rti,Australia--Tunisia,rti,2,Tunisia,Tunisia,0.18816,0.697743,1,Australia,Tunisia,1,0
China--Indonesia#rti,China--Indonesia,rti,1,China,China,0.331977,0.597918,1,China,Indonesia,1,0
China--Indonesia#rti,China--Indonesia,rti,2,Indonesia,Indonesia,0.369414,0.492144,1,China,Indonesia,1,0
China--Kenya#rti,China--Kenya,rti,1,China,China,0.331977,0.597918,1,China,Kenya,1,0
China--Kenya#rti,China--Kenya,rti,2,Kenya,Kenya,0.39613,0.758485,1,China,Kenya,1,0
China--Tunisia#rti,China--Tunisia,rti,1,China,China,0.331977,0.597918,1,China,Tunisia,1,0
China--Tunisia#rti,China--Tunisia,rti,2,Tunisia,Tunisia,0.18816,0.697743,1,China,Tunisia,1,0
Indonesia--Kenya#rti,Indonesia--Kenya,rti,1,Indonesia,Indonesia,0.369414,0.492144,1,Indonesia,Kenya,1,0
Indonesia--Kenya#rti,Indonesia--Kenya,rti,2,Kenya,Kenya,0.39613,0.758485,1,Indonesia,Kenya,1,0
Indonesia--Netherlands#rti,Indonesia--Netherlands,rti,1,Indonesia,Indonesia,0.369414,0.492144,1,Indonesia,Netherlands,1,0
Indonesia--Netherlands#rti,Indonesia--Netherlands,rti,2,Netherlands,Netherlands,0.442831,0.641991,1,Indonesia,Netherlands,1,0
Indonesia--New Zealand#rti,Indonesia--New Zealand,rti,1,Indonesia,Indonesia,0.369414,0.492144,1,Indonesia,New Zealand,1,0
Indonesia--New Zealand#rti,Indonesia--New Zealand,rti,2,New Zealand,New Zealand,0.267102,0.517173,1,Indonesia,New Zealand,1,0
Indonesia--Singapore#rti,Indonesia--Singapore,rti,1,Indonesia,Indonesia,0.369414,0.492144,1,Indonesia,Singapore,1,1
Indonesia--Singapore#rti,Indonesia--Singapore,rti,2,Singapore,Singapore,0.429978,0.539306,1,Indonesia,Singapore,1,1
Indonesia--Thailand#rti,Indonesia--Thailand,rti,1,Indonesia,Indonesia,0.369414,0.492144,1,Indonesia,Thailand,1,0
Indonesia--Thailand#rti,Indonesia--Thailand,rti,2,Thailand,Thailand,0.336992,0.46232,1,Indonesia,Thailand,1,0
Indonesia--Tunisia#rti,Indonesia--Tunisia,rti,1,Indonesia,Indonesia,0.369414,0.492144,1,Indonesia,Tunisia,1,0
Indonesia--Tunisia#rti,Indonesia--Tunisia,rti,2,Tunisia,Tunisia,0.18816,0.697743,1,Indonesia,Tunisia,1,0
Indonesia--United Kingdom#rti,Indonesia--United Kingdom,rti,1,Indonesia,Indonesia,0.369414,0.492144,1,Indonesia,United Kingdom,1,0
Indonesia--United Kingdom#rti,Indonesia--United Kingdom,rti,2,United Kingdom,United Kingdom,0.355643,0.570016,1,Indonesia,United Kingdom,1,0
Indonesia--United States#rti,Indonesia--United States,rti,1,Indonesia,Indonesia,0.369414,0.492144,1,Indonesia,United States,1,0
Indonesia--United States#rti,Indonesia--United States,rti,2,United States,United States,0.440022,0.576858,1,Indonesia,United States,1,0
Kenya--Netherlands#rti,Kenya--Netherlands,rti,1,Kenya,Kenya,0.39613,0.758485,1,Kenya,Netherlands,1,0
Kenya--Netherlands#rti,Kenya--Netherlands,rti,2,Netherlands,Netherlands,0.442831,0.641991,1,Kenya,Netherlands,1,0
Kenya--New Zealand#rti,Kenya--New Zealand,rti,1,Kenya,Kenya,0.39613,0.758485,1,Kenya,New Zealand,1,0
Kenya--New Zealand#rti,Kenya--New Zealand,rti,2,New Zealand,New Zealand,0.267102,0.517173,1,Kenya,New Zealand,1,0
Kenya--Singapore#rti,Kenya--Singapore,rti,1,Kenya,Kenya,0.39613,0.758485,1,Kenya,Singapore,1,1
Kenya--Singapore#rti,Kenya--Singapore,rti,2,Singapore,Singapore,0.429978,0.539306,1,Kenya,Singapore,1,1
Kenya--Thailand#rti,Kenya--Thailand,rti,1,Kenya,Kenya,0.39613,0.758485,1,Kenya,Thailand,1,0
Kenya--Thailand#rti,Kenya--Thailand,rti,2,Thailand,Thailand,0.336992,0.46232,1,Kenya,Thailand,1,0
Kenya--Tunisia#rti,Kenya--Tunisia,rti,1,Kenya,Kenya,0.39613,0.758485,1,Kenya,Tunisia,1,0
Kenya--Tunisia#rti,Kenya--Tunisia,rti,2,Tunisia,Tunisia,0.18816,0.697743,1,Kenya,Tunisia,1,0
Kenya--United Kingdom#rti,Kenya--United Kingdom,rti,1,Kenya,Kenya,0.39613,0.758485,1,Kenya,United Kingdom,1,0
Kenya--United Kingdom#rti,Kenya--United Kingdom,rti,2,United Kingdom,United Kingdom,0.355643,0.570016,1,Kenya,United Kingdom,1,0
Kenya--United States#rti,Kenya--United States,rti,1,Kenya,Kenya,0.39613,0.758485,1,Kenya,United States,1,0
Kenya--United States#rti,Kenya--United States,rti,2,United States,United States,0.440022,0.576858,1,Kenya,United States,1,0
Netherlands--Thailand#rti,Netherlands--Thailand,rti,1,Netherlands,Netherlands,0.442831,0.641991,1,Netherlands,Thailand,1,0
Netherlands--Thailand#rti,Netherlands--Thailand,rti,2,Thailand,Thailand,0.336992,0.46232,1,Netherlands,Thailand,1,0
Netherlands--Tunisia#rti,Netherlands--Tunisia,rti,1,Netherlands,Netherlands,0.442831,0.641991,1,Netherlands,Tunisia,1,0
Netherlands--Tunisia#rti,Netherlands--Tunisia,rti,2,Tunisia,Tunisia,0.18816,0.697743,1,Netherlands,Tunisia,1,0
Netherlands--United States#rti,Netherlands--United States,rti,1,Netherlands,Netherlands,0.442831,0.641991,1,Netherlands,United States,1,0
Netherlands--United States#rti,Netherlands--United States,rti,2,United States,United States,0.440022,0.576858,1,Netherlands,United States,1,0
New Zealand--Thailand#rti,New Zealand--Thailand,rti,1,New Zealand,New Zealand,0.267102,0.517173,1,New Zealand,Thailand,1,0
New Zealand--Thailand#rti,New Zealand--Thailand,rti,2,Thailand,Thailand,0.336992,0.46232,1,New Zealand,Thailand,1,0
New Zealand--Tunisia#rti,New Zealand--Tunisia,rti,1,New Zealand,New Zealand,0.267102,0.517173,1,New Zealand,Tunisia,1,0
New Zealand--Tunisia#rti,New Zealand--Tunisia,rti,2,Tunisia,Tunisia,0.18816,0.697743,1,New Zealand,Tunisia,1,0
Singapore--Tunisia#rti,Singapore--Tunisia,rti,1,Singapore,Singapore,0.429978,0.539306,1,Singapore,Tunisia,1,1
Singapore--Tunisia#rti,Singapore--Tunisia,rti,2,Tunisia,Tunisia,0.18816,0.697743,1,Singapore,Tunisia,1,1
Thailand--Tunisia#rti,Thailand--Tunisia,rti,1,Thailand,Thailand,0.336992,0.46232,1,Thailand,Tunisia,1,0
Thailand--Tunisia#rti,Thailand--Tunisia,rti,2,Tunisia,Tunisia,0.18816,0.697743,1,Thailand,Tunisia,1,0
Tunisia--United Kingdom#rti,Tunisia--United Kingdom,rti,1,Tunisia,Tunisia,0.18816,0.697743,1,Tunisia,United Kingdom,1,0
Tunisia--United Kingdom#rti,Tunisia--United Kingdom,rti,2,United Kingdom,United Kingdom,0.355643,0.570016,1,Tunisia,United Kingdom,1,0
Tunisia--United States#rti,Tunisia--United States,rti,1,Tunisia,Tunisia,0.18816,0.697743,1,Tunisia,United States,1,0
Tunisia--United States#rti,Tunisia--United States,rti,2,United States,United States,0.440022,0.576858,1,Tunisia,United States,1,0
Thailand--United Kingdom#sti,Thailand--United Kingdom,sti,1,Thailand,Thailand,0.336992,0.46232,1,Thailand,United Kingdom,1,0
Thailand--United Kingdom#sti,Thailand--United Kingdom,sti,2,United Kingdom,United Kingdom,0.355643,0.570016,1,Thailand,United Kingdom,1,0
Australia--Brazil#amr_hai,Australia--Brazil,amr_hai,1,Australia,Australia,0.390756,0.648197,1,Australia,Brazil,1,0
Australia--Brazil#amr_hai,Australia--Brazil,amr_hai,2,Brazil,Brazil,0.412471,0.61443,1,Australia,Brazil,1,0
Australia--Denmark#amr_hai,Australia--Denmark,amr_hai,1,Australia,Australia,0.390756,0.648197,1,Australia,Denmark,1,0
Australia--Denmark#amr_hai,Australia--Denmark,amr_hai,2,Denmark,Denmark,0.44304,0.500047,1,Australia,Denmark,1,0
Australia--Malaysia#amr_hai,Australia--Malaysia,amr_hai,1,Australia,Australia,0.390756,0.648197,1,Australia,Malaysia,1,0
Australia--Malaysia#amr_hai,Australia--Malaysia,amr_hai,2,Malaysia,Malaysia,0.277414,0.425437,1,Australia,Malaysia,1,0
Brazil--Denmark#amr_hai,Brazil--Denmark,amr_hai,1,Brazil,Brazil,0.412471,0.61443,1,Brazil,Denmark,1,0
Brazil--Denmark#amr_hai,Brazil--Denmark,amr_hai,2,Denmark,Denmark,0.44304,0.500047,1,Brazil,Denmark,1,0
Brazil--France#amr_hai,Brazil--France,amr_hai,1,Brazil,Brazil,0.412471,0.61443,1,Brazil,France,1,0
Brazil--France#amr_hai,Brazil--France,amr_hai,2,France,France,0.37365,0.542016,1,Brazil,France,1,0
Brazil--Italy#amr_hai,Brazil--Italy,amr_hai,1,Brazil,Brazil,0.412471,0.61443,1,Brazil,Italy,1,0
Brazil--Italy#amr_hai,Brazil--Italy,amr_hai,2,Italy,Italy,0.491029,0.507028,1,Brazil,Italy,1,0
Brazil--Malaysia#amr_hai,Brazil--Malaysia,amr_hai,1,Brazil,Brazil,0.412471,0.61443,1,Brazil,Malaysia,1,0
Brazil--Malaysia#amr_hai,Brazil--Malaysia,amr_hai,2,Malaysia,Malaysia,0.277414,0.425437,1,Brazil,Malaysia,1,0
Brazil--Singapore#amr_hai,Brazil--Singapore,amr_hai,1,Brazil,Brazil,0.412471,0.61443,1,Brazil,Singapore,1,1
Brazil--Singapore#amr_hai,Brazil--Singapore,amr_hai,2,Singapore,Singapore,0.429978,0.539306,1,Brazil,Singapore,1,1
Brazil--Thailand#amr_hai,Brazil--Thailand,amr_hai,1,Brazil,Brazil,0.412471,0.61443,1,Brazil,Thailand,1,0
Brazil--Thailand#amr_hai,Brazil--Thailand,amr_hai,2,Thailand,Thailand,0.336992,0.46232,1,Brazil,Thailand,1,0
Brazil--United Kingdom#amr_hai,Brazil--United Kingdom,amr_hai,1,Brazil,Brazil,0.412471,0.61443,1,Brazil,United Kingdom,1,0
Brazil--United Kingdom#amr_hai,Brazil--United Kingdom,amr_hai,2,United Kingdom,United Kingdom,0.355643,0.570016,1,Brazil,United Kingdom,1,0
Brazil--Viet Nam#amr_hai,Brazil--Viet Nam,amr_hai,1,Brazil,Brazil,0.412471,0.61443,1,Brazil,Viet Nam,1,0
Brazil--Viet Nam#amr_hai,Brazil--Viet Nam,amr_hai,2,Viet Nam,Viet Nam,0.306341,0.520662,1,Brazil,Viet Nam,1,0
Denmark--France#amr_hai,Denmark--France,amr_hai,1,Denmark,Denmark,0.44304,0.500047,1,Denmark,France,1,0
Denmark--France#amr_hai,Denmark--France,amr_hai,2,France,France,0.37365,0.542016,1,Denmark,France,1,0
Denmark--Italy#amr_hai,Denmark--Italy,amr_hai,1,Denmark,Denmark,0.44304,0.500047,1,Denmark,Italy,1,0
Denmark--Italy#amr_hai,Denmark--Italy,amr_hai,2,Italy,Italy,0.491029,0.507028,1,Denmark,Italy,1,0
Denmark--Malaysia#amr_hai,Denmark--Malaysia,amr_hai,1,Denmark,Denmark,0.44304,0.500047,1,Denmark,Malaysia,1,0
Denmark--Malaysia#amr_hai,Denmark--Malaysia,amr_hai,2,Malaysia,Malaysia,0.277414,0.425437,1,Denmark,Malaysia,1,0
Denmark--Singapore#amr_hai,Denmark--Singapore,amr_hai,1,Denmark,Denmark,0.44304,0.500047,1,Denmark,Singapore,1,1
Denmark--Singapore#amr_hai,Denmark--Singapore,amr_hai,2,Singapore,Singapore,0.429978,0.539306,1,Denmark,Singapore,1,1
Denmark--Thailand#amr_hai,Denmark--Thailand,amr_hai,1,Denmark,Denmark,0.44304,0.500047,1,Denmark,Thailand,1,0
Denmark--Thailand#amr_hai,Denmark--Thailand,amr_hai,2,Thailand,Thailand,0.336992,0.46232,1,Denmark,Thailand,1,0
Denmark--United Kingdom#amr_hai,Denmark--United Kingdom,amr_hai,1,Denmark,Denmark,0.44304,0.500047,1,Denmark,United Kingdom,1,0
Denmark--United Kingdom#amr_hai,Denmark--United Kingdom,amr_hai,2,United Kingdom,United Kingdom,0.355643,0.570016,1,Denmark,United Kingdom,1,0
Denmark--Viet Nam#amr_hai,Denmark--Viet Nam,amr_hai,1,Denmark,Denmark,0.44304,0.500047,1,Denmark,Viet Nam,1,0
Denmark--Viet Nam#amr_hai,Denmark--Viet Nam,amr_hai,2,Viet Nam,Viet Nam,0.306341,0.520662,1,Denmark,Viet Nam,1,0
France--Malaysia#amr_hai,France--Malaysia,amr_hai,1,France,France,0.37365,0.542016,1,France,Malaysia,1,0
France--Malaysia#amr_hai,France--Malaysia,amr_hai,2,Malaysia,Malaysia,0.277414,0.425437,1,France,Malaysia,1,0
France--Thailand#amr_hai,France--Thailand,amr_hai,1,France,France,0.37365,0.542016,1,France,Thailand,1,0
France--Thailand#amr_hai,France--Thailand,amr_hai,2,Thailand,Thailand,0.336992,0.46232,1,France,Thailand,1,0
France--Viet Nam#amr_hai,France--Viet Nam,amr_hai,1,France,France,0.37365,0.542016,1,France,Viet Nam,1,0
France--Viet Nam#amr_hai,France--Viet Nam,amr_hai,2,Viet Nam,Viet Nam,0.306341,0.520662,1,France,Viet Nam,1,0
Italy--Malaysia#amr_hai,Italy--Malaysia,amr_hai,1,Italy,Italy,0.491029,0.507028,1,Italy,Malaysia,1,0
Italy--Malaysia#amr_hai,Italy--Malaysia,amr_hai,2,Malaysia,Malaysia,0.277414,0.425437,1,Italy,Malaysia,1,0
Italy--Thailand#amr_hai,Italy--Thailand,amr_hai,1,Italy,Italy,0.491029,0.507028,1,Italy,Thailand,1,0
Italy--Thailand#amr_hai,Italy--Thailand,amr_hai,2,Thailand,Thailand,0.336992,0.46232,1,Italy,Thailand,1,0
Italy--Viet Nam#amr_hai,Italy--Viet Nam,amr_hai,1,Italy,Italy,0.491029,0.507028,1,Italy,Viet Nam,1,0
Italy--Viet Nam#amr_hai,Italy--Viet Nam,amr_hai,2,Viet Nam,Viet Nam,0.306341,0.520662,1,Italy,Viet Nam,1,0
France--South Africa#vector_borne,France--South Africa,vector_borne,1,France,France,0.37365,0.542016,1,France,South Africa,1,0
France--South Africa#vector_borne,France--South Africa,vector_borne,2,South Africa,South Africa,0.354082,0.657729,1,France,South Africa,1,0
China--Saudi Arabia#other_id,China--Saudi Arabia,other_id,1,China,China,0.331977,0.597918,1,China,Saudi Arabia,1,0
China--Saudi Arabia#other_id,China--Saudi Arabia,other_id,2,Saudi Arabia,Saudi Arabia,0.301902,0.78104,1,China,Saudi Arabia,1,0
China--South Africa#other_id,China--South Africa,other_id,1,China,China,0.331977,0.597918,1,China,South Africa,1,0
China--South Africa#other_id,China--South Africa,other_id,2,South Africa,South Africa,0.354082,0.657729,1,China,South Africa,1,0
Saudi Arabia--Singapore#other_id,Saudi Arabia--Singapore,other_id,1,Saudi Arabia,Saudi Arabia,0.301902,0.78104,1,Saudi Arabia,Singapore,1,1
Saudi Arabia--Singapore#other_id,Saudi Arabia--Singapore,other_id,2,Singapore,Singapore,0.429978,0.539306,1,Saudi Arabia,Singapore,1,1
Saudi Arabia--South Africa#other_id,Saudi Arabia--South Africa,other_id,1,Saudi Arabia,Saudi Arabia,0.301902,0.78104,1,Saudi Arabia,South Africa,1,0
Saudi Arabia--South Africa#other_id,Saudi Arabia--South Africa,other_id,2,South Africa,South Africa,0.354082,0.657729,1,Saudi Arabia,South Africa,1,0
Singapore--South Africa#other_id,Singapore--South Africa,other_id,1,Singapore,Singapore,0.429978,0.539306,1,Singapore,South Africa,1,1
Singapore--South Africa#other_id,Singapore--South Africa,other_id,2,South Africa,South Africa,0.354082,0.657729,1,Singapore,South Africa,1,1
Poland--Singapore#other_id,Poland--Singapore,other_id,1,Poland,Poland,0.501425,0.220652,1,Poland,Singapore,1,1
Poland--Singapore#other_id,Poland--Singapore,other_id,2,Singapore,Singapore,0.429978,0.539306,1,Poland,Singapore,1,1
Poland--Switzerland#other_id,Poland--Switzerland,other_id,1,Poland,Poland,0.501425,0.220652,1,Poland,Switzerland,1,0
Poland--Switzerland#other_id,Poland--Switzerland,other_id,2,Switzerland,Switzerland,0.407049,0.531378,1,Poland,Switzerland,1,0
Poland--United States#other_id,Poland--United States,other_id,1,Poland,Poland,0.501425,0.220652,1,Poland,United States,1,0
Poland--United States#other_id,Poland--United States,other_id,2,United States,United States,0.440022,0.576858,1,Poland,United States,1,0
France--Japan#vector_borne,France--Japan,vector_borne,1,France,France,0.37365,0.542016,1,France,Japan,1,0
France--Japan#vector_borne,France--Japan,vector_borne,2,Japan,Japan,0.302497,0.608095,1,France,Japan,1,0
France--New Zealand#vector_borne,France--New Zealand,vector_borne,1,France,France,0.37365,0.542016,1,France,New Zealand,1,0
France--New Zealand#vector_borne,France--New Zealand,vector_borne,2,New Zealand,New Zealand,0.267102,0.517173,1,France,New Zealand,1,0
Japan--New Zealand#vector_borne,Japan--New Zealand,vector_borne,1,Japan,Japan,0.302497,0.608095,1,Japan,New Zealand,1,0
Japan--New Zealand#vector_borne,Japan--New Zealand,vector_borne,2,New Zealand,New Zealand,0.267102,0.517173,1,Japan,New Zealand,1,0
Japan--Thailand#vector_borne,Japan--Thailand,vector_borne,1,Japan,Japan,0.302497,0.608095,1,Japan,Thailand,1,0
Japan--Thailand#vector_borne,Japan--Thailand,vector_borne,2,Thailand,Thailand,0.336992,0.46232,1,Japan,Thailand,1,0
New Zealand--United States#vector_borne,New Zealand--United States,vector_borne,1,New Zealand,New Zealand,0.267102,0.517173,1,New Zealand,United States,1,0
New Zealand--United States#vector_borne,New Zealand--United States,vector_borne,2,United States,United States,0.440022,0.576858,1,New Zealand,United States,1,0
Australia--Egypt#tb,Australia--Egypt,tb,1,Australia,Australia,0.390756,0.648197,1,Australia,Egypt,1,0
Australia--Egypt#tb,Australia--Egypt,tb,2,Egypt,Egypt,0.633485,0.596221,1,Australia,Egypt,1,0
Australia--Indonesia#tb,Australia--Indonesia,tb,1,Australia,Australia,0.390756,0.648197,1,Australia,Indonesia,1,0
Australia--Indonesia#tb,Australia--Indonesia,tb,2,Indonesia,Indonesia,0.369414,0.492144,1,Australia,Indonesia,1,0
Australia--Italy#tb,Australia--Italy,tb,1,Australia,Australia,0.390756,0.648197,1,Australia,Italy,1,0
Australia--Italy#tb,Australia--Italy,tb,2,Italy,Italy,0.491029,0.507028,1,Australia,Italy,1,0
Australia--United Arab Emirates#tb,Australia--United Arab Emirates,tb,1,Australia,Australia,0.390756,0.648197,1,Australia,United Arab Emirates,1,0
Australia--United Arab Emirates#tb,Australia--United Arab Emirates,tb,2,United Arab Emirates,United Arab Emirates,0.640317,0.658054,1,Australia,United Arab Emirates,1,0
Belgium--Egypt#tb,Belgium--Egypt,tb,1,Belgium,Belgium,0.487025,0.572301,1,Belgium,Egypt,1,0
Belgium--Egypt#tb,Belgium--Egypt,tb,2,Egypt,Egypt,0.633485,0.596221,1,Belgium,Egypt,1,0
Belgium--United Arab Emirates#tb,Belgium--United Arab Emirates,tb,1,Belgium,Belgium,0.487025,0.572301,1,Belgium,United Arab Emirates,1,0
Belgium--United Arab Emirates#tb,Belgium--United Arab Emirates,tb,2,United Arab Emirates,United Arab Emirates,0.640317,0.658054,1,Belgium,United Arab Emirates,1,0
Egypt--India#tb,Egypt--India,tb,1,Egypt,Egypt,0.633485,0.596221,1,Egypt,India,1,0
Egypt--India#tb,Egypt--India,tb,2,India,India,0.397173,0.572838,1,Egypt,India,1,0
Egypt--Indonesia#tb,Egypt--Indonesia,tb,1,Egypt,Egypt,0.633485,0.596221,1,Egypt,Indonesia,1,0
Egypt--Indonesia#tb,Egypt--Indonesia,tb,2,Indonesia,Indonesia,0.369414,0.492144,1,Egypt,Indonesia,1,0
Egypt--Italy#tb,Egypt--Italy,tb,1,Egypt,Egypt,0.633485,0.596221,1,Egypt,Italy,1,0
Egypt--Italy#tb,Egypt--Italy,tb,2,Italy,Italy,0.491029,0.507028,1,Egypt,Italy,1,0
Egypt--Netherlands#tb,Egypt--Netherlands,tb,1,Egypt,Egypt,0.633485,0.596221,1,Egypt,Netherlands,1,0
Egypt--Netherlands#tb,Egypt--Netherlands,tb,2,Netherlands,Netherlands,0.442831,0.641991,1,Egypt,Netherlands,1,0
Egypt--Singapore#tb,Egypt--Singapore,tb,1,Egypt,Egypt,0.633485,0.596221,1,Egypt,Singapore,1,1
Egypt--Singapore#tb,Egypt--Singapore,tb,2,Singapore,Singapore,0.429978,0.539306,1,Egypt,Singapore,1,1
Egypt--Switzerland#tb,Egypt--Switzerland,tb,1,Egypt,Egypt,0.633485,0.596221,1,Egypt,Switzerland,1,0
Egypt--Switzerland#tb,Egypt--Switzerland,tb,2,Switzerland,Switzerland,0.407049,0.531378,1,Egypt,Switzerland,1,0
Egypt--United Arab Emirates#tb,Egypt--United Arab Emirates,tb,1,Egypt,Egypt,0.633485,0.596221,1,Egypt,United Arab Emirates,1,0
Egypt--United Arab Emirates#tb,Egypt--United Arab Emirates,tb,2,United Arab Emirates,United Arab Emirates,0.640317,0.658054,1,Egypt,United Arab Emirates,1,0
Egypt--United States#tb,Egypt--United States,tb,1,Egypt,Egypt,0.633485,0.596221,1,Egypt,United States,1,0
Egypt--United States#tb,Egypt--United States,tb,2,United States,United States,0.440022,0.576858,1,Egypt,United States,1,0
India--United Arab Emirates#tb,India--United Arab Emirates,tb,1,India,India,0.397173,0.572838,1,India,United Arab Emirates,1,0
India--United Arab Emirates#tb,India--United Arab Emirates,tb,2,United Arab Emirates,United Arab Emirates,0.640317,0.658054,1,India,United Arab Emirates,1,0
Indonesia--United Arab Emirates#tb,Indonesia--United Arab Emirates,tb,1,Indonesia,Indonesia,0.369414,0.492144,1,Indonesia,United Arab Emirates,1,0
Indonesia--United Arab Emirates#tb,Indonesia--United Arab Emirates,tb,2,United Arab Emirates,United Arab Emirates,0.640317,0.658054,1,Indonesia,United Arab Emirates,1,0
Italy--United Arab Emirates#tb,Italy--United Arab Emirates,tb,1,Italy,Italy,0.491029,0.507028,1,Italy,United Arab Emirates,1,0
Italy--United Arab Emirates#tb,Italy--United Arab Emirates,tb,2,United Arab Emirates,United Arab Emirates,0.640317,0.658054,1,Italy,United Arab Emirates,1,0
Netherlands--United Arab Emirates#tb,Netherlands--United Arab Emirates,tb,1,Netherlands,Netherlands,0.442831,0.641991,1,Netherlands,United Arab Emirates,1,0
Netherlands--United Arab Emirates#tb,Netherlands--United Arab Emirates,tb,2,United Arab Emirates,United Arab Emirates,0.640317,0.658054,1,Netherlands,United Arab Emirates,1,0
Singapore--United Arab Emirates#tb,Singapore--United Arab Emirates,tb,1,Singapore,Singapore,0.429978,0.539306,1,Singapore,United Arab Emirates,1,1
Singapore--United Arab Emirates#tb,Singapore--United Arab Emirates,tb,2,United Arab Emirates,United Arab Emirates,0.640317,0.658054,1,Singapore,United Arab Emirates,1,1
Switzerland--United Arab Emirates#tb,Switzerland--United Arab Emirates,tb,1,Switzerland,Switzerland,0.407049,0.531378,1,Switzerland,United Arab Emirates,1,0
Switzerland--United Arab Emirates#tb,Switzerland--United Arab Emirates,tb,2,United Arab Emirates,United Arab Emirates,0.640317,0.658054,1,Switzerland,United Arab Emirates,1,0
United Arab Emirates--United States#tb,United Arab Emirates--United States,tb,1,United Arab Emirates,United Arab Emirates,0.640317,0.658054,1,United Arab Emirates,United States,1,0
United Arab Emirates--United States#tb,United Arab Emirates--United States,tb,2,United States,United States,0.440022,0.576858,1,United Arab Emirates,United States,1,0
Saudi Arabia--Singapore#amr_hai,Saudi Arabia--Singapore,amr_hai,1,Saudi Arabia,Saudi Arabia,0.301902,0.78104,1,Saudi Arabia,Singapore,1,1
Saudi Arabia--Singapore#amr_hai,Saudi Arabia--Singapore,amr_hai,2,Singapore,Singapore,0.429978,0.539306,1,Saudi Arabia,Singapore,1,1
Saudi Arabia--United Kingdom#amr_hai,Saudi Arabia--United Kingdom,amr_hai,1,Saudi Arabia,Saudi Arabia,0.301902,0.78104,1,Saudi Arabia,United Kingdom,1,0
Saudi Arabia--United Kingdom#amr_hai,Saudi Arabia--United Kingdom,amr_hai,2,United Kingdom,United Kingdom,0.355643,0.570016,1,Saudi Arabia,United Kingdom,1,0
Hong Kong SAR--Singapore#tb,Hong Kong SAR--Singapore,tb,1,Hong Kong SAR,Hong Kong SAR,0.172647,0.597281,1,Hong Kong SAR,Singapore,1,1
Hong Kong SAR--Singapore#tb,Hong Kong SAR--Singapore,tb,2,Singapore,Singapore,0.429978,0.539306,1,Hong Kong SAR,Singapore,1,1
Hong Kong SAR--United Kingdom#tb,Hong Kong SAR--United Kingdom,tb,1,Hong Kong SAR,Hong Kong SAR,0.172647,0.597281,1,Hong Kong SAR,United Kingdom,1,0
Hong Kong SAR--United Kingdom#tb,Hong Kong SAR--United Kingdom,tb,2,United Kingdom,United Kingdom,0.355643,0.570016,1,Hong Kong SAR,United Kingdom,1,0
Ethiopia--Malaysia#vector_borne,Ethiopia--Malaysia,vector_borne,1,Ethiopia,Ethiopia,0.413066,0.448775,1,Ethiopia,Malaysia,1,0
Ethiopia--Malaysia#vector_borne,Ethiopia--Malaysia,vector_borne,2,Malaysia,Malaysia,0.277414,0.425437,1,Ethiopia,Malaysia,1,0
Ethiopia--Philippines#vector_borne,Ethiopia--Philippines,vector_borne,1,Ethiopia,Ethiopia,0.413066,0.448775,1,Ethiopia,Philippines,1,0
Ethiopia--Philippines#vector_borne,Ethiopia--Philippines,vector_borne,2,Philippines,Philippines,0.403578,0.405159,1,Ethiopia,Philippines,1,0
Ethiopia--Singapore#vector_borne,Ethiopia--Singapore,vector_borne,1,Ethiopia,Ethiopia,0.413066,0.448775,1,Ethiopia,Singapore,1,1
Ethiopia--Singapore#vector_borne,Ethiopia--Singapore,vector_borne,2,Singapore,Singapore,0.429978,0.539306,1,Ethiopia,Singapore,1,1
Ethiopia--Thailand#vector_borne,Ethiopia--Thailand,vector_borne,1,Ethiopia,Ethiopia,0.413066,0.448775,1,Ethiopia,Thailand,1,0
Ethiopia--Thailand#vector_borne,Ethiopia--Thailand,vector_borne,2,Thailand,Thailand,0.336992,0.46232,1,Ethiopia,Thailand,1,0
Malaysia--Philippines#vector_borne,Malaysia--Philippines,vector_borne,1,Malaysia,Malaysia,0.277414,0.425437,1,Malaysia,Philippines,1,0
Malaysia--Philippines#vector_borne,Malaysia--Philippines,vector_borne,2,Philippines,Philippines,0.403578,0.405159,1,Malaysia,Philippines,1,0
Singapore--Taiwan#vector_borne,Singapore--Taiwan,vector_borne,1,Singapore,Singapore,0.429978,0.539306,1,Singapore,Taiwan,1,1
Singapore--Taiwan#vector_borne,Singapore--Taiwan,vector_borne,2,Taiwan,Taiwan,0.310266,0.423686,1,Singapore,Taiwan,1,1
Hong Kong SAR--United Kingdom#sti,Hong Kong SAR--United Kingdom,sti,1,Hong Kong SAR,Hong Kong SAR,0.172647,0.597281,1,Hong Kong SAR,United Kingdom,1,0
Hong Kong SAR--United Kingdom#sti,Hong Kong SAR--United Kingdom,sti,2,United Kingdom,United Kingdom,0.355643,0.570016,1,Hong Kong SAR,United Kingdom,1,0
Republic of Korea--United Kingdom#sti,Republic of Korea--United Kingdom,sti,1,Republic of Korea,Republic of Korea,0.226785,0.465839,1,Republic of Korea,United Kingdom,1,0
Republic of Korea--United Kingdom#sti,Republic of Korea--United Kingdom,sti,2,United Kingdom,United Kingdom,0.355643,0.570016,1,Republic of Korea,United Kingdom,1,0
Taiwan--United Kingdom#sti,Taiwan--United Kingdom,sti,1,Taiwan,Taiwan,0.310266,0.423686,1,Taiwan,United Kingdom,1,0
Taiwan--United Kingdom#sti,Taiwan--United Kingdom,sti,2,United Kingdom,United Kingdom,0.355643,0.570016,1,Taiwan,United Kingdom,1,0
Australia--New Zealand#tb,Australia--New Zealand,tb,1,Australia,Australia,0.390756,0.648197,1,Australia,New Zealand,1,0
Australia--New Zealand#tb,Australia--New Zealand,tb,2,New Zealand,New Zealand,0.267102,0.517173,1,Australia,New Zealand,1,0
Nepal--New Zealand#tb,Nepal--New Zealand,tb,1,Nepal,Nepal,0.224864,0.407765,1,Nepal,New Zealand,1,0
Nepal--New Zealand#tb,Nepal--New Zealand,tb,2,New Zealand,New Zealand,0.267102,0.517173,1,Nepal,New Zealand,1,0
New Zealand--Singapore#tb,New Zealand--Singapore,tb,1,New Zealand,New Zealand,0.267102,0.517173,1,New Zealand,Singapore,1,1
New Zealand--Singapore#tb,New Zealand--Singapore,tb,2,Singapore,Singapore,0.429978,0.539306,1,New Zealand,Singapore,1,1
New Zealand--United Kingdom#tb,New Zealand--United Kingdom,tb,1,New Zealand,New Zealand,0.267102,0.517173,1,New Zealand,United Kingdom,1,0
New Zealand--United Kingdom#tb,New Zealand--United Kingdom,tb,2,United Kingdom,United Kingdom,0.355643,0.570016,1,New Zealand,United Kingdom,1,0
New Zealand--United States#tb,New Zealand--United States,tb,1,New Zealand,New Zealand,0.267102,0.517173,1,New Zealand,United States,1,0
New Zealand--United States#tb,New Zealand--United States,tb,2,United States,United States,0.440022,0.576858,1,New Zealand,United States,1,0
New Zealand--Viet Nam#tb,New Zealand--Viet Nam,tb,1,New Zealand,New Zealand,0.267102,0.517173,1,New Zealand,Viet Nam,1,0
New Zealand--Viet Nam#tb,New Zealand--Viet Nam,tb,2,Viet Nam,Viet Nam,0.306341,0.520662,1,New Zealand,Viet Nam,1,0
Lebanon--Singapore#amr_hai,Lebanon--Singapore,amr_hai,1,Lebanon,Lebanon,0.412955,0.815087,1,Lebanon,Singapore,1,1
Lebanon--Singapore#amr_hai,Lebanon--Singapore,amr_hai,2,Singapore,Singapore,0.429978,0.539306,1,Lebanon,Singapore,1,1
Lebanon--United States#amr_hai,Lebanon--United States,amr_hai,1,Lebanon,Lebanon,0.412955,0.815087,1,Lebanon,United States,1,0
Lebanon--United States#amr_hai,Lebanon--United States,amr_hai,2,United States,United States,0.440022,0.576858,1,Lebanon,United States,1,0
Estonia--Singapore#vector_borne,Estonia--Singapore,vector_borne,1,Estonia,Estonia,1.0,0.63969,1,Estonia,Singapore,1,1
Estonia--Singapore#vector_borne,Estonia--Singapore,vector_borne,2,Singapore,Singapore,0.429978,0.539306,1,Estonia,Singapore,1,1
Australia--Finland#rti,Australia--Finland,rti,1,Australia,Australia,0.390756,0.648197,1,Australia,Finland,1,0
Australia--Finland#rti,Australia--Finland,rti,2,Finland,Finland,0.246851,0.866183,1,Australia,Finland,1,0
Australia--Hong Kong SAR#rti,Australia--Hong Kong SAR,rti,1,Australia,Australia,0.390756,0.648197,1,Australia,Hong Kong SAR,1,0
Australia--Hong Kong SAR#rti,Australia--Hong Kong SAR,rti,2,Hong Kong SAR,Hong Kong SAR,0.172647,0.597281,1,Australia,Hong Kong SAR,1,0
China--Finland#rti,China--Finland,rti,1,China,China,0.331977,0.597918,1,China,Finland,1,0
China--Finland#rti,China--Finland,rti,2,Finland,Finland,0.246851,0.866183,1,China,Finland,1,0
Finland--Hong Kong SAR#rti,Finland--Hong Kong SAR,rti,1,Finland,Finland,0.246851,0.866183,1,Finland,Hong Kong SAR,1,0
Finland--Hong Kong SAR#rti,Finland--Hong Kong SAR,rti,2,Hong Kong SAR,Hong Kong SAR,0.172647,0.597281,1,Finland,Hong Kong SAR,1,0
Finland--Singapore#rti,Finland--Singapore,rti,1,Finland,Finland,0.246851,0.866183,1,Finland,Singapore,1,1
Finland--Singapore#rti,Finland--Singapore,rti,2,Singapore,Singapore,0.429978,0.539306,1,Finland,Singapore,1,1
Finland--United States#rti,Finland--United States,rti,1,Finland,Finland,0.246851,0.866183,1,Finland,United States,1,0
Finland--United States#rti,Finland--United States,rti,2,United States,United States,0.440022,0.576858,1,Finland,United States,1,0
Nepal--Viet Nam#other_id,Nepal--Viet Nam,other_id,1,Nepal,Nepal,0.224864,0.407765,1,Nepal,Viet Nam,1,0
Nepal--Viet Nam#other_id,Nepal--Viet Nam,other_id,2,Viet Nam,Viet Nam,0.306341,0.520662,1,Nepal,Viet Nam,1,0
Singapore--Viet Nam#other_id,Singapore--Viet Nam,other_id,1,Singapore,Singapore,0.429978,0.539306,1,Singapore,Viet Nam,1,1
Singapore--Viet Nam#other_id,Singapore--Viet Nam,other_id,2,Viet Nam,Viet Nam,0.306341,0.520662,1,Singapore,Viet Nam,1,1
United Kingdom--Viet Nam#other_id,United Kingdom--Viet Nam,other_id,1,United Kingdom,United Kingdom,0.355643,0.570016,1,United Kingdom,Viet Nam,1,0
United Kingdom--Viet Nam#other_id,United Kingdom--Viet Nam,other_id,2,Viet Nam,Viet Nam,0.306341,0.520662,1,United Kingdom,Viet Nam,1,0
France--Lao PDR#vector_borne,France--Lao PDR,vector_borne,1,France,France,0.37365,0.542016,1,France,Lao PDR,1,0
France--Lao PDR#vector_borne,France--Lao PDR,vector_borne,2,Lao PDR,Lao PDR,0.086181,0.491573,1,France,Lao PDR,1,0
Lao PDR--Singapore#vector_borne,Lao PDR--Singapore,vector_borne,1,Lao PDR,Lao PDR,0.086181,0.491573,1,Lao PDR,Singapore,1,1
Lao PDR--Singapore#vector_borne,Lao PDR--Singapore,vector_borne,2,Singapore,Singapore,0.429978,0.539306,1,Lao PDR,Singapore,1,1
Australia--Greece#vector_borne,Australia--Greece,vector_borne,1,Australia,Australia,0.390756,0.648197,1,Australia,Greece,1,0
Australia--Greece#vector_borne,Australia--Greece,vector_borne,2,Greece,Greece,0.58653,0.742108,1,Australia,Greece,1,0
Greece--Singapore#vector_borne,Greece--Singapore,vector_borne,1,Greece,Greece,0.58653,0.742108,1,Greece,Singapore,1,1
Greece--Singapore#vector_borne,Greece--Singapore,vector_borne,2,Singapore,Singapore,0.429978,0.539306,1,Greece,Singapore,1,1
Germany--Netherlands#tb,Germany--Netherlands,tb,1,Germany,Germany,0.479367,0.620904,1,Germany,Netherlands,1,0
Germany--Netherlands#tb,Germany--Netherlands,tb,2,Netherlands,Netherlands,0.442831,0.641991,1,Germany,Netherlands,1,0
Germany--Uganda#tb,Germany--Uganda,tb,1,Germany,Germany,0.479367,0.620904,1,Germany,Uganda,1,0
Germany--Uganda#tb,Germany--Uganda,tb,2,Uganda,Uganda,0.542037,0.561668,1,Germany,Uganda,1,0
Netherlands--Uganda#tb,Netherlands--Uganda,tb,1,Netherlands,Netherlands,0.442831,0.641991,1,Netherlands,Uganda,1,0
Netherlands--Uganda#tb,Netherlands--Uganda,tb,2,Uganda,Uganda,0.542037,0.561668,1,Netherlands,Uganda,1,0
Germany--Japan#rti,Germany--Japan,rti,1,Germany,Germany,0.479367,0.620904,1,Germany,Japan,1,0
Germany--Japan#rti,Germany--Japan,rti,2,Japan,Japan,0.302497,0.608095,1,Germany,Japan,1,0
Belgium--France#amr_hai,Belgium--France,amr_hai,1,Belgium,Belgium,0.487025,0.572301,1,Belgium,France,1,0
Belgium--France#amr_hai,Belgium--France,amr_hai,2,France,France,0.37365,0.542016,1,Belgium,France,1,0
Belgium--India#amr_hai,Belgium--India,amr_hai,1,Belgium,Belgium,0.487025,0.572301,1,Belgium,India,1,0
Belgium--India#amr_hai,Belgium--India,amr_hai,2,India,India,0.397173,0.572838,1,Belgium,India,1,0
Belgium--Italy#amr_hai,Belgium--Italy,amr_hai,1,Belgium,Belgium,0.487025,0.572301,1,Belgium,Italy,1,0
Belgium--Italy#amr_hai,Belgium--Italy,amr_hai,2,Italy,Italy,0.491029,0.507028,1,Belgium,Italy,1,0
Belgium--Netherlands#amr_hai,Belgium--Netherlands,amr_hai,1,Belgium,Belgium,0.487025,0.572301,1,Belgium,Netherlands,1,0
Belgium--Netherlands#amr_hai,Belgium--Netherlands,amr_hai,2,Netherlands,Netherlands,0.442831,0.641991,1,Belgium,Netherlands,1,0
Belgium--Portugal#amr_hai,Belgium--Portugal,amr_hai,1,Belgium,Belgium,0.487025,0.572301,1,Belgium,Portugal,1,0
Belgium--Portugal#amr_hai,Belgium--Portugal,amr_hai,2,Portugal,Portugal,0.571774,0.657031,1,Belgium,Portugal,1,0
Belgium--Romania#amr_hai,Belgium--Romania,amr_hai,1,Belgium,Belgium,0.487025,0.572301,1,Belgium,Romania,1,0
Belgium--Romania#amr_hai,Belgium--Romania,amr_hai,2,Romania,Romania,0.664787,0.523625,1,Belgium,Romania,1,0
Belgium--Singapore#amr_hai,Belgium--Singapore,amr_hai,1,Belgium,Belgium,0.487025,0.572301,1,Belgium,Singapore,1,1
Belgium--Singapore#amr_hai,Belgium--Singapore,amr_hai,2,Singapore,Singapore,0.429978,0.539306,1,Belgium,Singapore,1,1
Belgium--Spain#amr_hai,Belgium--Spain,amr_hai,1,Belgium,Belgium,0.487025,0.572301,1,Belgium,Spain,1,0
Belgium--Spain#amr_hai,Belgium--Spain,amr_hai,2,Spain,Spain,0.55585,0.501818,1,Belgium,Spain,1,0
Belgium--United Kingdom#amr_hai,Belgium--United Kingdom,amr_hai,1,Belgium,Belgium,0.487025,0.572301,1,Belgium,United Kingdom,1,0
Belgium--United Kingdom#amr_hai,Belgium--United Kingdom,amr_hai,2,United Kingdom,United Kingdom,0.355643,0.570016,1,Belgium,United Kingdom,1,0
France--India#amr_hai,France--India,amr_hai,1,France,France,0.37365,0.542016,1,France,India,1,0
France--India#amr_hai,France--India,amr_hai,2,India,India,0.397173,0.572838,1,France,India,1,0
France--Romania#amr_hai,France--Romania,amr_hai,1,France,France,0.37365,0.542016,1,France,Romania,1,0
France--Romania#amr_hai,France--Romania,amr_hai,2,Romania,Romania,0.664787,0.523625,1,France,Romania,1,0
India--Italy#amr_hai,India--Italy,amr_hai,1,India,India,0.397173,0.572838,1,India,Italy,1,0
India--Italy#amr_hai,India--Italy,amr_hai,2,Italy,Italy,0.491029,0.507028,1,India,Italy,1,0
India--Portugal#amr_hai,India--Portugal,amr_hai,1,India,India,0.397173,0.572838,1,India,Portugal,1,0
India--Portugal#amr_hai,India--Portugal,amr_hai,2,Portugal,Portugal,0.571774,0.657031,1,India,Portugal,1,0
India--Romania#amr_hai,India--Romania,amr_hai,1,India,India,0.397173,0.572838,1,India,Romania,1,0
India--Romania#amr_hai,India--Romania,amr_hai,2,Romania,Romania,0.664787,0.523625,1,India,Romania,1,0
India--Spain#amr_hai,India--Spain,amr_hai,1,India,India,0.397173,0.572838,1,India,Spain,1,0
India--Spain#amr_hai,India--Spain,amr_hai,2,Spain,Spain,0.55585,0.501818,1,India,Spain,1,0
Italy--Netherlands#amr_hai,Italy--Netherlands,amr_hai,1,Italy,Italy,0.491029,0.507028,1,Italy,Netherlands,1,0
Italy--Netherlands#amr_hai,Italy--Netherlands,amr_hai,2,Netherlands,Netherlands,0.442831,0.641991,1,Italy,Netherlands,1,0
Italy--Romania#amr_hai,Italy--Romania,amr_hai,1,Italy,Italy,0.491029,0.507028,1,Italy,Romania,1,0
Italy--Romania#amr_hai,Italy--Romania,amr_hai,2,Romania,Romania,0.664787,0.523625,1,Italy,Romania,1,0
Netherlands--Portugal#amr_hai,Netherlands--Portugal,amr_hai,1,Netherlands,Netherlands,0.442831,0.641991,1,Netherlands,Portugal,1,0
Netherlands--Portugal#amr_hai,Netherlands--Portugal,amr_hai,2,Portugal,Portugal,0.571774,0.657031,1,Netherlands,Portugal,1,0
Netherlands--Romania#amr_hai,Netherlands--Romania,amr_hai,1,Netherlands,Netherlands,0.442831,0.641991,1,Netherlands,Romania,1,0
Netherlands--Romania#amr_hai,Netherlands--Romania,amr_hai,2,Romania,Romania,0.664787,0.523625,1,Netherlands,Romania,1,0
Netherlands--Spain#amr_hai,Netherlands--Spain,amr_hai,1,Netherlands,Netherlands,0.442831,0.641991,1,Netherlands,Spain,1,0
Netherlands--Spain#amr_hai,Netherlands--Spain,amr_hai,2,Spain,Spain,0.55585,0.501818,1,Netherlands,Spain,1,0
Portugal--Romania#amr_hai,Portugal--Romania,amr_hai,1,Portugal,Portugal,0.571774,0.657031,1,Portugal,Romania,1,0
Portugal--Romania#amr_hai,Portugal--Romania,amr_hai,2,Romania,Romania,0.664787,0.523625,1,Portugal,Romania,1,0
Romania--Singapore#amr_hai,Romania--Singapore,amr_hai,1,Romania,Romania,0.664787,0.523625,1,Romania,Singapore,1,1
Romania--Singapore#amr_hai,Romania--Singapore,amr_hai,2,Singapore,Singapore,0.429978,0.539306,1,Romania,Singapore,1,1
Romania--Spain#amr_hai,Romania--Spain,amr_hai,1,Romania,Romania,0.664787,0.523625,1,Romania,Spain,1,0
Romania--Spain#amr_hai,Romania--Spain,amr_hai,2,Spain,Spain,0.55585,0.501818,1,Romania,Spain,1,0
Romania--United Kingdom#amr_hai,Romania--United Kingdom,amr_hai,1,Romania,Romania,0.664787,0.523625,1,Romania,United Kingdom,1,0
Romania--United Kingdom#amr_hai,Romania--United Kingdom,amr_hai,2,United Kingdom,United Kingdom,0.355643,0.570016,1,Romania,United Kingdom,1,0
Cambodia--United Kingdom#rti,Cambodia--United Kingdom,rti,1,Cambodia,Cambodia,0.216351,0.576345,1,Cambodia,United Kingdom,1,0
Cambodia--United Kingdom#rti,Cambodia--United Kingdom,rti,2,United Kingdom,United Kingdom,0.355643,0.570016,1,Cambodia,United Kingdom,1,0
Denmark--Haiti#tb,Denmark--Haiti,tb,1,Denmark,Denmark,0.44304,0.500047,1,Denmark,Haiti,1,0
Denmark--Haiti#tb,Denmark--Haiti,tb,2,Haiti,Haiti,0.197232,0.540579,1,Denmark,Haiti,1,0
Denmark--Peru#tb,Denmark--Peru,tb,1,Denmark,Denmark,0.44304,0.500047,1,Denmark,Peru,1,0
Denmark--Peru#tb,Denmark--Peru,tb,2,Peru,Peru,0.260788,0.595863,1,Denmark,Peru,1,0
Colombia--Panama#vector_borne,Colombia--Panama,vector_borne,1,Colombia,Colombia,0.61512,0.480456,1,Colombia,Panama,1,0
Colombia--Panama#vector_borne,Colombia--Panama,vector_borne,2,Panama,Panama,0.574146,0.247071,1,Colombia,Panama,1,0
Colombia--Philippines#vector_borne,Colombia--Philippines,vector_borne,1,Colombia,Colombia,0.61512,0.480456,1,Colombia,Philippines,1,0
Colombia--Philippines#vector_borne,Colombia--Philippines,vector_borne,2,Philippines,Philippines,0.403578,0.405159,1,Colombia,Philippines,1,0
Colombia--Singapore#vector_borne,Colombia--Singapore,vector_borne,1,Colombia,Colombia,0.61512,0.480456,1,Colombia,Singapore,1,1
Colombia--Singapore#vector_borne,Colombia--Singapore,vector_borne,2,Singapore,Singapore,0.429978,0.539306,1,Colombia,Singapore,1,1
Colombia--Switzerland#vector_borne,Colombia--Switzerland,vector_borne,1,Colombia,Colombia,0.61512,0.480456,1,Colombia,Switzerland,1,0
Colombia--Switzerland#vector_borne,Colombia--Switzerland,vector_borne,2,Switzerland,Switzerland,0.407049,0.531378,1,Colombia,Switzerland,1,0
Colombia--Thailand#vector_borne,Colombia--Thailand,vector_borne,1,Colombia,Colombia,0.61512,0.480456,1,Colombia,Thailand,1,0
Colombia--Thailand#vector_borne,Colombia--Thailand,vector_borne,2,Thailand,Thailand,0.336992,0.46232,1,Colombia,Thailand,1,0
Colombia--United States#vector_borne,Colombia--United States,vector_borne,1,Colombia,Colombia,0.61512,0.480456,1,Colombia,United States,1,0
Colombia--United States#vector_borne,Colombia--United States,vector_borne,2,United States,United States,0.440022,0.576858,1,Colombia,United States,1,0
Panama--Philippines#vector_borne,Panama--Philippines,vector_borne,1,Panama,Panama,0.574146,0.247071,1,Panama,Philippines,1,0
Panama--Philippines#vector_borne,Panama--Philippines,vector_borne,2,Philippines,Philippines,0.403578,0.405159,1,Panama,Philippines,1,0
Panama--Singapore#vector_borne,Panama--Singapore,vector_borne,1,Panama,Panama,0.574146,0.247071,1,Panama,Singapore,1,1
Panama--Singapore#vector_borne,Panama--Singapore,vector_borne,2,Singapore,Singapore,0.429978,0.539306,1,Panama,Singapore,1,1
Panama--Switzerland#vector_borne,Panama--Switzerland,vector_borne,1,Panama,Panama,0.574146,0.247071,1,Panama,Switzerland,1,0
Panama--Switzerland#vector_borne,Panama--Switzerland,vector_borne,2,Switzerland,Switzerland,0.407049,0.531378,1,Panama,Switzerland,1,0
Panama--Thailand#vector_borne,Panama--Thailand,vector_borne,1,Panama,Panama,0.574146,0.247071,1,Panama,Thailand,1,0
Panama--Thailand#vector_borne,Panama--Thailand,vector_borne,2,Thailand,Thailand,0.336992,0.46232,1,Panama,Thailand,1,0
Panama--United States#vector_borne,Panama--United States,vector_borne,1,Panama,Panama,0.574146,0.247071,1,Panama,United States,1,0
Panama--United States#vector_borne,Panama--United States,vector_borne,2,United States,United States,0.440022,0.576858,1,Panama,United States,1,0
Philippines--Switzerland#vector_borne,Philippines--Switzerland,vector_borne,1,Philippines,Philippines,0.403578,0.405159,1,Philippines,Switzerland,1,0
Philippines--Switzerland#vector_borne,Philippines--Switzerland,vector_borne,2,Switzerland,Switzerland,0.407049,0.531378,1,Philippines,Switzerland,1,0
Philippines--United States#vector_borne,Philippines--United States,vector_borne,1,Philippines,Philippines,0.403578,0.405159,1,Philippines,United States,1,0
Philippines--United States#vector_borne,Philippines--United States,vector_borne,2,United States,United States,0.440022,0.576858,1,Philippines,United States,1,0
Cambodia--France#rti,Cambodia--France,rti,1,Cambodia,Cambodia,0.216351,0.576345,1,Cambodia,France,1,0
Cambodia--France#rti,Cambodia--France,rti,2,France,France,0.37365,0.542016,1,Cambodia,France,1,0
Cambodia--Japan#rti,Cambodia--Japan,rti,1,Cambodia,Cambodia,0.216351,0.576345,1,Cambodia,Japan,1,0
Cambodia--Japan#rti,Cambodia--Japan,rti,2,Japan,Japan,0.302497,0.608095,1,Cambodia,Japan,1,0
Cambodia--Madagascar#rti,Cambodia--Madagascar,rti,1,Cambodia,Cambodia,0.216351,0.576345,1,Cambodia,Madagascar,1,0
Cambodia--Madagascar#rti,Cambodia--Madagascar,rti,2,Madagascar,Madagascar,0.0,0.564557,1,Cambodia,Madagascar,1,0
France--Japan#rti,France--Japan,rti,1,France,France,0.37365,0.542016,1,France,Japan,1,0
France--Japan#rti,France--Japan,rti,2,Japan,Japan,0.302497,0.608095,1,France,Japan,1,0
France--Madagascar#rti,France--Madagascar,rti,1,France,France,0.37365,0.542016,1,France,Madagascar,1,0
France--Madagascar#rti,France--Madagascar,rti,2,Madagascar,Madagascar,0.0,0.564557,1,France,Madagascar,1,0
Japan--Madagascar#rti,Japan--Madagascar,rti,1,Japan,Japan,0.302497,0.608095,1,Japan,Madagascar,1,0
Japan--Madagascar#rti,Japan--Madagascar,rti,2,Madagascar,Madagascar,0.0,0.564557,1,Japan,Madagascar,1,0
Madagascar--Singapore#rti,Madagascar--Singapore,rti,1,Madagascar,Madagascar,0.0,0.564557,1,Madagascar,Singapore,1,1
Madagascar--Singapore#rti,Madagascar--Singapore,rti,2,Singapore,Singapore,0.429978,0.539306,1,Madagascar,Singapore,1,1
Japan--Netherlands#rti,Japan--Netherlands,rti,1,Japan,Japan,0.302497,0.608095,1,Japan,Netherlands,1,0
Japan--Netherlands#rti,Japan--Netherlands,rti,2,Netherlands,Netherlands,0.442831,0.641991,1,Japan,Netherlands,1,0
Australia--France#vector_borne,Australia--France,vector_borne,1,Australia,Australia,0.390756,0.648197,1,Australia,France,1,0
Australia--France#vector_borne,Australia--France,vector_borne,2,France,France,0.37365,0.542016,1,Australia,France,1,0
Australia--Portugal#vector_borne,Australia--Portugal,vector_borne,1,Australia,Australia,0.390756,0.648197,1,Australia,Portugal,1,0
Australia--Portugal#vector_borne,Australia--Portugal,vector_borne,2,Portugal,Portugal,0.571774,0.657031,1,Australia,Portugal,1,0
China--Portugal#vector_borne,China--Portugal,vector_borne,1,China,China,0.331977,0.597918,1,China,Portugal,1,0
China--Portugal#vector_borne,China--Portugal,vector_borne,2,Portugal,Portugal,0.571774,0.657031,1,China,Portugal,1,0
France--Germany#vector_borne,France--Germany,vector_borne,1,France,France,0.37365,0.542016,1,France,Germany,1,0
France--Germany#vector_borne,France--Germany,vector_borne,2,Germany,Germany,0.479367,0.620904,1,France,Germany,1,0
France--Portugal#vector_borne,France--Portugal,vector_borne,1,France,France,0.37365,0.542016,1,France,Portugal,1,0
France--Portugal#vector_borne,France--Portugal,vector_borne,2,Portugal,Portugal,0.571774,0.657031,1,France,Portugal,1,0
Germany--Portugal#vector_borne,Germany--Portugal,vector_borne,1,Germany,Germany,0.479367,0.620904,1,Germany,Portugal,1,0
Germany--Portugal#vector_borne,Germany--Portugal,vector_borne,2,Portugal,Portugal,0.571774,0.657031,1,Germany,Portugal,1,0
Australia--Switzerland#sti,Australia--Switzerland,sti,1,Australia,Australia,0.390756,0.648197,1,Australia,Switzerland,1,0
Australia--Switzerland#sti,Australia--Switzerland,sti,2,Switzerland,Switzerland,0.407049,0.531378,1,Australia,Switzerland,1,0
China--Switzerland#sti,China--Switzerland,sti,1,China,China,0.331977,0.597918,1,China,Switzerland,1,0
China--Switzerland#sti,China--Switzerland,sti,2,Switzerland,Switzerland,0.407049,0.531378,1,China,Switzerland,1,0
Switzerland--Thailand#sti,Switzerland--Thailand,sti,1,Switzerland,Switzerland,0.407049,0.531378,1,Switzerland,Thailand,1,0
Switzerland--Thailand#sti,Switzerland--Thailand,sti,2,Thailand,Thailand,0.336992,0.46232,1,Switzerland,Thailand,1,0
Switzerland--Viet Nam#sti,Switzerland--Viet Nam,sti,1,Switzerland,Switzerland,0.407049,0.531378,1,Switzerland,Viet Nam,1,0
Switzerland--Viet Nam#sti,Switzerland--Viet Nam,sti,2,Viet Nam,Viet Nam,0.306341,0.520662,1,Switzerland,Viet Nam,1,0
Australia--Philippines#amr_hai,Australia--Philippines,amr_hai,1,Australia,Australia,0.390756,0.648197,1,Australia,Philippines,1,0
Australia--Philippines#amr_hai,Australia--Philippines,amr_hai,2,Philippines,Philippines,0.403578,0.405159,1,Australia,Philippines,1,0
Philippines--South Africa#amr_hai,Philippines--South Africa,amr_hai,1,Philippines,Philippines,0.403578,0.405159,1,Philippines,South Africa,1,0
Philippines--South Africa#amr_hai,Philippines--South Africa,amr_hai,2,South Africa,South Africa,0.354082,0.657729,1,Philippines,South Africa,1,0
Philippines--Spain#amr_hai,Philippines--Spain,amr_hai,1,Philippines,Philippines,0.403578,0.405159,1,Philippines,Spain,1,0
Philippines--Spain#amr_hai,Philippines--Spain,amr_hai,2,Spain,Spain,0.55585,0.501818,1,Philippines,Spain,1,0
Philippines--United States#amr_hai,Philippines--United States,amr_hai,1,Philippines,Philippines,0.403578,0.405159,1,Philippines,United States,1,0
Philippines--United States#amr_hai,Philippines--United States,amr_hai,2,United States,United States,0.440022,0.576858,1,Philippines,United States,1,0
South Africa--Spain#amr_hai,South Africa--Spain,amr_hai,1,South Africa,South Africa,0.354082,0.657729,1,South Africa,Spain,1,0
South Africa--Spain#amr_hai,South Africa--Spain,amr_hai,2,Spain,Spain,0.55585,0.501818,1,South Africa,Spain,1,0
South Africa--Thailand#amr_hai,South Africa--Thailand,amr_hai,1,South Africa,South Africa,0.354082,0.657729,1,South Africa,Thailand,1,0
South Africa--Thailand#amr_hai,South Africa--Thailand,amr_hai,2,Thailand,Thailand,0.336992,0.46232,1,South Africa,Thailand,1,0
South Africa--United States#amr_hai,South Africa--United States,amr_hai,1,South Africa,South Africa,0.354082,0.657729,1,South Africa,United States,1,0
South Africa--United States#amr_hai,South Africa--United States,amr_hai,2,United States,United States,0.440022,0.576858,1,South Africa,United States,1,0
Spain--Thailand#amr_hai,Spain--Thailand,amr_hai,1,Spain,Spain,0.55585,0.501818,1,Spain,Thailand,1,0
Spain--Thailand#amr_hai,Spain--Thailand,amr_hai,2,Thailand,Thailand,0.336992,0.46232,1,Spain,Thailand,1,0
Thailand--United States#amr_hai,Thailand--United States,amr_hai,1,Thailand,Thailand,0.336992,0.46232,1,Thailand,United States,1,0
Thailand--United States#amr_hai,Thailand--United States,amr_hai,2,United States,United States,0.440022,0.576858,1,Thailand,United States,1,0
Cambodia--United Kingdom#tb,Cambodia--United Kingdom,tb,1,Cambodia,Cambodia,0.216351,0.576345,1,Cambodia,United Kingdom,1,0
Cambodia--United Kingdom#tb,Cambodia--United Kingdom,tb,2,United Kingdom,United Kingdom,0.355643,0.570016,1,Cambodia,United Kingdom,1,0
Japan--United Kingdom#tb,Japan--United Kingdom,tb,1,Japan,Japan,0.302497,0.608095,1,Japan,United Kingdom,1,0
Japan--United Kingdom#tb,Japan--United Kingdom,tb,2,United Kingdom,United Kingdom,0.355643,0.570016,1,Japan,United Kingdom,1,0
Taiwan--Thailand#rti,Taiwan--Thailand,rti,1,Taiwan,Taiwan,0.310266,0.423686,1,Taiwan,Thailand,1,0
Taiwan--Thailand#rti,Taiwan--Thailand,rti,2,Thailand,Thailand,0.336992,0.46232,1,Taiwan,Thailand,1,0
Taiwan--United Kingdom#rti,Taiwan--United Kingdom,rti,1,Taiwan,Taiwan,0.310266,0.423686,1,Taiwan,United Kingdom,1,0
Taiwan--United Kingdom#rti,Taiwan--United Kingdom,rti,2,United Kingdom,United Kingdom,0.355643,0.570016,1,Taiwan,United Kingdom,1,0
India--Singapore#other_id,India--Singapore,other_id,1,India,India,0.397173,0.572838,1,India,Singapore,1,1
India--Singapore#other_id,India--Singapore,other_id,2,Singapore,Singapore,0.429978,0.539306,1,India,Singapore,1,1
Brunei Darussalam--Cambodia#tb,Brunei Darussalam--Cambodia,tb,1,Brunei Darussalam,Brunei Darussalam,0.268306,0.335897,1,Brunei Darussalam,Cambodia,1,0
Brunei Darussalam--Cambodia#tb,Brunei Darussalam--Cambodia,tb,2,Cambodia,Cambodia,0.216351,0.576345,1,Brunei Darussalam,Cambodia,1,0
Brunei Darussalam--China#tb,Brunei Darussalam--China,tb,1,Brunei Darussalam,Brunei Darussalam,0.268306,0.335897,1,Brunei Darussalam,China,1,0
Brunei Darussalam--China#tb,Brunei Darussalam--China,tb,2,China,China,0.331977,0.597918,1,Brunei Darussalam,China,1,0
Brunei Darussalam--Singapore#tb,Brunei Darussalam--Singapore,tb,1,Brunei Darussalam,Brunei Darussalam,0.268306,0.335897,1,Brunei Darussalam,Singapore,1,1
Brunei Darussalam--Singapore#tb,Brunei Darussalam--Singapore,tb,2,Singapore,Singapore,0.429978,0.539306,1,Brunei Darussalam,Singapore,1,1
Brunei Darussalam--United States#tb,Brunei Darussalam--United States,tb,1,Brunei Darussalam,Brunei Darussalam,0.268306,0.335897,1,Brunei Darussalam,United States,1,0
Brunei Darussalam--United States#tb,Brunei Darussalam--United States,tb,2,United States,United States,0.440022,0.576858,1,Brunei Darussalam,United States,1,0
Cambodia--China#tb,Cambodia--China,tb,1,Cambodia,Cambodia,0.216351,0.576345,1,Cambodia,China,1,0
Cambodia--China#tb,Cambodia--China,tb,2,China,China,0.331977,0.597918,1,Cambodia,China,1,0
Australia--Belgium#vector_borne,Australia--Belgium,vector_borne,1,Australia,Australia,0.390756,0.648197,1,Australia,Belgium,1,0
Australia--Belgium#vector_borne,Australia--Belgium,vector_borne,2,Belgium,Belgium,0.487025,0.572301,1,Australia,Belgium,1,0
Belgium--Singapore#vector_borne,Belgium--Singapore,vector_borne,1,Belgium,Belgium,0.487025,0.572301,1,Belgium,Singapore,1,1
Belgium--Singapore#vector_borne,Belgium--Singapore,vector_borne,2,Singapore,Singapore,0.429978,0.539306,1,Belgium,Singapore,1,1
Australia--Lao PDR#amr_hai,Australia--Lao PDR,amr_hai,1,Australia,Australia,0.390756,0.648197,1,Australia,Lao PDR,1,0
Australia--Lao PDR#amr_hai,Australia--Lao PDR,amr_hai,2,Lao PDR,Lao PDR,0.086181,0.491573,1,Australia,Lao PDR,1,0
Cambodia--Lao PDR#amr_hai,Cambodia--Lao PDR,amr_hai,1,Cambodia,Cambodia,0.216351,0.576345,1,Cambodia,Lao PDR,1,0
Cambodia--Lao PDR#amr_hai,Cambodia--Lao PDR,amr_hai,2,Lao PDR,Lao PDR,0.086181,0.491573,1,Cambodia,Lao PDR,1,0
Lao PDR--Singapore#amr_hai,Lao PDR--Singapore,amr_hai,1,Lao PDR,Lao PDR,0.086181,0.491573,1,Lao PDR,Singapore,1,1
Lao PDR--Singapore#amr_hai,Lao PDR--Singapore,amr_hai,2,Singapore,Singapore,0.429978,0.539306,1,Lao PDR,Singapore,1,1
Lao PDR--Thailand#amr_hai,Lao PDR--Thailand,amr_hai,1,Lao PDR,Lao PDR,0.086181,0.491573,1,Lao PDR,Thailand,1,0
Lao PDR--Thailand#amr_hai,Lao PDR--Thailand,amr_hai,2,Thailand,Thailand,0.336992,0.46232,1,Lao PDR,Thailand,1,0
Lao PDR--United Kingdom#amr_hai,Lao PDR--United Kingdom,amr_hai,1,Lao PDR,Lao PDR,0.086181,0.491573,1,Lao PDR,United Kingdom,1,0
Lao PDR--United Kingdom#amr_hai,Lao PDR--United Kingdom,amr_hai,2,United Kingdom,United Kingdom,0.355643,0.570016,1,Lao PDR,United Kingdom,1,0
Lao PDR--Viet Nam#amr_hai,Lao PDR--Viet Nam,amr_hai,1,Lao PDR,Lao PDR,0.086181,0.491573,1,Lao PDR,Viet Nam,1,0
Lao PDR--Viet Nam#amr_hai,Lao PDR--Viet Nam,amr_hai,2,Viet Nam,Viet Nam,0.306341,0.520662,1,Lao PDR,Viet Nam,1,0
Australia--Hong Kong SAR#amr_hai,Australia--Hong Kong SAR,amr_hai,1,Australia,Australia,0.390756,0.648197,1,Australia,Hong Kong SAR,1,0
Australia--Hong Kong SAR#amr_hai,Australia--Hong Kong SAR,amr_hai,2,Hong Kong SAR,Hong Kong SAR,0.172647,0.597281,1,Australia,Hong Kong SAR,1,0
Australia--Republic of Korea#amr_hai,Australia--Republic of Korea,amr_hai,1,Australia,Australia,0.390756,0.648197,1,Australia,Republic of Korea,1,0
Australia--Republic of Korea#amr_hai,Australia--Republic of Korea,amr_hai,2,Republic of Korea,Republic of Korea,0.226785,0.465839,1,Australia,Republic of Korea,1,0
Australia--Taiwan#amr_hai,Australia--Taiwan,amr_hai,1,Australia,Australia,0.390756,0.648197,1,Australia,Taiwan,1,0
Australia--Taiwan#amr_hai,Australia--Taiwan,amr_hai,2,Taiwan,Taiwan,0.310266,0.423686,1,Australia,Taiwan,1,0
Hong Kong SAR--India#amr_hai,Hong Kong SAR--India,amr_hai,1,Hong Kong SAR,Hong Kong SAR,0.172647,0.597281,1,Hong Kong SAR,India,1,0
Hong Kong SAR--India#amr_hai,Hong Kong SAR--India,amr_hai,2,India,India,0.397173,0.572838,1,Hong Kong SAR,India,1,0
Hong Kong SAR--Japan#amr_hai,Hong Kong SAR--Japan,amr_hai,1,Hong Kong SAR,Hong Kong SAR,0.172647,0.597281,1,Hong Kong SAR,Japan,1,0
Hong Kong SAR--Japan#amr_hai,Hong Kong SAR--Japan,amr_hai,2,Japan,Japan,0.302497,0.608095,1,Hong Kong SAR,Japan,1,0
Hong Kong SAR--Republic of Korea#amr_hai,Hong Kong SAR--Republic of Korea,amr_hai,1,Hong Kong SAR,Hong Kong SAR,0.172647,0.597281,1,Hong Kong SAR,Republic of Korea,1,0
Hong Kong SAR--Republic of Korea#amr_hai,Hong Kong SAR--Republic of Korea,amr_hai,2,Republic of Korea,Republic of Korea,0.226785,0.465839,1,Hong Kong SAR,Republic of Korea,1,0
Hong Kong SAR--Singapore#amr_hai,Hong Kong SAR--Singapore,amr_hai,1,Hong Kong SAR,Hong Kong SAR,0.172647,0.597281,1,Hong Kong SAR,Singapore,1,1
Hong Kong SAR--Singapore#amr_hai,Hong Kong SAR--Singapore,amr_hai,2,Singapore,Singapore,0.429978,0.539306,1,Hong Kong SAR,Singapore,1,1
Hong Kong SAR--Taiwan#amr_hai,Hong Kong SAR--Taiwan,amr_hai,1,Hong Kong SAR,Hong Kong SAR,0.172647,0.597281,1,Hong Kong SAR,Taiwan,1,0
Hong Kong SAR--Taiwan#amr_hai,Hong Kong SAR--Taiwan,amr_hai,2,Taiwan,Taiwan,0.310266,0.423686,1,Hong Kong SAR,Taiwan,1,0
Hong Kong SAR--Thailand#amr_hai,Hong Kong SAR--Thailand,amr_hai,1,Hong Kong SAR,Hong Kong SAR,0.172647,0.597281,1,Hong Kong SAR,Thailand,1,0
Hong Kong SAR--Thailand#amr_hai,Hong Kong SAR--Thailand,amr_hai,2,Thailand,Thailand,0.336992,0.46232,1,Hong Kong SAR,Thailand,1,0
India--Republic of Korea#amr_hai,India--Republic of Korea,amr_hai,1,India,India,0.397173,0.572838,1,India,Republic of Korea,1,0
India--Republic of Korea#amr_hai,India--Republic of Korea,amr_hai,2,Republic of Korea,Republic of Korea,0.226785,0.465839,1,India,Republic of Korea,1,0
Japan--Republic of Korea#amr_hai,Japan--Republic of Korea,amr_hai,1,Japan,Japan,0.302497,0.608095,1,Japan,Republic of Korea,1,0
Japan--Republic of Korea#amr_hai,Japan--Republic of Korea,amr_hai,2,Republic of Korea,Republic of Korea,0.226785,0.465839,1,Japan,Republic of Korea,1,0
Republic of Korea--Taiwan#amr_hai,Republic of Korea--Taiwan,amr_hai,1,Republic of Korea,Republic of Korea,0.226785,0.465839,1,Republic of Korea,Taiwan,1,0
Republic of Korea--Taiwan#amr_hai,Republic of Korea--Taiwan,amr_hai,2,Taiwan,Taiwan,0.310266,0.423686,1,Republic of Korea,Taiwan,1,0
Republic of Korea--Thailand#amr_hai,Republic of Korea--Thailand,amr_hai,1,Republic of Korea,Republic of Korea,0.226785,0.465839,1,Republic of Korea,Thailand,1,0
Republic of Korea--Thailand#amr_hai,Republic of Korea--Thailand,amr_hai,2,Thailand,Thailand,0.336992,0.46232,1,Republic of Korea,Thailand,1,0
Russian Federation--Singapore#vector_borne,Russian Federation--Singapore,vector_borne,1,Russian Federation,Russian Federation,0.488704,0.417283,1,Russian Federation,Singapore,1,1
Russian Federation--Singapore#vector_borne,Russian Federation--Singapore,vector_borne,2,Singapore,Singapore,0.429978,0.539306,1,Russian Federation,Singapore,1,1
Russian Federation--United Kingdom#vector_borne,Russian Federation--United Kingdom,vector_borne,1,Russian Federation,Russian Federation,0.488704,0.417283,1,Russian Federation,United Kingdom,1,0
Russian Federation--United Kingdom#vector_borne,Russian Federation--United Kingdom,vector_borne,2,United Kingdom,United Kingdom,0.355643,0.570016,1,Russian Federation,United Kingdom,1,0
Russian Federation--Viet Nam#vector_borne,Russian Federation--Viet Nam,vector_borne,1,Russian Federation,Russian Federation,0.488704,0.417283,1,Russian Federation,Viet Nam,1,0
Russian Federation--Viet Nam#vector_borne,Russian Federation--Viet Nam,vector_borne,2,Viet Nam,Viet Nam,0.306341,0.520662,1,Russian Federation,Viet Nam,1,0
China--Malaysia#tb,China--Malaysia,tb,1,China,China,0.331977,0.597918,1,China,Malaysia,1,0
China--Malaysia#tb,China--Malaysia,tb,2,Malaysia,Malaysia,0.277414,0.425437,1,China,Malaysia,1,0
China--Taiwan#tb,China--Taiwan,tb,1,China,China,0.331977,0.597918,1,China,Taiwan,1,0
China--Taiwan#tb,China--Taiwan,tb,2,Taiwan,Taiwan,0.310266,0.423686,1,China,Taiwan,1,0
India--Malaysia#tb,India--Malaysia,tb,1,India,India,0.397173,0.572838,1,India,Malaysia,1,0
India--Malaysia#tb,India--Malaysia,tb,2,Malaysia,Malaysia,0.277414,0.425437,1,India,Malaysia,1,0
Malaysia--Taiwan#tb,Malaysia--Taiwan,tb,1,Malaysia,Malaysia,0.277414,0.425437,1,Malaysia,Taiwan,1,0
Malaysia--Taiwan#tb,Malaysia--Taiwan,tb,2,Taiwan,Taiwan,0.310266,0.423686,1,Malaysia,Taiwan,1,0
Philippines--Taiwan#tb,Philippines--Taiwan,tb,1,Philippines,Philippines,0.403578,0.405159,1,Philippines,Taiwan,1,0
Philippines--Taiwan#tb,Philippines--Taiwan,tb,2,Taiwan,Taiwan,0.310266,0.423686,1,Philippines,Taiwan,1,0
Japan--Myanmar#vector_borne,Japan--Myanmar,vector_borne,1,Japan,Japan,0.302497,0.608095,1,Japan,Myanmar,1,0
Japan--Myanmar#vector_borne,Japan--Myanmar,vector_borne,2,Myanmar,Myanmar,0.19157,0.500134,1,Japan,Myanmar,1,0
Malaysia--Myanmar#vector_borne,Malaysia--Myanmar,vector_borne,1,Malaysia,Malaysia,0.277414,0.425437,1,Malaysia,Myanmar,1,0
Malaysia--Myanmar#vector_borne,Malaysia--Myanmar,vector_borne,2,Myanmar,Myanmar,0.19157,0.500134,1,Malaysia,Myanmar,1,0
Malaysia--United States#vector_borne,Malaysia--United States,vector_borne,1,Malaysia,Malaysia,0.277414,0.425437,1,Malaysia,United States,1,0
Malaysia--United States#vector_borne,Malaysia--United States,vector_borne,2,United States,United States,0.440022,0.576858,1,Malaysia,United States,1,0
Myanmar--Singapore#vector_borne,Myanmar--Singapore,vector_borne,1,Myanmar,Myanmar,0.19157,0.500134,1,Myanmar,Singapore,1,1
Myanmar--Singapore#vector_borne,Myanmar--Singapore,vector_borne,2,Singapore,Singapore,0.429978,0.539306,1,Myanmar,Singapore,1,1
Myanmar--United States#vector_borne,Myanmar--United States,vector_borne,1,Myanmar,Myanmar,0.19157,0.500134,1,Myanmar,United States,1,0
Myanmar--United States#vector_borne,Myanmar--United States,vector_borne,2,United States,United States,0.440022,0.576858,1,Myanmar,United States,1,0
Canada--Netherlands#amr_hai,Canada--Netherlands,amr_hai,1,Canada,Canada,0.429902,0.670838,1,Canada,Netherlands,1,0
Canada--Netherlands#amr_hai,Canada--Netherlands,amr_hai,2,Netherlands,Netherlands,0.442831,0.641991,1,Canada,Netherlands,1,0
Canada--New Zealand#amr_hai,Canada--New Zealand,amr_hai,1,Canada,Canada,0.429902,0.670838,1,Canada,New Zealand,1,0
Canada--New Zealand#amr_hai,Canada--New Zealand,amr_hai,2,New Zealand,New Zealand,0.267102,0.517173,1,Canada,New Zealand,1,0
Canada--South Africa#amr_hai,Canada--South Africa,amr_hai,1,Canada,Canada,0.429902,0.670838,1,Canada,South Africa,1,0
Canada--South Africa#amr_hai,Canada--South Africa,amr_hai,2,South Africa,South Africa,0.354082,0.657729,1,Canada,South Africa,1,0
France--New Zealand#amr_hai,France--New Zealand,amr_hai,1,France,France,0.37365,0.542016,1,France,New Zealand,1,0
France--New Zealand#amr_hai,France--New Zealand,amr_hai,2,New Zealand,New Zealand,0.267102,0.517173,1,France,New Zealand,1,0
France--South Africa#amr_hai,France--South Africa,amr_hai,1,France,France,0.37365,0.542016,1,France,South Africa,1,0
France--South Africa#amr_hai,France--South Africa,amr_hai,2,South Africa,South Africa,0.354082,0.657729,1,France,South Africa,1,0
Israel--Netherlands#amr_hai,Israel--Netherlands,amr_hai,1,Israel,Israel,0.535226,0.714031,1,Israel,Netherlands,1,0
Israel--Netherlands#amr_hai,Israel--Netherlands,amr_hai,2,Netherlands,Netherlands,0.442831,0.641991,1,Israel,Netherlands,1,0
Israel--New Zealand#amr_hai,Israel--New Zealand,amr_hai,1,Israel,Israel,0.535226,0.714031,1,Israel,New Zealand,1,0
Israel--New Zealand#amr_hai,Israel--New Zealand,amr_hai,2,New Zealand,New Zealand,0.267102,0.517173,1,Israel,New Zealand,1,0
Israel--South Africa#amr_hai,Israel--South Africa,amr_hai,1,Israel,Israel,0.535226,0.714031,1,Israel,South Africa,1,0
Israel--South Africa#amr_hai,Israel--South Africa,amr_hai,2,South Africa,South Africa,0.354082,0.657729,1,Israel,South Africa,1,0
Netherlands--New Zealand#amr_hai,Netherlands--New Zealand,amr_hai,1,Netherlands,Netherlands,0.442831,0.641991,1,Netherlands,New Zealand,1,0
Netherlands--New Zealand#amr_hai,Netherlands--New Zealand,amr_hai,2,New Zealand,New Zealand,0.267102,0.517173,1,Netherlands,New Zealand,1,0
Netherlands--South Africa#amr_hai,Netherlands--South Africa,amr_hai,1,Netherlands,Netherlands,0.442831,0.641991,1,Netherlands,South Africa,1,0
Netherlands--South Africa#amr_hai,Netherlands--South Africa,amr_hai,2,South Africa,South Africa,0.354082,0.657729,1,Netherlands,South Africa,1,0
New Zealand--South Africa#amr_hai,New Zealand--South Africa,amr_hai,1,New Zealand,New Zealand,0.267102,0.517173,1,New Zealand,South Africa,1,0
New Zealand--South Africa#amr_hai,New Zealand--South Africa,amr_hai,2,South Africa,South Africa,0.354082,0.657729,1,New Zealand,South Africa,1,0
New Zealand--United Kingdom#amr_hai,New Zealand--United Kingdom,amr_hai,1,New Zealand,New Zealand,0.267102,0.517173,1,New Zealand,United Kingdom,1,0
New Zealand--United Kingdom#amr_hai,New Zealand--United Kingdom,amr_hai,2,United Kingdom,United Kingdom,0.355643,0.570016,1,New Zealand,United Kingdom,1,0
Australia--Malaysia#other_id,Australia--Malaysia,other_id,1,Australia,Australia,0.390756,0.648197,1,Australia,Malaysia,1,0
Australia--Malaysia#other_id,Australia--Malaysia,other_id,2,Malaysia,Malaysia,0.277414,0.425437,1,Australia,Malaysia,1,0
Australia--Singapore#other_id,Australia--Singapore,other_id,1,Australia,Australia,0.390756,0.648197,1,Australia,Singapore,1,1
Australia--Singapore#other_id,Australia--Singapore,other_id,2,Singapore,Singapore,0.429978,0.539306,1,Australia,Singapore,1,1
Australia--Taiwan#other_id,Australia--Taiwan,other_id,1,Australia,Australia,0.390756,0.648197,1,Australia,Taiwan,1,0
Australia--Taiwan#other_id,Australia--Taiwan,other_id,2,Taiwan,Taiwan,0.310266,0.423686,1,Australia,Taiwan,1,0
Australia--Thailand#other_id,Australia--Thailand,other_id,1,Australia,Australia,0.390756,0.648197,1,Australia,Thailand,1,0
Australia--Thailand#other_id,Australia--Thailand,other_id,2,Thailand,Thailand,0.336992,0.46232,1,Australia,Thailand,1,0
Australia--Türkiye#other_id,Australia--Türkiye,other_id,1,Australia,Australia,0.390756,0.648197,1,Australia,Türkiye,1,0
Australia--Türkiye#other_id,Australia--Türkiye,other_id,2,Türkiye,Türkiye,0.411167,0.293179,1,Australia,Türkiye,1,0
Australia--United Kingdom#other_id,Australia--United Kingdom,other_id,1,Australia,Australia,0.390756,0.648197,1,Australia,United Kingdom,1,0
Australia--United Kingdom#other_id,Australia--United Kingdom,other_id,2,United Kingdom,United Kingdom,0.355643,0.570016,1,Australia,United Kingdom,1,0
Malaysia--Singapore#other_id,Malaysia--Singapore,other_id,1,Malaysia,Malaysia,0.277414,0.425437,1,Malaysia,Singapore,1,1
Malaysia--Singapore#other_id,Malaysia--Singapore,other_id,2,Singapore,Singapore,0.429978,0.539306,1,Malaysia,Singapore,1,1
Malaysia--Taiwan#other_id,Malaysia--Taiwan,other_id,1,Malaysia,Malaysia,0.277414,0.425437,1,Malaysia,Taiwan,1,0
Malaysia--Taiwan#other_id,Malaysia--Taiwan,other_id,2,Taiwan,Taiwan,0.310266,0.423686,1,Malaysia,Taiwan,1,0
Malaysia--Thailand#other_id,Malaysia--Thailand,other_id,1,Malaysia,Malaysia,0.277414,0.425437,1,Malaysia,Thailand,1,0
Malaysia--Thailand#other_id,Malaysia--Thailand,other_id,2,Thailand,Thailand,0.336992,0.46232,1,Malaysia,Thailand,1,0
Malaysia--Türkiye#other_id,Malaysia--Türkiye,other_id,1,Malaysia,Malaysia,0.277414,0.425437,1,Malaysia,Türkiye,1,0
Malaysia--Türkiye#other_id,Malaysia--Türkiye,other_id,2,Türkiye,Türkiye,0.411167,0.293179,1,Malaysia,Türkiye,1,0
Malaysia--United Kingdom#other_id,Malaysia--United Kingdom,other_id,1,Malaysia,Malaysia,0.277414,0.425437,1,Malaysia,United Kingdom,1,0
Malaysia--United Kingdom#other_id,Malaysia--United Kingdom,other_id,2,United Kingdom,United Kingdom,0.355643,0.570016,1,Malaysia,United Kingdom,1,0
Singapore--Taiwan#other_id,Singapore--Taiwan,other_id,1,Singapore,Singapore,0.429978,0.539306,1,Singapore,Taiwan,1,1
Singapore--Taiwan#other_id,Singapore--Taiwan,other_id,2,Taiwan,Taiwan,0.310266,0.423686,1,Singapore,Taiwan,1,1
Singapore--Türkiye#other_id,Singapore--Türkiye,other_id,1,Singapore,Singapore,0.429978,0.539306,1,Singapore,Türkiye,1,1
Singapore--Türkiye#other_id,Singapore--Türkiye,other_id,2,Türkiye,Türkiye,0.411167,0.293179,1,Singapore,Türkiye,1,1
Taiwan--Thailand#other_id,Taiwan--Thailand,other_id,1,Taiwan,Taiwan,0.310266,0.423686,1,Taiwan,Thailand,1,0
Taiwan--Thailand#other_id,Taiwan--Thailand,other_id,2,Thailand,Thailand,0.336992,0.46232,1,Taiwan,Thailand,1,0
Taiwan--Türkiye#other_id,Taiwan--Türkiye,other_id,1,Taiwan,Taiwan,0.310266,0.423686,1,Taiwan,Türkiye,1,0
Taiwan--Türkiye#other_id,Taiwan--Türkiye,other_id,2,Türkiye,Türkiye,0.411167,0.293179,1,Taiwan,Türkiye,1,0
Taiwan--United Kingdom#other_id,Taiwan--United Kingdom,other_id,1,Taiwan,Taiwan,0.310266,0.423686,1,Taiwan,United Kingdom,1,0
Taiwan--United Kingdom#other_id,Taiwan--United Kingdom,other_id,2,United Kingdom,United Kingdom,0.355643,0.570016,1,Taiwan,United Kingdom,1,0
Thailand--Türkiye#other_id,Thailand--Türkiye,other_id,1,Thailand,Thailand,0.336992,0.46232,1,Thailand,Türkiye,1,0
Thailand--Türkiye#other_id,Thailand--Türkiye,other_id,2,Türkiye,Türkiye,0.411167,0.293179,1,Thailand,Türkiye,1,0
Thailand--United Kingdom#other_id,Thailand--United Kingdom,other_id,1,Thailand,Thailand,0.336992,0.46232,1,Thailand,United Kingdom,1,0
Thailand--United Kingdom#other_id,Thailand--United Kingdom,other_id,2,United Kingdom,United Kingdom,0.355643,0.570016,1,Thailand,United Kingdom,1,0
Türkiye--United Kingdom#other_id,Türkiye--United Kingdom,other_id,1,Türkiye,Türkiye,0.411167,0.293179,1,Türkiye,United Kingdom,1,0
Türkiye--United Kingdom#other_id,Türkiye--United Kingdom,other_id,2,United Kingdom,United Kingdom,0.355643,0.570016,1,Türkiye,United Kingdom,1,0
Cambodia--Costa Rica#sti,Cambodia--Costa Rica,sti,1,Cambodia,Cambodia,0.216351,0.576345,1,Cambodia,Costa Rica,1,0
Cambodia--Costa Rica#sti,Cambodia--Costa Rica,sti,2,Costa Rica,Costa Rica,0.342419,1.0,1,Cambodia,Costa Rica,1,0
Costa Rica--Singapore#sti,Costa Rica--Singapore,sti,1,Costa Rica,Costa Rica,0.342419,1.0,1,Costa Rica,Singapore,1,1
Costa Rica--Singapore#sti,Costa Rica--Singapore,sti,2,Singapore,Singapore,0.429978,0.539306,1,Costa Rica,Singapore,1,1
Costa Rica--United States#sti,Costa Rica--United States,sti,1,Costa Rica,Costa Rica,0.342419,1.0,1,Costa Rica,United States,1,0
Costa Rica--United States#sti,Costa Rica--United States,sti,2,United States,United States,0.440022,0.576858,1,Costa Rica,United States,1,0
Iraq--Malaysia#vector_borne,Iraq--Malaysia,vector_borne,1,Iraq,Iraq,0.105623,0.20582,1,Iraq,Malaysia,1,0
Iraq--Malaysia#vector_borne,Iraq--Malaysia,vector_borne,2,Malaysia,Malaysia,0.277414,0.425437,1,Iraq,Malaysia,1,0
Iraq--Singapore#vector_borne,Iraq--Singapore,vector_borne,1,Iraq,Iraq,0.105623,0.20582,1,Iraq,Singapore,1,1
Iraq--Singapore#vector_borne,Iraq--Singapore,vector_borne,2,Singapore,Singapore,0.429978,0.539306,1,Iraq,Singapore,1,1
Denmark--Japan#tb,Denmark--Japan,tb,1,Denmark,Denmark,0.44304,0.500047,1,Denmark,Japan,1,0
Denmark--Japan#tb,Denmark--Japan,tb,2,Japan,Japan,0.302497,0.608095,1,Denmark,Japan,1,0
Australia--Greece#amr_hai,Australia--Greece,amr_hai,1,Australia,Australia,0.390756,0.648197,1,Australia,Greece,1,0
Australia--Greece#amr_hai,Australia--Greece,amr_hai,2,Greece,Greece,0.58653,0.742108,1,Australia,Greece,1,0
Australia--Portugal#amr_hai,Australia--Portugal,amr_hai,1,Australia,Australia,0.390756,0.648197,1,Australia,Portugal,1,0
Australia--Portugal#amr_hai,Australia--Portugal,amr_hai,2,Portugal,Portugal,0.571774,0.657031,1,Australia,Portugal,1,0
Canada--Germany#amr_hai,Canada--Germany,amr_hai,1,Canada,Canada,0.429902,0.670838,1,Canada,Germany,1,0
Canada--Germany#amr_hai,Canada--Germany,amr_hai,2,Germany,Germany,0.479367,0.620904,1,Canada,Germany,1,0
Canada--Greece#amr_hai,Canada--Greece,amr_hai,1,Canada,Canada,0.429902,0.670838,1,Canada,Greece,1,0
Canada--Greece#amr_hai,Canada--Greece,amr_hai,2,Greece,Greece,0.58653,0.742108,1,Canada,Greece,1,0
Canada--Italy#amr_hai,Canada--Italy,amr_hai,1,Canada,Canada,0.429902,0.670838,1,Canada,Italy,1,0
Canada--Italy#amr_hai,Canada--Italy,amr_hai,2,Italy,Italy,0.491029,0.507028,1,Canada,Italy,1,0
Canada--Japan#amr_hai,Canada--Japan,amr_hai,1,Canada,Canada,0.429902,0.670838,1,Canada,Japan,1,0
Canada--Japan#amr_hai,Canada--Japan,amr_hai,2,Japan,Japan,0.302497,0.608095,1,Canada,Japan,1,0
Canada--Portugal#amr_hai,Canada--Portugal,amr_hai,1,Canada,Canada,0.429902,0.670838,1,Canada,Portugal,1,0
Canada--Portugal#amr_hai,Canada--Portugal,amr_hai,2,Portugal,Portugal,0.571774,0.657031,1,Canada,Portugal,1,0
Canada--Spain#amr_hai,Canada--Spain,amr_hai,1,Canada,Canada,0.429902,0.670838,1,Canada,Spain,1,0
Canada--Spain#amr_hai,Canada--Spain,amr_hai,2,Spain,Spain,0.55585,0.501818,1,Canada,Spain,1,0
Canada--United States#amr_hai,Canada--United States,amr_hai,1,Canada,Canada,0.429902,0.670838,1,Canada,United States,1,0
Canada--United States#amr_hai,Canada--United States,amr_hai,2,United States,United States,0.440022,0.576858,1,Canada,United States,1,0
France--Germany#amr_hai,France--Germany,amr_hai,1,France,France,0.37365,0.542016,1,France,Germany,1,0
France--Germany#amr_hai,France--Germany,amr_hai,2,Germany,Germany,0.479367,0.620904,1,France,Germany,1,0
France--Greece#amr_hai,France--Greece,amr_hai,1,France,France,0.37365,0.542016,1,France,Greece,1,0
France--Greece#amr_hai,France--Greece,amr_hai,2,Greece,Greece,0.58653,0.742108,1,France,Greece,1,0
France--Japan#amr_hai,France--Japan,amr_hai,1,France,France,0.37365,0.542016,1,France,Japan,1,0
France--Japan#amr_hai,France--Japan,amr_hai,2,Japan,Japan,0.302497,0.608095,1,France,Japan,1,0
France--United States#amr_hai,France--United States,amr_hai,1,France,France,0.37365,0.542016,1,France,United States,1,0
France--United States#amr_hai,France--United States,amr_hai,2,United States,United States,0.440022,0.576858,1,France,United States,1,0
Germany--Greece#amr_hai,Germany--Greece,amr_hai,1,Germany,Germany,0.479367,0.620904,1,Germany,Greece,1,0
Germany--Greece#amr_hai,Germany--Greece,amr_hai,2,Greece,Greece,0.58653,0.742108,1,Germany,Greece,1,0
Germany--Israel#amr_hai,Germany--Israel,amr_hai,1,Germany,Germany,0.479367,0.620904,1,Germany,Israel,1,0
Germany--Israel#amr_hai,Germany--Israel,amr_hai,2,Israel,Israel,0.535226,0.714031,1,Germany,Israel,1,0
Germany--Italy#amr_hai,Germany--Italy,amr_hai,1,Germany,Germany,0.479367,0.620904,1,Germany,Italy,1,0
Germany--Italy#amr_hai,Germany--Italy,amr_hai,2,Italy,Italy,0.491029,0.507028,1,Germany,Italy,1,0
Germany--Japan#amr_hai,Germany--Japan,amr_hai,1,Germany,Germany,0.479367,0.620904,1,Germany,Japan,1,0
Germany--Japan#amr_hai,Germany--Japan,amr_hai,2,Japan,Japan,0.302497,0.608095,1,Germany,Japan,1,0
Germany--Portugal#amr_hai,Germany--Portugal,amr_hai,1,Germany,Germany,0.479367,0.620904,1,Germany,Portugal,1,0
Germany--Portugal#amr_hai,Germany--Portugal,amr_hai,2,Portugal,Portugal,0.571774,0.657031,1,Germany,Portugal,1,0
Greece--Israel#amr_hai,Greece--Israel,amr_hai,1,Greece,Greece,0.58653,0.742108,1,Greece,Israel,1,0
Greece--Israel#amr_hai,Greece--Israel,amr_hai,2,Israel,Israel,0.535226,0.714031,1,Greece,Israel,1,0
Greece--Italy#amr_hai,Greece--Italy,amr_hai,1,Greece,Greece,0.58653,0.742108,1,Greece,Italy,1,0
Greece--Italy#amr_hai,Greece--Italy,amr_hai,2,Italy,Italy,0.491029,0.507028,1,Greece,Italy,1,0
Greece--Japan#amr_hai,Greece--Japan,amr_hai,1,Greece,Greece,0.58653,0.742108,1,Greece,Japan,1,0
Greece--Japan#amr_hai,Greece--Japan,amr_hai,2,Japan,Japan,0.302497,0.608095,1,Greece,Japan,1,0
Greece--Portugal#amr_hai,Greece--Portugal,amr_hai,1,Greece,Greece,0.58653,0.742108,1,Greece,Portugal,1,0
Greece--Portugal#amr_hai,Greece--Portugal,amr_hai,2,Portugal,Portugal,0.571774,0.657031,1,Greece,Portugal,1,0
Greece--Singapore#amr_hai,Greece--Singapore,amr_hai,1,Greece,Greece,0.58653,0.742108,1,Greece,Singapore,1,1
Greece--Singapore#amr_hai,Greece--Singapore,amr_hai,2,Singapore,Singapore,0.429978,0.539306,1,Greece,Singapore,1,1
Greece--Spain#amr_hai,Greece--Spain,amr_hai,1,Greece,Greece,0.58653,0.742108,1,Greece,Spain,1,0
Greece--Spain#amr_hai,Greece--Spain,amr_hai,2,Spain,Spain,0.55585,0.501818,1,Greece,Spain,1,0
Greece--United Kingdom#amr_hai,Greece--United Kingdom,amr_hai,1,Greece,Greece,0.58653,0.742108,1,Greece,United Kingdom,1,0
Greece--United Kingdom#amr_hai,Greece--United Kingdom,amr_hai,2,United Kingdom,United Kingdom,0.355643,0.570016,1,Greece,United Kingdom,1,0
Greece--United States#amr_hai,Greece--United States,amr_hai,1,Greece,Greece,0.58653,0.742108,1,Greece,United States,1,0
Greece--United States#amr_hai,Greece--United States,amr_hai,2,United States,United States,0.440022,0.576858,1,Greece,United States,1,0
Israel--Italy#amr_hai,Israel--Italy,amr_hai,1,Israel,Israel,0.535226,0.714031,1,Israel,Italy,1,0
Israel--Italy#amr_hai,Israel--Italy,amr_hai,2,Italy,Italy,0.491029,0.507028,1,Israel,Italy,1,0
Israel--Japan#amr_hai,Israel--Japan,amr_hai,1,Israel,Israel,0.535226,0.714031,1,Israel,Japan,1,0
Israel--Japan#amr_hai,Israel--Japan,amr_hai,2,Japan,Japan,0.302497,0.608095,1,Israel,Japan,1,0
Israel--Portugal#amr_hai,Israel--Portugal,amr_hai,1,Israel,Israel,0.535226,0.714031,1,Israel,Portugal,1,0
Israel--Portugal#amr_hai,Israel--Portugal,amr_hai,2,Portugal,Portugal,0.571774,0.657031,1,Israel,Portugal,1,0
Israel--Spain#amr_hai,Israel--Spain,amr_hai,1,Israel,Israel,0.535226,0.714031,1,Israel,Spain,1,0
Israel--Spain#amr_hai,Israel--Spain,amr_hai,2,Spain,Spain,0.55585,0.501818,1,Israel,Spain,1,0
Israel--United States#amr_hai,Israel--United States,amr_hai,1,Israel,Israel,0.535226,0.714031,1,Israel,United States,1,0
Israel--United States#amr_hai,Israel--United States,amr_hai,2,United States,United States,0.440022,0.576858,1,Israel,United States,1,0
Italy--Japan#amr_hai,Italy--Japan,amr_hai,1,Italy,Italy,0.491029,0.507028,1,Italy,Japan,1,0
Italy--Japan#amr_hai,Italy--Japan,amr_hai,2,Japan,Japan,0.302497,0.608095,1,Italy,Japan,1,0
Italy--United States#amr_hai,Italy--United States,amr_hai,1,Italy,Italy,0.491029,0.507028,1,Italy,United States,1,0
Italy--United States#amr_hai,Italy--United States,amr_hai,2,United States,United States,0.440022,0.576858,1,Italy,United States,1,0
Japan--Portugal#amr_hai,Japan--Portugal,amr_hai,1,Japan,Japan,0.302497,0.608095,1,Japan,Portugal,1,0
Japan--Portugal#amr_hai,Japan--Portugal,amr_hai,2,Portugal,Portugal,0.571774,0.657031,1,Japan,Portugal,1,0
Japan--Spain#amr_hai,Japan--Spain,amr_hai,1,Japan,Japan,0.302497,0.608095,1,Japan,Spain,1,0
Japan--Spain#amr_hai,Japan--Spain,amr_hai,2,Spain,Spain,0.55585,0.501818,1,Japan,Spain,1,0
Portugal--United States#amr_hai,Portugal--United States,amr_hai,1,Portugal,Portugal,0.571774,0.657031,1,Portugal,United States,1,0
Portugal--United States#amr_hai,Portugal--United States,amr_hai,2,United States,United States,0.440022,0.576858,1,Portugal,United States,1,0
Colombia--Ethiopia#tb,Colombia--Ethiopia,tb,1,Colombia,Colombia,0.61512,0.480456,1,Colombia,Ethiopia,1,0
Colombia--Ethiopia#tb,Colombia--Ethiopia,tb,2,Ethiopia,Ethiopia,0.413066,0.448775,1,Colombia,Ethiopia,1,0
Colombia--India#tb,Colombia--India,tb,1,Colombia,Colombia,0.61512,0.480456,1,Colombia,India,1,0
Colombia--India#tb,Colombia--India,tb,2,India,India,0.397173,0.572838,1,Colombia,India,1,0
Colombia--Indonesia#tb,Colombia--Indonesia,tb,1,Colombia,Colombia,0.61512,0.480456,1,Colombia,Indonesia,1,0
Colombia--Indonesia#tb,Colombia--Indonesia,tb,2,Indonesia,Indonesia,0.369414,0.492144,1,Colombia,Indonesia,1,0
Colombia--Netherlands#tb,Colombia--Netherlands,tb,1,Colombia,Colombia,0.61512,0.480456,1,Colombia,Netherlands,1,0
Colombia--Netherlands#tb,Colombia--Netherlands,tb,2,Netherlands,Netherlands,0.442831,0.641991,1,Colombia,Netherlands,1,0
Colombia--Singapore#tb,Colombia--Singapore,tb,1,Colombia,Colombia,0.61512,0.480456,1,Colombia,Singapore,1,1
Colombia--Singapore#tb,Colombia--Singapore,tb,2,Singapore,Singapore,0.429978,0.539306,1,Colombia,Singapore,1,1
Colombia--United States#tb,Colombia--United States,tb,1,Colombia,Colombia,0.61512,0.480456,1,Colombia,United States,1,0
Colombia--United States#tb,Colombia--United States,tb,2,United States,United States,0.440022,0.576858,1,Colombia,United States,1,0
Bangladesh--Canada#tb,Bangladesh--Canada,tb,1,Bangladesh,Bangladesh,0.325634,0.547236,1,Bangladesh,Canada,1,0
Bangladesh--Canada#tb,Bangladesh--Canada,tb,2,Canada,Canada,0.429902,0.670838,1,Bangladesh,Canada,1,0
Bangladesh--South Africa#tb,Bangladesh--South Africa,tb,1,Bangladesh,Bangladesh,0.325634,0.547236,1,Bangladesh,South Africa,1,0
Bangladesh--South Africa#tb,Bangladesh--South Africa,tb,2,South Africa,South Africa,0.354082,0.657729,1,Bangladesh,South Africa,1,0
Bangladesh--Sweden#tb,Bangladesh--Sweden,tb,1,Bangladesh,Bangladesh,0.325634,0.547236,1,Bangladesh,Sweden,1,0
Bangladesh--Sweden#tb,Bangladesh--Sweden,tb,2,Sweden,Sweden,0.304842,0.663705,1,Bangladesh,Sweden,1,0
Bangladesh--Viet Nam#tb,Bangladesh--Viet Nam,tb,1,Bangladesh,Bangladesh,0.325634,0.547236,1,Bangladesh,Viet Nam,1,0
Bangladesh--Viet Nam#tb,Bangladesh--Viet Nam,tb,2,Viet Nam,Viet Nam,0.306341,0.520662,1,Bangladesh,Viet Nam,1,0
Ethiopia--Sweden#tb,Ethiopia--Sweden,tb,1,Ethiopia,Ethiopia,0.413066,0.448775,1,Ethiopia,Sweden,1,0
Ethiopia--Sweden#tb,Ethiopia--Sweden,tb,2,Sweden,Sweden,0.304842,0.663705,1,Ethiopia,Sweden,1,0
Haiti--Sweden#tb,Haiti--Sweden,tb,1,Haiti,Haiti,0.197232,0.540579,1,Haiti,Sweden,1,0
Haiti--Sweden#tb,Haiti--Sweden,tb,2,Sweden,Sweden,0.304842,0.663705,1,Haiti,Sweden,1,0
Indonesia--Sweden#tb,Indonesia--Sweden,tb,1,Indonesia,Indonesia,0.369414,0.492144,1,Indonesia,Sweden,1,0
Indonesia--Sweden#tb,Indonesia--Sweden,tb,2,Sweden,Sweden,0.304842,0.663705,1,Indonesia,Sweden,1,0
Myanmar--Sweden#tb,Myanmar--Sweden,tb,1,Myanmar,Myanmar,0.19157,0.500134,1,Myanmar,Sweden,1,0
Myanmar--Sweden#tb,Myanmar--Sweden,tb,2,Sweden,Sweden,0.304842,0.663705,1,Myanmar,Sweden,1,0
Myanmar--Switzerland#tb,Myanmar--Switzerland,tb,1,Myanmar,Myanmar,0.19157,0.500134,1,Myanmar,Switzerland,1,0
Myanmar--Switzerland#tb,Myanmar--Switzerland,tb,2,Switzerland,Switzerland,0.407049,0.531378,1,Myanmar,Switzerland,1,0
Myanmar--Viet Nam#tb,Myanmar--Viet Nam,tb,1,Myanmar,Myanmar,0.19157,0.500134,1,Myanmar,Viet Nam,1,0
Myanmar--Viet Nam#tb,Myanmar--Viet Nam,tb,2,Viet Nam,Viet Nam,0.306341,0.520662,1,Myanmar,Viet Nam,1,0
Pakistan--Sweden#tb,Pakistan--Sweden,tb,1,Pakistan,Pakistan,0.35634,0.418637,1,Pakistan,Sweden,1,0
Pakistan--Sweden#tb,Pakistan--Sweden,tb,2,Sweden,Sweden,0.304842,0.663705,1,Pakistan,Sweden,1,0
Peru--Sweden#tb,Peru--Sweden,tb,1,Peru,Peru,0.260788,0.595863,1,Peru,Sweden,1,0
Peru--Sweden#tb,Peru--Sweden,tb,2,Sweden,Sweden,0.304842,0.663705,1,Peru,Sweden,1,0
Sweden--Switzerland#tb,Sweden--Switzerland,tb,1,Sweden,Sweden,0.304842,0.663705,1,Sweden,Switzerland,1,0
Sweden--Switzerland#tb,Sweden--Switzerland,tb,2,Switzerland,Switzerland,0.407049,0.531378,1,Sweden,Switzerland,1,0
Australia--Republic of Korea#tb,Australia--Republic of Korea,tb,1,Australia,Australia,0.390756,0.648197,1,Australia,Republic of Korea,1,0
Australia--Republic of Korea#tb,Australia--Republic of Korea,tb,2,Republic of Korea,Republic of Korea,0.226785,0.465839,1,Australia,Republic of Korea,1,0
Philippines--Republic of Korea#tb,Philippines--Republic of Korea,tb,1,Philippines,Philippines,0.403578,0.405159,1,Philippines,Republic of Korea,1,0
Philippines--Republic of Korea#tb,Philippines--Republic of Korea,tb,2,Republic of Korea,Republic of Korea,0.226785,0.465839,1,Philippines,Republic of Korea,1,0
Republic of Korea--Switzerland#tb,Republic of Korea--Switzerland,tb,1,Republic of Korea,Republic of Korea,0.226785,0.465839,1,Republic of Korea,Switzerland,1,0
Republic of Korea--Switzerland#tb,Republic of Korea--Switzerland,tb,2,Switzerland,Switzerland,0.407049,0.531378,1,Republic of Korea,Switzerland,1,0
Italy--Poland#tb,Italy--Poland,tb,1,Italy,Italy,0.491029,0.507028,1,Italy,Poland,1,0
Italy--Poland#tb,Italy--Poland,tb,2,Poland,Poland,0.501425,0.220652,1,Italy,Poland,1,0
Poland--Singapore#tb,Poland--Singapore,tb,1,Poland,Poland,0.501425,0.220652,1,Poland,Singapore,1,1
Poland--Singapore#tb,Poland--Singapore,tb,2,Singapore,Singapore,0.429978,0.539306,1,Poland,Singapore,1,1
Poland--United Kingdom#tb,Poland--United Kingdom,tb,1,Poland,Poland,0.501425,0.220652,1,Poland,United Kingdom,1,0
Poland--United Kingdom#tb,Poland--United Kingdom,tb,2,United Kingdom,United Kingdom,0.355643,0.570016,1,Poland,United Kingdom,1,0
Poland--United States#tb,Poland--United States,tb,1,Poland,Poland,0.501425,0.220652,1,Poland,United States,1,0
Poland--United States#tb,Poland--United States,tb,2,United States,United States,0.440022,0.576858,1,Poland,United States,1,0
China--Switzerland#amr_hai,China--Switzerland,amr_hai,1,China,China,0.331977,0.597918,1,China,Switzerland,1,0
China--Switzerland#amr_hai,China--Switzerland,amr_hai,2,Switzerland,Switzerland,0.407049,0.531378,1,China,Switzerland,1,0
Singapore--Switzerland#amr_hai,Singapore--Switzerland,amr_hai,1,Singapore,Singapore,0.429978,0.539306,1,Singapore,Switzerland,1,1
Singapore--Switzerland#amr_hai,Singapore--Switzerland,amr_hai,2,Switzerland,Switzerland,0.407049,0.531378,1,Singapore,Switzerland,1,1
Switzerland--United States#amr_hai,Switzerland--United States,amr_hai,1,Switzerland,Switzerland,0.407049,0.531378,1,Switzerland,United States,1,0
Switzerland--United States#amr_hai,Switzerland--United States,amr_hai,2,United States,United States,0.440022,0.576858,1,Switzerland,United States,1,0
Australia--China#tb,Australia--China,tb,1,Australia,Australia,0.390756,0.648197,1,Australia,China,1,0
Australia--China#tb,Australia--China,tb,2,China,China,0.331977,0.597918,1,Australia,China,1,0
Australia--Denmark#tb,Australia--Denmark,tb,1,Australia,Australia,0.390756,0.648197,1,Australia,Denmark,1,0
Australia--Denmark#tb,Australia--Denmark,tb,2,Denmark,Denmark,0.44304,0.500047,1,Australia,Denmark,1,0
Australia--France#tb,Australia--France,tb,1,Australia,Australia,0.390756,0.648197,1,Australia,France,1,0
Australia--France#tb,Australia--France,tb,2,France,France,0.37365,0.542016,1,Australia,France,1,0
Australia--Ukraine#tb,Australia--Ukraine,tb,1,Australia,Australia,0.390756,0.648197,1,Australia,Ukraine,1,0
Australia--Ukraine#tb,Australia--Ukraine,tb,2,Ukraine,Ukraine,0.496983,0.760106,1,Australia,Ukraine,1,0
Australia--Zambia#tb,Australia--Zambia,tb,1,Australia,Australia,0.390756,0.648197,1,Australia,Zambia,1,0
Australia--Zambia#tb,Australia--Zambia,tb,2,Zambia,Zambia,0.452671,0.736174,1,Australia,Zambia,1,0
Australia--Zimbabwe#tb,Australia--Zimbabwe,tb,1,Australia,Australia,0.390756,0.648197,1,Australia,Zimbabwe,1,0
Australia--Zimbabwe#tb,Australia--Zimbabwe,tb,2,Zimbabwe,Zimbabwe,0.459498,0.790704,1,Australia,Zimbabwe,1,0
Belgium--Sweden#tb,Belgium--Sweden,tb,1,Belgium,Belgium,0.487025,0.572301,1,Belgium,Sweden,1,0
Belgium--Sweden#tb,Belgium--Sweden,tb,2,Sweden,Sweden,0.304842,0.663705,1,Belgium,Sweden,1,0
Belgium--Ukraine#tb,Belgium--Ukraine,tb,1,Belgium,Belgium,0.487025,0.572301,1,Belgium,Ukraine,1,0
Belgium--Ukraine#tb,Belgium--Ukraine,tb,2,Ukraine,Ukraine,0.496983,0.760106,1,Belgium,Ukraine,1,0
Belgium--Zambia#tb,Belgium--Zambia,tb,1,Belgium,Belgium,0.487025,0.572301,1,Belgium,Zambia,1,0
Belgium--Zambia#tb,Belgium--Zambia,tb,2,Zambia,Zambia,0.452671,0.736174,1,Belgium,Zambia,1,0
Belgium--Zimbabwe#tb,Belgium--Zimbabwe,tb,1,Belgium,Belgium,0.487025,0.572301,1,Belgium,Zimbabwe,1,0
Belgium--Zimbabwe#tb,Belgium--Zimbabwe,tb,2,Zimbabwe,Zimbabwe,0.459498,0.790704,1,Belgium,Zimbabwe,1,0
Canada--Ukraine#tb,Canada--Ukraine,tb,1,Canada,Canada,0.429902,0.670838,1,Canada,Ukraine,1,0
Canada--Ukraine#tb,Canada--Ukraine,tb,2,Ukraine,Ukraine,0.496983,0.760106,1,Canada,Ukraine,1,0
Canada--Zimbabwe#tb,Canada--Zimbabwe,tb,1,Canada,Canada,0.429902,0.670838,1,Canada,Zimbabwe,1,0
Canada--Zimbabwe#tb,Canada--Zimbabwe,tb,2,Zimbabwe,Zimbabwe,0.459498,0.790704,1,Canada,Zimbabwe,1,0
China--South Africa#tb,China--South Africa,tb,1,China,China,0.331977,0.597918,1,China,South Africa,1,0
China--South Africa#tb,China--South Africa,tb,2,South Africa,South Africa,0.354082,0.657729,1,China,South Africa,1,0
China--Ukraine#tb,China--Ukraine,tb,1,China,China,0.331977,0.597918,1,China,Ukraine,1,0
China--Ukraine#tb,China--Ukraine,tb,2,Ukraine,Ukraine,0.496983,0.760106,1,China,Ukraine,1,0
China--Viet Nam#tb,China--Viet Nam,tb,1,China,China,0.331977,0.597918,1,China,Viet Nam,1,0
China--Viet Nam#tb,China--Viet Nam,tb,2,Viet Nam,Viet Nam,0.306341,0.520662,1,China,Viet Nam,1,0
China--Zambia#tb,China--Zambia,tb,1,China,China,0.331977,0.597918,1,China,Zambia,1,0
China--Zambia#tb,China--Zambia,tb,2,Zambia,Zambia,0.452671,0.736174,1,China,Zambia,1,0
China--Zimbabwe#tb,China--Zimbabwe,tb,1,China,China,0.331977,0.597918,1,China,Zimbabwe,1,0
China--Zimbabwe#tb,China--Zimbabwe,tb,2,Zimbabwe,Zimbabwe,0.459498,0.790704,1,China,Zimbabwe,1,0
Denmark--Sweden#tb,Denmark--Sweden,tb,1,Denmark,Denmark,0.44304,0.500047,1,Denmark,Sweden,1,0
Denmark--Sweden#tb,Denmark--Sweden,tb,2,Sweden,Sweden,0.304842,0.663705,1,Denmark,Sweden,1,0
Denmark--Ukraine#tb,Denmark--Ukraine,tb,1,Denmark,Denmark,0.44304,0.500047,1,Denmark,Ukraine,1,0
Denmark--Ukraine#tb,Denmark--Ukraine,tb,2,Ukraine,Ukraine,0.496983,0.760106,1,Denmark,Ukraine,1,0
Denmark--Zambia#tb,Denmark--Zambia,tb,1,Denmark,Denmark,0.44304,0.500047,1,Denmark,Zambia,1,0
Denmark--Zambia#tb,Denmark--Zambia,tb,2,Zambia,Zambia,0.452671,0.736174,1,Denmark,Zambia,1,0
Denmark--Zimbabwe#tb,Denmark--Zimbabwe,tb,1,Denmark,Denmark,0.44304,0.500047,1,Denmark,Zimbabwe,1,0
Denmark--Zimbabwe#tb,Denmark--Zimbabwe,tb,2,Zimbabwe,Zimbabwe,0.459498,0.790704,1,Denmark,Zimbabwe,1,0
France--Ukraine#tb,France--Ukraine,tb,1,France,France,0.37365,0.542016,1,France,Ukraine,1,0
France--Ukraine#tb,France--Ukraine,tb,2,Ukraine,Ukraine,0.496983,0.760106,1,France,Ukraine,1,0
France--Zambia#tb,France--Zambia,tb,1,France,France,0.37365,0.542016,1,France,Zambia,1,0
France--Zambia#tb,France--Zambia,tb,2,Zambia,Zambia,0.452671,0.736174,1,France,Zambia,1,0
France--Zimbabwe#tb,France--Zimbabwe,tb,1,France,France,0.37365,0.542016,1,France,Zimbabwe,1,0
France--Zimbabwe#tb,France--Zimbabwe,tb,2,Zimbabwe,Zimbabwe,0.459498,0.790704,1,France,Zimbabwe,1,0
India--Sweden#tb,India--Sweden,tb,1,India,India,0.397173,0.572838,1,India,Sweden,1,0
India--Sweden#tb,India--Sweden,tb,2,Sweden,Sweden,0.304842,0.663705,1,India,Sweden,1,0
India--Ukraine#tb,India--Ukraine,tb,1,India,India,0.397173,0.572838,1,India,Ukraine,1,0
India--Ukraine#tb,India--Ukraine,tb,2,Ukraine,Ukraine,0.496983,0.760106,1,India,Ukraine,1,0
India--Zambia#tb,India--Zambia,tb,1,India,India,0.397173,0.572838,1,India,Zambia,1,0
India--Zambia#tb,India--Zambia,tb,2,Zambia,Zambia,0.452671,0.736174,1,India,Zambia,1,0
India--Zimbabwe#tb,India--Zimbabwe,tb,1,India,India,0.397173,0.572838,1,India,Zimbabwe,1,0
India--Zimbabwe#tb,India--Zimbabwe,tb,2,Zimbabwe,Zimbabwe,0.459498,0.790704,1,India,Zimbabwe,1,0
Netherlands--South Africa#tb,Netherlands--South Africa,tb,1,Netherlands,Netherlands,0.442831,0.641991,1,Netherlands,South Africa,1,0
Netherlands--South Africa#tb,Netherlands--South Africa,tb,2,South Africa,South Africa,0.354082,0.657729,1,Netherlands,South Africa,1,0
Netherlands--Sweden#tb,Netherlands--Sweden,tb,1,Netherlands,Netherlands,0.442831,0.641991,1,Netherlands,Sweden,1,0
Netherlands--Sweden#tb,Netherlands--Sweden,tb,2,Sweden,Sweden,0.304842,0.663705,1,Netherlands,Sweden,1,0
Netherlands--Ukraine#tb,Netherlands--Ukraine,tb,1,Netherlands,Netherlands,0.442831,0.641991,1,Netherlands,Ukraine,1,0
Netherlands--Ukraine#tb,Netherlands--Ukraine,tb,2,Ukraine,Ukraine,0.496983,0.760106,1,Netherlands,Ukraine,1,0
Netherlands--Viet Nam#tb,Netherlands--Viet Nam,tb,1,Netherlands,Netherlands,0.442831,0.641991,1,Netherlands,Viet Nam,1,0
Netherlands--Viet Nam#tb,Netherlands--Viet Nam,tb,2,Viet Nam,Viet Nam,0.306341,0.520662,1,Netherlands,Viet Nam,1,0
Netherlands--Zambia#tb,Netherlands--Zambia,tb,1,Netherlands,Netherlands,0.442831,0.641991,1,Netherlands,Zambia,1,0
Netherlands--Zambia#tb,Netherlands--Zambia,tb,2,Zambia,Zambia,0.452671,0.736174,1,Netherlands,Zambia,1,0
Netherlands--Zimbabwe#tb,Netherlands--Zimbabwe,tb,1,Netherlands,Netherlands,0.442831,0.641991,1,Netherlands,Zimbabwe,1,0
Netherlands--Zimbabwe#tb,Netherlands--Zimbabwe,tb,2,Zimbabwe,Zimbabwe,0.459498,0.790704,1,Netherlands,Zimbabwe,1,0
Singapore--Ukraine#tb,Singapore--Ukraine,tb,1,Singapore,Singapore,0.429978,0.539306,1,Singapore,Ukraine,1,1
Singapore--Ukraine#tb,Singapore--Ukraine,tb,2,Ukraine,Ukraine,0.496983,0.760106,1,Singapore,Ukraine,1,1
Singapore--Zimbabwe#tb,Singapore--Zimbabwe,tb,1,Singapore,Singapore,0.429978,0.539306,1,Singapore,Zimbabwe,1,1
Singapore--Zimbabwe#tb,Singapore--Zimbabwe,tb,2,Zimbabwe,Zimbabwe,0.459498,0.790704,1,Singapore,Zimbabwe,1,1
South Africa--Ukraine#tb,South Africa--Ukraine,tb,1,South Africa,South Africa,0.354082,0.657729,1,South Africa,Ukraine,1,0
South Africa--Ukraine#tb,South Africa--Ukraine,tb,2,Ukraine,Ukraine,0.496983,0.760106,1,South Africa,Ukraine,1,0
South Africa--Zimbabwe#tb,South Africa--Zimbabwe,tb,1,South Africa,South Africa,0.354082,0.657729,1,South Africa,Zimbabwe,1,0
South Africa--Zimbabwe#tb,South Africa--Zimbabwe,tb,2,Zimbabwe,Zimbabwe,0.459498,0.790704,1,South Africa,Zimbabwe,1,0
Sweden--Ukraine#tb,Sweden--Ukraine,tb,1,Sweden,Sweden,0.304842,0.663705,1,Sweden,Ukraine,1,0
Sweden--Ukraine#tb,Sweden--Ukraine,tb,2,Ukraine,Ukraine,0.496983,0.760106,1,Sweden,Ukraine,1,0
Sweden--Zambia#tb,Sweden--Zambia,tb,1,Sweden,Sweden,0.304842,0.663705,1,Sweden,Zambia,1,0
Sweden--Zambia#tb,Sweden--Zambia,tb,2,Zambia,Zambia,0.452671,0.736174,1,Sweden,Zambia,1,0
Sweden--Zimbabwe#tb,Sweden--Zimbabwe,tb,1,Sweden,Sweden,0.304842,0.663705,1,Sweden,Zimbabwe,1,0
Sweden--Zimbabwe#tb,Sweden--Zimbabwe,tb,2,Zimbabwe,Zimbabwe,0.459498,0.790704,1,Sweden,Zimbabwe,1,0
Ukraine--United Kingdom#tb,Ukraine--United Kingdom,tb,1,Ukraine,Ukraine,0.496983,0.760106,1,Ukraine,United Kingdom,1,0
Ukraine--United Kingdom#tb,Ukraine--United Kingdom,tb,2,United Kingdom,United Kingdom,0.355643,0.570016,1,Ukraine,United Kingdom,1,0
Ukraine--United States#tb,Ukraine--United States,tb,1,Ukraine,Ukraine,0.496983,0.760106,1,Ukraine,United States,1,0
Ukraine--United States#tb,Ukraine--United States,tb,2,United States,United States,0.440022,0.576858,1,Ukraine,United States,1,0
Ukraine--Viet Nam#tb,Ukraine--Viet Nam,tb,1,Ukraine,Ukraine,0.496983,0.760106,1,Ukraine,Viet Nam,1,0
Ukraine--Viet Nam#tb,Ukraine--Viet Nam,tb,2,Viet Nam,Viet Nam,0.306341,0.520662,1,Ukraine,Viet Nam,1,0
Ukraine--Zambia#tb,Ukraine--Zambia,tb,1,Ukraine,Ukraine,0.496983,0.760106,1,Ukraine,Zambia,1,0
Ukraine--Zambia#tb,Ukraine--Zambia,tb,2,Zambia,Zambia,0.452671,0.736174,1,Ukraine,Zambia,1,0
Ukraine--Zimbabwe#tb,Ukraine--Zimbabwe,tb,1,Ukraine,Ukraine,0.496983,0.760106,1,Ukraine,Zimbabwe,1,0
Ukraine--Zimbabwe#tb,Ukraine--Zimbabwe,tb,2,Zimbabwe,Zimbabwe,0.459498,0.790704,1,Ukraine,Zimbabwe,1,0
United Kingdom--Zimbabwe#tb,United Kingdom--Zimbabwe,tb,1,United Kingdom,United Kingdom,0.355643,0.570016,1,United Kingdom,Zimbabwe,1,0
United Kingdom--Zimbabwe#tb,United Kingdom--Zimbabwe,tb,2,Zimbabwe,Zimbabwe,0.459498,0.790704,1,United Kingdom,Zimbabwe,1,0
United States--Zambia#tb,United States--Zambia,tb,1,United States,United States,0.440022,0.576858,1,United States,Zambia,1,0
United States--Zambia#tb,United States--Zambia,tb,2,Zambia,Zambia,0.452671,0.736174,1,United States,Zambia,1,0
United States--Zimbabwe#tb,United States--Zimbabwe,tb,1,United States,United States,0.440022,0.576858,1,United States,Zimbabwe,1,0
United States--Zimbabwe#tb,United States--Zimbabwe,tb,2,Zimbabwe,Zimbabwe,0.459498,0.790704,1,United States,Zimbabwe,1,0
Viet Nam--Zambia#tb,Viet Nam--Zambia,tb,1,Viet Nam,Viet Nam,0.306341,0.520662,1,Viet Nam,Zambia,1,0
Viet Nam--Zambia#tb,Viet Nam--Zambia,tb,2,Zambia,Zambia,0.452671,0.736174,1,Viet Nam,Zambia,1,0
Viet Nam--Zimbabwe#tb,Viet Nam--Zimbabwe,tb,1,Viet Nam,Viet Nam,0.306341,0.520662,1,Viet Nam,Zimbabwe,1,0
Viet Nam--Zimbabwe#tb,Viet Nam--Zimbabwe,tb,2,Zimbabwe,Zimbabwe,0.459498,0.790704,1,Viet Nam,Zimbabwe,1,0
Zambia--Zimbabwe#tb,Zambia--Zimbabwe,tb,1,Zambia,Zambia,0.452671,0.736174,1,Zambia,Zimbabwe,1,0
Zambia--Zimbabwe#tb,Zambia--Zimbabwe,tb,2,Zimbabwe,Zimbabwe,0.459498,0.790704,1,Zambia,Zimbabwe,1,0
Australia--United Kingdom#sti,Australia--United Kingdom,sti,1,Australia,Australia,0.390756,0.648197,1,Australia,United Kingdom,1,0
Australia--United Kingdom#sti,Australia--United Kingdom,sti,2,United Kingdom,United Kingdom,0.355643,0.570016,1,Australia,United Kingdom,1,0
Australia--United States#sti,Australia--United States,sti,1,Australia,Australia,0.390756,0.648197,1,Australia,United States,1,0
Australia--United States#sti,Australia--United States,sti,2,United States,United States,0.440022,0.576858,1,Australia,United States,1,0
Cambodia--United Kingdom#sti,Cambodia--United Kingdom,sti,1,Cambodia,Cambodia,0.216351,0.576345,1,Cambodia,United Kingdom,1,0
Cambodia--United Kingdom#sti,Cambodia--United Kingdom,sti,2,United Kingdom,United Kingdom,0.355643,0.570016,1,Cambodia,United Kingdom,1,0
Australia--Italy#vector_borne,Australia--Italy,vector_borne,1,Australia,Australia,0.390756,0.648197,1,Australia,Italy,1,0
Australia--Italy#vector_borne,Australia--Italy,vector_borne,2,Italy,Italy,0.491029,0.507028,1,Australia,Italy,1,0
Australia--Spain#vector_borne,Australia--Spain,vector_borne,1,Australia,Australia,0.390756,0.648197,1,Australia,Spain,1,0
Australia--Spain#vector_borne,Australia--Spain,vector_borne,2,Spain,Spain,0.55585,0.501818,1,Australia,Spain,1,0
Brazil--Italy#vector_borne,Brazil--Italy,vector_borne,1,Brazil,Brazil,0.412471,0.61443,1,Brazil,Italy,1,0
Brazil--Italy#vector_borne,Brazil--Italy,vector_borne,2,Italy,Italy,0.491029,0.507028,1,Brazil,Italy,1,0
Brazil--Spain#vector_borne,Brazil--Spain,vector_borne,1,Brazil,Brazil,0.412471,0.61443,1,Brazil,Spain,1,0
Brazil--Spain#vector_borne,Brazil--Spain,vector_borne,2,Spain,Spain,0.55585,0.501818,1,Brazil,Spain,1,0
Italy--Singapore#vector_borne,Italy--Singapore,vector_borne,1,Italy,Italy,0.491029,0.507028,1,Italy,Singapore,1,1
Italy--Singapore#vector_borne,Italy--Singapore,vector_borne,2,Singapore,Singapore,0.429978,0.539306,1,Italy,Singapore,1,1
Italy--Spain#vector_borne,Italy--Spain,vector_borne,1,Italy,Italy,0.491029,0.507028,1,Italy,Spain,1,0
Italy--Spain#vector_borne,Italy--Spain,vector_borne,2,Spain,Spain,0.55585,0.501818,1,Italy,Spain,1,0
Italy--United States#vector_borne,Italy--United States,vector_borne,1,Italy,Italy,0.491029,0.507028,1,Italy,United States,1,0
Italy--United States#vector_borne,Italy--United States,vector_borne,2,United States,United States,0.440022,0.576858,1,Italy,United States,1,0
Spain--United States#vector_borne,Spain--United States,vector_borne,1,Spain,Spain,0.55585,0.501818,1,Spain,United States,1,0
Spain--United States#vector_borne,Spain--United States,vector_borne,2,United States,United States,0.440022,0.576858,1,Spain,United States,1,0
India--Thailand#tb,India--Thailand,tb,1,India,India,0.397173,0.572838,1,India,Thailand,1,0
India--Thailand#tb,India--Thailand,tb,2,Thailand,Thailand,0.336992,0.46232,1,India,Thailand,1,0
Indonesia--Thailand#tb,Indonesia--Thailand,tb,1,Indonesia,Indonesia,0.369414,0.492144,1,Indonesia,Thailand,1,0
Indonesia--Thailand#tb,Indonesia--Thailand,tb,2,Thailand,Thailand,0.336992,0.46232,1,Indonesia,Thailand,1,0
Indonesia--Uganda#tb,Indonesia--Uganda,tb,1,Indonesia,Indonesia,0.369414,0.492144,1,Indonesia,Uganda,1,0
Indonesia--Uganda#tb,Indonesia--Uganda,tb,2,Uganda,Uganda,0.542037,0.561668,1,Indonesia,Uganda,1,0
Philippines--Uganda#tb,Philippines--Uganda,tb,1,Philippines,Philippines,0.403578,0.405159,1,Philippines,Uganda,1,0
Philippines--Uganda#tb,Philippines--Uganda,tb,2,Uganda,Uganda,0.542037,0.561668,1,Philippines,Uganda,1,0
Thailand--Uganda#tb,Thailand--Uganda,tb,1,Thailand,Thailand,0.336992,0.46232,1,Thailand,Uganda,1,0
Thailand--Uganda#tb,Thailand--Uganda,tb,2,Uganda,Uganda,0.542037,0.561668,1,Thailand,Uganda,1,0
Thailand--United Kingdom#tb,Thailand--United Kingdom,tb,1,Thailand,Thailand,0.336992,0.46232,1,Thailand,United Kingdom,1,0
Thailand--United Kingdom#tb,Thailand--United Kingdom,tb,2,United Kingdom,United Kingdom,0.355643,0.570016,1,Thailand,United Kingdom,1,0
Spain--United Kingdom#vector_borne,Spain--United Kingdom,vector_borne,1,Spain,Spain,0.55585,0.501818,1,Spain,United Kingdom,1,0
Spain--United Kingdom#vector_borne,Spain--United Kingdom,vector_borne,2,United Kingdom,United Kingdom,0.355643,0.570016,1,Spain,United Kingdom,1,0
Belgium--Ghana#sti,Belgium--Ghana,sti,1,Belgium,Belgium,0.487025,0.572301,1,Belgium,Ghana,1,0
Belgium--Ghana#sti,Belgium--Ghana,sti,2,Ghana,Ghana,0.566219,0.881377,1,Belgium,Ghana,1,0
Belgium--Kenya#sti,Belgium--Kenya,sti,1,Belgium,Belgium,0.487025,0.572301,1,Belgium,Kenya,1,0
Belgium--Kenya#sti,Belgium--Kenya,sti,2,Kenya,Kenya,0.39613,0.758485,1,Belgium,Kenya,1,0
Belgium--Singapore#sti,Belgium--Singapore,sti,1,Belgium,Belgium,0.487025,0.572301,1,Belgium,Singapore,1,1
Belgium--Singapore#sti,Belgium--Singapore,sti,2,Singapore,Singapore,0.429978,0.539306,1,Belgium,Singapore,1,1
Belgium--South Africa#sti,Belgium--South Africa,sti,1,Belgium,Belgium,0.487025,0.572301,1,Belgium,South Africa,1,0
Belgium--South Africa#sti,Belgium--South Africa,sti,2,South Africa,South Africa,0.354082,0.657729,1,Belgium,South Africa,1,0
Belgium--Uganda#sti,Belgium--Uganda,sti,1,Belgium,Belgium,0.487025,0.572301,1,Belgium,Uganda,1,0
Belgium--Uganda#sti,Belgium--Uganda,sti,2,Uganda,Uganda,0.542037,0.561668,1,Belgium,Uganda,1,0
Belgium--United Kingdom#sti,Belgium--United Kingdom,sti,1,Belgium,Belgium,0.487025,0.572301,1,Belgium,United Kingdom,1,0
Belgium--United Kingdom#sti,Belgium--United Kingdom,sti,2,United Kingdom,United Kingdom,0.355643,0.570016,1,Belgium,United Kingdom,1,0
Ghana--Kenya#sti,Ghana--Kenya,sti,1,Ghana,Ghana,0.566219,0.881377,1,Ghana,Kenya,1,0
Ghana--Kenya#sti,Ghana--Kenya,sti,2,Kenya,Kenya,0.39613,0.758485,1,Ghana,Kenya,1,0
Ghana--Singapore#sti,Ghana--Singapore,sti,1,Ghana,Ghana,0.566219,0.881377,1,Ghana,Singapore,1,1
Ghana--Singapore#sti,Ghana--Singapore,sti,2,Singapore,Singapore,0.429978,0.539306,1,Ghana,Singapore,1,1
Ghana--South Africa#sti,Ghana--South Africa,sti,1,Ghana,Ghana,0.566219,0.881377,1,Ghana,South Africa,1,0
Ghana--South Africa#sti,Ghana--South Africa,sti,2,South Africa,South Africa,0.354082,0.657729,1,Ghana,South Africa,1,0
Ghana--Uganda#sti,Ghana--Uganda,sti,1,Ghana,Ghana,0.566219,0.881377,1,Ghana,Uganda,1,0
Ghana--Uganda#sti,Ghana--Uganda,sti,2,Uganda,Uganda,0.542037,0.561668,1,Ghana,Uganda,1,0
Ghana--United Kingdom#sti,Ghana--United Kingdom,sti,1,Ghana,Ghana,0.566219,0.881377,1,Ghana,United Kingdom,1,0
Ghana--United Kingdom#sti,Ghana--United Kingdom,sti,2,United Kingdom,United Kingdom,0.355643,0.570016,1,Ghana,United Kingdom,1,0
Kenya--Singapore#sti,Kenya--Singapore,sti,1,Kenya,Kenya,0.39613,0.758485,1,Kenya,Singapore,1,1
Kenya--Singapore#sti,Kenya--Singapore,sti,2,Singapore,Singapore,0.429978,0.539306,1,Kenya,Singapore,1,1
Kenya--South Africa#sti,Kenya--South Africa,sti,1,Kenya,Kenya,0.39613,0.758485,1,Kenya,South Africa,1,0
Kenya--South Africa#sti,Kenya--South Africa,sti,2,South Africa,South Africa,0.354082,0.657729,1,Kenya,South Africa,1,0
Kenya--Uganda#sti,Kenya--Uganda,sti,1,Kenya,Kenya,0.39613,0.758485,1,Kenya,Uganda,1,0
Kenya--Uganda#sti,Kenya--Uganda,sti,2,Uganda,Uganda,0.542037,0.561668,1,Kenya,Uganda,1,0
Kenya--United Kingdom#sti,Kenya--United Kingdom,sti,1,Kenya,Kenya,0.39613,0.758485,1,Kenya,United Kingdom,1,0
Kenya--United Kingdom#sti,Kenya--United Kingdom,sti,2,United Kingdom,United Kingdom,0.355643,0.570016,1,Kenya,United Kingdom,1,0
Singapore--Uganda#sti,Singapore--Uganda,sti,1,Singapore,Singapore,0.429978,0.539306,1,Singapore,Uganda,1,1
Singapore--Uganda#sti,Singapore--Uganda,sti,2,Uganda,Uganda,0.542037,0.561668,1,Singapore,Uganda,1,1
South Africa--Uganda#sti,South Africa--Uganda,sti,1,South Africa,South Africa,0.354082,0.657729,1,South Africa,Uganda,1,0
South Africa--Uganda#sti,South Africa--Uganda,sti,2,Uganda,Uganda,0.542037,0.561668,1,South Africa,Uganda,1,0
Uganda--United Kingdom#sti,Uganda--United Kingdom,sti,1,Uganda,Uganda,0.542037,0.561668,1,Uganda,United Kingdom,1,0
Uganda--United Kingdom#sti,Uganda--United Kingdom,sti,2,United Kingdom,United Kingdom,0.355643,0.570016,1,Uganda,United Kingdom,1,0
Belgium--Germany#tb,Belgium--Germany,tb,1,Belgium,Belgium,0.487025,0.572301,1,Belgium,Germany,1,0
Belgium--Germany#tb,Belgium--Germany,tb,2,Germany,Germany,0.479367,0.620904,1,Belgium,Germany,1,0
Belgium--Peru#tb,Belgium--Peru,tb,1,Belgium,Belgium,0.487025,0.572301,1,Belgium,Peru,1,0
Belgium--Peru#tb,Belgium--Peru,tb,2,Peru,Peru,0.260788,0.595863,1,Belgium,Peru,1,0
Germany--Italy#tb,Germany--Italy,tb,1,Germany,Germany,0.479367,0.620904,1,Germany,Italy,1,0
Germany--Italy#tb,Germany--Italy,tb,2,Italy,Italy,0.491029,0.507028,1,Germany,Italy,1,0
Germany--Pakistan#tb,Germany--Pakistan,tb,1,Germany,Germany,0.479367,0.620904,1,Germany,Pakistan,1,0
Germany--Pakistan#tb,Germany--Pakistan,tb,2,Pakistan,Pakistan,0.35634,0.418637,1,Germany,Pakistan,1,0
Germany--Peru#tb,Germany--Peru,tb,1,Germany,Germany,0.479367,0.620904,1,Germany,Peru,1,0
Germany--Peru#tb,Germany--Peru,tb,2,Peru,Peru,0.260788,0.595863,1,Germany,Peru,1,0
Germany--Viet Nam#tb,Germany--Viet Nam,tb,1,Germany,Germany,0.479367,0.620904,1,Germany,Viet Nam,1,0
Germany--Viet Nam#tb,Germany--Viet Nam,tb,2,Viet Nam,Viet Nam,0.306341,0.520662,1,Germany,Viet Nam,1,0
India--Peru#tb,India--Peru,tb,1,India,India,0.397173,0.572838,1,India,Peru,1,0
India--Peru#tb,India--Peru,tb,2,Peru,Peru,0.260788,0.595863,1,India,Peru,1,0
Italy--Peru#tb,Italy--Peru,tb,1,Italy,Italy,0.491029,0.507028,1,Italy,Peru,1,0
Italy--Peru#tb,Italy--Peru,tb,2,Peru,Peru,0.260788,0.595863,1,Italy,Peru,1,0
Italy--South Africa#tb,Italy--South Africa,tb,1,Italy,Italy,0.491029,0.507028,1,Italy,South Africa,1,0
Italy--South Africa#tb,Italy--South Africa,tb,2,South Africa,South Africa,0.354082,0.657729,1,Italy,South Africa,1,0
Italy--Viet Nam#tb,Italy--Viet Nam,tb,1,Italy,Italy,0.491029,0.507028,1,Italy,Viet Nam,1,0
Italy--Viet Nam#tb,Italy--Viet Nam,tb,2,Viet Nam,Viet Nam,0.306341,0.520662,1,Italy,Viet Nam,1,0
Norway--Pakistan#tb,Norway--Pakistan,tb,1,Norway,Norway,0.33887,0.0,1,Norway,Pakistan,1,0
Norway--Pakistan#tb,Norway--Pakistan,tb,2,Pakistan,Pakistan,0.35634,0.418637,1,Norway,Pakistan,1,0
Norway--Singapore#tb,Norway--Singapore,tb,1,Norway,Norway,0.33887,0.0,1,Norway,Singapore,1,1
Norway--Singapore#tb,Norway--Singapore,tb,2,Singapore,Singapore,0.429978,0.539306,1,Norway,Singapore,1,1
France--Singapore#other_id,France--Singapore,other_id,1,France,France,0.37365,0.542016,1,France,Singapore,1,1
France--Singapore#other_id,France--Singapore,other_id,2,Singapore,Singapore,0.429978,0.539306,1,France,Singapore,1,1
France--Switzerland#other_id,France--Switzerland,other_id,1,France,France,0.37365,0.542016,1,France,Switzerland,1,0
France--Switzerland#other_id,France--Switzerland,other_id,2,Switzerland,Switzerland,0.407049,0.531378,1,France,Switzerland,1,0
France--United States#other_id,France--United States,other_id,1,France,France,0.37365,0.542016,1,France,United States,1,0
France--United States#other_id,France--United States,other_id,2,United States,United States,0.440022,0.576858,1,France,United States,1,0
Philippines--Sweden#tb,Philippines--Sweden,tb,1,Philippines,Philippines,0.403578,0.405159,1,Philippines,Sweden,1,0
Philippines--Sweden#tb,Philippines--Sweden,tb,2,Sweden,Sweden,0.304842,0.663705,1,Philippines,Sweden,1,0
Philippines--Viet Nam#tb,Philippines--Viet Nam,tb,1,Philippines,Philippines,0.403578,0.405159,1,Philippines,Viet Nam,1,0
Philippines--Viet Nam#tb,Philippines--Viet Nam,tb,2,Viet Nam,Viet Nam,0.306341,0.520662,1,Philippines,Viet Nam,1,0
Belgium--Mongolia#tb,Belgium--Mongolia,tb,1,Belgium,Belgium,0.487025,0.572301,1,Belgium,Mongolia,1,0
Belgium--Mongolia#tb,Belgium--Mongolia,tb,2,Mongolia,Mongolia,0.328662,0.366715,1,Belgium,Mongolia,1,0
Belgium--Taiwan#tb,Belgium--Taiwan,tb,1,Belgium,Belgium,0.487025,0.572301,1,Belgium,Taiwan,1,0
Belgium--Taiwan#tb,Belgium--Taiwan,tb,2,Taiwan,Taiwan,0.310266,0.423686,1,Belgium,Taiwan,1,0
Belgium--Uganda#tb,Belgium--Uganda,tb,1,Belgium,Belgium,0.487025,0.572301,1,Belgium,Uganda,1,0
Belgium--Uganda#tb,Belgium--Uganda,tb,2,Uganda,Uganda,0.542037,0.561668,1,Belgium,Uganda,1,0
Ethiopia--Mongolia#tb,Ethiopia--Mongolia,tb,1,Ethiopia,Ethiopia,0.413066,0.448775,1,Ethiopia,Mongolia,1,0
Ethiopia--Mongolia#tb,Ethiopia--Mongolia,tb,2,Mongolia,Mongolia,0.328662,0.366715,1,Ethiopia,Mongolia,1,0
Ethiopia--Taiwan#tb,Ethiopia--Taiwan,tb,1,Ethiopia,Ethiopia,0.413066,0.448775,1,Ethiopia,Taiwan,1,0
Ethiopia--Taiwan#tb,Ethiopia--Taiwan,tb,2,Taiwan,Taiwan,0.310266,0.423686,1,Ethiopia,Taiwan,1,0
Ethiopia--Uganda#tb,Ethiopia--Uganda,tb,1,Ethiopia,Ethiopia,0.413066,0.448775,1,Ethiopia,Uganda,1,0
Ethiopia--Uganda#tb,Ethiopia--Uganda,tb,2,Uganda,Uganda,0.542037,0.561668,1,Ethiopia,Uganda,1,0
France--Mongolia#tb,France--Mongolia,tb,1,France,France,0.37365,0.542016,1,France,Mongolia,1,0
France--Mongolia#tb,France--Mongolia,tb,2,Mongolia,Mongolia,0.328662,0.366715,1,France,Mongolia,1,0
France--Uganda#tb,France--Uganda,tb,1,France,France,0.37365,0.542016,1,France,Uganda,1,0
France--Uganda#tb,France--Uganda,tb,2,Uganda,Uganda,0.542037,0.561668,1,France,Uganda,1,0
India--Mongolia#tb,India--Mongolia,tb,1,India,India,0.397173,0.572838,1,India,Mongolia,1,0
India--Mongolia#tb,India--Mongolia,tb,2,Mongolia,Mongolia,0.328662,0.366715,1,India,Mongolia,1,0
Mongolia--South Africa#tb,Mongolia--South Africa,tb,1,Mongolia,Mongolia,0.328662,0.366715,1,Mongolia,South Africa,1,0
Mongolia--South Africa#tb,Mongolia--South Africa,tb,2,South Africa,South Africa,0.354082,0.657729,1,Mongolia,South Africa,1,0
Mongolia--Taiwan#tb,Mongolia--Taiwan,tb,1,Mongolia,Mongolia,0.328662,0.366715,1,Mongolia,Taiwan,1,0
Mongolia--Taiwan#tb,Mongolia--Taiwan,tb,2,Taiwan,Taiwan,0.310266,0.423686,1,Mongolia,Taiwan,1,0
Mongolia--Uganda#tb,Mongolia--Uganda,tb,1,Mongolia,Mongolia,0.328662,0.366715,1,Mongolia,Uganda,1,0
Mongolia--Uganda#tb,Mongolia--Uganda,tb,2,Uganda,Uganda,0.542037,0.561668,1,Mongolia,Uganda,1,0
South Africa--Uganda#tb,South Africa--Uganda,tb,1,South Africa,South Africa,0.354082,0.657729,1,South Africa,Uganda,1,0
South Africa--Uganda#tb,South Africa--Uganda,tb,2,Uganda,Uganda,0.542037,0.561668,1,South Africa,Uganda,1,0
Taiwan--Uganda#tb,Taiwan--Uganda,tb,1,Taiwan,Taiwan,0.310266,0.423686,1,Taiwan,Uganda,1,0
Taiwan--Uganda#tb,Taiwan--Uganda,tb,2,Uganda,Uganda,0.542037,0.561668,1,Taiwan,Uganda,1,0
Uganda--United States#tb,Uganda--United States,tb,1,Uganda,Uganda,0.542037,0.561668,1,Uganda,United States,1,0
Uganda--United States#tb,Uganda--United States,tb,2,United States,United States,0.440022,0.576858,1,Uganda,United States,1,0
Thailand--United States#tb,Thailand--United States,tb,1,Thailand,Thailand,0.336992,0.46232,1,Thailand,United States,1,0
Thailand--United States#tb,Thailand--United States,tb,2,United States,United States,0.440022,0.576858,1,Thailand,United States,1,0
Germany--Zambia#tb,Germany--Zambia,tb,1,Germany,Germany,0.479367,0.620904,1,Germany,Zambia,1,0
Germany--Zambia#tb,Germany--Zambia,tb,2,Zambia,Zambia,0.452671,0.736174,1,Germany,Zambia,1,0
Switzerland--Zambia#tb,Switzerland--Zambia,tb,1,Switzerland,Switzerland,0.407049,0.531378,1,Switzerland,Zambia,1,0
Switzerland--Zambia#tb,Switzerland--Zambia,tb,2,Zambia,Zambia,0.452671,0.736174,1,Switzerland,Zambia,1,0
Germany--Taiwan#tb,Germany--Taiwan,tb,1,Germany,Germany,0.479367,0.620904,1,Germany,Taiwan,1,0
Germany--Taiwan#tb,Germany--Taiwan,tb,2,Taiwan,Taiwan,0.310266,0.423686,1,Germany,Taiwan,1,0
Malaysia--United Kingdom#tb,Malaysia--United Kingdom,tb,1,Malaysia,Malaysia,0.277414,0.425437,1,Malaysia,United Kingdom,1,0
Malaysia--United Kingdom#tb,Malaysia--United Kingdom,tb,2,United Kingdom,United Kingdom,0.355643,0.570016,1,Malaysia,United Kingdom,1,0
Singapore--United States#ALL,Singapore--United States,ALL,1,Singapore,Singapore,0.429978,0.539306,98,Singapore,United States,1,1
Singapore--United States#ALL,Singapore--United States,ALL,2,United States,United States,0.440022,0.576858,98,Singapore,United States,1,1
Singapore--United Kingdom#ALL,Singapore--United Kingdom,ALL,1,Singapore,Singapore,0.429978,0.539306,91,Singapore,United Kingdom,1,1
Singapore--United Kingdom#ALL,Singapore--United Kingdom,ALL,2,United Kingdom,United Kingdom,0.355643,0.570016,91,Singapore,United Kingdom,1,1
United Kingdom--United States#ALL,United Kingdom--United States,ALL,1,United Kingdom,United Kingdom,0.355643,0.570016,40,United Kingdom,United States,1,0
United Kingdom--United States#ALL,United Kingdom--United States,ALL,2,United States,United States,0.440022,0.576858,40,United Kingdom,United States,1,0
Australia--Singapore#ALL,Australia--Singapore,ALL,1,Australia,Australia,0.390756,0.648197,51,Australia,Singapore,1,1
Australia--Singapore#ALL,Australia--Singapore,ALL,2,Singapore,Singapore,0.429978,0.539306,51,Australia,Singapore,1,1
France--Singapore#ALL,France--Singapore,ALL,1,France,France,0.37365,0.542016,28,France,Singapore,1,1
France--Singapore#ALL,France--Singapore,ALL,2,Singapore,Singapore,0.429978,0.539306,28,France,Singapore,1,1
France--United Kingdom#ALL,France--United Kingdom,ALL,1,France,France,0.37365,0.542016,20,France,United Kingdom,1,0
France--United Kingdom#ALL,France--United Kingdom,ALL,2,United Kingdom,United Kingdom,0.355643,0.570016,20,France,United Kingdom,1,0
France--United States#ALL,France--United States,ALL,1,France,France,0.37365,0.542016,18,France,United States,1,0
France--United States#ALL,France--United States,ALL,2,United States,United States,0.440022,0.576858,18,France,United States,1,0
China--Singapore#ALL,China--Singapore,ALL,1,China,China,0.331977,0.597918,60,China,Singapore,1,1
China--Singapore#ALL,China--Singapore,ALL,2,Singapore,Singapore,0.429978,0.539306,60,China,Singapore,1,1
Singapore--Switzerland#ALL,Singapore--Switzerland,ALL,1,Singapore,Singapore,0.429978,0.539306,27,Singapore,Switzerland,1,1
Singapore--Switzerland#ALL,Singapore--Switzerland,ALL,2,Switzerland,Switzerland,0.407049,0.531378,27,Singapore,Switzerland,1,1
Singapore--South Africa#ALL,Singapore--South Africa,ALL,1,Singapore,Singapore,0.429978,0.539306,19,Singapore,South Africa,1,1
Singapore--South Africa#ALL,Singapore--South Africa,ALL,2,South Africa,South Africa,0.354082,0.657729,19,Singapore,South Africa,1,1
South Africa--United States#ALL,South Africa--United States,ALL,1,South Africa,South Africa,0.354082,0.657729,14,South Africa,United States,1,0
South Africa--United States#ALL,South Africa--United States,ALL,2,United States,United States,0.440022,0.576858,14,South Africa,United States,1,0
India--Singapore#ALL,India--Singapore,ALL,1,India,India,0.397173,0.572838,29,India,Singapore,1,1
India--Singapore#ALL,India--Singapore,ALL,2,Singapore,Singapore,0.429978,0.539306,29,India,Singapore,1,1
Pakistan--Singapore#ALL,Pakistan--Singapore,ALL,1,Pakistan,Pakistan,0.35634,0.418637,13,Pakistan,Singapore,1,1
Pakistan--Singapore#ALL,Pakistan--Singapore,ALL,2,Singapore,Singapore,0.429978,0.539306,13,Pakistan,Singapore,1,1
Canada--Singapore#ALL,Canada--Singapore,ALL,1,Canada,Canada,0.429902,0.670838,17,Canada,Singapore,1,1
Canada--Singapore#ALL,Canada--Singapore,ALL,2,Singapore,Singapore,0.429978,0.539306,17,Canada,Singapore,1,1
Switzerland--United States#ALL,Switzerland--United States,ALL,1,Switzerland,Switzerland,0.407049,0.531378,18,Switzerland,United States,1,0
Switzerland--United States#ALL,Switzerland--United States,ALL,2,United States,United States,0.440022,0.576858,18,Switzerland,United States,1,0
Indonesia--Singapore#ALL,Indonesia--Singapore,ALL,1,Indonesia,Indonesia,0.369414,0.492144,13,Indonesia,Singapore,1,1
Indonesia--Singapore#ALL,Indonesia--Singapore,ALL,2,Singapore,Singapore,0.429978,0.539306,13,Indonesia,Singapore,1,1
South Africa--United Kingdom#ALL,South Africa--United Kingdom,ALL,1,South Africa,South Africa,0.354082,0.657729,16,South Africa,United Kingdom,1,0
South Africa--United Kingdom#ALL,South Africa--United Kingdom,ALL,2,United Kingdom,United Kingdom,0.355643,0.570016,16,South Africa,United Kingdom,1,0
Malaysia--Singapore#ALL,Malaysia--Singapore,ALL,1,Malaysia,Malaysia,0.277414,0.425437,22,Malaysia,Singapore,1,1
Malaysia--Singapore#ALL,Malaysia--Singapore,ALL,2,Singapore,Singapore,0.429978,0.539306,22,Malaysia,Singapore,1,1
Singapore--Thailand#ALL,Singapore--Thailand,ALL,1,Singapore,Singapore,0.429978,0.539306,30,Singapore,Thailand,1,1
Singapore--Thailand#ALL,Singapore--Thailand,ALL,2,Thailand,Thailand,0.336992,0.46232,30,Singapore,Thailand,1,1
Ethiopia--Singapore#ALL,Ethiopia--Singapore,ALL,1,Ethiopia,Ethiopia,0.413066,0.448775,10,Ethiopia,Singapore,1,1
Ethiopia--Singapore#ALL,Ethiopia--Singapore,ALL,2,Singapore,Singapore,0.429978,0.539306,10,Ethiopia,Singapore,1,1
Ethiopia--United States#ALL,Ethiopia--United States,ALL,1,Ethiopia,Ethiopia,0.413066,0.448775,9,Ethiopia,United States,1,0
Ethiopia--United States#ALL,Ethiopia--United States,ALL,2,United States,United States,0.440022,0.576858,9,Ethiopia,United States,1,0
France--Pakistan#ALL,France--Pakistan,ALL,1,France,France,0.37365,0.542016,9,France,Pakistan,1,0
France--Pakistan#ALL,France--Pakistan,ALL,2,Pakistan,Pakistan,0.35634,0.418637,9,France,Pakistan,1,0
Pakistan--United Kingdom#ALL,Pakistan--United Kingdom,ALL,1,Pakistan,Pakistan,0.35634,0.418637,10,Pakistan,United Kingdom,1,0
Pakistan--United Kingdom#ALL,Pakistan--United Kingdom,ALL,2,United Kingdom,United Kingdom,0.355643,0.570016,10,Pakistan,United Kingdom,1,0
Pakistan--United States#ALL,Pakistan--United States,ALL,1,Pakistan,Pakistan,0.35634,0.418637,9,Pakistan,United States,1,0
Pakistan--United States#ALL,Pakistan--United States,ALL,2,United States,United States,0.440022,0.576858,9,Pakistan,United States,1,0
France--South Africa#ALL,France--South Africa,ALL,1,France,France,0.37365,0.542016,11,France,South Africa,1,0
France--South Africa#ALL,France--South Africa,ALL,2,South Africa,South Africa,0.354082,0.657729,11,France,South Africa,1,0
Australia--United States#ALL,Australia--United States,ALL,1,Australia,Australia,0.390756,0.648197,16,Australia,United States,1,0
Australia--United States#ALL,Australia--United States,ALL,2,United States,United States,0.440022,0.576858,16,Australia,United States,1,0
Canada--United Kingdom#ALL,Canada--United Kingdom,ALL,1,Canada,Canada,0.429902,0.670838,12,Canada,United Kingdom,1,0
Canada--United Kingdom#ALL,Canada--United Kingdom,ALL,2,United Kingdom,United Kingdom,0.355643,0.570016,12,Canada,United Kingdom,1,0
Australia--United Kingdom#ALL,Australia--United Kingdom,ALL,1,Australia,Australia,0.390756,0.648197,22,Australia,United Kingdom,1,0
Australia--United Kingdom#ALL,Australia--United Kingdom,ALL,2,United Kingdom,United Kingdom,0.355643,0.570016,22,Australia,United Kingdom,1,0
Ethiopia--France#ALL,Ethiopia--France,ALL,1,Ethiopia,Ethiopia,0.413066,0.448775,8,Ethiopia,France,1,0
Ethiopia--France#ALL,Ethiopia--France,ALL,2,France,France,0.37365,0.542016,8,Ethiopia,France,1,0
Ethiopia--United Kingdom#ALL,Ethiopia--United Kingdom,ALL,1,Ethiopia,Ethiopia,0.413066,0.448775,8,Ethiopia,United Kingdom,1,0
Ethiopia--United Kingdom#ALL,Ethiopia--United Kingdom,ALL,2,United Kingdom,United Kingdom,0.355643,0.570016,8,Ethiopia,United Kingdom,1,0
Indonesia--United Kingdom#ALL,Indonesia--United Kingdom,ALL,1,Indonesia,Indonesia,0.369414,0.492144,10,Indonesia,United Kingdom,1,0
Indonesia--United Kingdom#ALL,Indonesia--United Kingdom,ALL,2,United Kingdom,United Kingdom,0.355643,0.570016,10,Indonesia,United Kingdom,1,0
Indonesia--United States#ALL,Indonesia--United States,ALL,1,Indonesia,Indonesia,0.369414,0.492144,9,Indonesia,United States,1,0
Indonesia--United States#ALL,Indonesia--United States,ALL,2,United States,United States,0.440022,0.576858,9,Indonesia,United States,1,0
Philippines--Singapore#ALL,Philippines--Singapore,ALL,1,Philippines,Philippines,0.403578,0.405159,15,Philippines,Singapore,1,1
Philippines--Singapore#ALL,Philippines--Singapore,ALL,2,Singapore,Singapore,0.429978,0.539306,15,Philippines,Singapore,1,1
Singapore--Viet Nam#ALL,Singapore--Viet Nam,ALL,1,Singapore,Singapore,0.429978,0.539306,20,Singapore,Viet Nam,1,1
Singapore--Viet Nam#ALL,Singapore--Viet Nam,ALL,2,Viet Nam,Viet Nam,0.306341,0.520662,20,Singapore,Viet Nam,1,1
Canada--United States#ALL,Canada--United States,ALL,1,Canada,Canada,0.429902,0.670838,11,Canada,United States,1,0
Canada--United States#ALL,Canada--United States,ALL,2,United States,United States,0.440022,0.576858,11,Canada,United States,1,0
Netherlands--Singapore#ALL,Netherlands--Singapore,ALL,1,Netherlands,Netherlands,0.442831,0.641991,16,Netherlands,Singapore,1,1
Netherlands--Singapore#ALL,Netherlands--Singapore,ALL,2,Singapore,Singapore,0.429978,0.539306,16,Netherlands,Singapore,1,1
Italy--Singapore#ALL,Italy--Singapore,ALL,1,Italy,Italy,0.491029,0.507028,12,Italy,Singapore,1,1
Italy--Singapore#ALL,Italy--Singapore,ALL,2,Singapore,Singapore,0.429978,0.539306,12,Italy,Singapore,1,1
Japan--Singapore#ALL,Japan--Singapore,ALL,1,Japan,Japan,0.302497,0.608095,27,Japan,Singapore,1,1
Japan--Singapore#ALL,Japan--Singapore,ALL,2,Singapore,Singapore,0.429978,0.539306,27,Japan,Singapore,1,1
Thailand--United Kingdom#ALL,Thailand--United Kingdom,ALL,1,Thailand,Thailand,0.336992,0.46232,15,Thailand,United Kingdom,1,0
Thailand--United Kingdom#ALL,Thailand--United Kingdom,ALL,2,United Kingdom,United Kingdom,0.355643,0.570016,15,Thailand,United Kingdom,1,0
China--United States#ALL,China--United States,ALL,1,China,China,0.331977,0.597918,18,China,United States,1,0
China--United States#ALL,China--United States,ALL,2,United States,United States,0.440022,0.576858,18,China,United States,1,0
Ethiopia--Indonesia#ALL,Ethiopia--Indonesia,ALL,1,Ethiopia,Ethiopia,0.413066,0.448775,7,Ethiopia,Indonesia,1,0
Ethiopia--Indonesia#ALL,Ethiopia--Indonesia,ALL,2,Indonesia,Indonesia,0.369414,0.492144,7,Ethiopia,Indonesia,1,0
Ethiopia--Pakistan#ALL,Ethiopia--Pakistan,ALL,1,Ethiopia,Ethiopia,0.413066,0.448775,7,Ethiopia,Pakistan,1,0
Ethiopia--Pakistan#ALL,Ethiopia--Pakistan,ALL,2,Pakistan,Pakistan,0.35634,0.418637,7,Ethiopia,Pakistan,1,0
India--United States#ALL,India--United States,ALL,1,India,India,0.397173,0.572838,9,India,United States,1,0
India--United States#ALL,India--United States,ALL,2,United States,United States,0.440022,0.576858,9,India,United States,1,0
Switzerland--United Kingdom#ALL,Switzerland--United Kingdom,ALL,1,Switzerland,Switzerland,0.407049,0.531378,14,Switzerland,United Kingdom,1,0
Switzerland--United Kingdom#ALL,Switzerland--United Kingdom,ALL,2,United Kingdom,United Kingdom,0.355643,0.570016,14,Switzerland,United Kingdom,1,0
United Kingdom--Viet Nam#ALL,United Kingdom--Viet Nam,ALL,1,United Kingdom,United Kingdom,0.355643,0.570016,15,United Kingdom,Viet Nam,1,0
United Kingdom--Viet Nam#ALL,United Kingdom--Viet Nam,ALL,2,Viet Nam,Viet Nam,0.306341,0.520662,15,United Kingdom,Viet Nam,1,0
United States--Viet Nam#ALL,United States--Viet Nam,ALL,1,United States,United States,0.440022,0.576858,7,United States,Viet Nam,1,0
United States--Viet Nam#ALL,United States--Viet Nam,ALL,2,Viet Nam,Viet Nam,0.306341,0.520662,7,United States,Viet Nam,1,0
France--Peru#ALL,France--Peru,ALL,1,France,France,0.37365,0.542016,7,France,Peru,1,0
France--Peru#ALL,France--Peru,ALL,2,Peru,Peru,0.260788,0.595863,7,France,Peru,1,0
Pakistan--Peru#ALL,Pakistan--Peru,ALL,1,Pakistan,Pakistan,0.35634,0.418637,7,Pakistan,Peru,1,0
Pakistan--Peru#ALL,Pakistan--Peru,ALL,2,Peru,Peru,0.260788,0.595863,7,Pakistan,Peru,1,0
Peru--Singapore#ALL,Peru--Singapore,ALL,1,Peru,Peru,0.260788,0.595863,7,Peru,Singapore,1,1
Peru--Singapore#ALL,Peru--Singapore,ALL,2,Singapore,Singapore,0.429978,0.539306,7,Peru,Singapore,1,1
Peru--United Kingdom#ALL,Peru--United Kingdom,ALL,1,Peru,Peru,0.260788,0.595863,7,Peru,United Kingdom,1,0
Peru--United Kingdom#ALL,Peru--United Kingdom,ALL,2,United Kingdom,United Kingdom,0.355643,0.570016,7,Peru,United Kingdom,1,0
Peru--United States#ALL,Peru--United States,ALL,1,Peru,Peru,0.260788,0.595863,7,Peru,United States,1,0
Peru--United States#ALL,Peru--United States,ALL,2,United States,United States,0.440022,0.576858,7,Peru,United States,1,0
Italy--United States#ALL,Italy--United States,ALL,1,Italy,Italy,0.491029,0.507028,8,Italy,United States,1,0
Italy--United States#ALL,Italy--United States,ALL,2,United States,United States,0.440022,0.576858,8,Italy,United States,1,0
Australia--Thailand#ALL,Australia--Thailand,ALL,1,Australia,Australia,0.390756,0.648197,12,Australia,Thailand,1,0
Australia--Thailand#ALL,Australia--Thailand,ALL,2,Thailand,Thailand,0.336992,0.46232,12,Australia,Thailand,1,0
France--Indonesia#ALL,France--Indonesia,ALL,1,France,France,0.37365,0.542016,6,France,Indonesia,1,0
France--Indonesia#ALL,France--Indonesia,ALL,2,Indonesia,Indonesia,0.369414,0.492144,6,France,Indonesia,1,0
India--United Kingdom#ALL,India--United Kingdom,ALL,1,India,India,0.397173,0.572838,10,India,United Kingdom,1,0
India--United Kingdom#ALL,India--United Kingdom,ALL,2,United Kingdom,United Kingdom,0.355643,0.570016,10,India,United Kingdom,1,0
Indonesia--Pakistan#ALL,Indonesia--Pakistan,ALL,1,Indonesia,Indonesia,0.369414,0.492144,7,Indonesia,Pakistan,1,0
Indonesia--Pakistan#ALL,Indonesia--Pakistan,ALL,2,Pakistan,Pakistan,0.35634,0.418637,7,Indonesia,Pakistan,1,0
Canada--Pakistan#ALL,Canada--Pakistan,ALL,1,Canada,Canada,0.429902,0.670838,6,Canada,Pakistan,1,0
Canada--Pakistan#ALL,Canada--Pakistan,ALL,2,Pakistan,Pakistan,0.35634,0.418637,6,Canada,Pakistan,1,0
Canada--France#ALL,Canada--France,ALL,1,Canada,Canada,0.429902,0.670838,8,Canada,France,1,0
Canada--France#ALL,Canada--France,ALL,2,France,France,0.37365,0.542016,8,Canada,France,1,0
Canada--South Africa#ALL,Canada--South Africa,ALL,1,Canada,Canada,0.429902,0.670838,8,Canada,South Africa,1,0
Canada--South Africa#ALL,Canada--South Africa,ALL,2,South Africa,South Africa,0.354082,0.657729,8,Canada,South Africa,1,0
Ethiopia--Peru#ALL,Ethiopia--Peru,ALL,1,Ethiopia,Ethiopia,0.413066,0.448775,6,Ethiopia,Peru,1,0
Ethiopia--Peru#ALL,Ethiopia--Peru,ALL,2,Peru,Peru,0.260788,0.595863,6,Ethiopia,Peru,1,0
Ethiopia--South Africa#ALL,Ethiopia--South Africa,ALL,1,Ethiopia,Ethiopia,0.413066,0.448775,6,Ethiopia,South Africa,1,0
Ethiopia--South Africa#ALL,Ethiopia--South Africa,ALL,2,South Africa,South Africa,0.354082,0.657729,6,Ethiopia,South Africa,1,0
Pakistan--South Africa#ALL,Pakistan--South Africa,ALL,1,Pakistan,Pakistan,0.35634,0.418637,6,Pakistan,South Africa,1,0
Pakistan--South Africa#ALL,Pakistan--South Africa,ALL,2,South Africa,South Africa,0.354082,0.657729,6,Pakistan,South Africa,1,0
Peru--South Africa#ALL,Peru--South Africa,ALL,1,Peru,Peru,0.260788,0.595863,6,Peru,South Africa,1,0
Peru--South Africa#ALL,Peru--South Africa,ALL,2,South Africa,South Africa,0.354082,0.657729,6,Peru,South Africa,1,0
Netherlands--United States#ALL,Netherlands--United States,ALL,1,Netherlands,Netherlands,0.442831,0.641991,7,Netherlands,United States,1,0
Netherlands--United States#ALL,Netherlands--United States,ALL,2,United States,United States,0.440022,0.576858,7,Netherlands,United States,1,0
Germany--Singapore#ALL,Germany--Singapore,ALL,1,Germany,Germany,0.479367,0.620904,14,Germany,Singapore,1,1
Germany--Singapore#ALL,Germany--Singapore,ALL,2,Singapore,Singapore,0.429978,0.539306,14,Germany,Singapore,1,1
Italy--United Kingdom#ALL,Italy--United Kingdom,ALL,1,Italy,Italy,0.491029,0.507028,9,Italy,United Kingdom,1,0
Italy--United Kingdom#ALL,Italy--United Kingdom,ALL,2,United Kingdom,United Kingdom,0.355643,0.570016,9,Italy,United Kingdom,1,0
New Zealand--Singapore#ALL,New Zealand--Singapore,ALL,1,New Zealand,New Zealand,0.267102,0.517173,11,New Zealand,Singapore,1,1
New Zealand--Singapore#ALL,New Zealand--Singapore,ALL,2,Singapore,Singapore,0.429978,0.539306,11,New Zealand,Singapore,1,1
Bangladesh--Singapore#ALL,Bangladesh--Singapore,ALL,1,Bangladesh,Bangladesh,0.325634,0.547236,8,Bangladesh,Singapore,1,1
Bangladesh--Singapore#ALL,Bangladesh--Singapore,ALL,2,Singapore,Singapore,0.429978,0.539306,8,Bangladesh,Singapore,1,1
Bangladesh--United States#ALL,Bangladesh--United States,ALL,1,Bangladesh,Bangladesh,0.325634,0.547236,6,Bangladesh,United States,1,0
Bangladesh--United States#ALL,Bangladesh--United States,ALL,2,United States,United States,0.440022,0.576858,6,Bangladesh,United States,1,0
Belgium--India#ALL,Belgium--India,ALL,1,Belgium,Belgium,0.487025,0.572301,6,Belgium,India,1,0
Belgium--India#ALL,Belgium--India,ALL,2,India,India,0.397173,0.572838,6,Belgium,India,1,0
Belgium--Singapore#ALL,Belgium--Singapore,ALL,1,Belgium,Belgium,0.487025,0.572301,10,Belgium,Singapore,1,1
Belgium--Singapore#ALL,Belgium--Singapore,ALL,2,Singapore,Singapore,0.429978,0.539306,10,Belgium,Singapore,1,1
Belgium--United States#ALL,Belgium--United States,ALL,1,Belgium,Belgium,0.487025,0.572301,5,Belgium,United States,1,0
Belgium--United States#ALL,Belgium--United States,ALL,2,United States,United States,0.440022,0.576858,5,Belgium,United States,1,0
France--India#ALL,France--India,ALL,1,France,France,0.37365,0.542016,7,France,India,1,0
France--India#ALL,France--India,ALL,2,India,India,0.397173,0.572838,7,France,India,1,0
France--Switzerland#ALL,France--Switzerland,ALL,1,France,France,0.37365,0.542016,6,France,Switzerland,1,0
France--Switzerland#ALL,France--Switzerland,ALL,2,Switzerland,Switzerland,0.407049,0.531378,6,France,Switzerland,1,0
India--Netherlands#ALL,India--Netherlands,ALL,1,India,India,0.397173,0.572838,8,India,Netherlands,1,0
India--Netherlands#ALL,India--Netherlands,ALL,2,Netherlands,Netherlands,0.442831,0.641991,8,India,Netherlands,1,0
Singapore--Spain#ALL,Singapore--Spain,ALL,1,Singapore,Singapore,0.429978,0.539306,11,Singapore,Spain,1,1
Singapore--Spain#ALL,Singapore--Spain,ALL,2,Spain,Spain,0.55585,0.501818,11,Singapore,Spain,1,1
Spain--United Kingdom#ALL,Spain--United Kingdom,ALL,1,Spain,Spain,0.55585,0.501818,7,Spain,United Kingdom,1,0
Spain--United Kingdom#ALL,Spain--United Kingdom,ALL,2,United Kingdom,United Kingdom,0.355643,0.570016,7,Spain,United Kingdom,1,0
Brazil--Singapore#ALL,Brazil--Singapore,ALL,1,Brazil,Brazil,0.412471,0.61443,7,Brazil,Singapore,1,1
Brazil--Singapore#ALL,Brazil--Singapore,ALL,2,Singapore,Singapore,0.429978,0.539306,7,Brazil,Singapore,1,1
Australia--Viet Nam#ALL,Australia--Viet Nam,ALL,1,Australia,Australia,0.390756,0.648197,12,Australia,Viet Nam,1,0
Australia--Viet Nam#ALL,Australia--Viet Nam,ALL,2,Viet Nam,Viet Nam,0.306341,0.520662,12,Australia,Viet Nam,1,0
Ethiopia--Myanmar#ALL,Ethiopia--Myanmar,ALL,1,Ethiopia,Ethiopia,0.413066,0.448775,5,Ethiopia,Myanmar,1,0
Ethiopia--Myanmar#ALL,Ethiopia--Myanmar,ALL,2,Myanmar,Myanmar,0.19157,0.500134,5,Ethiopia,Myanmar,1,0
France--Myanmar#ALL,France--Myanmar,ALL,1,France,France,0.37365,0.542016,5,France,Myanmar,1,0
France--Myanmar#ALL,France--Myanmar,ALL,2,Myanmar,Myanmar,0.19157,0.500134,5,France,Myanmar,1,0
Indonesia--Peru#ALL,Indonesia--Peru,ALL,1,Indonesia,Indonesia,0.369414,0.492144,5,Indonesia,Peru,1,0
Indonesia--Peru#ALL,Indonesia--Peru,ALL,2,Peru,Peru,0.260788,0.595863,5,Indonesia,Peru,1,0
Indonesia--South Africa#ALL,Indonesia--South Africa,ALL,1,Indonesia,Indonesia,0.369414,0.492144,5,Indonesia,South Africa,1,0
Indonesia--South Africa#ALL,Indonesia--South Africa,ALL,2,South Africa,South Africa,0.354082,0.657729,5,Indonesia,South Africa,1,0
Myanmar--Pakistan#ALL,Myanmar--Pakistan,ALL,1,Myanmar,Myanmar,0.19157,0.500134,5,Myanmar,Pakistan,1,0
Myanmar--Pakistan#ALL,Myanmar--Pakistan,ALL,2,Pakistan,Pakistan,0.35634,0.418637,5,Myanmar,Pakistan,1,0
Myanmar--Peru#ALL,Myanmar--Peru,ALL,1,Myanmar,Myanmar,0.19157,0.500134,5,Myanmar,Peru,1,0
Myanmar--Peru#ALL,Myanmar--Peru,ALL,2,Peru,Peru,0.260788,0.595863,5,Myanmar,Peru,1,0
Myanmar--Singapore#ALL,Myanmar--Singapore,ALL,1,Myanmar,Myanmar,0.19157,0.500134,6,Myanmar,Singapore,1,1
Myanmar--Singapore#ALL,Myanmar--Singapore,ALL,2,Singapore,Singapore,0.429978,0.539306,6,Myanmar,Singapore,1,1
Myanmar--United Kingdom#ALL,Myanmar--United Kingdom,ALL,1,Myanmar,Myanmar,0.19157,0.500134,5,Myanmar,United Kingdom,1,0
Myanmar--United Kingdom#ALL,Myanmar--United Kingdom,ALL,2,United Kingdom,United Kingdom,0.355643,0.570016,5,Myanmar,United Kingdom,1,0
Myanmar--United States#ALL,Myanmar--United States,ALL,1,Myanmar,Myanmar,0.19157,0.500134,6,Myanmar,United States,1,0
Myanmar--United States#ALL,Myanmar--United States,ALL,2,United States,United States,0.440022,0.576858,6,Myanmar,United States,1,0
Australia--Switzerland#ALL,Australia--Switzerland,ALL,1,Australia,Australia,0.390756,0.648197,7,Australia,Switzerland,1,0
Australia--Switzerland#ALL,Australia--Switzerland,ALL,2,Switzerland,Switzerland,0.407049,0.531378,7,Australia,Switzerland,1,0
Netherlands--United Kingdom#ALL,Netherlands--United Kingdom,ALL,1,Netherlands,Netherlands,0.442831,0.641991,11,Netherlands,United Kingdom,1,0
Netherlands--United Kingdom#ALL,Netherlands--United Kingdom,ALL,2,United Kingdom,United Kingdom,0.355643,0.570016,11,Netherlands,United Kingdom,1,0
Republic of Korea--Singapore#ALL,Republic of Korea--Singapore,ALL,1,Republic of Korea,Republic of Korea,0.226785,0.465839,14,Republic of Korea,Singapore,1,1
Republic of Korea--Singapore#ALL,Republic of Korea--Singapore,ALL,2,Singapore,Singapore,0.429978,0.539306,14,Republic of Korea,Singapore,1,1
France--Italy#ALL,France--Italy,ALL,1,France,France,0.37365,0.542016,7,France,Italy,1,0
France--Italy#ALL,France--Italy,ALL,2,Italy,Italy,0.491029,0.507028,7,France,Italy,1,0
Cambodia--Singapore#ALL,Cambodia--Singapore,ALL,1,Cambodia,Cambodia,0.216351,0.576345,14,Cambodia,Singapore,1,1
Cambodia--Singapore#ALL,Cambodia--Singapore,ALL,2,Singapore,Singapore,0.429978,0.539306,14,Cambodia,Singapore,1,1
Singapore--Taiwan#ALL,Singapore--Taiwan,ALL,1,Singapore,Singapore,0.429978,0.539306,15,Singapore,Taiwan,1,1
Singapore--Taiwan#ALL,Singapore--Taiwan,ALL,2,Taiwan,Taiwan,0.310266,0.423686,15,Singapore,Taiwan,1,1
Thailand--Viet Nam#ALL,Thailand--Viet Nam,ALL,1,Thailand,Thailand,0.336992,0.46232,7,Thailand,Viet Nam,1,0
Thailand--Viet Nam#ALL,Thailand--Viet Nam,ALL,2,Viet Nam,Viet Nam,0.306341,0.520662,7,Thailand,Viet Nam,1,0
Japan--United Kingdom#ALL,Japan--United Kingdom,ALL,1,Japan,Japan,0.302497,0.608095,13,Japan,United Kingdom,1,0
Japan--United Kingdom#ALL,Japan--United Kingdom,ALL,2,United Kingdom,United Kingdom,0.355643,0.570016,13,Japan,United Kingdom,1,0
China--United Kingdom#ALL,China--United Kingdom,ALL,1,China,China,0.331977,0.597918,13,China,United Kingdom,1,0
China--United Kingdom#ALL,China--United Kingdom,ALL,2,United Kingdom,United Kingdom,0.355643,0.570016,13,China,United Kingdom,1,0
Belgium--France#ALL,Belgium--France,ALL,1,Belgium,Belgium,0.487025,0.572301,5,Belgium,France,1,0
Belgium--France#ALL,Belgium--France,ALL,2,France,France,0.37365,0.542016,5,Belgium,France,1,0
Belgium--United Kingdom#ALL,Belgium--United Kingdom,ALL,1,Belgium,Belgium,0.487025,0.572301,8,Belgium,United Kingdom,1,0
Belgium--United Kingdom#ALL,Belgium--United Kingdom,ALL,2,United Kingdom,United Kingdom,0.355643,0.570016,8,Belgium,United Kingdom,1,0
Denmark--Singapore#ALL,Denmark--Singapore,ALL,1,Denmark,Denmark,0.44304,0.500047,7,Denmark,Singapore,1,1
Denmark--Singapore#ALL,Denmark--Singapore,ALL,2,Singapore,Singapore,0.429978,0.539306,7,Denmark,Singapore,1,1
India--Indonesia#ALL,India--Indonesia,ALL,1,India,India,0.397173,0.572838,6,India,Indonesia,1,0
India--Indonesia#ALL,India--Indonesia,ALL,2,Indonesia,Indonesia,0.369414,0.492144,6,India,Indonesia,1,0
Indonesia--Netherlands#ALL,Indonesia--Netherlands,ALL,1,Indonesia,Indonesia,0.369414,0.492144,5,Indonesia,Netherlands,1,0
Indonesia--Netherlands#ALL,Indonesia--Netherlands,ALL,2,Netherlands,Netherlands,0.442831,0.641991,5,Indonesia,Netherlands,1,0
Indonesia--Switzerland#ALL,Indonesia--Switzerland,ALL,1,Indonesia,Indonesia,0.369414,0.492144,4,Indonesia,Switzerland,1,0
Indonesia--Switzerland#ALL,Indonesia--Switzerland,ALL,2,Switzerland,Switzerland,0.407049,0.531378,4,Indonesia,Switzerland,1,0
Italy--Switzerland#ALL,Italy--Switzerland,ALL,1,Italy,Italy,0.491029,0.507028,4,Italy,Switzerland,1,0
Italy--Switzerland#ALL,Italy--Switzerland,ALL,2,Switzerland,Switzerland,0.407049,0.531378,4,Italy,Switzerland,1,0
Pakistan--Switzerland#ALL,Pakistan--Switzerland,ALL,1,Pakistan,Pakistan,0.35634,0.418637,4,Pakistan,Switzerland,1,0
Pakistan--Switzerland#ALL,Pakistan--Switzerland,ALL,2,Switzerland,Switzerland,0.407049,0.531378,4,Pakistan,Switzerland,1,0
Philippines--United Kingdom#ALL,Philippines--United Kingdom,ALL,1,Philippines,Philippines,0.403578,0.405159,6,Philippines,United Kingdom,1,0
Philippines--United Kingdom#ALL,Philippines--United Kingdom,ALL,2,United Kingdom,United Kingdom,0.355643,0.570016,6,Philippines,United Kingdom,1,0
Philippines--United States#ALL,Philippines--United States,ALL,1,Philippines,Philippines,0.403578,0.405159,6,Philippines,United States,1,0
Philippines--United States#ALL,Philippines--United States,ALL,2,United States,United States,0.440022,0.576858,6,Philippines,United States,1,0
Germany--United Kingdom#ALL,Germany--United Kingdom,ALL,1,Germany,Germany,0.479367,0.620904,10,Germany,United Kingdom,1,0
Germany--United Kingdom#ALL,Germany--United Kingdom,ALL,2,United Kingdom,United Kingdom,0.355643,0.570016,10,Germany,United Kingdom,1,0
Spain--United States#ALL,Spain--United States,ALL,1,Spain,Spain,0.55585,0.501818,8,Spain,United States,1,0
Spain--United States#ALL,Spain--United States,ALL,2,United States,United States,0.440022,0.576858,8,Spain,United States,1,0
Singapore--Sweden#ALL,Singapore--Sweden,ALL,1,Singapore,Singapore,0.429978,0.539306,5,Singapore,Sweden,1,1
Singapore--Sweden#ALL,Singapore--Sweden,ALL,2,Sweden,Sweden,0.304842,0.663705,5,Singapore,Sweden,1,1
Australia--China#ALL,Australia--China,ALL,1,Australia,Australia,0.390756,0.648197,10,Australia,China,1,0
Australia--China#ALL,Australia--China,ALL,2,China,China,0.331977,0.597918,10,Australia,China,1,0
Canada--Peru#ALL,Canada--Peru,ALL,1,Canada,Canada,0.429902,0.670838,4,Canada,Peru,1,0
Canada--Peru#ALL,Canada--Peru,ALL,2,Peru,Peru,0.260788,0.595863,4,Canada,Peru,1,0
Indonesia--Myanmar#ALL,Indonesia--Myanmar,ALL,1,Indonesia,Indonesia,0.369414,0.492144,4,Indonesia,Myanmar,1,0
Indonesia--Myanmar#ALL,Indonesia--Myanmar,ALL,2,Myanmar,Myanmar,0.19157,0.500134,4,Indonesia,Myanmar,1,0
Myanmar--South Africa#ALL,Myanmar--South Africa,ALL,1,Myanmar,Myanmar,0.19157,0.500134,4,Myanmar,South Africa,1,0
Myanmar--South Africa#ALL,Myanmar--South Africa,ALL,2,South Africa,South Africa,0.354082,0.657729,4,Myanmar,South Africa,1,0
Canada--Switzerland#ALL,Canada--Switzerland,ALL,1,Canada,Canada,0.429902,0.670838,6,Canada,Switzerland,1,0
Canada--Switzerland#ALL,Canada--Switzerland,ALL,2,Switzerland,Switzerland,0.407049,0.531378,6,Canada,Switzerland,1,0
Canada--Viet Nam#ALL,Canada--Viet Nam,ALL,1,Canada,Canada,0.429902,0.670838,4,Canada,Viet Nam,1,0
Canada--Viet Nam#ALL,Canada--Viet Nam,ALL,2,Viet Nam,Viet Nam,0.306341,0.520662,4,Canada,Viet Nam,1,0
France--Viet Nam#ALL,France--Viet Nam,ALL,1,France,France,0.37365,0.542016,6,France,Viet Nam,1,0
France--Viet Nam#ALL,France--Viet Nam,ALL,2,Viet Nam,Viet Nam,0.306341,0.520662,6,France,Viet Nam,1,0
South Africa--Switzerland#ALL,South Africa--Switzerland,ALL,1,South Africa,South Africa,0.354082,0.657729,5,South Africa,Switzerland,1,0
South Africa--Switzerland#ALL,South Africa--Switzerland,ALL,2,Switzerland,Switzerland,0.407049,0.531378,5,South Africa,Switzerland,1,0
South Africa--Viet Nam#ALL,South Africa--Viet Nam,ALL,1,South Africa,South Africa,0.354082,0.657729,4,South Africa,Viet Nam,1,0
South Africa--Viet Nam#ALL,South Africa--Viet Nam,ALL,2,Viet Nam,Viet Nam,0.306341,0.520662,4,South Africa,Viet Nam,1,0
India--South Africa#ALL,India--South Africa,ALL,1,India,India,0.397173,0.572838,5,India,South Africa,1,0
India--South Africa#ALL,India--South Africa,ALL,2,South Africa,South Africa,0.354082,0.657729,5,India,South Africa,1,0
Australia--Netherlands#ALL,Australia--Netherlands,ALL,1,Australia,Australia,0.390756,0.648197,8,Australia,Netherlands,1,0
Australia--Netherlands#ALL,Australia--Netherlands,ALL,2,Netherlands,Netherlands,0.442831,0.641991,8,Australia,Netherlands,1,0
Germany--United States#ALL,Germany--United States,ALL,1,Germany,Germany,0.479367,0.620904,8,Germany,United States,1,0
Germany--United States#ALL,Germany--United States,ALL,2,United States,United States,0.440022,0.576858,8,Germany,United States,1,0
Australia--Cambodia#ALL,Australia--Cambodia,ALL,1,Australia,Australia,0.390756,0.648197,8,Australia,Cambodia,1,0
Australia--Cambodia#ALL,Australia--Cambodia,ALL,2,Cambodia,Cambodia,0.216351,0.576345,8,Australia,Cambodia,1,0
Australia--Japan#ALL,Australia--Japan,ALL,1,Australia,Australia,0.390756,0.648197,11,Australia,Japan,1,0
Australia--Japan#ALL,Australia--Japan,ALL,2,Japan,Japan,0.302497,0.608095,11,Australia,Japan,1,0
Cambodia--Japan#ALL,Cambodia--Japan,ALL,1,Cambodia,Cambodia,0.216351,0.576345,8,Cambodia,Japan,1,0
Cambodia--Japan#ALL,Cambodia--Japan,ALL,2,Japan,Japan,0.302497,0.608095,8,Cambodia,Japan,1,0
Cambodia--United States#ALL,Cambodia--United States,ALL,1,Cambodia,Cambodia,0.216351,0.576345,6,Cambodia,United States,1,0
Cambodia--United States#ALL,Cambodia--United States,ALL,2,United States,United States,0.440022,0.576858,6,Cambodia,United States,1,0
Hong Kong SAR--Singapore#ALL,Hong Kong SAR--Singapore,ALL,1,Hong Kong SAR,Hong Kong SAR,0.172647,0.597281,7,Hong Kong SAR,Singapore,1,1
Hong Kong SAR--Singapore#ALL,Hong Kong SAR--Singapore,ALL,2,Singapore,Singapore,0.429978,0.539306,7,Hong Kong SAR,Singapore,1,1
Hong Kong SAR--Taiwan#ALL,Hong Kong SAR--Taiwan,ALL,1,Hong Kong SAR,Hong Kong SAR,0.172647,0.597281,4,Hong Kong SAR,Taiwan,1,0
Hong Kong SAR--Taiwan#ALL,Hong Kong SAR--Taiwan,ALL,2,Taiwan,Taiwan,0.310266,0.423686,4,Hong Kong SAR,Taiwan,1,0
Japan--Thailand#ALL,Japan--Thailand,ALL,1,Japan,Japan,0.302497,0.608095,6,Japan,Thailand,1,0
Japan--Thailand#ALL,Japan--Thailand,ALL,2,Thailand,Thailand,0.336992,0.46232,6,Japan,Thailand,1,0
Malaysia--Taiwan#ALL,Malaysia--Taiwan,ALL,1,Malaysia,Malaysia,0.277414,0.425437,6,Malaysia,Taiwan,1,0
Malaysia--Taiwan#ALL,Malaysia--Taiwan,ALL,2,Taiwan,Taiwan,0.310266,0.423686,6,Malaysia,Taiwan,1,0
Malaysia--Thailand#ALL,Malaysia--Thailand,ALL,1,Malaysia,Malaysia,0.277414,0.425437,8,Malaysia,Thailand,1,0
Malaysia--Thailand#ALL,Malaysia--Thailand,ALL,2,Thailand,Thailand,0.336992,0.46232,8,Malaysia,Thailand,1,0
Republic of Korea--Taiwan#ALL,Republic of Korea--Taiwan,ALL,1,Republic of Korea,Republic of Korea,0.226785,0.465839,4,Republic of Korea,Taiwan,1,0
Republic of Korea--Taiwan#ALL,Republic of Korea--Taiwan,ALL,2,Taiwan,Taiwan,0.310266,0.423686,4,Republic of Korea,Taiwan,1,0
Cambodia--Thailand#ALL,Cambodia--Thailand,ALL,1,Cambodia,Cambodia,0.216351,0.576345,5,Cambodia,Thailand,1,0
Cambodia--Thailand#ALL,Cambodia--Thailand,ALL,2,Thailand,Thailand,0.336992,0.46232,5,Cambodia,Thailand,1,0
Cambodia--United Kingdom#ALL,Cambodia--United Kingdom,ALL,1,Cambodia,Cambodia,0.216351,0.576345,7,Cambodia,United Kingdom,1,0
Cambodia--United Kingdom#ALL,Cambodia--United Kingdom,ALL,2,United Kingdom,United Kingdom,0.355643,0.570016,7,Cambodia,United Kingdom,1,0
Cambodia--Viet Nam#ALL,Cambodia--Viet Nam,ALL,1,Cambodia,Cambodia,0.216351,0.576345,4,Cambodia,Viet Nam,1,0
Cambodia--Viet Nam#ALL,Cambodia--Viet Nam,ALL,2,Viet Nam,Viet Nam,0.306341,0.520662,4,Cambodia,Viet Nam,1,0
Thailand--United States#ALL,Thailand--United States,ALL,1,Thailand,Thailand,0.336992,0.46232,8,Thailand,United States,1,0
Thailand--United States#ALL,Thailand--United States,ALL,2,United States,United States,0.440022,0.576858,8,Thailand,United States,1,0
Japan--United States#ALL,Japan--United States,ALL,1,Japan,Japan,0.302497,0.608095,11,Japan,United States,1,0
Japan--United States#ALL,Japan--United States,ALL,2,United States,United States,0.440022,0.576858,11,Japan,United States,1,0
Bangladesh--Ethiopia#ALL,Bangladesh--Ethiopia,ALL,1,Bangladesh,Bangladesh,0.325634,0.547236,3,Bangladesh,Ethiopia,1,0
Bangladesh--Ethiopia#ALL,Bangladesh--Ethiopia,ALL,2,Ethiopia,Ethiopia,0.413066,0.448775,3,Bangladesh,Ethiopia,1,0
Bangladesh--France#ALL,Bangladesh--France,ALL,1,Bangladesh,Bangladesh,0.325634,0.547236,3,Bangladesh,France,1,0
Bangladesh--France#ALL,Bangladesh--France,ALL,2,France,France,0.37365,0.542016,3,Bangladesh,France,1,0
Bangladesh--Pakistan#ALL,Bangladesh--Pakistan,ALL,1,Bangladesh,Bangladesh,0.325634,0.547236,4,Bangladesh,Pakistan,1,0
Bangladesh--Pakistan#ALL,Bangladesh--Pakistan,ALL,2,Pakistan,Pakistan,0.35634,0.418637,4,Bangladesh,Pakistan,1,0
Bangladesh--Switzerland#ALL,Bangladesh--Switzerland,ALL,1,Bangladesh,Bangladesh,0.325634,0.547236,4,Bangladesh,Switzerland,1,0
Bangladesh--Switzerland#ALL,Bangladesh--Switzerland,ALL,2,Switzerland,Switzerland,0.407049,0.531378,4,Bangladesh,Switzerland,1,0
Bangladesh--United Kingdom#ALL,Bangladesh--United Kingdom,ALL,1,Bangladesh,Bangladesh,0.325634,0.547236,5,Bangladesh,United Kingdom,1,0
Bangladesh--United Kingdom#ALL,Bangladesh--United Kingdom,ALL,2,United Kingdom,United Kingdom,0.355643,0.570016,5,Bangladesh,United Kingdom,1,0
Belgium--Italy#ALL,Belgium--Italy,ALL,1,Belgium,Belgium,0.487025,0.572301,4,Belgium,Italy,1,0
Belgium--Italy#ALL,Belgium--Italy,ALL,2,Italy,Italy,0.491029,0.507028,4,Belgium,Italy,1,0
Belgium--Netherlands#ALL,Belgium--Netherlands,ALL,1,Belgium,Belgium,0.487025,0.572301,4,Belgium,Netherlands,1,0
Belgium--Netherlands#ALL,Belgium--Netherlands,ALL,2,Netherlands,Netherlands,0.442831,0.641991,4,Belgium,Netherlands,1,0
Belgium--Switzerland#ALL,Belgium--Switzerland,ALL,1,Belgium,Belgium,0.487025,0.572301,4,Belgium,Switzerland,1,0
Belgium--Switzerland#ALL,Belgium--Switzerland,ALL,2,Switzerland,Switzerland,0.407049,0.531378,4,Belgium,Switzerland,1,0
China--India#ALL,China--India,ALL,1,China,China,0.331977,0.597918,6,China,India,1,0
China--India#ALL,China--India,ALL,2,India,India,0.397173,0.572838,6,China,India,1,0
Denmark--France#ALL,Denmark--France,ALL,1,Denmark,Denmark,0.44304,0.500047,4,Denmark,France,1,0
Denmark--France#ALL,Denmark--France,ALL,2,France,France,0.37365,0.542016,4,Denmark,France,1,0
Denmark--United Kingdom#ALL,Denmark--United Kingdom,ALL,1,Denmark,Denmark,0.44304,0.500047,6,Denmark,United Kingdom,1,0
Denmark--United Kingdom#ALL,Denmark--United Kingdom,ALL,2,United Kingdom,United Kingdom,0.355643,0.570016,6,Denmark,United Kingdom,1,0
Denmark--United States#ALL,Denmark--United States,ALL,1,Denmark,Denmark,0.44304,0.500047,4,Denmark,United States,1,0
Denmark--United States#ALL,Denmark--United States,ALL,2,United States,United States,0.440022,0.576858,4,Denmark,United States,1,0
Ethiopia--India#ALL,Ethiopia--India,ALL,1,Ethiopia,Ethiopia,0.413066,0.448775,3,Ethiopia,India,1,0
Ethiopia--India#ALL,Ethiopia--India,ALL,2,India,India,0.397173,0.572838,3,Ethiopia,India,1,0
Ethiopia--Switzerland#ALL,Ethiopia--Switzerland,ALL,1,Ethiopia,Ethiopia,0.413066,0.448775,3,Ethiopia,Switzerland,1,0
Ethiopia--Switzerland#ALL,Ethiopia--Switzerland,ALL,2,Switzerland,Switzerland,0.407049,0.531378,3,Ethiopia,Switzerland,1,0
India--Italy#ALL,India--Italy,ALL,1,India,India,0.397173,0.572838,4,India,Italy,1,0
India--Italy#ALL,India--Italy,ALL,2,Italy,Italy,0.491029,0.507028,4,India,Italy,1,0
India--Philippines#ALL,India--Philippines,ALL,1,India,India,0.397173,0.572838,5,India,Philippines,1,0
India--Philippines#ALL,India--Philippines,ALL,2,Philippines,Philippines,0.403578,0.405159,5,India,Philippines,1,0
India--Switzerland#ALL,India--Switzerland,ALL,1,India,India,0.397173,0.572838,4,India,Switzerland,1,0
India--Switzerland#ALL,India--Switzerland,ALL,2,Switzerland,Switzerland,0.407049,0.531378,4,India,Switzerland,1,0
Italy--Pakistan#ALL,Italy--Pakistan,ALL,1,Italy,Italy,0.491029,0.507028,3,Italy,Pakistan,1,0
Italy--Pakistan#ALL,Italy--Pakistan,ALL,2,Pakistan,Pakistan,0.35634,0.418637,3,Italy,Pakistan,1,0
Germany--Spain#ALL,Germany--Spain,ALL,1,Germany,Germany,0.479367,0.620904,3,Germany,Spain,1,0
Germany--Spain#ALL,Germany--Spain,ALL,2,Spain,Spain,0.55585,0.501818,3,Germany,Spain,1,0
Brazil--United States#ALL,Brazil--United States,ALL,1,Brazil,Brazil,0.412471,0.61443,4,Brazil,United States,1,0
Brazil--United States#ALL,Brazil--United States,ALL,2,United States,United States,0.440022,0.576858,4,Brazil,United States,1,0
Netherlands--New Zealand#ALL,Netherlands--New Zealand,ALL,1,Netherlands,Netherlands,0.442831,0.641991,4,Netherlands,New Zealand,1,0
Netherlands--New Zealand#ALL,Netherlands--New Zealand,ALL,2,New Zealand,New Zealand,0.267102,0.517173,4,Netherlands,New Zealand,1,0
Australia--New Zealand#ALL,Australia--New Zealand,ALL,1,Australia,Australia,0.390756,0.648197,7,Australia,New Zealand,1,0
Australia--New Zealand#ALL,Australia--New Zealand,ALL,2,New Zealand,New Zealand,0.267102,0.517173,7,Australia,New Zealand,1,0
China--New Zealand#ALL,China--New Zealand,ALL,1,China,China,0.331977,0.597918,4,China,New Zealand,1,0
China--New Zealand#ALL,China--New Zealand,ALL,2,New Zealand,New Zealand,0.267102,0.517173,4,China,New Zealand,1,0
New Zealand--United Kingdom#ALL,New Zealand--United Kingdom,ALL,1,New Zealand,New Zealand,0.267102,0.517173,5,New Zealand,United Kingdom,1,0
New Zealand--United Kingdom#ALL,New Zealand--United Kingdom,ALL,2,United Kingdom,United Kingdom,0.355643,0.570016,5,New Zealand,United Kingdom,1,0
Australia--France#ALL,Australia--France,ALL,1,Australia,Australia,0.390756,0.648197,5,Australia,France,1,0
Australia--France#ALL,Australia--France,ALL,2,France,France,0.37365,0.542016,5,Australia,France,1,0
Portugal--Singapore#ALL,Portugal--Singapore,ALL,1,Portugal,Portugal,0.571774,0.657031,5,Portugal,Singapore,1,1
Portugal--Singapore#ALL,Portugal--Singapore,ALL,2,Singapore,Singapore,0.429978,0.539306,5,Portugal,Singapore,1,1
Germany--India#ALL,Germany--India,ALL,1,Germany,Germany,0.479367,0.620904,5,Germany,India,1,0
Germany--India#ALL,Germany--India,ALL,2,India,India,0.397173,0.572838,5,Germany,India,1,0
India--Uganda#ALL,India--Uganda,ALL,1,India,India,0.397173,0.572838,3,India,Uganda,1,0
India--Uganda#ALL,India--Uganda,ALL,2,Uganda,Uganda,0.542037,0.561668,3,India,Uganda,1,0
Singapore--Uganda#ALL,Singapore--Uganda,ALL,1,Singapore,Singapore,0.429978,0.539306,4,Singapore,Uganda,1,1
Singapore--Uganda#ALL,Singapore--Uganda,ALL,2,Uganda,Uganda,0.542037,0.561668,4,Singapore,Uganda,1,1
Canada--Ethiopia#ALL,Canada--Ethiopia,ALL,1,Canada,Canada,0.429902,0.670838,3,Canada,Ethiopia,1,0
Canada--Ethiopia#ALL,Canada--Ethiopia,ALL,2,Ethiopia,Ethiopia,0.413066,0.448775,3,Canada,Ethiopia,1,0
Canada--Indonesia#ALL,Canada--Indonesia,ALL,1,Canada,Canada,0.429902,0.670838,3,Canada,Indonesia,1,0
Canada--Indonesia#ALL,Canada--Indonesia,ALL,2,Indonesia,Indonesia,0.369414,0.492144,3,Canada,Indonesia,1,0
Ethiopia--Haiti#ALL,Ethiopia--Haiti,ALL,1,Ethiopia,Ethiopia,0.413066,0.448775,3,Ethiopia,Haiti,1,0
Ethiopia--Haiti#ALL,Ethiopia--Haiti,ALL,2,Haiti,Haiti,0.197232,0.540579,3,Ethiopia,Haiti,1,0
France--Haiti#ALL,France--Haiti,ALL,1,France,France,0.37365,0.542016,3,France,Haiti,1,0
France--Haiti#ALL,France--Haiti,ALL,2,Haiti,Haiti,0.197232,0.540579,3,France,Haiti,1,0
Haiti--Pakistan#ALL,Haiti--Pakistan,ALL,1,Haiti,Haiti,0.197232,0.540579,3,Haiti,Pakistan,1,0
Haiti--Pakistan#ALL,Haiti--Pakistan,ALL,2,Pakistan,Pakistan,0.35634,0.418637,3,Haiti,Pakistan,1,0
Haiti--Peru#ALL,Haiti--Peru,ALL,1,Haiti,Haiti,0.197232,0.540579,3,Haiti,Peru,1,0
Haiti--Peru#ALL,Haiti--Peru,ALL,2,Peru,Peru,0.260788,0.595863,3,Haiti,Peru,1,0
Haiti--Singapore#ALL,Haiti--Singapore,ALL,1,Haiti,Haiti,0.197232,0.540579,3,Haiti,Singapore,1,1
Haiti--Singapore#ALL,Haiti--Singapore,ALL,2,Singapore,Singapore,0.429978,0.539306,3,Haiti,Singapore,1,1
Haiti--United Kingdom#ALL,Haiti--United Kingdom,ALL,1,Haiti,Haiti,0.197232,0.540579,3,Haiti,United Kingdom,1,0
Haiti--United Kingdom#ALL,Haiti--United Kingdom,ALL,2,United Kingdom,United Kingdom,0.355643,0.570016,3,Haiti,United Kingdom,1,0
Haiti--United States#ALL,Haiti--United States,ALL,1,Haiti,Haiti,0.197232,0.540579,3,Haiti,United States,1,0
Haiti--United States#ALL,Haiti--United States,ALL,2,United States,United States,0.440022,0.576858,3,Haiti,United States,1,0
Pakistan--Viet Nam#ALL,Pakistan--Viet Nam,ALL,1,Pakistan,Pakistan,0.35634,0.418637,4,Pakistan,Viet Nam,1,0
Pakistan--Viet Nam#ALL,Pakistan--Viet Nam,ALL,2,Viet Nam,Viet Nam,0.306341,0.520662,4,Pakistan,Viet Nam,1,0
Peru--Switzerland#ALL,Peru--Switzerland,ALL,1,Peru,Peru,0.260788,0.595863,3,Peru,Switzerland,1,0
Peru--Switzerland#ALL,Peru--Switzerland,ALL,2,Switzerland,Switzerland,0.407049,0.531378,3,Peru,Switzerland,1,0
Peru--Viet Nam#ALL,Peru--Viet Nam,ALL,1,Peru,Peru,0.260788,0.595863,3,Peru,Viet Nam,1,0
Peru--Viet Nam#ALL,Peru--Viet Nam,ALL,2,Viet Nam,Viet Nam,0.306341,0.520662,3,Peru,Viet Nam,1,0
Switzerland--Viet Nam#ALL,Switzerland--Viet Nam,ALL,1,Switzerland,Switzerland,0.407049,0.531378,4,Switzerland,Viet Nam,1,0
Switzerland--Viet Nam#ALL,Switzerland--Viet Nam,ALL,2,Viet Nam,Viet Nam,0.306341,0.520662,4,Switzerland,Viet Nam,1,0
India--Taiwan#ALL,India--Taiwan,ALL,1,India,India,0.397173,0.572838,7,India,Taiwan,1,0
India--Taiwan#ALL,India--Taiwan,ALL,2,Taiwan,Taiwan,0.310266,0.423686,7,India,Taiwan,1,0
Sweden--United Kingdom#ALL,Sweden--United Kingdom,ALL,1,Sweden,Sweden,0.304842,0.663705,3,Sweden,United Kingdom,1,0
Sweden--United Kingdom#ALL,Sweden--United Kingdom,ALL,2,United Kingdom,United Kingdom,0.355643,0.570016,3,Sweden,United Kingdom,1,0
Sweden--United States#ALL,Sweden--United States,ALL,1,Sweden,Sweden,0.304842,0.663705,3,Sweden,United States,1,0
Sweden--United States#ALL,Sweden--United States,ALL,2,United States,United States,0.440022,0.576858,3,Sweden,United States,1,0
Sweden--Viet Nam#ALL,Sweden--Viet Nam,ALL,1,Sweden,Sweden,0.304842,0.663705,3,Sweden,Viet Nam,1,0
Sweden--Viet Nam#ALL,Sweden--Viet Nam,ALL,2,Viet Nam,Viet Nam,0.306341,0.520662,3,Sweden,Viet Nam,1,0
Belgium--South Africa#ALL,Belgium--South Africa,ALL,1,Belgium,Belgium,0.487025,0.572301,4,Belgium,South Africa,1,0
Belgium--South Africa#ALL,Belgium--South Africa,ALL,2,South Africa,South Africa,0.354082,0.657729,4,Belgium,South Africa,1,0
Germany--South Africa#ALL,Germany--South Africa,ALL,1,Germany,Germany,0.479367,0.620904,4,Germany,South Africa,1,0
Germany--South Africa#ALL,Germany--South Africa,ALL,2,South Africa,South Africa,0.354082,0.657729,4,Germany,South Africa,1,0
Australia--Malaysia#ALL,Australia--Malaysia,ALL,1,Australia,Australia,0.390756,0.648197,7,Australia,Malaysia,1,0
Australia--Malaysia#ALL,Australia--Malaysia,ALL,2,Malaysia,Malaysia,0.277414,0.425437,7,Australia,Malaysia,1,0
Malaysia--Switzerland#ALL,Malaysia--Switzerland,ALL,1,Malaysia,Malaysia,0.277414,0.425437,2,Malaysia,Switzerland,1,0
Malaysia--Switzerland#ALL,Malaysia--Switzerland,ALL,2,Switzerland,Switzerland,0.407049,0.531378,2,Malaysia,Switzerland,1,0
Malaysia--United Kingdom#ALL,Malaysia--United Kingdom,ALL,1,Malaysia,Malaysia,0.277414,0.425437,7,Malaysia,United Kingdom,1,0
Malaysia--United Kingdom#ALL,Malaysia--United Kingdom,ALL,2,United Kingdom,United Kingdom,0.355643,0.570016,7,Malaysia,United Kingdom,1,0
Switzerland--Thailand#ALL,Switzerland--Thailand,ALL,1,Switzerland,Switzerland,0.407049,0.531378,3,Switzerland,Thailand,1,0
Switzerland--Thailand#ALL,Switzerland--Thailand,ALL,2,Thailand,Thailand,0.336992,0.46232,3,Switzerland,Thailand,1,0
Australia--Canada#ALL,Australia--Canada,ALL,1,Australia,Australia,0.390756,0.648197,5,Australia,Canada,1,0
Australia--Canada#ALL,Australia--Canada,ALL,2,Canada,Canada,0.429902,0.670838,5,Australia,Canada,1,0
Canada--Netherlands#ALL,Canada--Netherlands,ALL,1,Canada,Canada,0.429902,0.670838,4,Canada,Netherlands,1,0
Canada--Netherlands#ALL,Canada--Netherlands,ALL,2,Netherlands,Netherlands,0.442831,0.641991,4,Canada,Netherlands,1,0
China--Republic of Korea#ALL,China--Republic of Korea,ALL,1,China,China,0.331977,0.597918,4,China,Republic of Korea,1,0
China--Republic of Korea#ALL,China--Republic of Korea,ALL,2,Republic of Korea,Republic of Korea,0.226785,0.465839,4,China,Republic of Korea,1,0
China--Switzerland#ALL,China--Switzerland,ALL,1,China,China,0.331977,0.597918,5,China,Switzerland,1,0
China--Switzerland#ALL,China--Switzerland,ALL,2,Switzerland,Switzerland,0.407049,0.531378,5,China,Switzerland,1,0
Australia--India#ALL,Australia--India,ALL,1,Australia,Australia,0.390756,0.648197,7,Australia,India,1,0
Australia--India#ALL,Australia--India,ALL,2,India,India,0.397173,0.572838,7,Australia,India,1,0
Australia--Republic of Korea#ALL,Australia--Republic of Korea,ALL,1,Australia,Australia,0.390756,0.648197,4,Australia,Republic of Korea,1,0
Australia--Republic of Korea#ALL,Australia--Republic of Korea,ALL,2,Republic of Korea,Republic of Korea,0.226785,0.465839,4,Australia,Republic of Korea,1,0
Australia--Taiwan#ALL,Australia--Taiwan,ALL,1,Australia,Australia,0.390756,0.648197,4,Australia,Taiwan,1,0
Australia--Taiwan#ALL,Australia--Taiwan,ALL,2,Taiwan,Taiwan,0.310266,0.423686,4,Australia,Taiwan,1,0
China--Hong Kong SAR#ALL,China--Hong Kong SAR,ALL,1,China,China,0.331977,0.597918,4,China,Hong Kong SAR,1,0
China--Hong Kong SAR#ALL,China--Hong Kong SAR,ALL,2,Hong Kong SAR,Hong Kong SAR,0.172647,0.597281,4,China,Hong Kong SAR,1,0
China--Malaysia#ALL,China--Malaysia,ALL,1,China,China,0.331977,0.597918,6,China,Malaysia,1,0
China--Malaysia#ALL,China--Malaysia,ALL,2,Malaysia,Malaysia,0.277414,0.425437,6,China,Malaysia,1,0
China--Taiwan#ALL,China--Taiwan,ALL,1,China,China,0.331977,0.597918,4,China,Taiwan,1,0
China--Taiwan#ALL,China--Taiwan,ALL,2,Taiwan,Taiwan,0.310266,0.423686,4,China,Taiwan,1,0
China--Thailand#ALL,China--Thailand,ALL,1,China,China,0.331977,0.597918,5,China,Thailand,1,0
China--Thailand#ALL,China--Thailand,ALL,2,Thailand,Thailand,0.336992,0.46232,5,China,Thailand,1,0
China--Viet Nam#ALL,China--Viet Nam,ALL,1,China,China,0.331977,0.597918,5,China,Viet Nam,1,0
China--Viet Nam#ALL,China--Viet Nam,ALL,2,Viet Nam,Viet Nam,0.306341,0.520662,5,China,Viet Nam,1,0
Hong Kong SAR--Malaysia#ALL,Hong Kong SAR--Malaysia,ALL,1,Hong Kong SAR,Hong Kong SAR,0.172647,0.597281,2,Hong Kong SAR,Malaysia,1,0
Hong Kong SAR--Malaysia#ALL,Hong Kong SAR--Malaysia,ALL,2,Malaysia,Malaysia,0.277414,0.425437,2,Hong Kong SAR,Malaysia,1,0
Hong Kong SAR--Republic of Korea#ALL,Hong Kong SAR--Republic of Korea,ALL,1,Hong Kong SAR,Hong Kong SAR,0.172647,0.597281,4,Hong Kong SAR,Republic of Korea,1,0
Hong Kong SAR--Republic of Korea#ALL,Hong Kong SAR--Republic of Korea,ALL,2,Republic of Korea,Republic of Korea,0.226785,0.465839,4,Hong Kong SAR,Republic of Korea,1,0
India--Japan#ALL,India--Japan,ALL,1,India,India,0.397173,0.572838,5,India,Japan,1,0
India--Japan#ALL,India--Japan,ALL,2,Japan,Japan,0.302497,0.608095,5,India,Japan,1,0
India--Malaysia#ALL,India--Malaysia,ALL,1,India,India,0.397173,0.572838,4,India,Malaysia,1,0
India--Malaysia#ALL,India--Malaysia,ALL,2,Malaysia,Malaysia,0.277414,0.425437,4,India,Malaysia,1,0
India--Republic of Korea#ALL,India--Republic of Korea,ALL,1,India,India,0.397173,0.572838,3,India,Republic of Korea,1,0
India--Republic of Korea#ALL,India--Republic of Korea,ALL,2,Republic of Korea,Republic of Korea,0.226785,0.465839,3,India,Republic of Korea,1,0
India--Thailand#ALL,India--Thailand,ALL,1,India,India,0.397173,0.572838,5,India,Thailand,1,0
India--Thailand#ALL,India--Thailand,ALL,2,Thailand,Thailand,0.336992,0.46232,5,India,Thailand,1,0
India--Viet Nam#ALL,India--Viet Nam,ALL,1,India,India,0.397173,0.572838,5,India,Viet Nam,1,0
India--Viet Nam#ALL,India--Viet Nam,ALL,2,Viet Nam,Viet Nam,0.306341,0.520662,5,India,Viet Nam,1,0
Japan--Malaysia#ALL,Japan--Malaysia,ALL,1,Japan,Japan,0.302497,0.608095,6,Japan,Malaysia,1,0
Japan--Malaysia#ALL,Japan--Malaysia,ALL,2,Malaysia,Malaysia,0.277414,0.425437,6,Japan,Malaysia,1,0
Japan--Republic of Korea#ALL,Japan--Republic of Korea,ALL,1,Japan,Japan,0.302497,0.608095,5,Japan,Republic of Korea,1,0
Japan--Republic of Korea#ALL,Japan--Republic of Korea,ALL,2,Republic of Korea,Republic of Korea,0.226785,0.465839,5,Japan,Republic of Korea,1,0
Japan--Taiwan#ALL,Japan--Taiwan,ALL,1,Japan,Japan,0.302497,0.608095,4,Japan,Taiwan,1,0
Japan--Taiwan#ALL,Japan--Taiwan,ALL,2,Taiwan,Taiwan,0.310266,0.423686,4,Japan,Taiwan,1,0
Japan--Viet Nam#ALL,Japan--Viet Nam,ALL,1,Japan,Japan,0.302497,0.608095,4,Japan,Viet Nam,1,0
Japan--Viet Nam#ALL,Japan--Viet Nam,ALL,2,Viet Nam,Viet Nam,0.306341,0.520662,4,Japan,Viet Nam,1,0
Malaysia--Republic of Korea#ALL,Malaysia--Republic of Korea,ALL,1,Malaysia,Malaysia,0.277414,0.425437,3,Malaysia,Republic of Korea,1,0
Malaysia--Republic of Korea#ALL,Malaysia--Republic of Korea,ALL,2,Republic of Korea,Republic of Korea,0.226785,0.465839,3,Malaysia,Republic of Korea,1,0
Malaysia--Viet Nam#ALL,Malaysia--Viet Nam,ALL,1,Malaysia,Malaysia,0.277414,0.425437,5,Malaysia,Viet Nam,1,0
Malaysia--Viet Nam#ALL,Malaysia--Viet Nam,ALL,2,Viet Nam,Viet Nam,0.306341,0.520662,5,Malaysia,Viet Nam,1,0
Republic of Korea--Thailand#ALL,Republic of Korea--Thailand,ALL,1,Republic of Korea,Republic of Korea,0.226785,0.465839,4,Republic of Korea,Thailand,1,0
Republic of Korea--Thailand#ALL,Republic of Korea--Thailand,ALL,2,Thailand,Thailand,0.336992,0.46232,4,Republic of Korea,Thailand,1,0
Republic of Korea--Viet Nam#ALL,Republic of Korea--Viet Nam,ALL,1,Republic of Korea,Republic of Korea,0.226785,0.465839,3,Republic of Korea,Viet Nam,1,0
Republic of Korea--Viet Nam#ALL,Republic of Korea--Viet Nam,ALL,2,Viet Nam,Viet Nam,0.306341,0.520662,3,Republic of Korea,Viet Nam,1,0
Taiwan--Thailand#ALL,Taiwan--Thailand,ALL,1,Taiwan,Taiwan,0.310266,0.423686,6,Taiwan,Thailand,1,0
Taiwan--Thailand#ALL,Taiwan--Thailand,ALL,2,Thailand,Thailand,0.336992,0.46232,6,Taiwan,Thailand,1,0
Taiwan--Viet Nam#ALL,Taiwan--Viet Nam,ALL,1,Taiwan,Taiwan,0.310266,0.423686,3,Taiwan,Viet Nam,1,0
Taiwan--Viet Nam#ALL,Taiwan--Viet Nam,ALL,2,Viet Nam,Viet Nam,0.306341,0.520662,3,Taiwan,Viet Nam,1,0
Hong Kong SAR--United States#ALL,Hong Kong SAR--United States,ALL,1,Hong Kong SAR,Hong Kong SAR,0.172647,0.597281,2,Hong Kong SAR,United States,1,0
Hong Kong SAR--United States#ALL,Hong Kong SAR--United States,ALL,2,United States,United States,0.440022,0.576858,2,Hong Kong SAR,United States,1,0
China--Pakistan#ALL,China--Pakistan,ALL,1,China,China,0.331977,0.597918,4,China,Pakistan,1,0
China--Pakistan#ALL,China--Pakistan,ALL,2,Pakistan,Pakistan,0.35634,0.418637,4,China,Pakistan,1,0
Philippines--Thailand#ALL,Philippines--Thailand,ALL,1,Philippines,Philippines,0.403578,0.405159,7,Philippines,Thailand,1,0
Philippines--Thailand#ALL,Philippines--Thailand,ALL,2,Thailand,Thailand,0.336992,0.46232,7,Philippines,Thailand,1,0
New Zealand--United States#ALL,New Zealand--United States,ALL,1,New Zealand,New Zealand,0.267102,0.517173,4,New Zealand,United States,1,0
New Zealand--United States#ALL,New Zealand--United States,ALL,2,United States,United States,0.440022,0.576858,4,New Zealand,United States,1,0
Chile--Singapore#ALL,Chile--Singapore,ALL,1,Chile,Chile,0.722964,0.79092,2,Chile,Singapore,1,1
Chile--Singapore#ALL,Chile--Singapore,ALL,2,Singapore,Singapore,0.429978,0.539306,2,Chile,Singapore,1,1
Bangladesh--Indonesia#ALL,Bangladesh--Indonesia,ALL,1,Bangladesh,Bangladesh,0.325634,0.547236,3,Bangladesh,Indonesia,1,0
Bangladesh--Indonesia#ALL,Bangladesh--Indonesia,ALL,2,Indonesia,Indonesia,0.369414,0.492144,3,Bangladesh,Indonesia,1,0
Belgium--China#ALL,Belgium--China,ALL,1,Belgium,Belgium,0.487025,0.572301,3,Belgium,China,1,0
Belgium--China#ALL,Belgium--China,ALL,2,China,China,0.331977,0.597918,3,Belgium,China,1,0
Belgium--Denmark#ALL,Belgium--Denmark,ALL,1,Belgium,Belgium,0.487025,0.572301,2,Belgium,Denmark,1,0
Belgium--Denmark#ALL,Belgium--Denmark,ALL,2,Denmark,Denmark,0.44304,0.500047,2,Belgium,Denmark,1,0
Belgium--Ethiopia#ALL,Belgium--Ethiopia,ALL,1,Belgium,Belgium,0.487025,0.572301,2,Belgium,Ethiopia,1,0
Belgium--Ethiopia#ALL,Belgium--Ethiopia,ALL,2,Ethiopia,Ethiopia,0.413066,0.448775,2,Belgium,Ethiopia,1,0
Belgium--Indonesia#ALL,Belgium--Indonesia,ALL,1,Belgium,Belgium,0.487025,0.572301,2,Belgium,Indonesia,1,0
Belgium--Indonesia#ALL,Belgium--Indonesia,ALL,2,Indonesia,Indonesia,0.369414,0.492144,2,Belgium,Indonesia,1,0
Belgium--Pakistan#ALL,Belgium--Pakistan,ALL,1,Belgium,Belgium,0.487025,0.572301,2,Belgium,Pakistan,1,0
Belgium--Pakistan#ALL,Belgium--Pakistan,ALL,2,Pakistan,Pakistan,0.35634,0.418637,2,Belgium,Pakistan,1,0
China--Denmark#ALL,China--Denmark,ALL,1,China,China,0.331977,0.597918,2,China,Denmark,1,0
China--Denmark#ALL,China--Denmark,ALL,2,Denmark,Denmark,0.44304,0.500047,2,China,Denmark,1,0
China--France#ALL,China--France,ALL,1,China,China,0.331977,0.597918,5,China,France,1,0
China--France#ALL,China--France,ALL,2,France,France,0.37365,0.542016,5,China,France,1,0
China--Netherlands#ALL,China--Netherlands,ALL,1,China,China,0.331977,0.597918,5,China,Netherlands,1,0
China--Netherlands#ALL,China--Netherlands,ALL,2,Netherlands,Netherlands,0.442831,0.641991,5,China,Netherlands,1,0
China--Philippines#ALL,China--Philippines,ALL,1,China,China,0.331977,0.597918,4,China,Philippines,1,0
China--Philippines#ALL,China--Philippines,ALL,2,Philippines,Philippines,0.403578,0.405159,4,China,Philippines,1,0
Denmark--Ethiopia#ALL,Denmark--Ethiopia,ALL,1,Denmark,Denmark,0.44304,0.500047,2,Denmark,Ethiopia,1,0
Denmark--Ethiopia#ALL,Denmark--Ethiopia,ALL,2,Ethiopia,Ethiopia,0.413066,0.448775,2,Denmark,Ethiopia,1,0
Denmark--India#ALL,Denmark--India,ALL,1,Denmark,Denmark,0.44304,0.500047,2,Denmark,India,1,0
Denmark--India#ALL,Denmark--India,ALL,2,India,India,0.397173,0.572838,2,Denmark,India,1,0
Denmark--Indonesia#ALL,Denmark--Indonesia,ALL,1,Denmark,Denmark,0.44304,0.500047,2,Denmark,Indonesia,1,0
Denmark--Indonesia#ALL,Denmark--Indonesia,ALL,2,Indonesia,Indonesia,0.369414,0.492144,2,Denmark,Indonesia,1,0
Denmark--Netherlands#ALL,Denmark--Netherlands,ALL,1,Denmark,Denmark,0.44304,0.500047,2,Denmark,Netherlands,1,0
Denmark--Netherlands#ALL,Denmark--Netherlands,ALL,2,Netherlands,Netherlands,0.442831,0.641991,2,Denmark,Netherlands,1,0
Denmark--Pakistan#ALL,Denmark--Pakistan,ALL,1,Denmark,Denmark,0.44304,0.500047,2,Denmark,Pakistan,1,0
Denmark--Pakistan#ALL,Denmark--Pakistan,ALL,2,Pakistan,Pakistan,0.35634,0.418637,2,Denmark,Pakistan,1,0
Denmark--Switzerland#ALL,Denmark--Switzerland,ALL,1,Denmark,Denmark,0.44304,0.500047,3,Denmark,Switzerland,1,0
Denmark--Switzerland#ALL,Denmark--Switzerland,ALL,2,Switzerland,Switzerland,0.407049,0.531378,3,Denmark,Switzerland,1,0
Ethiopia--Netherlands#ALL,Ethiopia--Netherlands,ALL,1,Ethiopia,Ethiopia,0.413066,0.448775,2,Ethiopia,Netherlands,1,0
Ethiopia--Netherlands#ALL,Ethiopia--Netherlands,ALL,2,Netherlands,Netherlands,0.442831,0.641991,2,Ethiopia,Netherlands,1,0
France--Netherlands#ALL,France--Netherlands,ALL,1,France,France,0.37365,0.542016,4,France,Netherlands,1,0
France--Netherlands#ALL,France--Netherlands,ALL,2,Netherlands,Netherlands,0.442831,0.641991,4,France,Netherlands,1,0
India--Pakistan#ALL,India--Pakistan,ALL,1,India,India,0.397173,0.572838,3,India,Pakistan,1,0
India--Pakistan#ALL,India--Pakistan,ALL,2,Pakistan,Pakistan,0.35634,0.418637,3,India,Pakistan,1,0
Indonesia--Italy#ALL,Indonesia--Italy,ALL,1,Indonesia,Indonesia,0.369414,0.492144,2,Indonesia,Italy,1,0
Indonesia--Italy#ALL,Indonesia--Italy,ALL,2,Italy,Italy,0.491029,0.507028,2,Indonesia,Italy,1,0
Indonesia--Philippines#ALL,Indonesia--Philippines,ALL,1,Indonesia,Indonesia,0.369414,0.492144,4,Indonesia,Philippines,1,0
Indonesia--Philippines#ALL,Indonesia--Philippines,ALL,2,Philippines,Philippines,0.403578,0.405159,4,Indonesia,Philippines,1,0
Italy--Netherlands#ALL,Italy--Netherlands,ALL,1,Italy,Italy,0.491029,0.507028,3,Italy,Netherlands,1,0
Italy--Netherlands#ALL,Italy--Netherlands,ALL,2,Netherlands,Netherlands,0.442831,0.641991,3,Italy,Netherlands,1,0
Netherlands--Switzerland#ALL,Netherlands--Switzerland,ALL,1,Netherlands,Netherlands,0.442831,0.641991,3,Netherlands,Switzerland,1,0
Netherlands--Switzerland#ALL,Netherlands--Switzerland,ALL,2,Switzerland,Switzerland,0.407049,0.531378,3,Netherlands,Switzerland,1,0
Philippines--Switzerland#ALL,Philippines--Switzerland,ALL,1,Philippines,Philippines,0.403578,0.405159,3,Philippines,Switzerland,1,0
Philippines--Switzerland#ALL,Philippines--Switzerland,ALL,2,Switzerland,Switzerland,0.407049,0.531378,3,Philippines,Switzerland,1,0
Austria--Germany#ALL,Austria--Germany,ALL,1,Austria,Austria,0.630309,0.316021,2,Austria,Germany,1,0
Austria--Germany#ALL,Austria--Germany,ALL,2,Germany,Germany,0.479367,0.620904,2,Austria,Germany,1,0
Austria--Singapore#ALL,Austria--Singapore,ALL,1,Austria,Austria,0.630309,0.316021,3,Austria,Singapore,1,1
Austria--Singapore#ALL,Austria--Singapore,ALL,2,Singapore,Singapore,0.429978,0.539306,3,Austria,Singapore,1,1
Austria--Spain#ALL,Austria--Spain,ALL,1,Austria,Austria,0.630309,0.316021,2,Austria,Spain,1,0
Austria--Spain#ALL,Austria--Spain,ALL,2,Spain,Spain,0.55585,0.501818,2,Austria,Spain,1,0
Austria--United Kingdom#ALL,Austria--United Kingdom,ALL,1,Austria,Austria,0.630309,0.316021,2,Austria,United Kingdom,1,0
Austria--United Kingdom#ALL,Austria--United Kingdom,ALL,2,United Kingdom,United Kingdom,0.355643,0.570016,2,Austria,United Kingdom,1,0
Austria--United States#ALL,Austria--United States,ALL,1,Austria,Austria,0.630309,0.316021,2,Austria,United States,1,0
Austria--United States#ALL,Austria--United States,ALL,2,United States,United States,0.440022,0.576858,2,Austria,United States,1,0
Australia--South Africa#ALL,Australia--South Africa,ALL,1,Australia,Australia,0.390756,0.648197,5,Australia,South Africa,1,0
Australia--South Africa#ALL,Australia--South Africa,ALL,2,South Africa,South Africa,0.354082,0.657729,5,Australia,South Africa,1,0
Australia--Brazil#ALL,Australia--Brazil,ALL,1,Australia,Australia,0.390756,0.648197,3,Australia,Brazil,1,0
Australia--Brazil#ALL,Australia--Brazil,ALL,2,Brazil,Brazil,0.412471,0.61443,3,Australia,Brazil,1,0
Australia--Germany#ALL,Australia--Germany,ALL,1,Australia,Australia,0.390756,0.648197,4,Australia,Germany,1,0
Australia--Germany#ALL,Australia--Germany,ALL,2,Germany,Germany,0.479367,0.620904,4,Australia,Germany,1,0
Bangladesh--India#ALL,Bangladesh--India,ALL,1,Bangladesh,Bangladesh,0.325634,0.547236,4,Bangladesh,India,1,0
Bangladesh--India#ALL,Bangladesh--India,ALL,2,India,India,0.397173,0.572838,4,Bangladesh,India,1,0
Brazil--Switzerland#ALL,Brazil--Switzerland,ALL,1,Brazil,Brazil,0.412471,0.61443,3,Brazil,Switzerland,1,0
Brazil--Switzerland#ALL,Brazil--Switzerland,ALL,2,Switzerland,Switzerland,0.407049,0.531378,3,Brazil,Switzerland,1,0
Brazil--United Kingdom#ALL,Brazil--United Kingdom,ALL,1,Brazil,Brazil,0.412471,0.61443,4,Brazil,United Kingdom,1,0
Brazil--United Kingdom#ALL,Brazil--United Kingdom,ALL,2,United Kingdom,United Kingdom,0.355643,0.570016,4,Brazil,United Kingdom,1,0
China--Germany#ALL,China--Germany,ALL,1,China,China,0.331977,0.597918,3,China,Germany,1,0
China--Germany#ALL,China--Germany,ALL,2,Germany,Germany,0.479367,0.620904,3,China,Germany,1,0
China--Sweden#ALL,China--Sweden,ALL,1,China,China,0.331977,0.597918,2,China,Sweden,1,0
China--Sweden#ALL,China--Sweden,ALL,2,Sweden,Sweden,0.304842,0.663705,2,China,Sweden,1,0
China--Japan#ALL,China--Japan,ALL,1,China,China,0.331977,0.597918,6,China,Japan,1,0
China--Japan#ALL,China--Japan,ALL,2,Japan,Japan,0.302497,0.608095,6,China,Japan,1,0
Japan--New Zealand#ALL,Japan--New Zealand,ALL,1,Japan,Japan,0.302497,0.608095,3,Japan,New Zealand,1,0
Japan--New Zealand#ALL,Japan--New Zealand,ALL,2,New Zealand,New Zealand,0.267102,0.517173,3,Japan,New Zealand,1,0
Australia--Italy#ALL,Australia--Italy,ALL,1,Australia,Australia,0.390756,0.648197,5,Australia,Italy,1,0
Australia--Italy#ALL,Australia--Italy,ALL,2,Italy,Italy,0.491029,0.507028,5,Australia,Italy,1,0
Canada--China#ALL,Canada--China,ALL,1,Canada,Canada,0.429902,0.670838,3,Canada,China,1,0
Canada--China#ALL,Canada--China,ALL,2,China,China,0.331977,0.597918,3,Canada,China,1,0
Australia--Nepal#ALL,Australia--Nepal,ALL,1,Australia,Australia,0.390756,0.648197,2,Australia,Nepal,1,0
Australia--Nepal#ALL,Australia--Nepal,ALL,2,Nepal,Nepal,0.224864,0.407765,2,Australia,Nepal,1,0
Nepal--Singapore#ALL,Nepal--Singapore,ALL,1,Nepal,Nepal,0.224864,0.407765,6,Nepal,Singapore,1,1
Nepal--Singapore#ALL,Nepal--Singapore,ALL,2,Singapore,Singapore,0.429978,0.539306,6,Nepal,Singapore,1,1
Nepal--United Kingdom#ALL,Nepal--United Kingdom,ALL,1,Nepal,Nepal,0.224864,0.407765,6,Nepal,United Kingdom,1,0
Nepal--United Kingdom#ALL,Nepal--United Kingdom,ALL,2,United Kingdom,United Kingdom,0.355643,0.570016,6,Nepal,United Kingdom,1,0
Nepal--United States#ALL,Nepal--United States,ALL,1,Nepal,Nepal,0.224864,0.407765,2,Nepal,United States,1,0
Nepal--United States#ALL,Nepal--United States,ALL,2,United States,United States,0.440022,0.576858,2,Nepal,United States,1,0
Nepal--Viet Nam#ALL,Nepal--Viet Nam,ALL,1,Nepal,Nepal,0.224864,0.407765,5,Nepal,Viet Nam,1,0
Nepal--Viet Nam#ALL,Nepal--Viet Nam,ALL,2,Viet Nam,Viet Nam,0.306341,0.520662,5,Nepal,Viet Nam,1,0
France--Thailand#ALL,France--Thailand,ALL,1,France,France,0.37365,0.542016,3,France,Thailand,1,0
France--Thailand#ALL,France--Thailand,ALL,2,Thailand,Thailand,0.336992,0.46232,3,France,Thailand,1,0
New Zealand--Thailand#ALL,New Zealand--Thailand,ALL,1,New Zealand,New Zealand,0.267102,0.517173,3,New Zealand,Thailand,1,0
New Zealand--Thailand#ALL,New Zealand--Thailand,ALL,2,Thailand,Thailand,0.336992,0.46232,3,New Zealand,Thailand,1,0
Australia--Belgium#ALL,Australia--Belgium,ALL,1,Australia,Australia,0.390756,0.648197,3,Australia,Belgium,1,0
Australia--Belgium#ALL,Australia--Belgium,ALL,2,Belgium,Belgium,0.487025,0.572301,3,Australia,Belgium,1,0
Canada--Italy#ALL,Canada--Italy,ALL,1,Canada,Canada,0.429902,0.670838,3,Canada,Italy,1,0
Canada--Italy#ALL,Canada--Italy,ALL,2,Italy,Italy,0.491029,0.507028,3,Canada,Italy,1,0
Canada--Myanmar#ALL,Canada--Myanmar,ALL,1,Canada,Canada,0.429902,0.670838,2,Canada,Myanmar,1,0
Canada--Myanmar#ALL,Canada--Myanmar,ALL,2,Myanmar,Myanmar,0.19157,0.500134,2,Canada,Myanmar,1,0
France--Portugal#ALL,France--Portugal,ALL,1,France,France,0.37365,0.542016,3,France,Portugal,1,0
France--Portugal#ALL,France--Portugal,ALL,2,Portugal,Portugal,0.571774,0.657031,3,France,Portugal,1,0
France--Spain#ALL,France--Spain,ALL,1,France,France,0.37365,0.542016,3,France,Spain,1,0
France--Spain#ALL,France--Spain,ALL,2,Spain,Spain,0.55585,0.501818,3,France,Spain,1,0
Italy--Portugal#ALL,Italy--Portugal,ALL,1,Italy,Italy,0.491029,0.507028,2,Italy,Portugal,1,0
Italy--Portugal#ALL,Italy--Portugal,ALL,2,Portugal,Portugal,0.571774,0.657031,2,Italy,Portugal,1,0
Italy--Spain#ALL,Italy--Spain,ALL,1,Italy,Italy,0.491029,0.507028,4,Italy,Spain,1,0
Italy--Spain#ALL,Italy--Spain,ALL,2,Spain,Spain,0.55585,0.501818,4,Italy,Spain,1,0
Portugal--Spain#ALL,Portugal--Spain,ALL,1,Portugal,Portugal,0.571774,0.657031,2,Portugal,Spain,1,0
Portugal--Spain#ALL,Portugal--Spain,ALL,2,Spain,Spain,0.55585,0.501818,2,Portugal,Spain,1,0
Portugal--United Kingdom#ALL,Portugal--United Kingdom,ALL,1,Portugal,Portugal,0.571774,0.657031,2,Portugal,United Kingdom,1,0
Portugal--United Kingdom#ALL,Portugal--United Kingdom,ALL,2,United Kingdom,United Kingdom,0.355643,0.570016,2,Portugal,United Kingdom,1,0
Canada--Denmark#ALL,Canada--Denmark,ALL,1,Canada,Canada,0.429902,0.670838,2,Canada,Denmark,1,0
Canada--Denmark#ALL,Canada--Denmark,ALL,2,Denmark,Denmark,0.44304,0.500047,2,Canada,Denmark,1,0
Canada--Haiti#ALL,Canada--Haiti,ALL,1,Canada,Canada,0.429902,0.670838,2,Canada,Haiti,1,0
Canada--Haiti#ALL,Canada--Haiti,ALL,2,Haiti,Haiti,0.197232,0.540579,2,Canada,Haiti,1,0
Denmark--South Africa#ALL,Denmark--South Africa,ALL,1,Denmark,Denmark,0.44304,0.500047,2,Denmark,South Africa,1,0
Denmark--South Africa#ALL,Denmark--South Africa,ALL,2,South Africa,South Africa,0.354082,0.657729,2,Denmark,South Africa,1,0
Denmark--Viet Nam#ALL,Denmark--Viet Nam,ALL,1,Denmark,Denmark,0.44304,0.500047,3,Denmark,Viet Nam,1,0
Denmark--Viet Nam#ALL,Denmark--Viet Nam,ALL,2,Viet Nam,Viet Nam,0.306341,0.520662,3,Denmark,Viet Nam,1,0
Ethiopia--Viet Nam#ALL,Ethiopia--Viet Nam,ALL,1,Ethiopia,Ethiopia,0.413066,0.448775,2,Ethiopia,Viet Nam,1,0
Ethiopia--Viet Nam#ALL,Ethiopia--Viet Nam,ALL,2,Viet Nam,Viet Nam,0.306341,0.520662,2,Ethiopia,Viet Nam,1,0
Haiti--Indonesia#ALL,Haiti--Indonesia,ALL,1,Haiti,Haiti,0.197232,0.540579,2,Haiti,Indonesia,1,0
Haiti--Indonesia#ALL,Haiti--Indonesia,ALL,2,Indonesia,Indonesia,0.369414,0.492144,2,Haiti,Indonesia,1,0
Haiti--South Africa#ALL,Haiti--South Africa,ALL,1,Haiti,Haiti,0.197232,0.540579,2,Haiti,South Africa,1,0
Haiti--South Africa#ALL,Haiti--South Africa,ALL,2,South Africa,South Africa,0.354082,0.657729,2,Haiti,South Africa,1,0
Haiti--Switzerland#ALL,Haiti--Switzerland,ALL,1,Haiti,Haiti,0.197232,0.540579,2,Haiti,Switzerland,1,0
Haiti--Switzerland#ALL,Haiti--Switzerland,ALL,2,Switzerland,Switzerland,0.407049,0.531378,2,Haiti,Switzerland,1,0
Haiti--Viet Nam#ALL,Haiti--Viet Nam,ALL,1,Haiti,Haiti,0.197232,0.540579,2,Haiti,Viet Nam,1,0
Haiti--Viet Nam#ALL,Haiti--Viet Nam,ALL,2,Viet Nam,Viet Nam,0.306341,0.520662,2,Haiti,Viet Nam,1,0
Indonesia--Viet Nam#ALL,Indonesia--Viet Nam,ALL,1,Indonesia,Indonesia,0.369414,0.492144,4,Indonesia,Viet Nam,1,0
Indonesia--Viet Nam#ALL,Indonesia--Viet Nam,ALL,2,Viet Nam,Viet Nam,0.306341,0.520662,4,Indonesia,Viet Nam,1,0
Australia--Spain#ALL,Australia--Spain,ALL,1,Australia,Australia,0.390756,0.648197,3,Australia,Spain,1,0
Australia--Spain#ALL,Australia--Spain,ALL,2,Spain,Spain,0.55585,0.501818,3,Australia,Spain,1,0
Malaysia--Philippines#ALL,Malaysia--Philippines,ALL,1,Malaysia,Malaysia,0.277414,0.425437,5,Malaysia,Philippines,1,0
Malaysia--Philippines#ALL,Malaysia--Philippines,ALL,2,Philippines,Philippines,0.403578,0.405159,5,Malaysia,Philippines,1,0
Australia--Israel#ALL,Australia--Israel,ALL,1,Australia,Australia,0.390756,0.648197,2,Australia,Israel,1,0
Australia--Israel#ALL,Australia--Israel,ALL,2,Israel,Israel,0.535226,0.714031,2,Australia,Israel,1,0
Canada--Israel#ALL,Canada--Israel,ALL,1,Canada,Canada,0.429902,0.670838,2,Canada,Israel,1,0
Canada--Israel#ALL,Canada--Israel,ALL,2,Israel,Israel,0.535226,0.714031,2,Canada,Israel,1,0
France--Israel#ALL,France--Israel,ALL,1,France,France,0.37365,0.542016,2,France,Israel,1,0
France--Israel#ALL,France--Israel,ALL,2,Israel,Israel,0.535226,0.714031,2,France,Israel,1,0
Israel--Singapore#ALL,Israel--Singapore,ALL,1,Israel,Israel,0.535226,0.714031,2,Israel,Singapore,1,1
Israel--Singapore#ALL,Israel--Singapore,ALL,2,Singapore,Singapore,0.429978,0.539306,2,Israel,Singapore,1,1
Israel--United Kingdom#ALL,Israel--United Kingdom,ALL,1,Israel,Israel,0.535226,0.714031,2,Israel,United Kingdom,1,0
Israel--United Kingdom#ALL,Israel--United Kingdom,ALL,2,United Kingdom,United Kingdom,0.355643,0.570016,2,Israel,United Kingdom,1,0
Mongolia--Singapore#ALL,Mongolia--Singapore,ALL,1,Mongolia,Mongolia,0.328662,0.366715,4,Mongolia,Singapore,1,1
Mongolia--Singapore#ALL,Mongolia--Singapore,ALL,2,Singapore,Singapore,0.429978,0.539306,4,Mongolia,Singapore,1,1
Mongolia--United Kingdom#ALL,Mongolia--United Kingdom,ALL,1,Mongolia,Mongolia,0.328662,0.366715,3,Mongolia,United Kingdom,1,0
Mongolia--United Kingdom#ALL,Mongolia--United Kingdom,ALL,2,United Kingdom,United Kingdom,0.355643,0.570016,3,Mongolia,United Kingdom,1,0
Mongolia--United States#ALL,Mongolia--United States,ALL,1,Mongolia,Mongolia,0.328662,0.366715,3,Mongolia,United States,1,0
Mongolia--United States#ALL,Mongolia--United States,ALL,2,United States,United States,0.440022,0.576858,3,Mongolia,United States,1,0
Bangladesh--Haiti#ALL,Bangladesh--Haiti,ALL,1,Bangladesh,Bangladesh,0.325634,0.547236,2,Bangladesh,Haiti,1,0
Bangladesh--Haiti#ALL,Bangladesh--Haiti,ALL,2,Haiti,Haiti,0.197232,0.540579,2,Bangladesh,Haiti,1,0
Bangladesh--Myanmar#ALL,Bangladesh--Myanmar,ALL,1,Bangladesh,Bangladesh,0.325634,0.547236,2,Bangladesh,Myanmar,1,0
Bangladesh--Myanmar#ALL,Bangladesh--Myanmar,ALL,2,Myanmar,Myanmar,0.19157,0.500134,2,Bangladesh,Myanmar,1,0
Bangladesh--Peru#ALL,Bangladesh--Peru,ALL,1,Bangladesh,Bangladesh,0.325634,0.547236,2,Bangladesh,Peru,1,0
Bangladesh--Peru#ALL,Bangladesh--Peru,ALL,2,Peru,Peru,0.260788,0.595863,2,Bangladesh,Peru,1,0
Canada--Sweden#ALL,Canada--Sweden,ALL,1,Canada,Canada,0.429902,0.670838,2,Canada,Sweden,1,0
Canada--Sweden#ALL,Canada--Sweden,ALL,2,Sweden,Sweden,0.304842,0.663705,2,Canada,Sweden,1,0
France--Sweden#ALL,France--Sweden,ALL,1,France,France,0.37365,0.542016,2,France,Sweden,1,0
France--Sweden#ALL,France--Sweden,ALL,2,Sweden,Sweden,0.304842,0.663705,2,France,Sweden,1,0
Haiti--Myanmar#ALL,Haiti--Myanmar,ALL,1,Haiti,Haiti,0.197232,0.540579,2,Haiti,Myanmar,1,0
Haiti--Myanmar#ALL,Haiti--Myanmar,ALL,2,Myanmar,Myanmar,0.19157,0.500134,2,Haiti,Myanmar,1,0
South Africa--Sweden#ALL,South Africa--Sweden,ALL,1,South Africa,South Africa,0.354082,0.657729,2,South Africa,Sweden,1,0
South Africa--Sweden#ALL,South Africa--Sweden,ALL,2,Sweden,Sweden,0.304842,0.663705,2,South Africa,Sweden,1,0
Australia--Philippines#ALL,Australia--Philippines,ALL,1,Australia,Australia,0.390756,0.648197,4,Australia,Philippines,1,0
Australia--Philippines#ALL,Australia--Philippines,ALL,2,Philippines,Philippines,0.403578,0.405159,4,Australia,Philippines,1,0
Australia--Sweden#ALL,Australia--Sweden,ALL,1,Australia,Australia,0.390756,0.648197,2,Australia,Sweden,1,0
Australia--Sweden#ALL,Australia--Sweden,ALL,2,Sweden,Sweden,0.304842,0.663705,2,Australia,Sweden,1,0
Belgium--Canada#ALL,Belgium--Canada,ALL,1,Belgium,Belgium,0.487025,0.572301,2,Belgium,Canada,1,0
Belgium--Canada#ALL,Belgium--Canada,ALL,2,Canada,Canada,0.429902,0.670838,2,Belgium,Canada,1,0
Belgium--Viet Nam#ALL,Belgium--Viet Nam,ALL,1,Belgium,Belgium,0.487025,0.572301,2,Belgium,Viet Nam,1,0
Belgium--Viet Nam#ALL,Belgium--Viet Nam,ALL,2,Viet Nam,Viet Nam,0.306341,0.520662,2,Belgium,Viet Nam,1,0
Canada--India#ALL,Canada--India,ALL,1,Canada,Canada,0.429902,0.670838,3,Canada,India,1,0
Canada--India#ALL,Canada--India,ALL,2,India,India,0.397173,0.572838,3,Canada,India,1,0
Canada--Zambia#ALL,Canada--Zambia,ALL,1,Canada,Canada,0.429902,0.670838,2,Canada,Zambia,1,0
Canada--Zambia#ALL,Canada--Zambia,ALL,2,Zambia,Zambia,0.452671,0.736174,2,Canada,Zambia,1,0
Singapore--Zambia#ALL,Singapore--Zambia,ALL,1,Singapore,Singapore,0.429978,0.539306,3,Singapore,Zambia,1,1
Singapore--Zambia#ALL,Singapore--Zambia,ALL,2,Zambia,Zambia,0.452671,0.736174,3,Singapore,Zambia,1,1
South Africa--Zambia#ALL,South Africa--Zambia,ALL,1,South Africa,South Africa,0.354082,0.657729,2,South Africa,Zambia,1,0
South Africa--Zambia#ALL,South Africa--Zambia,ALL,2,Zambia,Zambia,0.452671,0.736174,2,South Africa,Zambia,1,0
United Kingdom--Zambia#ALL,United Kingdom--Zambia,ALL,1,United Kingdom,United Kingdom,0.355643,0.570016,2,United Kingdom,Zambia,1,0
United Kingdom--Zambia#ALL,United Kingdom--Zambia,ALL,2,Zambia,Zambia,0.452671,0.736174,2,United Kingdom,Zambia,1,0
Uganda--United Kingdom#ALL,Uganda--United Kingdom,ALL,1,Uganda,Uganda,0.542037,0.561668,3,Uganda,United Kingdom,1,0
Uganda--United Kingdom#ALL,Uganda--United Kingdom,ALL,2,United Kingdom,United Kingdom,0.355643,0.570016,3,Uganda,United Kingdom,1,0
Canada--Germany#ALL,Canada--Germany,ALL,1,Canada,Canada,0.429902,0.670838,4,Canada,Germany,1,0
Canada--Germany#ALL,Canada--Germany,ALL,2,Germany,Germany,0.479367,0.620904,4,Canada,Germany,1,0
France--Germany#ALL,France--Germany,ALL,1,France,France,0.37365,0.542016,4,France,Germany,1,0
France--Germany#ALL,France--Germany,ALL,2,Germany,Germany,0.479367,0.620904,4,France,Germany,1,0
Germany--Switzerland#ALL,Germany--Switzerland,ALL,1,Germany,Germany,0.479367,0.620904,4,Germany,Switzerland,1,0
Germany--Switzerland#ALL,Germany--Switzerland,ALL,2,Switzerland,Switzerland,0.407049,0.531378,4,Germany,Switzerland,1,0
France--Taiwan#ALL,France--Taiwan,ALL,1,France,France,0.37365,0.542016,2,France,Taiwan,1,0
France--Taiwan#ALL,France--Taiwan,ALL,2,Taiwan,Taiwan,0.310266,0.423686,2,France,Taiwan,1,0
South Africa--Taiwan#ALL,South Africa--Taiwan,ALL,1,South Africa,South Africa,0.354082,0.657729,2,South Africa,Taiwan,1,0
South Africa--Taiwan#ALL,South Africa--Taiwan,ALL,2,Taiwan,Taiwan,0.310266,0.423686,2,South Africa,Taiwan,1,0
Taiwan--United Kingdom#ALL,Taiwan--United Kingdom,ALL,1,Taiwan,Taiwan,0.310266,0.423686,6,Taiwan,United Kingdom,1,0
Taiwan--United Kingdom#ALL,Taiwan--United Kingdom,ALL,2,United Kingdom,United Kingdom,0.355643,0.570016,6,Taiwan,United Kingdom,1,0
Taiwan--United States#ALL,Taiwan--United States,ALL,1,Taiwan,Taiwan,0.310266,0.423686,2,Taiwan,United States,1,0
Taiwan--United States#ALL,Taiwan--United States,ALL,2,United States,United States,0.440022,0.576858,2,Taiwan,United States,1,0
Cambodia--Malaysia#ALL,Cambodia--Malaysia,ALL,1,Cambodia,Cambodia,0.216351,0.576345,3,Cambodia,Malaysia,1,0
Cambodia--Malaysia#ALL,Cambodia--Malaysia,ALL,2,Malaysia,Malaysia,0.277414,0.425437,3,Cambodia,Malaysia,1,0
Cambodia--Switzerland#ALL,Cambodia--Switzerland,ALL,1,Cambodia,Cambodia,0.216351,0.576345,1,Cambodia,Switzerland,1,0
Cambodia--Switzerland#ALL,Cambodia--Switzerland,ALL,2,Switzerland,Switzerland,0.407049,0.531378,1,Cambodia,Switzerland,1,0
France--Republic of Korea#ALL,France--Republic of Korea,ALL,1,France,France,0.37365,0.542016,1,France,Republic of Korea,1,0
France--Republic of Korea#ALL,France--Republic of Korea,ALL,2,Republic of Korea,Republic of Korea,0.226785,0.465839,1,France,Republic of Korea,1,0
Netherlands--Sweden#ALL,Netherlands--Sweden,ALL,1,Netherlands,Netherlands,0.442831,0.641991,2,Netherlands,Sweden,1,0
Netherlands--Sweden#ALL,Netherlands--Sweden,ALL,2,Sweden,Sweden,0.304842,0.663705,2,Netherlands,Sweden,1,0
Botswana--Germany#ALL,Botswana--Germany,ALL,1,Botswana,Botswana,0.792726,0.584919,1,Botswana,Germany,1,0
Botswana--Germany#ALL,Botswana--Germany,ALL,2,Germany,Germany,0.479367,0.620904,1,Botswana,Germany,1,0
Botswana--Singapore#ALL,Botswana--Singapore,ALL,1,Botswana,Botswana,0.792726,0.584919,2,Botswana,Singapore,1,1
Botswana--Singapore#ALL,Botswana--Singapore,ALL,2,Singapore,Singapore,0.429978,0.539306,2,Botswana,Singapore,1,1
Botswana--United States#ALL,Botswana--United States,ALL,1,Botswana,Botswana,0.792726,0.584919,2,Botswana,United States,1,0
Botswana--United States#ALL,Botswana--United States,ALL,2,United States,United States,0.440022,0.576858,2,Botswana,United States,1,0
New Zealand--Switzerland#ALL,New Zealand--Switzerland,ALL,1,New Zealand,New Zealand,0.267102,0.517173,1,New Zealand,Switzerland,1,0
New Zealand--Switzerland#ALL,New Zealand--Switzerland,ALL,2,Switzerland,Switzerland,0.407049,0.531378,1,New Zealand,Switzerland,1,0
China--Jordan#ALL,China--Jordan,ALL,1,China,China,0.331977,0.597918,1,China,Jordan,1,0
China--Jordan#ALL,China--Jordan,ALL,2,Jordan,Jordan,0.012825,0.721595,1,China,Jordan,1,0
Jordan--Singapore#ALL,Jordan--Singapore,ALL,1,Jordan,Jordan,0.012825,0.721595,1,Jordan,Singapore,1,1
Jordan--Singapore#ALL,Jordan--Singapore,ALL,2,Singapore,Singapore,0.429978,0.539306,1,Jordan,Singapore,1,1
Jordan--United Kingdom#ALL,Jordan--United Kingdom,ALL,1,Jordan,Jordan,0.012825,0.721595,1,Jordan,United Kingdom,1,0
Jordan--United Kingdom#ALL,Jordan--United Kingdom,ALL,2,United Kingdom,United Kingdom,0.355643,0.570016,1,Jordan,United Kingdom,1,0
Australia--Hong Kong SAR#ALL,Australia--Hong Kong SAR,ALL,1,Australia,Australia,0.390756,0.648197,3,Australia,Hong Kong SAR,1,0
Australia--Hong Kong SAR#ALL,Australia--Hong Kong SAR,ALL,2,Hong Kong SAR,Hong Kong SAR,0.172647,0.597281,3,Australia,Hong Kong SAR,1,0
Australia--Indonesia#ALL,Australia--Indonesia,ALL,1,Australia,Australia,0.390756,0.648197,3,Australia,Indonesia,1,0
Australia--Indonesia#ALL,Australia--Indonesia,ALL,2,Indonesia,Indonesia,0.369414,0.492144,3,Australia,Indonesia,1,0
Cambodia--China#ALL,Cambodia--China,ALL,1,Cambodia,Cambodia,0.216351,0.576345,3,Cambodia,China,1,0
Cambodia--China#ALL,Cambodia--China,ALL,2,China,China,0.331977,0.597918,3,Cambodia,China,1,0
Cambodia--Hong Kong SAR#ALL,Cambodia--Hong Kong SAR,ALL,1,Cambodia,Cambodia,0.216351,0.576345,1,Cambodia,Hong Kong SAR,1,0
Cambodia--Hong Kong SAR#ALL,Cambodia--Hong Kong SAR,ALL,2,Hong Kong SAR,Hong Kong SAR,0.172647,0.597281,1,Cambodia,Hong Kong SAR,1,0
Cambodia--India#ALL,Cambodia--India,ALL,1,Cambodia,Cambodia,0.216351,0.576345,2,Cambodia,India,1,0
Cambodia--India#ALL,Cambodia--India,ALL,2,India,India,0.397173,0.572838,2,Cambodia,India,1,0
Cambodia--Indonesia#ALL,Cambodia--Indonesia,ALL,1,Cambodia,Cambodia,0.216351,0.576345,2,Cambodia,Indonesia,1,0
Cambodia--Indonesia#ALL,Cambodia--Indonesia,ALL,2,Indonesia,Indonesia,0.369414,0.492144,2,Cambodia,Indonesia,1,0
Cambodia--Philippines#ALL,Cambodia--Philippines,ALL,1,Cambodia,Cambodia,0.216351,0.576345,2,Cambodia,Philippines,1,0
Cambodia--Philippines#ALL,Cambodia--Philippines,ALL,2,Philippines,Philippines,0.403578,0.405159,2,Cambodia,Philippines,1,0
Cambodia--Republic of Korea#ALL,Cambodia--Republic of Korea,ALL,1,Cambodia,Cambodia,0.216351,0.576345,1,Cambodia,Republic of Korea,1,0
Cambodia--Republic of Korea#ALL,Cambodia--Republic of Korea,ALL,2,Republic of Korea,Republic of Korea,0.226785,0.465839,1,Cambodia,Republic of Korea,1,0
Cambodia--Taiwan#ALL,Cambodia--Taiwan,ALL,1,Cambodia,Cambodia,0.216351,0.576345,2,Cambodia,Taiwan,1,0
Cambodia--Taiwan#ALL,Cambodia--Taiwan,ALL,2,Taiwan,Taiwan,0.310266,0.423686,2,Cambodia,Taiwan,1,0
China--Indonesia#ALL,China--Indonesia,ALL,1,China,China,0.331977,0.597918,4,China,Indonesia,1,0
China--Indonesia#ALL,China--Indonesia,ALL,2,Indonesia,Indonesia,0.369414,0.492144,4,China,Indonesia,1,0
Hong Kong SAR--India#ALL,Hong Kong SAR--India,ALL,1,Hong Kong SAR,Hong Kong SAR,0.172647,0.597281,2,Hong Kong SAR,India,1,0
Hong Kong SAR--India#ALL,Hong Kong SAR--India,ALL,2,India,India,0.397173,0.572838,2,Hong Kong SAR,India,1,0
Hong Kong SAR--Indonesia#ALL,Hong Kong SAR--Indonesia,ALL,1,Hong Kong SAR,Hong Kong SAR,0.172647,0.597281,1,Hong Kong SAR,Indonesia,1,0
Hong Kong SAR--Indonesia#ALL,Hong Kong SAR--Indonesia,ALL,2,Indonesia,Indonesia,0.369414,0.492144,1,Hong Kong SAR,Indonesia,1,0
Hong Kong SAR--Japan#ALL,Hong Kong SAR--Japan,ALL,1,Hong Kong SAR,Hong Kong SAR,0.172647,0.597281,2,Hong Kong SAR,Japan,1,0
Hong Kong SAR--Japan#ALL,Hong Kong SAR--Japan,ALL,2,Japan,Japan,0.302497,0.608095,2,Hong Kong SAR,Japan,1,0
Hong Kong SAR--Philippines#ALL,Hong Kong SAR--Philippines,ALL,1,Hong Kong SAR,Hong Kong SAR,0.172647,0.597281,1,Hong Kong SAR,Philippines,1,0
Hong Kong SAR--Philippines#ALL,Hong Kong SAR--Philippines,ALL,2,Philippines,Philippines,0.403578,0.405159,1,Hong Kong SAR,Philippines,1,0
Hong Kong SAR--Thailand#ALL,Hong Kong SAR--Thailand,ALL,1,Hong Kong SAR,Hong Kong SAR,0.172647,0.597281,3,Hong Kong SAR,Thailand,1,0
Hong Kong SAR--Thailand#ALL,Hong Kong SAR--Thailand,ALL,2,Thailand,Thailand,0.336992,0.46232,3,Hong Kong SAR,Thailand,1,0
Hong Kong SAR--Viet Nam#ALL,Hong Kong SAR--Viet Nam,ALL,1,Hong Kong SAR,Hong Kong SAR,0.172647,0.597281,1,Hong Kong SAR,Viet Nam,1,0
Hong Kong SAR--Viet Nam#ALL,Hong Kong SAR--Viet Nam,ALL,2,Viet Nam,Viet Nam,0.306341,0.520662,1,Hong Kong SAR,Viet Nam,1,0
Indonesia--Japan#ALL,Indonesia--Japan,ALL,1,Indonesia,Indonesia,0.369414,0.492144,2,Indonesia,Japan,1,0
Indonesia--Japan#ALL,Indonesia--Japan,ALL,2,Japan,Japan,0.302497,0.608095,2,Indonesia,Japan,1,0
Indonesia--Malaysia#ALL,Indonesia--Malaysia,ALL,1,Indonesia,Indonesia,0.369414,0.492144,2,Indonesia,Malaysia,1,0
Indonesia--Malaysia#ALL,Indonesia--Malaysia,ALL,2,Malaysia,Malaysia,0.277414,0.425437,2,Indonesia,Malaysia,1,0
Indonesia--Republic of Korea#ALL,Indonesia--Republic of Korea,ALL,1,Indonesia,Indonesia,0.369414,0.492144,1,Indonesia,Republic of Korea,1,0
Indonesia--Republic of Korea#ALL,Indonesia--Republic of Korea,ALL,2,Republic of Korea,Republic of Korea,0.226785,0.465839,1,Indonesia,Republic of Korea,1,0
Indonesia--Taiwan#ALL,Indonesia--Taiwan,ALL,1,Indonesia,Indonesia,0.369414,0.492144,2,Indonesia,Taiwan,1,0
Indonesia--Taiwan#ALL,Indonesia--Taiwan,ALL,2,Taiwan,Taiwan,0.310266,0.423686,2,Indonesia,Taiwan,1,0
Indonesia--Thailand#ALL,Indonesia--Thailand,ALL,1,Indonesia,Indonesia,0.369414,0.492144,4,Indonesia,Thailand,1,0
Indonesia--Thailand#ALL,Indonesia--Thailand,ALL,2,Thailand,Thailand,0.336992,0.46232,4,Indonesia,Thailand,1,0
Japan--Philippines#ALL,Japan--Philippines,ALL,1,Japan,Japan,0.302497,0.608095,2,Japan,Philippines,1,0
Japan--Philippines#ALL,Japan--Philippines,ALL,2,Philippines,Philippines,0.403578,0.405159,2,Japan,Philippines,1,0
Philippines--Republic of Korea#ALL,Philippines--Republic of Korea,ALL,1,Philippines,Philippines,0.403578,0.405159,2,Philippines,Republic of Korea,1,0
Philippines--Republic of Korea#ALL,Philippines--Republic of Korea,ALL,2,Republic of Korea,Republic of Korea,0.226785,0.465839,2,Philippines,Republic of Korea,1,0
Philippines--Taiwan#ALL,Philippines--Taiwan,ALL,1,Philippines,Philippines,0.403578,0.405159,3,Philippines,Taiwan,1,0
Philippines--Taiwan#ALL,Philippines--Taiwan,ALL,2,Taiwan,Taiwan,0.310266,0.423686,3,Philippines,Taiwan,1,0
Philippines--Viet Nam#ALL,Philippines--Viet Nam,ALL,1,Philippines,Philippines,0.403578,0.405159,3,Philippines,Viet Nam,1,0
Philippines--Viet Nam#ALL,Philippines--Viet Nam,ALL,2,Viet Nam,Viet Nam,0.306341,0.520662,3,Philippines,Viet Nam,1,0
Brunei Darussalam--Singapore#ALL,Brunei Darussalam--Singapore,ALL,1,Brunei Darussalam,Brunei Darussalam,0.268306,0.335897,3,Brunei Darussalam,Singapore,1,1
Brunei Darussalam--Singapore#ALL,Brunei Darussalam--Singapore,ALL,2,Singapore,Singapore,0.429978,0.539306,3,Brunei Darussalam,Singapore,1,1
Japan--Nepal#ALL,Japan--Nepal,ALL,1,Japan,Japan,0.302497,0.608095,2,Japan,Nepal,1,0
Japan--Nepal#ALL,Japan--Nepal,ALL,2,Nepal,Nepal,0.224864,0.407765,2,Japan,Nepal,1,0
Malaysia--Nepal#ALL,Malaysia--Nepal,ALL,1,Malaysia,Malaysia,0.277414,0.425437,2,Malaysia,Nepal,1,0
Malaysia--Nepal#ALL,Malaysia--Nepal,ALL,2,Nepal,Nepal,0.224864,0.407765,2,Malaysia,Nepal,1,0
Iraq--Singapore#ALL,Iraq--Singapore,ALL,1,Iraq,Iraq,0.105623,0.20582,2,Iraq,Singapore,1,1
Iraq--Singapore#ALL,Iraq--Singapore,ALL,2,Singapore,Singapore,0.429978,0.539306,2,Iraq,Singapore,1,1
Iraq--United Kingdom#ALL,Iraq--United Kingdom,ALL,1,Iraq,Iraq,0.105623,0.20582,1,Iraq,United Kingdom,1,0
Iraq--United Kingdom#ALL,Iraq--United Kingdom,ALL,2,United Kingdom,United Kingdom,0.355643,0.570016,1,Iraq,United Kingdom,1,0
Belgium--Republic of Korea#ALL,Belgium--Republic of Korea,ALL,1,Belgium,Belgium,0.487025,0.572301,1,Belgium,Republic of Korea,1,0
Belgium--Republic of Korea#ALL,Belgium--Republic of Korea,ALL,2,Republic of Korea,Republic of Korea,0.226785,0.465839,1,Belgium,Republic of Korea,1,0
Republic of Korea--Switzerland#ALL,Republic of Korea--Switzerland,ALL,1,Republic of Korea,Republic of Korea,0.226785,0.465839,2,Republic of Korea,Switzerland,1,0
Republic of Korea--Switzerland#ALL,Republic of Korea--Switzerland,ALL,2,Switzerland,Switzerland,0.407049,0.531378,2,Republic of Korea,Switzerland,1,0
Republic of Korea--United Kingdom#ALL,Republic of Korea--United Kingdom,ALL,1,Republic of Korea,Republic of Korea,0.226785,0.465839,3,Republic of Korea,United Kingdom,1,0
Republic of Korea--United Kingdom#ALL,Republic of Korea--United Kingdom,ALL,2,United Kingdom,United Kingdom,0.355643,0.570016,3,Republic of Korea,United Kingdom,1,0
Republic of Korea--United States#ALL,Republic of Korea--United States,ALL,1,Republic of Korea,Republic of Korea,0.226785,0.465839,2,Republic of Korea,United States,1,0
Republic of Korea--United States#ALL,Republic of Korea--United States,ALL,2,United States,United States,0.440022,0.576858,2,Republic of Korea,United States,1,0
Canada--Senegal#ALL,Canada--Senegal,ALL,1,Canada,Canada,0.429902,0.670838,1,Canada,Senegal,1,0
Canada--Senegal#ALL,Canada--Senegal,ALL,2,Senegal,Senegal,0.776807,0.520625,1,Canada,Senegal,1,0
Canada--Spain#ALL,Canada--Spain,ALL,1,Canada,Canada,0.429902,0.670838,2,Canada,Spain,1,0
Canada--Spain#ALL,Canada--Spain,ALL,2,Spain,Spain,0.55585,0.501818,2,Canada,Spain,1,0
Senegal--Singapore#ALL,Senegal--Singapore,ALL,1,Senegal,Senegal,0.776807,0.520625,1,Senegal,Singapore,1,1
Senegal--Singapore#ALL,Senegal--Singapore,ALL,2,Singapore,Singapore,0.429978,0.539306,1,Senegal,Singapore,1,1
Senegal--Spain#ALL,Senegal--Spain,ALL,1,Senegal,Senegal,0.776807,0.520625,1,Senegal,Spain,1,0
Senegal--Spain#ALL,Senegal--Spain,ALL,2,Spain,Spain,0.55585,0.501818,1,Senegal,Spain,1,0
Senegal--United States#ALL,Senegal--United States,ALL,1,Senegal,Senegal,0.776807,0.520625,1,Senegal,United States,1,0
Senegal--United States#ALL,Senegal--United States,ALL,2,United States,United States,0.440022,0.576858,1,Senegal,United States,1,0
Bangladesh--Brunei Darussalam#ALL,Bangladesh--Brunei Darussalam,ALL,1,Bangladesh,Bangladesh,0.325634,0.547236,1,Bangladesh,Brunei Darussalam,1,0
Bangladesh--Brunei Darussalam#ALL,Bangladesh--Brunei Darussalam,ALL,2,Brunei Darussalam,Brunei Darussalam,0.268306,0.335897,1,Bangladesh,Brunei Darussalam,1,0
Bangladesh--Cambodia#ALL,Bangladesh--Cambodia,ALL,1,Bangladesh,Bangladesh,0.325634,0.547236,1,Bangladesh,Cambodia,1,0
Bangladesh--Cambodia#ALL,Bangladesh--Cambodia,ALL,2,Cambodia,Cambodia,0.216351,0.576345,1,Bangladesh,Cambodia,1,0
Bangladesh--China#ALL,Bangladesh--China,ALL,1,Bangladesh,Bangladesh,0.325634,0.547236,3,Bangladesh,China,1,0
Bangladesh--China#ALL,Bangladesh--China,ALL,2,China,China,0.331977,0.597918,3,Bangladesh,China,1,0
Bangladesh--Japan#ALL,Bangladesh--Japan,ALL,1,Bangladesh,Bangladesh,0.325634,0.547236,2,Bangladesh,Japan,1,0
Bangladesh--Japan#ALL,Bangladesh--Japan,ALL,2,Japan,Japan,0.302497,0.608095,2,Bangladesh,Japan,1,0
Bangladesh--Malaysia#ALL,Bangladesh--Malaysia,ALL,1,Bangladesh,Bangladesh,0.325634,0.547236,1,Bangladesh,Malaysia,1,0
Bangladesh--Malaysia#ALL,Bangladesh--Malaysia,ALL,2,Malaysia,Malaysia,0.277414,0.425437,1,Bangladesh,Malaysia,1,0
Bangladesh--Mongolia#ALL,Bangladesh--Mongolia,ALL,1,Bangladesh,Bangladesh,0.325634,0.547236,1,Bangladesh,Mongolia,1,0
Bangladesh--Mongolia#ALL,Bangladesh--Mongolia,ALL,2,Mongolia,Mongolia,0.328662,0.366715,1,Bangladesh,Mongolia,1,0
Bangladesh--Nepal#ALL,Bangladesh--Nepal,ALL,1,Bangladesh,Bangladesh,0.325634,0.547236,1,Bangladesh,Nepal,1,0
Bangladesh--Nepal#ALL,Bangladesh--Nepal,ALL,2,Nepal,Nepal,0.224864,0.407765,1,Bangladesh,Nepal,1,0
Bangladesh--Philippines#ALL,Bangladesh--Philippines,ALL,1,Bangladesh,Bangladesh,0.325634,0.547236,2,Bangladesh,Philippines,1,0
Bangladesh--Philippines#ALL,Bangladesh--Philippines,ALL,2,Philippines,Philippines,0.403578,0.405159,2,Bangladesh,Philippines,1,0
Bangladesh--Sri Lanka#ALL,Bangladesh--Sri Lanka,ALL,1,Bangladesh,Bangladesh,0.325634,0.547236,1,Bangladesh,Sri Lanka,1,0
Bangladesh--Sri Lanka#ALL,Bangladesh--Sri Lanka,ALL,2,Sri Lanka,Sri Lanka,0.179394,0.390155,1,Bangladesh,Sri Lanka,1,0
Bangladesh--Taiwan#ALL,Bangladesh--Taiwan,ALL,1,Bangladesh,Bangladesh,0.325634,0.547236,1,Bangladesh,Taiwan,1,0
Bangladesh--Taiwan#ALL,Bangladesh--Taiwan,ALL,2,Taiwan,Taiwan,0.310266,0.423686,1,Bangladesh,Taiwan,1,0
Bangladesh--Thailand#ALL,Bangladesh--Thailand,ALL,1,Bangladesh,Bangladesh,0.325634,0.547236,1,Bangladesh,Thailand,1,0
Bangladesh--Thailand#ALL,Bangladesh--Thailand,ALL,2,Thailand,Thailand,0.336992,0.46232,1,Bangladesh,Thailand,1,0
Bangladesh--Timor-Leste#ALL,Bangladesh--Timor-Leste,ALL,1,Bangladesh,Bangladesh,0.325634,0.547236,1,Bangladesh,Timor-Leste,1,0
Bangladesh--Timor-Leste#ALL,Bangladesh--Timor-Leste,ALL,2,Timor-Leste,Timor-Leste,0.217655,0.344437,1,Bangladesh,Timor-Leste,1,0
Bangladesh--Viet Nam#ALL,Bangladesh--Viet Nam,ALL,1,Bangladesh,Bangladesh,0.325634,0.547236,2,Bangladesh,Viet Nam,1,0
Bangladesh--Viet Nam#ALL,Bangladesh--Viet Nam,ALL,2,Viet Nam,Viet Nam,0.306341,0.520662,2,Bangladesh,Viet Nam,1,0
Brunei Darussalam--Cambodia#ALL,Brunei Darussalam--Cambodia,ALL,1,Brunei Darussalam,Brunei Darussalam,0.268306,0.335897,2,Brunei Darussalam,Cambodia,1,0
Brunei Darussalam--Cambodia#ALL,Brunei Darussalam--Cambodia,ALL,2,Cambodia,Cambodia,0.216351,0.576345,2,Brunei Darussalam,Cambodia,1,0
Brunei Darussalam--China#ALL,Brunei Darussalam--China,ALL,1,Brunei Darussalam,Brunei Darussalam,0.268306,0.335897,2,Brunei Darussalam,China,1,0
Brunei Darussalam--China#ALL,Brunei Darussalam--China,ALL,2,China,China,0.331977,0.597918,2,Brunei Darussalam,China,1,0
Brunei Darussalam--India#ALL,Brunei Darussalam--India,ALL,1,Brunei Darussalam,Brunei Darussalam,0.268306,0.335897,1,Brunei Darussalam,India,1,0
Brunei Darussalam--India#ALL,Brunei Darussalam--India,ALL,2,India,India,0.397173,0.572838,1,Brunei Darussalam,India,1,0
Brunei Darussalam--Indonesia#ALL,Brunei Darussalam--Indonesia,ALL,1,Brunei Darussalam,Brunei Darussalam,0.268306,0.335897,1,Brunei Darussalam,Indonesia,1,0
Brunei Darussalam--Indonesia#ALL,Brunei Darussalam--Indonesia,ALL,2,Indonesia,Indonesia,0.369414,0.492144,1,Brunei Darussalam,Indonesia,1,0
Brunei Darussalam--Japan#ALL,Brunei Darussalam--Japan,ALL,1,Brunei Darussalam,Brunei Darussalam,0.268306,0.335897,1,Brunei Darussalam,Japan,1,0
Brunei Darussalam--Japan#ALL,Brunei Darussalam--Japan,ALL,2,Japan,Japan,0.302497,0.608095,1,Brunei Darussalam,Japan,1,0
Brunei Darussalam--Malaysia#ALL,Brunei Darussalam--Malaysia,ALL,1,Brunei Darussalam,Brunei Darussalam,0.268306,0.335897,1,Brunei Darussalam,Malaysia,1,0
Brunei Darussalam--Malaysia#ALL,Brunei Darussalam--Malaysia,ALL,2,Malaysia,Malaysia,0.277414,0.425437,1,Brunei Darussalam,Malaysia,1,0
Brunei Darussalam--Mongolia#ALL,Brunei Darussalam--Mongolia,ALL,1,Brunei Darussalam,Brunei Darussalam,0.268306,0.335897,1,Brunei Darussalam,Mongolia,1,0
Brunei Darussalam--Mongolia#ALL,Brunei Darussalam--Mongolia,ALL,2,Mongolia,Mongolia,0.328662,0.366715,1,Brunei Darussalam,Mongolia,1,0
Brunei Darussalam--Nepal#ALL,Brunei Darussalam--Nepal,ALL,1,Brunei Darussalam,Brunei Darussalam,0.268306,0.335897,1,Brunei Darussalam,Nepal,1,0
Brunei Darussalam--Nepal#ALL,Brunei Darussalam--Nepal,ALL,2,Nepal,Nepal,0.224864,0.407765,1,Brunei Darussalam,Nepal,1,0
Brunei Darussalam--Pakistan#ALL,Brunei Darussalam--Pakistan,ALL,1,Brunei Darussalam,Brunei Darussalam,0.268306,0.335897,1,Brunei Darussalam,Pakistan,1,0
Brunei Darussalam--Pakistan#ALL,Brunei Darussalam--Pakistan,ALL,2,Pakistan,Pakistan,0.35634,0.418637,1,Brunei Darussalam,Pakistan,1,0
Brunei Darussalam--Philippines#ALL,Brunei Darussalam--Philippines,ALL,1,Brunei Darussalam,Brunei Darussalam,0.268306,0.335897,1,Brunei Darussalam,Philippines,1,0
Brunei Darussalam--Philippines#ALL,Brunei Darussalam--Philippines,ALL,2,Philippines,Philippines,0.403578,0.405159,1,Brunei Darussalam,Philippines,1,0
Brunei Darussalam--Sri Lanka#ALL,Brunei Darussalam--Sri Lanka,ALL,1,Brunei Darussalam,Brunei Darussalam,0.268306,0.335897,1,Brunei Darussalam,Sri Lanka,1,0
Brunei Darussalam--Sri Lanka#ALL,Brunei Darussalam--Sri Lanka,ALL,2,Sri Lanka,Sri Lanka,0.179394,0.390155,1,Brunei Darussalam,Sri Lanka,1,0
Brunei Darussalam--Taiwan#ALL,Brunei Darussalam--Taiwan,ALL,1,Brunei Darussalam,Brunei Darussalam,0.268306,0.335897,1,Brunei Darussalam,Taiwan,1,0
Brunei Darussalam--Taiwan#ALL,Brunei Darussalam--Taiwan,ALL,2,Taiwan,Taiwan,0.310266,0.423686,1,Brunei Darussalam,Taiwan,1,0
Brunei Darussalam--Thailand#ALL,Brunei Darussalam--Thailand,ALL,1,Brunei Darussalam,Brunei Darussalam,0.268306,0.335897,1,Brunei Darussalam,Thailand,1,0
Brunei Darussalam--Thailand#ALL,Brunei Darussalam--Thailand,ALL,2,Thailand,Thailand,0.336992,0.46232,1,Brunei Darussalam,Thailand,1,0
Brunei Darussalam--Timor-Leste#ALL,Brunei Darussalam--Timor-Leste,ALL,1,Brunei Darussalam,Brunei Darussalam,0.268306,0.335897,1,Brunei Darussalam,Timor-Leste,1,0
Brunei Darussalam--Timor-Leste#ALL,Brunei Darussalam--Timor-Leste,ALL,2,Timor-Leste,Timor-Leste,0.217655,0.344437,1,Brunei Darussalam,Timor-Leste,1,0
Brunei Darussalam--United Kingdom#ALL,Brunei Darussalam--United Kingdom,ALL,1,Brunei Darussalam,Brunei Darussalam,0.268306,0.335897,1,Brunei Darussalam,United Kingdom,1,0
Brunei Darussalam--United Kingdom#ALL,Brunei Darussalam--United Kingdom,ALL,2,United Kingdom,United Kingdom,0.355643,0.570016,1,Brunei Darussalam,United Kingdom,1,0
Brunei Darussalam--Viet Nam#ALL,Brunei Darussalam--Viet Nam,ALL,1,Brunei Darussalam,Brunei Darussalam,0.268306,0.335897,1,Brunei Darussalam,Viet Nam,1,0
Brunei Darussalam--Viet Nam#ALL,Brunei Darussalam--Viet Nam,ALL,2,Viet Nam,Viet Nam,0.306341,0.520662,1,Brunei Darussalam,Viet Nam,1,0
Cambodia--Mongolia#ALL,Cambodia--Mongolia,ALL,1,Cambodia,Cambodia,0.216351,0.576345,1,Cambodia,Mongolia,1,0
Cambodia--Mongolia#ALL,Cambodia--Mongolia,ALL,2,Mongolia,Mongolia,0.328662,0.366715,1,Cambodia,Mongolia,1,0
Cambodia--Nepal#ALL,Cambodia--Nepal,ALL,1,Cambodia,Cambodia,0.216351,0.576345,1,Cambodia,Nepal,1,0
Cambodia--Nepal#ALL,Cambodia--Nepal,ALL,2,Nepal,Nepal,0.224864,0.407765,1,Cambodia,Nepal,1,0
Cambodia--Pakistan#ALL,Cambodia--Pakistan,ALL,1,Cambodia,Cambodia,0.216351,0.576345,1,Cambodia,Pakistan,1,0
Cambodia--Pakistan#ALL,Cambodia--Pakistan,ALL,2,Pakistan,Pakistan,0.35634,0.418637,1,Cambodia,Pakistan,1,0
Cambodia--Sri Lanka#ALL,Cambodia--Sri Lanka,ALL,1,Cambodia,Cambodia,0.216351,0.576345,1,Cambodia,Sri Lanka,1,0
Cambodia--Sri Lanka#ALL,Cambodia--Sri Lanka,ALL,2,Sri Lanka,Sri Lanka,0.179394,0.390155,1,Cambodia,Sri Lanka,1,0
Cambodia--Timor-Leste#ALL,Cambodia--Timor-Leste,ALL,1,Cambodia,Cambodia,0.216351,0.576345,1,Cambodia,Timor-Leste,1,0
Cambodia--Timor-Leste#ALL,Cambodia--Timor-Leste,ALL,2,Timor-Leste,Timor-Leste,0.217655,0.344437,1,Cambodia,Timor-Leste,1,0
China--Mongolia#ALL,China--Mongolia,ALL,1,China,China,0.331977,0.597918,1,China,Mongolia,1,0
China--Mongolia#ALL,China--Mongolia,ALL,2,Mongolia,Mongolia,0.328662,0.366715,1,China,Mongolia,1,0
China--Nepal#ALL,China--Nepal,ALL,1,China,China,0.331977,0.597918,1,China,Nepal,1,0
China--Nepal#ALL,China--Nepal,ALL,2,Nepal,Nepal,0.224864,0.407765,1,China,Nepal,1,0
China--Sri Lanka#ALL,China--Sri Lanka,ALL,1,China,China,0.331977,0.597918,1,China,Sri Lanka,1,0
China--Sri Lanka#ALL,China--Sri Lanka,ALL,2,Sri Lanka,Sri Lanka,0.179394,0.390155,1,China,Sri Lanka,1,0
China--Timor-Leste#ALL,China--Timor-Leste,ALL,1,China,China,0.331977,0.597918,1,China,Timor-Leste,1,0
China--Timor-Leste#ALL,China--Timor-Leste,ALL,2,Timor-Leste,Timor-Leste,0.217655,0.344437,1,China,Timor-Leste,1,0
India--Mongolia#ALL,India--Mongolia,ALL,1,India,India,0.397173,0.572838,2,India,Mongolia,1,0
India--Mongolia#ALL,India--Mongolia,ALL,2,Mongolia,Mongolia,0.328662,0.366715,2,India,Mongolia,1,0
India--Nepal#ALL,India--Nepal,ALL,1,India,India,0.397173,0.572838,1,India,Nepal,1,0
India--Nepal#ALL,India--Nepal,ALL,2,Nepal,Nepal,0.224864,0.407765,1,India,Nepal,1,0
India--Sri Lanka#ALL,India--Sri Lanka,ALL,1,India,India,0.397173,0.572838,1,India,Sri Lanka,1,0
India--Sri Lanka#ALL,India--Sri Lanka,ALL,2,Sri Lanka,Sri Lanka,0.179394,0.390155,1,India,Sri Lanka,1,0
India--Timor-Leste#ALL,India--Timor-Leste,ALL,1,India,India,0.397173,0.572838,1,India,Timor-Leste,1,0
India--Timor-Leste#ALL,India--Timor-Leste,ALL,2,Timor-Leste,Timor-Leste,0.217655,0.344437,1,India,Timor-Leste,1,0
Indonesia--Mongolia#ALL,Indonesia--Mongolia,ALL,1,Indonesia,Indonesia,0.369414,0.492144,1,Indonesia,Mongolia,1,0
Indonesia--Mongolia#ALL,Indonesia--Mongolia,ALL,2,Mongolia,Mongolia,0.328662,0.366715,1,Indonesia,Mongolia,1,0
Indonesia--Nepal#ALL,Indonesia--Nepal,ALL,1,Indonesia,Indonesia,0.369414,0.492144,1,Indonesia,Nepal,1,0
Indonesia--Nepal#ALL,Indonesia--Nepal,ALL,2,Nepal,Nepal,0.224864,0.407765,1,Indonesia,Nepal,1,0
Indonesia--Sri Lanka#ALL,Indonesia--Sri Lanka,ALL,1,Indonesia,Indonesia,0.369414,0.492144,1,Indonesia,Sri Lanka,1,0
Indonesia--Sri Lanka#ALL,Indonesia--Sri Lanka,ALL,2,Sri Lanka,Sri Lanka,0.179394,0.390155,1,Indonesia,Sri Lanka,1,0
Indonesia--Timor-Leste#ALL,Indonesia--Timor-Leste,ALL,1,Indonesia,Indonesia,0.369414,0.492144,1,Indonesia,Timor-Leste,1,0
Indonesia--Timor-Leste#ALL,Indonesia--Timor-Leste,ALL,2,Timor-Leste,Timor-Leste,0.217655,0.344437,1,Indonesia,Timor-Leste,1,0
Japan--Mongolia#ALL,Japan--Mongolia,ALL,1,Japan,Japan,0.302497,0.608095,1,Japan,Mongolia,1,0
Japan--Mongolia#ALL,Japan--Mongolia,ALL,2,Mongolia,Mongolia,0.328662,0.366715,1,Japan,Mongolia,1,0
Japan--Pakistan#ALL,Japan--Pakistan,ALL,1,Japan,Japan,0.302497,0.608095,1,Japan,Pakistan,1,0
Japan--Pakistan#ALL,Japan--Pakistan,ALL,2,Pakistan,Pakistan,0.35634,0.418637,1,Japan,Pakistan,1,0
Japan--Sri Lanka#ALL,Japan--Sri Lanka,ALL,1,Japan,Japan,0.302497,0.608095,1,Japan,Sri Lanka,1,0
Japan--Sri Lanka#ALL,Japan--Sri Lanka,ALL,2,Sri Lanka,Sri Lanka,0.179394,0.390155,1,Japan,Sri Lanka,1,0
Japan--Timor-Leste#ALL,Japan--Timor-Leste,ALL,1,Japan,Japan,0.302497,0.608095,1,Japan,Timor-Leste,1,0
Japan--Timor-Leste#ALL,Japan--Timor-Leste,ALL,2,Timor-Leste,Timor-Leste,0.217655,0.344437,1,Japan,Timor-Leste,1,0
Malaysia--Mongolia#ALL,Malaysia--Mongolia,ALL,1,Malaysia,Malaysia,0.277414,0.425437,1,Malaysia,Mongolia,1,0
Malaysia--Mongolia#ALL,Malaysia--Mongolia,ALL,2,Mongolia,Mongolia,0.328662,0.366715,1,Malaysia,Mongolia,1,0
Malaysia--Pakistan#ALL,Malaysia--Pakistan,ALL,1,Malaysia,Malaysia,0.277414,0.425437,1,Malaysia,Pakistan,1,0
Malaysia--Pakistan#ALL,Malaysia--Pakistan,ALL,2,Pakistan,Pakistan,0.35634,0.418637,1,Malaysia,Pakistan,1,0
Malaysia--Sri Lanka#ALL,Malaysia--Sri Lanka,ALL,1,Malaysia,Malaysia,0.277414,0.425437,1,Malaysia,Sri Lanka,1,0
Malaysia--Sri Lanka#ALL,Malaysia--Sri Lanka,ALL,2,Sri Lanka,Sri Lanka,0.179394,0.390155,1,Malaysia,Sri Lanka,1,0
Malaysia--Timor-Leste#ALL,Malaysia--Timor-Leste,ALL,1,Malaysia,Malaysia,0.277414,0.425437,1,Malaysia,Timor-Leste,1,0
Malaysia--Timor-Leste#ALL,Malaysia--Timor-Leste,ALL,2,Timor-Leste,Timor-Leste,0.217655,0.344437,1,Malaysia,Timor-Leste,1,0
Mongolia--Nepal#ALL,Mongolia--Nepal,ALL,1,Mongolia,Mongolia,0.328662,0.366715,1,Mongolia,Nepal,1,0
Mongolia--Nepal#ALL,Mongolia--Nepal,ALL,2,Nepal,Nepal,0.224864,0.407765,1,Mongolia,Nepal,1,0
Mongolia--Pakistan#ALL,Mongolia--Pakistan,ALL,1,Mongolia,Mongolia,0.328662,0.366715,1,Mongolia,Pakistan,1,0
Mongolia--Pakistan#ALL,Mongolia--Pakistan,ALL,2,Pakistan,Pakistan,0.35634,0.418637,1,Mongolia,Pakistan,1,0
Mongolia--Philippines#ALL,Mongolia--Philippines,ALL,1,Mongolia,Mongolia,0.328662,0.366715,1,Mongolia,Philippines,1,0
Mongolia--Philippines#ALL,Mongolia--Philippines,ALL,2,Philippines,Philippines,0.403578,0.405159,1,Mongolia,Philippines,1,0
Mongolia--Sri Lanka#ALL,Mongolia--Sri Lanka,ALL,1,Mongolia,Mongolia,0.328662,0.366715,1,Mongolia,Sri Lanka,1,0
Mongolia--Sri Lanka#ALL,Mongolia--Sri Lanka,ALL,2,Sri Lanka,Sri Lanka,0.179394,0.390155,1,Mongolia,Sri Lanka,1,0
Mongolia--Taiwan#ALL,Mongolia--Taiwan,ALL,1,Mongolia,Mongolia,0.328662,0.366715,2,Mongolia,Taiwan,1,0
Mongolia--Taiwan#ALL,Mongolia--Taiwan,ALL,2,Taiwan,Taiwan,0.310266,0.423686,2,Mongolia,Taiwan,1,0
Mongolia--Thailand#ALL,Mongolia--Thailand,ALL,1,Mongolia,Mongolia,0.328662,0.366715,1,Mongolia,Thailand,1,0
Mongolia--Thailand#ALL,Mongolia--Thailand,ALL,2,Thailand,Thailand,0.336992,0.46232,1,Mongolia,Thailand,1,0
Mongolia--Timor-Leste#ALL,Mongolia--Timor-Leste,ALL,1,Mongolia,Mongolia,0.328662,0.366715,1,Mongolia,Timor-Leste,1,0
Mongolia--Timor-Leste#ALL,Mongolia--Timor-Leste,ALL,2,Timor-Leste,Timor-Leste,0.217655,0.344437,1,Mongolia,Timor-Leste,1,0
Mongolia--Viet Nam#ALL,Mongolia--Viet Nam,ALL,1,Mongolia,Mongolia,0.328662,0.366715,1,Mongolia,Viet Nam,1,0
Mongolia--Viet Nam#ALL,Mongolia--Viet Nam,ALL,2,Viet Nam,Viet Nam,0.306341,0.520662,1,Mongolia,Viet Nam,1,0
Nepal--Pakistan#ALL,Nepal--Pakistan,ALL,1,Nepal,Nepal,0.224864,0.407765,1,Nepal,Pakistan,1,0
Nepal--Pakistan#ALL,Nepal--Pakistan,ALL,2,Pakistan,Pakistan,0.35634,0.418637,1,Nepal,Pakistan,1,0
Nepal--Philippines#ALL,Nepal--Philippines,ALL,1,Nepal,Nepal,0.224864,0.407765,1,Nepal,Philippines,1,0
Nepal--Philippines#ALL,Nepal--Philippines,ALL,2,Philippines,Philippines,0.403578,0.405159,1,Nepal,Philippines,1,0
Nepal--Sri Lanka#ALL,Nepal--Sri Lanka,ALL,1,Nepal,Nepal,0.224864,0.407765,1,Nepal,Sri Lanka,1,0
Nepal--Sri Lanka#ALL,Nepal--Sri Lanka,ALL,2,Sri Lanka,Sri Lanka,0.179394,0.390155,1,Nepal,Sri Lanka,1,0
Nepal--Taiwan#ALL,Nepal--Taiwan,ALL,1,Nepal,Nepal,0.224864,0.407765,1,Nepal,Taiwan,1,0
Nepal--Taiwan#ALL,Nepal--Taiwan,ALL,2,Taiwan,Taiwan,0.310266,0.423686,1,Nepal,Taiwan,1,0
Nepal--Thailand#ALL,Nepal--Thailand,ALL,1,Nepal,Nepal,0.224864,0.407765,1,Nepal,Thailand,1,0
Nepal--Thailand#ALL,Nepal--Thailand,ALL,2,Thailand,Thailand,0.336992,0.46232,1,Nepal,Thailand,1,0
Nepal--Timor-Leste#ALL,Nepal--Timor-Leste,ALL,1,Nepal,Nepal,0.224864,0.407765,1,Nepal,Timor-Leste,1,0
Nepal--Timor-Leste#ALL,Nepal--Timor-Leste,ALL,2,Timor-Leste,Timor-Leste,0.217655,0.344437,1,Nepal,Timor-Leste,1,0
Pakistan--Philippines#ALL,Pakistan--Philippines,ALL,1,Pakistan,Pakistan,0.35634,0.418637,2,Pakistan,Philippines,1,0
Pakistan--Philippines#ALL,Pakistan--Philippines,ALL,2,Philippines,Philippines,0.403578,0.405159,2,Pakistan,Philippines,1,0
Pakistan--Sri Lanka#ALL,Pakistan--Sri Lanka,ALL,1,Pakistan,Pakistan,0.35634,0.418637,1,Pakistan,Sri Lanka,1,0
Pakistan--Sri Lanka#ALL,Pakistan--Sri Lanka,ALL,2,Sri Lanka,Sri Lanka,0.179394,0.390155,1,Pakistan,Sri Lanka,1,0
Pakistan--Taiwan#ALL,Pakistan--Taiwan,ALL,1,Pakistan,Pakistan,0.35634,0.418637,1,Pakistan,Taiwan,1,0
Pakistan--Taiwan#ALL,Pakistan--Taiwan,ALL,2,Taiwan,Taiwan,0.310266,0.423686,1,Pakistan,Taiwan,1,0
Pakistan--Thailand#ALL,Pakistan--Thailand,ALL,1,Pakistan,Pakistan,0.35634,0.418637,1,Pakistan,Thailand,1,0
Pakistan--Thailand#ALL,Pakistan--Thailand,ALL,2,Thailand,Thailand,0.336992,0.46232,1,Pakistan,Thailand,1,0
Pakistan--Timor-Leste#ALL,Pakistan--Timor-Leste,ALL,1,Pakistan,Pakistan,0.35634,0.418637,1,Pakistan,Timor-Leste,1,0
Pakistan--Timor-Leste#ALL,Pakistan--Timor-Leste,ALL,2,Timor-Leste,Timor-Leste,0.217655,0.344437,1,Pakistan,Timor-Leste,1,0
Philippines--Sri Lanka#ALL,Philippines--Sri Lanka,ALL,1,Philippines,Philippines,0.403578,0.405159,1,Philippines,Sri Lanka,1,0
Philippines--Sri Lanka#ALL,Philippines--Sri Lanka,ALL,2,Sri Lanka,Sri Lanka,0.179394,0.390155,1,Philippines,Sri Lanka,1,0
Philippines--Timor-Leste#ALL,Philippines--Timor-Leste,ALL,1,Philippines,Philippines,0.403578,0.405159,1,Philippines,Timor-Leste,1,0
Philippines--Timor-Leste#ALL,Philippines--Timor-Leste,ALL,2,Timor-Leste,Timor-Leste,0.217655,0.344437,1,Philippines,Timor-Leste,1,0
Singapore--Sri Lanka#ALL,Singapore--Sri Lanka,ALL,1,Singapore,Singapore,0.429978,0.539306,1,Singapore,Sri Lanka,1,1
Singapore--Sri Lanka#ALL,Singapore--Sri Lanka,ALL,2,Sri Lanka,Sri Lanka,0.179394,0.390155,1,Singapore,Sri Lanka,1,1
Singapore--Timor-Leste#ALL,Singapore--Timor-Leste,ALL,1,Singapore,Singapore,0.429978,0.539306,1,Singapore,Timor-Leste,1,1
Singapore--Timor-Leste#ALL,Singapore--Timor-Leste,ALL,2,Timor-Leste,Timor-Leste,0.217655,0.344437,1,Singapore,Timor-Leste,1,1
Sri Lanka--Taiwan#ALL,Sri Lanka--Taiwan,ALL,1,Sri Lanka,Sri Lanka,0.179394,0.390155,1,Sri Lanka,Taiwan,1,0
Sri Lanka--Taiwan#ALL,Sri Lanka--Taiwan,ALL,2,Taiwan,Taiwan,0.310266,0.423686,1,Sri Lanka,Taiwan,1,0
Sri Lanka--Thailand#ALL,Sri Lanka--Thailand,ALL,1,Sri Lanka,Sri Lanka,0.179394,0.390155,1,Sri Lanka,Thailand,1,0
Sri Lanka--Thailand#ALL,Sri Lanka--Thailand,ALL,2,Thailand,Thailand,0.336992,0.46232,1,Sri Lanka,Thailand,1,0
Sri Lanka--Timor-Leste#ALL,Sri Lanka--Timor-Leste,ALL,1,Sri Lanka,Sri Lanka,0.179394,0.390155,1,Sri Lanka,Timor-Leste,1,0
Sri Lanka--Timor-Leste#ALL,Sri Lanka--Timor-Leste,ALL,2,Timor-Leste,Timor-Leste,0.217655,0.344437,1,Sri Lanka,Timor-Leste,1,0
Sri Lanka--United Kingdom#ALL,Sri Lanka--United Kingdom,ALL,1,Sri Lanka,Sri Lanka,0.179394,0.390155,1,Sri Lanka,United Kingdom,1,0
Sri Lanka--United Kingdom#ALL,Sri Lanka--United Kingdom,ALL,2,United Kingdom,United Kingdom,0.355643,0.570016,1,Sri Lanka,United Kingdom,1,0
Sri Lanka--Viet Nam#ALL,Sri Lanka--Viet Nam,ALL,1,Sri Lanka,Sri Lanka,0.179394,0.390155,1,Sri Lanka,Viet Nam,1,0
Sri Lanka--Viet Nam#ALL,Sri Lanka--Viet Nam,ALL,2,Viet Nam,Viet Nam,0.306341,0.520662,1,Sri Lanka,Viet Nam,1,0
Taiwan--Timor-Leste#ALL,Taiwan--Timor-Leste,ALL,1,Taiwan,Taiwan,0.310266,0.423686,1,Taiwan,Timor-Leste,1,0
Taiwan--Timor-Leste#ALL,Taiwan--Timor-Leste,ALL,2,Timor-Leste,Timor-Leste,0.217655,0.344437,1,Taiwan,Timor-Leste,1,0
Thailand--Timor-Leste#ALL,Thailand--Timor-Leste,ALL,1,Thailand,Thailand,0.336992,0.46232,1,Thailand,Timor-Leste,1,0
Thailand--Timor-Leste#ALL,Thailand--Timor-Leste,ALL,2,Timor-Leste,Timor-Leste,0.217655,0.344437,1,Thailand,Timor-Leste,1,0
Timor-Leste--United Kingdom#ALL,Timor-Leste--United Kingdom,ALL,1,Timor-Leste,Timor-Leste,0.217655,0.344437,1,Timor-Leste,United Kingdom,1,0
Timor-Leste--United Kingdom#ALL,Timor-Leste--United Kingdom,ALL,2,United Kingdom,United Kingdom,0.355643,0.570016,1,Timor-Leste,United Kingdom,1,0
Timor-Leste--Viet Nam#ALL,Timor-Leste--Viet Nam,ALL,1,Timor-Leste,Timor-Leste,0.217655,0.344437,1,Timor-Leste,Viet Nam,1,0
Timor-Leste--Viet Nam#ALL,Timor-Leste--Viet Nam,ALL,2,Viet Nam,Viet Nam,0.306341,0.520662,1,Timor-Leste,Viet Nam,1,0
Democratic Republic of the Congo--Japan#ALL,Democratic Republic of the Congo--Japan,ALL,1,Democratic Republic of the Congo,Democratic Republic of the Congo,0.376327,0.815444,2,Democratic Republic of the Congo,Japan,1,0
Democratic Republic of the Congo--Japan#ALL,Democratic Republic of the Congo--Japan,ALL,2,Japan,Japan,0.302497,0.608095,2,Democratic Republic of the Congo,Japan,1,0
Democratic Republic of the Congo--Singapore#ALL,Democratic Republic of the Congo--Singapore,ALL,1,Democratic Republic of the Congo,Democratic Republic of the Congo,0.376327,0.815444,2,Democratic Republic of the Congo,Singapore,1,1
Democratic Republic of the Congo--Singapore#ALL,Democratic Republic of the Congo--Singapore,ALL,2,Singapore,Singapore,0.429978,0.539306,2,Democratic Republic of the Congo,Singapore,1,1
Democratic Republic of the Congo--South Africa#ALL,Democratic Republic of the Congo--South Africa,ALL,1,Democratic Republic of the Congo,Democratic Republic of the Congo,0.376327,0.815444,2,Democratic Republic of the Congo,South Africa,1,0
Democratic Republic of the Congo--South Africa#ALL,Democratic Republic of the Congo--South Africa,ALL,2,South Africa,South Africa,0.354082,0.657729,2,Democratic Republic of the Congo,South Africa,1,0
Democratic Republic of the Congo--United Kingdom#ALL,Democratic Republic of the Congo--United Kingdom,ALL,1,Democratic Republic of the Congo,Democratic Republic of the Congo,0.376327,0.815444,2,Democratic Republic of the Congo,United Kingdom,1,0
Democratic Republic of the Congo--United Kingdom#ALL,Democratic Republic of the Congo--United Kingdom,ALL,2,United Kingdom,United Kingdom,0.355643,0.570016,2,Democratic Republic of the Congo,United Kingdom,1,0
Democratic Republic of the Congo--United States#ALL,Democratic Republic of the Congo--United States,ALL,1,Democratic Republic of the Congo,Democratic Republic of the Congo,0.376327,0.815444,2,Democratic Republic of the Congo,United States,1,0
Democratic Republic of the Congo--United States#ALL,Democratic Republic of the Congo--United States,ALL,2,United States,United States,0.440022,0.576858,2,Democratic Republic of the Congo,United States,1,0
Japan--South Africa#ALL,Japan--South Africa,ALL,1,Japan,Japan,0.302497,0.608095,3,Japan,South Africa,1,0
Japan--South Africa#ALL,Japan--South Africa,ALL,2,South Africa,South Africa,0.354082,0.657729,3,Japan,South Africa,1,0
New Zealand--Tanzania#ALL,New Zealand--Tanzania,ALL,1,New Zealand,New Zealand,0.267102,0.517173,1,New Zealand,Tanzania,1,0
New Zealand--Tanzania#ALL,New Zealand--Tanzania,ALL,2,Tanzania,Tanzania,0.324634,0.135604,1,New Zealand,Tanzania,1,0
Singapore--Tanzania#ALL,Singapore--Tanzania,ALL,1,Singapore,Singapore,0.429978,0.539306,2,Singapore,Tanzania,1,1
Singapore--Tanzania#ALL,Singapore--Tanzania,ALL,2,Tanzania,Tanzania,0.324634,0.135604,2,Singapore,Tanzania,1,1
Tanzania--United States#ALL,Tanzania--United States,ALL,1,Tanzania,Tanzania,0.324634,0.135604,2,Tanzania,United States,1,0
Tanzania--United States#ALL,Tanzania--United States,ALL,2,United States,United States,0.440022,0.576858,2,Tanzania,United States,1,0
Argentina--Australia#ALL,Argentina--Australia,ALL,1,Argentina,Argentina,0.760761,0.713866,1,Argentina,Australia,1,0
Argentina--Australia#ALL,Argentina--Australia,ALL,2,Australia,Australia,0.390756,0.648197,1,Argentina,Australia,1,0
Argentina--Chile#ALL,Argentina--Chile,ALL,1,Argentina,Argentina,0.760761,0.713866,1,Argentina,Chile,1,0
Argentina--Chile#ALL,Argentina--Chile,ALL,2,Chile,Chile,0.722964,0.79092,1,Argentina,Chile,1,0
Argentina--Colombia#ALL,Argentina--Colombia,ALL,1,Argentina,Argentina,0.760761,0.713866,1,Argentina,Colombia,1,0
Argentina--Colombia#ALL,Argentina--Colombia,ALL,2,Colombia,Colombia,0.61512,0.480456,1,Argentina,Colombia,1,0
Argentina--Singapore#ALL,Argentina--Singapore,ALL,1,Argentina,Argentina,0.760761,0.713866,1,Argentina,Singapore,1,1
Argentina--Singapore#ALL,Argentina--Singapore,ALL,2,Singapore,Singapore,0.429978,0.539306,1,Argentina,Singapore,1,1
Argentina--United States#ALL,Argentina--United States,ALL,1,Argentina,Argentina,0.760761,0.713866,1,Argentina,United States,1,0
Argentina--United States#ALL,Argentina--United States,ALL,2,United States,United States,0.440022,0.576858,1,Argentina,United States,1,0
Australia--Chile#ALL,Australia--Chile,ALL,1,Australia,Australia,0.390756,0.648197,1,Australia,Chile,1,0
Australia--Chile#ALL,Australia--Chile,ALL,2,Chile,Chile,0.722964,0.79092,1,Australia,Chile,1,0
Australia--Colombia#ALL,Australia--Colombia,ALL,1,Australia,Australia,0.390756,0.648197,1,Australia,Colombia,1,0
Australia--Colombia#ALL,Australia--Colombia,ALL,2,Colombia,Colombia,0.61512,0.480456,1,Australia,Colombia,1,0
Chile--Colombia#ALL,Chile--Colombia,ALL,1,Chile,Chile,0.722964,0.79092,1,Chile,Colombia,1,0
Chile--Colombia#ALL,Chile--Colombia,ALL,2,Colombia,Colombia,0.61512,0.480456,1,Chile,Colombia,1,0
Chile--United States#ALL,Chile--United States,ALL,1,Chile,Chile,0.722964,0.79092,1,Chile,United States,1,0
Chile--United States#ALL,Chile--United States,ALL,2,United States,United States,0.440022,0.576858,1,Chile,United States,1,0
Colombia--Singapore#ALL,Colombia--Singapore,ALL,1,Colombia,Colombia,0.61512,0.480456,3,Colombia,Singapore,1,1
Colombia--Singapore#ALL,Colombia--Singapore,ALL,2,Singapore,Singapore,0.429978,0.539306,3,Colombia,Singapore,1,1
Colombia--United States#ALL,Colombia--United States,ALL,1,Colombia,Colombia,0.61512,0.480456,3,Colombia,United States,1,0
Colombia--United States#ALL,Colombia--United States,ALL,2,United States,United States,0.440022,0.576858,3,Colombia,United States,1,0
Germany--Malaysia#ALL,Germany--Malaysia,ALL,1,Germany,Germany,0.479367,0.620904,1,Germany,Malaysia,1,0
Germany--Malaysia#ALL,Germany--Malaysia,ALL,2,Malaysia,Malaysia,0.277414,0.425437,1,Germany,Malaysia,1,0
Bangladesh--Belgium#ALL,Bangladesh--Belgium,ALL,1,Bangladesh,Bangladesh,0.325634,0.547236,1,Bangladesh,Belgium,1,0
Bangladesh--Belgium#ALL,Bangladesh--Belgium,ALL,2,Belgium,Belgium,0.487025,0.572301,1,Bangladesh,Belgium,1,0
Bangladesh--Brazil#ALL,Bangladesh--Brazil,ALL,1,Bangladesh,Bangladesh,0.325634,0.547236,2,Bangladesh,Brazil,1,0
Bangladesh--Brazil#ALL,Bangladesh--Brazil,ALL,2,Brazil,Brazil,0.412471,0.61443,2,Bangladesh,Brazil,1,0
Bangladesh--Denmark#ALL,Bangladesh--Denmark,ALL,1,Bangladesh,Bangladesh,0.325634,0.547236,1,Bangladesh,Denmark,1,0
Bangladesh--Denmark#ALL,Bangladesh--Denmark,ALL,2,Denmark,Denmark,0.44304,0.500047,1,Bangladesh,Denmark,1,0
Bangladesh--Italy#ALL,Bangladesh--Italy,ALL,1,Bangladesh,Bangladesh,0.325634,0.547236,1,Bangladesh,Italy,1,0
Bangladesh--Italy#ALL,Bangladesh--Italy,ALL,2,Italy,Italy,0.491029,0.507028,1,Bangladesh,Italy,1,0
Bangladesh--Mexico#ALL,Bangladesh--Mexico,ALL,1,Bangladesh,Bangladesh,0.325634,0.547236,1,Bangladesh,Mexico,1,0
Bangladesh--Mexico#ALL,Bangladesh--Mexico,ALL,2,Mexico,Mexico,0.52358,0.407048,1,Bangladesh,Mexico,1,0
Bangladesh--Netherlands#ALL,Bangladesh--Netherlands,ALL,1,Bangladesh,Bangladesh,0.325634,0.547236,2,Bangladesh,Netherlands,1,0
Bangladesh--Netherlands#ALL,Bangladesh--Netherlands,ALL,2,Netherlands,Netherlands,0.442831,0.641991,2,Bangladesh,Netherlands,1,0
Bangladesh--Oman#ALL,Bangladesh--Oman,ALL,1,Bangladesh,Bangladesh,0.325634,0.547236,1,Bangladesh,Oman,1,0
Bangladesh--Oman#ALL,Bangladesh--Oman,ALL,2,Oman,Oman,0.471591,0.370701,1,Bangladesh,Oman,1,0
Bangladesh--Russian Federation#ALL,Bangladesh--Russian Federation,ALL,1,Bangladesh,Bangladesh,0.325634,0.547236,1,Bangladesh,Russian Federation,1,0
Bangladesh--Russian Federation#ALL,Bangladesh--Russian Federation,ALL,2,Russian Federation,Russian Federation,0.488704,0.417283,1,Bangladesh,Russian Federation,1,0
Bangladesh--Spain#ALL,Bangladesh--Spain,ALL,1,Bangladesh,Bangladesh,0.325634,0.547236,1,Bangladesh,Spain,1,0
Bangladesh--Spain#ALL,Bangladesh--Spain,ALL,2,Spain,Spain,0.55585,0.501818,1,Bangladesh,Spain,1,0
Belgium--Brazil#ALL,Belgium--Brazil,ALL,1,Belgium,Belgium,0.487025,0.572301,1,Belgium,Brazil,1,0
Belgium--Brazil#ALL,Belgium--Brazil,ALL,2,Brazil,Brazil,0.412471,0.61443,1,Belgium,Brazil,1,0
Belgium--Mexico#ALL,Belgium--Mexico,ALL,1,Belgium,Belgium,0.487025,0.572301,1,Belgium,Mexico,1,0
Belgium--Mexico#ALL,Belgium--Mexico,ALL,2,Mexico,Mexico,0.52358,0.407048,1,Belgium,Mexico,1,0
Belgium--Oman#ALL,Belgium--Oman,ALL,1,Belgium,Belgium,0.487025,0.572301,1,Belgium,Oman,1,0
Belgium--Oman#ALL,Belgium--Oman,ALL,2,Oman,Oman,0.471591,0.370701,1,Belgium,Oman,1,0
Belgium--Philippines#ALL,Belgium--Philippines,ALL,1,Belgium,Belgium,0.487025,0.572301,1,Belgium,Philippines,1,0
Belgium--Philippines#ALL,Belgium--Philippines,ALL,2,Philippines,Philippines,0.403578,0.405159,1,Belgium,Philippines,1,0
Belgium--Russian Federation#ALL,Belgium--Russian Federation,ALL,1,Belgium,Belgium,0.487025,0.572301,1,Belgium,Russian Federation,1,0
Belgium--Russian Federation#ALL,Belgium--Russian Federation,ALL,2,Russian Federation,Russian Federation,0.488704,0.417283,1,Belgium,Russian Federation,1,0
Belgium--Spain#ALL,Belgium--Spain,ALL,1,Belgium,Belgium,0.487025,0.572301,2,Belgium,Spain,1,0
Belgium--Spain#ALL,Belgium--Spain,ALL,2,Spain,Spain,0.55585,0.501818,2,Belgium,Spain,1,0
Brazil--China#ALL,Brazil--China,ALL,1,Brazil,Brazil,0.412471,0.61443,2,Brazil,China,1,0
Brazil--China#ALL,Brazil--China,ALL,2,China,China,0.331977,0.597918,2,Brazil,China,1,0
Brazil--Denmark#ALL,Brazil--Denmark,ALL,1,Brazil,Brazil,0.412471,0.61443,2,Brazil,Denmark,1,0
Brazil--Denmark#ALL,Brazil--Denmark,ALL,2,Denmark,Denmark,0.44304,0.500047,2,Brazil,Denmark,1,0
Brazil--Ethiopia#ALL,Brazil--Ethiopia,ALL,1,Brazil,Brazil,0.412471,0.61443,1,Brazil,Ethiopia,1,0
Brazil--Ethiopia#ALL,Brazil--Ethiopia,ALL,2,Ethiopia,Ethiopia,0.413066,0.448775,1,Brazil,Ethiopia,1,0
Brazil--France#ALL,Brazil--France,ALL,1,Brazil,Brazil,0.412471,0.61443,2,Brazil,France,1,0
Brazil--France#ALL,Brazil--France,ALL,2,France,France,0.37365,0.542016,2,Brazil,France,1,0
Brazil--India#ALL,Brazil--India,ALL,1,Brazil,Brazil,0.412471,0.61443,2,Brazil,India,1,0
Brazil--India#ALL,Brazil--India,ALL,2,India,India,0.397173,0.572838,2,Brazil,India,1,0
Brazil--Indonesia#ALL,Brazil--Indonesia,ALL,1,Brazil,Brazil,0.412471,0.61443,1,Brazil,Indonesia,1,0
Brazil--Indonesia#ALL,Brazil--Indonesia,ALL,2,Indonesia,Indonesia,0.369414,0.492144,1,Brazil,Indonesia,1,0
Brazil--Italy#ALL,Brazil--Italy,ALL,1,Brazil,Brazil,0.412471,0.61443,3,Brazil,Italy,1,0
Brazil--Italy#ALL,Brazil--Italy,ALL,2,Italy,Italy,0.491029,0.507028,3,Brazil,Italy,1,0
Brazil--Mexico#ALL,Brazil--Mexico,ALL,1,Brazil,Brazil,0.412471,0.61443,1,Brazil,Mexico,1,0
Brazil--Mexico#ALL,Brazil--Mexico,ALL,2,Mexico,Mexico,0.52358,0.407048,1,Brazil,Mexico,1,0
Brazil--Netherlands#ALL,Brazil--Netherlands,ALL,1,Brazil,Brazil,0.412471,0.61443,2,Brazil,Netherlands,1,0
Brazil--Netherlands#ALL,Brazil--Netherlands,ALL,2,Netherlands,Netherlands,0.442831,0.641991,2,Brazil,Netherlands,1,0
Brazil--Oman#ALL,Brazil--Oman,ALL,1,Brazil,Brazil,0.412471,0.61443,1,Brazil,Oman,1,0
Brazil--Oman#ALL,Brazil--Oman,ALL,2,Oman,Oman,0.471591,0.370701,1,Brazil,Oman,1,0
Brazil--Pakistan#ALL,Brazil--Pakistan,ALL,1,Brazil,Brazil,0.412471,0.61443,1,Brazil,Pakistan,1,0
Brazil--Pakistan#ALL,Brazil--Pakistan,ALL,2,Pakistan,Pakistan,0.35634,0.418637,1,Brazil,Pakistan,1,0
Brazil--Philippines#ALL,Brazil--Philippines,ALL,1,Brazil,Brazil,0.412471,0.61443,1,Brazil,Philippines,1,0
Brazil--Philippines#ALL,Brazil--Philippines,ALL,2,Philippines,Philippines,0.403578,0.405159,1,Brazil,Philippines,1,0
Brazil--Russian Federation#ALL,Brazil--Russian Federation,ALL,1,Brazil,Brazil,0.412471,0.61443,1,Brazil,Russian Federation,1,0
Brazil--Russian Federation#ALL,Brazil--Russian Federation,ALL,2,Russian Federation,Russian Federation,0.488704,0.417283,1,Brazil,Russian Federation,1,0
Brazil--Spain#ALL,Brazil--Spain,ALL,1,Brazil,Brazil,0.412471,0.61443,2,Brazil,Spain,1,0
Brazil--Spain#ALL,Brazil--Spain,ALL,2,Spain,Spain,0.55585,0.501818,2,Brazil,Spain,1,0
China--Ethiopia#ALL,China--Ethiopia,ALL,1,China,China,0.331977,0.597918,1,China,Ethiopia,1,0
China--Ethiopia#ALL,China--Ethiopia,ALL,2,Ethiopia,Ethiopia,0.413066,0.448775,1,China,Ethiopia,1,0
China--Italy#ALL,China--Italy,ALL,1,China,China,0.331977,0.597918,2,China,Italy,1,0
China--Italy#ALL,China--Italy,ALL,2,Italy,Italy,0.491029,0.507028,2,China,Italy,1,0
China--Mexico#ALL,China--Mexico,ALL,1,China,China,0.331977,0.597918,1,China,Mexico,1,0
China--Mexico#ALL,China--Mexico,ALL,2,Mexico,Mexico,0.52358,0.407048,1,China,Mexico,1,0
China--Oman#ALL,China--Oman,ALL,1,China,China,0.331977,0.597918,1,China,Oman,1,0
China--Oman#ALL,China--Oman,ALL,2,Oman,Oman,0.471591,0.370701,1,China,Oman,1,0
China--Russian Federation#ALL,China--Russian Federation,ALL,1,China,China,0.331977,0.597918,1,China,Russian Federation,1,0
China--Russian Federation#ALL,China--Russian Federation,ALL,2,Russian Federation,Russian Federation,0.488704,0.417283,1,China,Russian Federation,1,0
China--Spain#ALL,China--Spain,ALL,1,China,China,0.331977,0.597918,1,China,Spain,1,0
China--Spain#ALL,China--Spain,ALL,2,Spain,Spain,0.55585,0.501818,1,China,Spain,1,0
Denmark--Italy#ALL,Denmark--Italy,ALL,1,Denmark,Denmark,0.44304,0.500047,2,Denmark,Italy,1,0
Denmark--Italy#ALL,Denmark--Italy,ALL,2,Italy,Italy,0.491029,0.507028,2,Denmark,Italy,1,0
Denmark--Mexico#ALL,Denmark--Mexico,ALL,1,Denmark,Denmark,0.44304,0.500047,1,Denmark,Mexico,1,0
Denmark--Mexico#ALL,Denmark--Mexico,ALL,2,Mexico,Mexico,0.52358,0.407048,1,Denmark,Mexico,1,0
Denmark--Oman#ALL,Denmark--Oman,ALL,1,Denmark,Denmark,0.44304,0.500047,1,Denmark,Oman,1,0
Denmark--Oman#ALL,Denmark--Oman,ALL,2,Oman,Oman,0.471591,0.370701,1,Denmark,Oman,1,0
Denmark--Philippines#ALL,Denmark--Philippines,ALL,1,Denmark,Denmark,0.44304,0.500047,1,Denmark,Philippines,1,0
Denmark--Philippines#ALL,Denmark--Philippines,ALL,2,Philippines,Philippines,0.403578,0.405159,1,Denmark,Philippines,1,0
Denmark--Russian Federation#ALL,Denmark--Russian Federation,ALL,1,Denmark,Denmark,0.44304,0.500047,1,Denmark,Russian Federation,1,0
Denmark--Russian Federation#ALL,Denmark--Russian Federation,ALL,2,Russian Federation,Russian Federation,0.488704,0.417283,1,Denmark,Russian Federation,1,0
Denmark--Spain#ALL,Denmark--Spain,ALL,1,Denmark,Denmark,0.44304,0.500047,1,Denmark,Spain,1,0
Denmark--Spain#ALL,Denmark--Spain,ALL,2,Spain,Spain,0.55585,0.501818,1,Denmark,Spain,1,0
Ethiopia--Italy#ALL,Ethiopia--Italy,ALL,1,Ethiopia,Ethiopia,0.413066,0.448775,1,Ethiopia,Italy,1,0
Ethiopia--Italy#ALL,Ethiopia--Italy,ALL,2,Italy,Italy,0.491029,0.507028,1,Ethiopia,Italy,1,0
Ethiopia--Mexico#ALL,Ethiopia--Mexico,ALL,1,Ethiopia,Ethiopia,0.413066,0.448775,1,Ethiopia,Mexico,1,0
Ethiopia--Mexico#ALL,Ethiopia--Mexico,ALL,2,Mexico,Mexico,0.52358,0.407048,1,Ethiopia,Mexico,1,0
Ethiopia--Oman#ALL,Ethiopia--Oman,ALL,1,Ethiopia,Ethiopia,0.413066,0.448775,1,Ethiopia,Oman,1,0
Ethiopia--Oman#ALL,Ethiopia--Oman,ALL,2,Oman,Oman,0.471591,0.370701,1,Ethiopia,Oman,1,0
Ethiopia--Philippines#ALL,Ethiopia--Philippines,ALL,1,Ethiopia,Ethiopia,0.413066,0.448775,2,Ethiopia,Philippines,1,0
Ethiopia--Philippines#ALL,Ethiopia--Philippines,ALL,2,Philippines,Philippines,0.403578,0.405159,2,Ethiopia,Philippines,1,0
Ethiopia--Russian Federation#ALL,Ethiopia--Russian Federation,ALL,1,Ethiopia,Ethiopia,0.413066,0.448775,1,Ethiopia,Russian Federation,1,0
Ethiopia--Russian Federation#ALL,Ethiopia--Russian Federation,ALL,2,Russian Federation,Russian Federation,0.488704,0.417283,1,Ethiopia,Russian Federation,1,0
Ethiopia--Spain#ALL,Ethiopia--Spain,ALL,1,Ethiopia,Ethiopia,0.413066,0.448775,1,Ethiopia,Spain,1,0
Ethiopia--Spain#ALL,Ethiopia--Spain,ALL,2,Spain,Spain,0.55585,0.501818,1,Ethiopia,Spain,1,0
France--Mexico#ALL,France--Mexico,ALL,1,France,France,0.37365,0.542016,1,France,Mexico,1,0
France--Mexico#ALL,France--Mexico,ALL,2,Mexico,Mexico,0.52358,0.407048,1,France,Mexico,1,0
France--Oman#ALL,France--Oman,ALL,1,France,France,0.37365,0.542016,1,France,Oman,1,0
France--Oman#ALL,France--Oman,ALL,2,Oman,Oman,0.471591,0.370701,1,France,Oman,1,0
France--Philippines#ALL,France--Philippines,ALL,1,France,France,0.37365,0.542016,1,France,Philippines,1,0
France--Philippines#ALL,France--Philippines,ALL,2,Philippines,Philippines,0.403578,0.405159,1,France,Philippines,1,0
France--Russian Federation#ALL,France--Russian Federation,ALL,1,France,France,0.37365,0.542016,1,France,Russian Federation,1,0
France--Russian Federation#ALL,France--Russian Federation,ALL,2,Russian Federation,Russian Federation,0.488704,0.417283,1,France,Russian Federation,1,0
India--Mexico#ALL,India--Mexico,ALL,1,India,India,0.397173,0.572838,1,India,Mexico,1,0
India--Mexico#ALL,India--Mexico,ALL,2,Mexico,Mexico,0.52358,0.407048,1,India,Mexico,1,0
India--Oman#ALL,India--Oman,ALL,1,India,India,0.397173,0.572838,1,India,Oman,1,0
India--Oman#ALL,India--Oman,ALL,2,Oman,Oman,0.471591,0.370701,1,India,Oman,1,0
India--Russian Federation#ALL,India--Russian Federation,ALL,1,India,India,0.397173,0.572838,1,India,Russian Federation,1,0
India--Russian Federation#ALL,India--Russian Federation,ALL,2,Russian Federation,Russian Federation,0.488704,0.417283,1,India,Russian Federation,1,0
India--Spain#ALL,India--Spain,ALL,1,India,India,0.397173,0.572838,2,India,Spain,1,0
India--Spain#ALL,India--Spain,ALL,2,Spain,Spain,0.55585,0.501818,2,India,Spain,1,0
Indonesia--Mexico#ALL,Indonesia--Mexico,ALL,1,Indonesia,Indonesia,0.369414,0.492144,1,Indonesia,Mexico,1,0
Indonesia--Mexico#ALL,Indonesia--Mexico,ALL,2,Mexico,Mexico,0.52358,0.407048,1,Indonesia,Mexico,1,0
Indonesia--Oman#ALL,Indonesia--Oman,ALL,1,Indonesia,Indonesia,0.369414,0.492144,1,Indonesia,Oman,1,0
Indonesia--Oman#ALL,Indonesia--Oman,ALL,2,Oman,Oman,0.471591,0.370701,1,Indonesia,Oman,1,0
Indonesia--Russian Federation#ALL,Indonesia--Russian Federation,ALL,1,Indonesia,Indonesia,0.369414,0.492144,1,Indonesia,Russian Federation,1,0
Indonesia--Russian Federation#ALL,Indonesia--Russian Federation,ALL,2,Russian Federation,Russian Federation,0.488704,0.417283,1,Indonesia,Russian Federation,1,0
Indonesia--Spain#ALL,Indonesia--Spain,ALL,1,Indonesia,Indonesia,0.369414,0.492144,1,Indonesia,Spain,1,0
Indonesia--Spain#ALL,Indonesia--Spain,ALL,2,Spain,Spain,0.55585,0.501818,1,Indonesia,Spain,1,0
Italy--Mexico#ALL,Italy--Mexico,ALL,1,Italy,Italy,0.491029,0.507028,1,Italy,Mexico,1,0
Italy--Mexico#ALL,Italy--Mexico,ALL,2,Mexico,Mexico,0.52358,0.407048,1,Italy,Mexico,1,0
Italy--Oman#ALL,Italy--Oman,ALL,1,Italy,Italy,0.491029,0.507028,1,Italy,Oman,1,0
Italy--Oman#ALL,Italy--Oman,ALL,2,Oman,Oman,0.471591,0.370701,1,Italy,Oman,1,0
Italy--Philippines#ALL,Italy--Philippines,ALL,1,Italy,Italy,0.491029,0.507028,1,Italy,Philippines,1,0
Italy--Philippines#ALL,Italy--Philippines,ALL,2,Philippines,Philippines,0.403578,0.405159,1,Italy,Philippines,1,0
Italy--Russian Federation#ALL,Italy--Russian Federation,ALL,1,Italy,Italy,0.491029,0.507028,1,Italy,Russian Federation,1,0
Italy--Russian Federation#ALL,Italy--Russian Federation,ALL,2,Russian Federation,Russian Federation,0.488704,0.417283,1,Italy,Russian Federation,1,0
Mexico--Netherlands#ALL,Mexico--Netherlands,ALL,1,Mexico,Mexico,0.52358,0.407048,1,Mexico,Netherlands,1,0
Mexico--Netherlands#ALL,Mexico--Netherlands,ALL,2,Netherlands,Netherlands,0.442831,0.641991,1,Mexico,Netherlands,1,0
Mexico--Oman#ALL,Mexico--Oman,ALL,1,Mexico,Mexico,0.52358,0.407048,1,Mexico,Oman,1,0
Mexico--Oman#ALL,Mexico--Oman,ALL,2,Oman,Oman,0.471591,0.370701,1,Mexico,Oman,1,0
Mexico--Pakistan#ALL,Mexico--Pakistan,ALL,1,Mexico,Mexico,0.52358,0.407048,1,Mexico,Pakistan,1,0
Mexico--Pakistan#ALL,Mexico--Pakistan,ALL,2,Pakistan,Pakistan,0.35634,0.418637,1,Mexico,Pakistan,1,0
Mexico--Philippines#ALL,Mexico--Philippines,ALL,1,Mexico,Mexico,0.52358,0.407048,1,Mexico,Philippines,1,0
Mexico--Philippines#ALL,Mexico--Philippines,ALL,2,Philippines,Philippines,0.403578,0.405159,1,Mexico,Philippines,1,0
Mexico--Russian Federation#ALL,Mexico--Russian Federation,ALL,1,Mexico,Mexico,0.52358,0.407048,1,Mexico,Russian Federation,1,0
Mexico--Russian Federation#ALL,Mexico--Russian Federation,ALL,2,Russian Federation,Russian Federation,0.488704,0.417283,1,Mexico,Russian Federation,1,0
Mexico--Singapore#ALL,Mexico--Singapore,ALL,1,Mexico,Mexico,0.52358,0.407048,1,Mexico,Singapore,1,1
Mexico--Singapore#ALL,Mexico--Singapore,ALL,2,Singapore,Singapore,0.429978,0.539306,1,Mexico,Singapore,1,1
Mexico--Spain#ALL,Mexico--Spain,ALL,1,Mexico,Mexico,0.52358,0.407048,1,Mexico,Spain,1,0
Mexico--Spain#ALL,Mexico--Spain,ALL,2,Spain,Spain,0.55585,0.501818,1,Mexico,Spain,1,0
Mexico--Switzerland#ALL,Mexico--Switzerland,ALL,1,Mexico,Mexico,0.52358,0.407048,1,Mexico,Switzerland,1,0
Mexico--Switzerland#ALL,Mexico--Switzerland,ALL,2,Switzerland,Switzerland,0.407049,0.531378,1,Mexico,Switzerland,1,0
Mexico--United Kingdom#ALL,Mexico--United Kingdom,ALL,1,Mexico,Mexico,0.52358,0.407048,1,Mexico,United Kingdom,1,0
Mexico--United Kingdom#ALL,Mexico--United Kingdom,ALL,2,United Kingdom,United Kingdom,0.355643,0.570016,1,Mexico,United Kingdom,1,0
Mexico--United States#ALL,Mexico--United States,ALL,1,Mexico,Mexico,0.52358,0.407048,1,Mexico,United States,1,0
Mexico--United States#ALL,Mexico--United States,ALL,2,United States,United States,0.440022,0.576858,1,Mexico,United States,1,0
Netherlands--Oman#ALL,Netherlands--Oman,ALL,1,Netherlands,Netherlands,0.442831,0.641991,1,Netherlands,Oman,1,0
Netherlands--Oman#ALL,Netherlands--Oman,ALL,2,Oman,Oman,0.471591,0.370701,1,Netherlands,Oman,1,0
Netherlands--Pakistan#ALL,Netherlands--Pakistan,ALL,1,Netherlands,Netherlands,0.442831,0.641991,1,Netherlands,Pakistan,1,0
Netherlands--Pakistan#ALL,Netherlands--Pakistan,ALL,2,Pakistan,Pakistan,0.35634,0.418637,1,Netherlands,Pakistan,1,0
Netherlands--Philippines#ALL,Netherlands--Philippines,ALL,1,Netherlands,Netherlands,0.442831,0.641991,1,Netherlands,Philippines,1,0
Netherlands--Philippines#ALL,Netherlands--Philippines,ALL,2,Philippines,Philippines,0.403578,0.405159,1,Netherlands,Philippines,1,0
Netherlands--Russian Federation#ALL,Netherlands--Russian Federation,ALL,1,Netherlands,Netherlands,0.442831,0.641991,1,Netherlands,Russian Federation,1,0
Netherlands--Russian Federation#ALL,Netherlands--Russian Federation,ALL,2,Russian Federation,Russian Federation,0.488704,0.417283,1,Netherlands,Russian Federation,1,0
Netherlands--Spain#ALL,Netherlands--Spain,ALL,1,Netherlands,Netherlands,0.442831,0.641991,2,Netherlands,Spain,1,0
Netherlands--Spain#ALL,Netherlands--Spain,ALL,2,Spain,Spain,0.55585,0.501818,2,Netherlands,Spain,1,0
Oman--Pakistan#ALL,Oman--Pakistan,ALL,1,Oman,Oman,0.471591,0.370701,1,Oman,Pakistan,1,0
Oman--Pakistan#ALL,Oman--Pakistan,ALL,2,Pakistan,Pakistan,0.35634,0.418637,1,Oman,Pakistan,1,0
Oman--Philippines#ALL,Oman--Philippines,ALL,1,Oman,Oman,0.471591,0.370701,1,Oman,Philippines,1,0
Oman--Philippines#ALL,Oman--Philippines,ALL,2,Philippines,Philippines,0.403578,0.405159,1,Oman,Philippines,1,0
Oman--Russian Federation#ALL,Oman--Russian Federation,ALL,1,Oman,Oman,0.471591,0.370701,1,Oman,Russian Federation,1,0
Oman--Russian Federation#ALL,Oman--Russian Federation,ALL,2,Russian Federation,Russian Federation,0.488704,0.417283,1,Oman,Russian Federation,1,0
Oman--Singapore#ALL,Oman--Singapore,ALL,1,Oman,Oman,0.471591,0.370701,1,Oman,Singapore,1,1
Oman--Singapore#ALL,Oman--Singapore,ALL,2,Singapore,Singapore,0.429978,0.539306,1,Oman,Singapore,1,1
Oman--Spain#ALL,Oman--Spain,ALL,1,Oman,Oman,0.471591,0.370701,1,Oman,Spain,1,0
Oman--Spain#ALL,Oman--Spain,ALL,2,Spain,Spain,0.55585,0.501818,1,Oman,Spain,1,0
Oman--Switzerland#ALL,Oman--Switzerland,ALL,1,Oman,Oman,0.471591,0.370701,1,Oman,Switzerland,1,0
Oman--Switzerland#ALL,Oman--Switzerland,ALL,2,Switzerland,Switzerland,0.407049,0.531378,1,Oman,Switzerland,1,0
Oman--United Kingdom#ALL,Oman--United Kingdom,ALL,1,Oman,Oman,0.471591,0.370701,1,Oman,United Kingdom,1,0
Oman--United Kingdom#ALL,Oman--United Kingdom,ALL,2,United Kingdom,United Kingdom,0.355643,0.570016,1,Oman,United Kingdom,1,0
Oman--United States#ALL,Oman--United States,ALL,1,Oman,Oman,0.471591,0.370701,1,Oman,United States,1,0
Oman--United States#ALL,Oman--United States,ALL,2,United States,United States,0.440022,0.576858,1,Oman,United States,1,0
Pakistan--Russian Federation#ALL,Pakistan--Russian Federation,ALL,1,Pakistan,Pakistan,0.35634,0.418637,1,Pakistan,Russian Federation,1,0
Pakistan--Russian Federation#ALL,Pakistan--Russian Federation,ALL,2,Russian Federation,Russian Federation,0.488704,0.417283,1,Pakistan,Russian Federation,1,0
Pakistan--Spain#ALL,Pakistan--Spain,ALL,1,Pakistan,Pakistan,0.35634,0.418637,1,Pakistan,Spain,1,0
Pakistan--Spain#ALL,Pakistan--Spain,ALL,2,Spain,Spain,0.55585,0.501818,1,Pakistan,Spain,1,0
Philippines--Russian Federation#ALL,Philippines--Russian Federation,ALL,1,Philippines,Philippines,0.403578,0.405159,1,Philippines,Russian Federation,1,0
Philippines--Russian Federation#ALL,Philippines--Russian Federation,ALL,2,Russian Federation,Russian Federation,0.488704,0.417283,1,Philippines,Russian Federation,1,0
Philippines--Spain#ALL,Philippines--Spain,ALL,1,Philippines,Philippines,0.403578,0.405159,2,Philippines,Spain,1,0
Philippines--Spain#ALL,Philippines--Spain,ALL,2,Spain,Spain,0.55585,0.501818,2,Philippines,Spain,1,0
Russian Federation--Singapore#ALL,Russian Federation--Singapore,ALL,1,Russian Federation,Russian Federation,0.488704,0.417283,2,Russian Federation,Singapore,1,1
Russian Federation--Singapore#ALL,Russian Federation--Singapore,ALL,2,Singapore,Singapore,0.429978,0.539306,2,Russian Federation,Singapore,1,1
Russian Federation--Spain#ALL,Russian Federation--Spain,ALL,1,Russian Federation,Russian Federation,0.488704,0.417283,1,Russian Federation,Spain,1,0
Russian Federation--Spain#ALL,Russian Federation--Spain,ALL,2,Spain,Spain,0.55585,0.501818,1,Russian Federation,Spain,1,0
Russian Federation--Switzerland#ALL,Russian Federation--Switzerland,ALL,1,Russian Federation,Russian Federation,0.488704,0.417283,1,Russian Federation,Switzerland,1,0
Russian Federation--Switzerland#ALL,Russian Federation--Switzerland,ALL,2,Switzerland,Switzerland,0.407049,0.531378,1,Russian Federation,Switzerland,1,0
Russian Federation--United Kingdom#ALL,Russian Federation--United Kingdom,ALL,1,Russian Federation,Russian Federation,0.488704,0.417283,2,Russian Federation,United Kingdom,1,0
Russian Federation--United Kingdom#ALL,Russian Federation--United Kingdom,ALL,2,United Kingdom,United Kingdom,0.355643,0.570016,2,Russian Federation,United Kingdom,1,0
Russian Federation--United States#ALL,Russian Federation--United States,ALL,1,Russian Federation,Russian Federation,0.488704,0.417283,1,Russian Federation,United States,1,0
Russian Federation--United States#ALL,Russian Federation--United States,ALL,2,United States,United States,0.440022,0.576858,1,Russian Federation,United States,1,0
Spain--Switzerland#ALL,Spain--Switzerland,ALL,1,Spain,Spain,0.55585,0.501818,1,Spain,Switzerland,1,0
Spain--Switzerland#ALL,Spain--Switzerland,ALL,2,Switzerland,Switzerland,0.407049,0.531378,1,Spain,Switzerland,1,0
Canada--Egypt#ALL,Canada--Egypt,ALL,1,Canada,Canada,0.429902,0.670838,1,Canada,Egypt,1,0
Canada--Egypt#ALL,Canada--Egypt,ALL,2,Egypt,Egypt,0.633485,0.596221,1,Canada,Egypt,1,0
Egypt--Singapore#ALL,Egypt--Singapore,ALL,1,Egypt,Egypt,0.633485,0.596221,2,Egypt,Singapore,1,1
Egypt--Singapore#ALL,Egypt--Singapore,ALL,2,Singapore,Singapore,0.429978,0.539306,2,Egypt,Singapore,1,1
Australia--Ireland#ALL,Australia--Ireland,ALL,1,Australia,Australia,0.390756,0.648197,1,Australia,Ireland,1,0
Australia--Ireland#ALL,Australia--Ireland,ALL,2,Ireland,Ireland,0.202061,0.805752,1,Australia,Ireland,1,0
Australia--Namibia#ALL,Australia--Namibia,ALL,1,Australia,Australia,0.390756,0.648197,1,Australia,Namibia,1,0
Australia--Namibia#ALL,Australia--Namibia,ALL,2,Namibia,Namibia,0.13264,0.794069,1,Australia,Namibia,1,0
Cambodia--Ireland#ALL,Cambodia--Ireland,ALL,1,Cambodia,Cambodia,0.216351,0.576345,1,Cambodia,Ireland,1,0
Cambodia--Ireland#ALL,Cambodia--Ireland,ALL,2,Ireland,Ireland,0.202061,0.805752,1,Cambodia,Ireland,1,0
Cambodia--Namibia#ALL,Cambodia--Namibia,ALL,1,Cambodia,Cambodia,0.216351,0.576345,1,Cambodia,Namibia,1,0
Cambodia--Namibia#ALL,Cambodia--Namibia,ALL,2,Namibia,Namibia,0.13264,0.794069,1,Cambodia,Namibia,1,0
Cambodia--South Africa#ALL,Cambodia--South Africa,ALL,1,Cambodia,Cambodia,0.216351,0.576345,1,Cambodia,South Africa,1,0
Cambodia--South Africa#ALL,Cambodia--South Africa,ALL,2,South Africa,South Africa,0.354082,0.657729,1,Cambodia,South Africa,1,0
Ireland--Japan#ALL,Ireland--Japan,ALL,1,Ireland,Ireland,0.202061,0.805752,1,Ireland,Japan,1,0
Ireland--Japan#ALL,Ireland--Japan,ALL,2,Japan,Japan,0.302497,0.608095,1,Ireland,Japan,1,0
Ireland--Namibia#ALL,Ireland--Namibia,ALL,1,Ireland,Ireland,0.202061,0.805752,1,Ireland,Namibia,1,0
Ireland--Namibia#ALL,Ireland--Namibia,ALL,2,Namibia,Namibia,0.13264,0.794069,1,Ireland,Namibia,1,0
Ireland--Singapore#ALL,Ireland--Singapore,ALL,1,Ireland,Ireland,0.202061,0.805752,2,Ireland,Singapore,1,1
Ireland--Singapore#ALL,Ireland--Singapore,ALL,2,Singapore,Singapore,0.429978,0.539306,2,Ireland,Singapore,1,1
Ireland--South Africa#ALL,Ireland--South Africa,ALL,1,Ireland,Ireland,0.202061,0.805752,1,Ireland,South Africa,1,0
Ireland--South Africa#ALL,Ireland--South Africa,ALL,2,South Africa,South Africa,0.354082,0.657729,1,Ireland,South Africa,1,0
Ireland--United States#ALL,Ireland--United States,ALL,1,Ireland,Ireland,0.202061,0.805752,1,Ireland,United States,1,0
Ireland--United States#ALL,Ireland--United States,ALL,2,United States,United States,0.440022,0.576858,1,Ireland,United States,1,0
Japan--Namibia#ALL,Japan--Namibia,ALL,1,Japan,Japan,0.302497,0.608095,1,Japan,Namibia,1,0
Japan--Namibia#ALL,Japan--Namibia,ALL,2,Namibia,Namibia,0.13264,0.794069,1,Japan,Namibia,1,0
Namibia--Singapore#ALL,Namibia--Singapore,ALL,1,Namibia,Namibia,0.13264,0.794069,1,Namibia,Singapore,1,1
Namibia--Singapore#ALL,Namibia--Singapore,ALL,2,Singapore,Singapore,0.429978,0.539306,1,Namibia,Singapore,1,1
Namibia--South Africa#ALL,Namibia--South Africa,ALL,1,Namibia,Namibia,0.13264,0.794069,1,Namibia,South Africa,1,0
Namibia--South Africa#ALL,Namibia--South Africa,ALL,2,South Africa,South Africa,0.354082,0.657729,1,Namibia,South Africa,1,0
Namibia--United States#ALL,Namibia--United States,ALL,1,Namibia,Namibia,0.13264,0.794069,1,Namibia,United States,1,0
Namibia--United States#ALL,Namibia--United States,ALL,2,United States,United States,0.440022,0.576858,1,Namibia,United States,1,0
Australia--Bangladesh#ALL,Australia--Bangladesh,ALL,1,Australia,Australia,0.390756,0.648197,1,Australia,Bangladesh,1,0
Australia--Bangladesh#ALL,Australia--Bangladesh,ALL,2,Bangladesh,Bangladesh,0.325634,0.547236,1,Australia,Bangladesh,1,0
Australia--Cuba#ALL,Australia--Cuba,ALL,1,Australia,Australia,0.390756,0.648197,1,Australia,Cuba,1,0
Australia--Cuba#ALL,Australia--Cuba,ALL,2,Cuba,Cuba,0.337138,0.814635,1,Australia,Cuba,1,0
Australia--Democratic Republic of the Congo#ALL,Australia--Democratic Republic of the Congo,ALL,1,Australia,Australia,0.390756,0.648197,1,Australia,Democratic Republic of the Congo,1,0
Australia--Democratic Republic of the Congo#ALL,Australia--Democratic Republic of the Congo,ALL,2,Democratic Republic of the Congo,Democratic Republic of the Congo,0.376327,0.815444,1,Australia,Democratic Republic of the Congo,1,0
Australia--Lebanon#ALL,Australia--Lebanon,ALL,1,Australia,Australia,0.390756,0.648197,1,Australia,Lebanon,1,0
Australia--Lebanon#ALL,Australia--Lebanon,ALL,2,Lebanon,Lebanon,0.412955,0.815087,1,Australia,Lebanon,1,0
Australia--Nigeria#ALL,Australia--Nigeria,ALL,1,Australia,Australia,0.390756,0.648197,1,Australia,Nigeria,1,0
Australia--Nigeria#ALL,Australia--Nigeria,ALL,2,Nigeria,Nigeria,0.342207,0.771426,1,Australia,Nigeria,1,0
Australia--Qatar#ALL,Australia--Qatar,ALL,1,Australia,Australia,0.390756,0.648197,1,Australia,Qatar,1,0
Australia--Qatar#ALL,Australia--Qatar,ALL,2,Qatar,Qatar,0.278094,0.747628,1,Australia,Qatar,1,0
Australia--Saudi Arabia#ALL,Australia--Saudi Arabia,ALL,1,Australia,Australia,0.390756,0.648197,1,Australia,Saudi Arabia,1,0
Australia--Saudi Arabia#ALL,Australia--Saudi Arabia,ALL,2,Saudi Arabia,Saudi Arabia,0.301902,0.78104,1,Australia,Saudi Arabia,1,0
Bangladesh--Canada#ALL,Bangladesh--Canada,ALL,1,Bangladesh,Bangladesh,0.325634,0.547236,2,Bangladesh,Canada,1,0
Bangladesh--Canada#ALL,Bangladesh--Canada,ALL,2,Canada,Canada,0.429902,0.670838,2,Bangladesh,Canada,1,0
Bangladesh--Cuba#ALL,Bangladesh--Cuba,ALL,1,Bangladesh,Bangladesh,0.325634,0.547236,1,Bangladesh,Cuba,1,0
Bangladesh--Cuba#ALL,Bangladesh--Cuba,ALL,2,Cuba,Cuba,0.337138,0.814635,1,Bangladesh,Cuba,1,0
Bangladesh--Democratic Republic of the Congo#ALL,Bangladesh--Democratic Republic of the Congo,ALL,1,Bangladesh,Bangladesh,0.325634,0.547236,1,Bangladesh,Democratic Republic of the Congo,1,0
Bangladesh--Democratic Republic of the Congo#ALL,Bangladesh--Democratic Republic of the Congo,ALL,2,Democratic Republic of the Congo,Democratic Republic of the Congo,0.376327,0.815444,1,Bangladesh,Democratic Republic of the Congo,1,0
Bangladesh--Germany#ALL,Bangladesh--Germany,ALL,1,Bangladesh,Bangladesh,0.325634,0.547236,1,Bangladesh,Germany,1,0
Bangladesh--Germany#ALL,Bangladesh--Germany,ALL,2,Germany,Germany,0.479367,0.620904,1,Bangladesh,Germany,1,0
Bangladesh--Lebanon#ALL,Bangladesh--Lebanon,ALL,1,Bangladesh,Bangladesh,0.325634,0.547236,1,Bangladesh,Lebanon,1,0
Bangladesh--Lebanon#ALL,Bangladesh--Lebanon,ALL,2,Lebanon,Lebanon,0.412955,0.815087,1,Bangladesh,Lebanon,1,0
Bangladesh--Nigeria#ALL,Bangladesh--Nigeria,ALL,1,Bangladesh,Bangladesh,0.325634,0.547236,1,Bangladesh,Nigeria,1,0
Bangladesh--Nigeria#ALL,Bangladesh--Nigeria,ALL,2,Nigeria,Nigeria,0.342207,0.771426,1,Bangladesh,Nigeria,1,0
Bangladesh--Qatar#ALL,Bangladesh--Qatar,ALL,1,Bangladesh,Bangladesh,0.325634,0.547236,1,Bangladesh,Qatar,1,0
Bangladesh--Qatar#ALL,Bangladesh--Qatar,ALL,2,Qatar,Qatar,0.278094,0.747628,1,Bangladesh,Qatar,1,0
Bangladesh--Saudi Arabia#ALL,Bangladesh--Saudi Arabia,ALL,1,Bangladesh,Bangladesh,0.325634,0.547236,1,Bangladesh,Saudi Arabia,1,0
Bangladesh--Saudi Arabia#ALL,Bangladesh--Saudi Arabia,ALL,2,Saudi Arabia,Saudi Arabia,0.301902,0.78104,1,Bangladesh,Saudi Arabia,1,0
Bangladesh--South Africa#ALL,Bangladesh--South Africa,ALL,1,Bangladesh,Bangladesh,0.325634,0.547236,2,Bangladesh,South Africa,1,0
Bangladesh--South Africa#ALL,Bangladesh--South Africa,ALL,2,South Africa,South Africa,0.354082,0.657729,2,Bangladesh,South Africa,1,0
Brazil--Canada#ALL,Brazil--Canada,ALL,1,Brazil,Brazil,0.412471,0.61443,1,Brazil,Canada,1,0
Brazil--Canada#ALL,Brazil--Canada,ALL,2,Canada,Canada,0.429902,0.670838,1,Brazil,Canada,1,0
Brazil--Cuba#ALL,Brazil--Cuba,ALL,1,Brazil,Brazil,0.412471,0.61443,1,Brazil,Cuba,1,0
Brazil--Cuba#ALL,Brazil--Cuba,ALL,2,Cuba,Cuba,0.337138,0.814635,1,Brazil,Cuba,1,0
Brazil--Democratic Republic of the Congo#ALL,Brazil--Democratic Republic of the Congo,ALL,1,Brazil,Brazil,0.412471,0.61443,1,Brazil,Democratic Republic of the Congo,1,0
Brazil--Democratic Republic of the Congo#ALL,Brazil--Democratic Republic of the Congo,ALL,2,Democratic Republic of the Congo,Democratic Republic of the Congo,0.376327,0.815444,1,Brazil,Democratic Republic of the Congo,1,0
Brazil--Germany#ALL,Brazil--Germany,ALL,1,Brazil,Brazil,0.412471,0.61443,1,Brazil,Germany,1,0
Brazil--Germany#ALL,Brazil--Germany,ALL,2,Germany,Germany,0.479367,0.620904,1,Brazil,Germany,1,0
Brazil--Japan#ALL,Brazil--Japan,ALL,1,Brazil,Brazil,0.412471,0.61443,1,Brazil,Japan,1,0
Brazil--Japan#ALL,Brazil--Japan,ALL,2,Japan,Japan,0.302497,0.608095,1,Brazil,Japan,1,0
Brazil--Lebanon#ALL,Brazil--Lebanon,ALL,1,Brazil,Brazil,0.412471,0.61443,1,Brazil,Lebanon,1,0
Brazil--Lebanon#ALL,Brazil--Lebanon,ALL,2,Lebanon,Lebanon,0.412955,0.815087,1,Brazil,Lebanon,1,0
Brazil--Nigeria#ALL,Brazil--Nigeria,ALL,1,Brazil,Brazil,0.412471,0.61443,1,Brazil,Nigeria,1,0
Brazil--Nigeria#ALL,Brazil--Nigeria,ALL,2,Nigeria,Nigeria,0.342207,0.771426,1,Brazil,Nigeria,1,0
Brazil--Qatar#ALL,Brazil--Qatar,ALL,1,Brazil,Brazil,0.412471,0.61443,1,Brazil,Qatar,1,0
Brazil--Qatar#ALL,Brazil--Qatar,ALL,2,Qatar,Qatar,0.278094,0.747628,1,Brazil,Qatar,1,0
Brazil--Saudi Arabia#ALL,Brazil--Saudi Arabia,ALL,1,Brazil,Brazil,0.412471,0.61443,1,Brazil,Saudi Arabia,1,0
Brazil--Saudi Arabia#ALL,Brazil--Saudi Arabia,ALL,2,Saudi Arabia,Saudi Arabia,0.301902,0.78104,1,Brazil,Saudi Arabia,1,0
Brazil--South Africa#ALL,Brazil--South Africa,ALL,1,Brazil,Brazil,0.412471,0.61443,1,Brazil,South Africa,1,0
Brazil--South Africa#ALL,Brazil--South Africa,ALL,2,South Africa,South Africa,0.354082,0.657729,1,Brazil,South Africa,1,0
Canada--Cuba#ALL,Canada--Cuba,ALL,1,Canada,Canada,0.429902,0.670838,1,Canada,Cuba,1,0
Canada--Cuba#ALL,Canada--Cuba,ALL,2,Cuba,Cuba,0.337138,0.814635,1,Canada,Cuba,1,0
Canada--Democratic Republic of the Congo#ALL,Canada--Democratic Republic of the Congo,ALL,1,Canada,Canada,0.429902,0.670838,1,Canada,Democratic Republic of the Congo,1,0
Canada--Democratic Republic of the Congo#ALL,Canada--Democratic Republic of the Congo,ALL,2,Democratic Republic of the Congo,Democratic Republic of the Congo,0.376327,0.815444,1,Canada,Democratic Republic of the Congo,1,0
Canada--Japan#ALL,Canada--Japan,ALL,1,Canada,Canada,0.429902,0.670838,2,Canada,Japan,1,0
Canada--Japan#ALL,Canada--Japan,ALL,2,Japan,Japan,0.302497,0.608095,2,Canada,Japan,1,0
Canada--Lebanon#ALL,Canada--Lebanon,ALL,1,Canada,Canada,0.429902,0.670838,1,Canada,Lebanon,1,0
Canada--Lebanon#ALL,Canada--Lebanon,ALL,2,Lebanon,Lebanon,0.412955,0.815087,1,Canada,Lebanon,1,0
Canada--Nigeria#ALL,Canada--Nigeria,ALL,1,Canada,Canada,0.429902,0.670838,1,Canada,Nigeria,1,0
Canada--Nigeria#ALL,Canada--Nigeria,ALL,2,Nigeria,Nigeria,0.342207,0.771426,1,Canada,Nigeria,1,0
Canada--Qatar#ALL,Canada--Qatar,ALL,1,Canada,Canada,0.429902,0.670838,1,Canada,Qatar,1,0
Canada--Qatar#ALL,Canada--Qatar,ALL,2,Qatar,Qatar,0.278094,0.747628,1,Canada,Qatar,1,0
Canada--Saudi Arabia#ALL,Canada--Saudi Arabia,ALL,1,Canada,Canada,0.429902,0.670838,1,Canada,Saudi Arabia,1,0
Canada--Saudi Arabia#ALL,Canada--Saudi Arabia,ALL,2,Saudi Arabia,Saudi Arabia,0.301902,0.78104,1,Canada,Saudi Arabia,1,0
China--Cuba#ALL,China--Cuba,ALL,1,China,China,0.331977,0.597918,1,China,Cuba,1,0
China--Cuba#ALL,China--Cuba,ALL,2,Cuba,Cuba,0.337138,0.814635,1,China,Cuba,1,0
China--Democratic Republic of the Congo#ALL,China--Democratic Republic of the Congo,ALL,1,China,China,0.331977,0.597918,1,China,Democratic Republic of the Congo,1,0
China--Democratic Republic of the Congo#ALL,China--Democratic Republic of the Congo,ALL,2,Democratic Republic of the Congo,Democratic Republic of the Congo,0.376327,0.815444,1,China,Democratic Republic of the Congo,1,0
China--Lebanon#ALL,China--Lebanon,ALL,1,China,China,0.331977,0.597918,1,China,Lebanon,1,0
China--Lebanon#ALL,China--Lebanon,ALL,2,Lebanon,Lebanon,0.412955,0.815087,1,China,Lebanon,1,0
China--Nigeria#ALL,China--Nigeria,ALL,1,China,China,0.331977,0.597918,1,China,Nigeria,1,0
China--Nigeria#ALL,China--Nigeria,ALL,2,Nigeria,Nigeria,0.342207,0.771426,1,China,Nigeria,1,0
China--Qatar#ALL,China--Qatar,ALL,1,China,China,0.331977,0.597918,1,China,Qatar,1,0
China--Qatar#ALL,China--Qatar,ALL,2,Qatar,Qatar,0.278094,0.747628,1,China,Qatar,1,0
China--Saudi Arabia#ALL,China--Saudi Arabia,ALL,1,China,China,0.331977,0.597918,2,China,Saudi Arabia,1,0
China--Saudi Arabia#ALL,China--Saudi Arabia,ALL,2,Saudi Arabia,Saudi Arabia,0.301902,0.78104,2,China,Saudi Arabia,1,0
China--South Africa#ALL,China--South Africa,ALL,1,China,China,0.331977,0.597918,3,China,South Africa,1,0
China--South Africa#ALL,China--South Africa,ALL,2,South Africa,South Africa,0.354082,0.657729,3,China,South Africa,1,0
Cuba--Democratic Republic of the Congo#ALL,Cuba--Democratic Republic of the Congo,ALL,1,Cuba,Cuba,0.337138,0.814635,1,Cuba,Democratic Republic of the Congo,1,0
Cuba--Democratic Republic of the Congo#ALL,Cuba--Democratic Republic of the Congo,ALL,2,Democratic Republic of the Congo,Democratic Republic of the Congo,0.376327,0.815444,1,Cuba,Democratic Republic of the Congo,1,0
Cuba--Germany#ALL,Cuba--Germany,ALL,1,Cuba,Cuba,0.337138,0.814635,1,Cuba,Germany,1,0
Cuba--Germany#ALL,Cuba--Germany,ALL,2,Germany,Germany,0.479367,0.620904,1,Cuba,Germany,1,0
Cuba--India#ALL,Cuba--India,ALL,1,Cuba,Cuba,0.337138,0.814635,1,Cuba,India,1,0
Cuba--India#ALL,Cuba--India,ALL,2,India,India,0.397173,0.572838,1,Cuba,India,1,0
Cuba--Japan#ALL,Cuba--Japan,ALL,1,Cuba,Cuba,0.337138,0.814635,1,Cuba,Japan,1,0
Cuba--Japan#ALL,Cuba--Japan,ALL,2,Japan,Japan,0.302497,0.608095,1,Cuba,Japan,1,0
Cuba--Lebanon#ALL,Cuba--Lebanon,ALL,1,Cuba,Cuba,0.337138,0.814635,1,Cuba,Lebanon,1,0
Cuba--Lebanon#ALL,Cuba--Lebanon,ALL,2,Lebanon,Lebanon,0.412955,0.815087,1,Cuba,Lebanon,1,0
Cuba--Netherlands#ALL,Cuba--Netherlands,ALL,1,Cuba,Cuba,0.337138,0.814635,1,Cuba,Netherlands,1,0
Cuba--Netherlands#ALL,Cuba--Netherlands,ALL,2,Netherlands,Netherlands,0.442831,0.641991,1,Cuba,Netherlands,1,0
Cuba--Nigeria#ALL,Cuba--Nigeria,ALL,1,Cuba,Cuba,0.337138,0.814635,1,Cuba,Nigeria,1,0
Cuba--Nigeria#ALL,Cuba--Nigeria,ALL,2,Nigeria,Nigeria,0.342207,0.771426,1,Cuba,Nigeria,1,0
Cuba--Qatar#ALL,Cuba--Qatar,ALL,1,Cuba,Cuba,0.337138,0.814635,1,Cuba,Qatar,1,0
Cuba--Qatar#ALL,Cuba--Qatar,ALL,2,Qatar,Qatar,0.278094,0.747628,1,Cuba,Qatar,1,0
Cuba--Saudi Arabia#ALL,Cuba--Saudi Arabia,ALL,1,Cuba,Cuba,0.337138,0.814635,1,Cuba,Saudi Arabia,1,0
Cuba--Saudi Arabia#ALL,Cuba--Saudi Arabia,ALL,2,Saudi Arabia,Saudi Arabia,0.301902,0.78104,1,Cuba,Saudi Arabia,1,0
Cuba--Singapore#ALL,Cuba--Singapore,ALL,1,Cuba,Cuba,0.337138,0.814635,1,Cuba,Singapore,1,1
Cuba--Singapore#ALL,Cuba--Singapore,ALL,2,Singapore,Singapore,0.429978,0.539306,1,Cuba,Singapore,1,1
Cuba--South Africa#ALL,Cuba--South Africa,ALL,1,Cuba,Cuba,0.337138,0.814635,1,Cuba,South Africa,1,0
Cuba--South Africa#ALL,Cuba--South Africa,ALL,2,South Africa,South Africa,0.354082,0.657729,1,Cuba,South Africa,1,0
Cuba--Switzerland#ALL,Cuba--Switzerland,ALL,1,Cuba,Cuba,0.337138,0.814635,1,Cuba,Switzerland,1,0
Cuba--Switzerland#ALL,Cuba--Switzerland,ALL,2,Switzerland,Switzerland,0.407049,0.531378,1,Cuba,Switzerland,1,0
Cuba--United Kingdom#ALL,Cuba--United Kingdom,ALL,1,Cuba,Cuba,0.337138,0.814635,1,Cuba,United Kingdom,1,0
Cuba--United Kingdom#ALL,Cuba--United Kingdom,ALL,2,United Kingdom,United Kingdom,0.355643,0.570016,1,Cuba,United Kingdom,1,0
Cuba--United States#ALL,Cuba--United States,ALL,1,Cuba,Cuba,0.337138,0.814635,1,Cuba,United States,1,0
Cuba--United States#ALL,Cuba--United States,ALL,2,United States,United States,0.440022,0.576858,1,Cuba,United States,1,0
Democratic Republic of the Congo--Germany#ALL,Democratic Republic of the Congo--Germany,ALL,1,Democratic Republic of the Congo,Democratic Republic of the Congo,0.376327,0.815444,1,Democratic Republic of the Congo,Germany,1,0
Democratic Republic of the Congo--Germany#ALL,Democratic Republic of the Congo--Germany,ALL,2,Germany,Germany,0.479367,0.620904,1,Democratic Republic of the Congo,Germany,1,0
Democratic Republic of the Congo--India#ALL,Democratic Republic of the Congo--India,ALL,1,Democratic Republic of the Congo,Democratic Republic of the Congo,0.376327,0.815444,1,Democratic Republic of the Congo,India,1,0
Democratic Republic of the Congo--India#ALL,Democratic Republic of the Congo--India,ALL,2,India,India,0.397173,0.572838,1,Democratic Republic of the Congo,India,1,0
Democratic Republic of the Congo--Lebanon#ALL,Democratic Republic of the Congo--Lebanon,ALL,1,Democratic Republic of the Congo,Democratic Republic of the Congo,0.376327,0.815444,1,Democratic Republic of the Congo,Lebanon,1,0
Democratic Republic of the Congo--Lebanon#ALL,Democratic Republic of the Congo--Lebanon,ALL,2,Lebanon,Lebanon,0.412955,0.815087,1,Democratic Republic of the Congo,Lebanon,1,0
Democratic Republic of the Congo--Netherlands#ALL,Democratic Republic of the Congo--Netherlands,ALL,1,Democratic Republic of the Congo,Democratic Republic of the Congo,0.376327,0.815444,1,Democratic Republic of the Congo,Netherlands,1,0
Democratic Republic of the Congo--Netherlands#ALL,Democratic Republic of the Congo--Netherlands,ALL,2,Netherlands,Netherlands,0.442831,0.641991,1,Democratic Republic of the Congo,Netherlands,1,0
Democratic Republic of the Congo--Nigeria#ALL,Democratic Republic of the Congo--Nigeria,ALL,1,Democratic Republic of the Congo,Democratic Republic of the Congo,0.376327,0.815444,1,Democratic Republic of the Congo,Nigeria,1,0
Democratic Republic of the Congo--Nigeria#ALL,Democratic Republic of the Congo--Nigeria,ALL,2,Nigeria,Nigeria,0.342207,0.771426,1,Democratic Republic of the Congo,Nigeria,1,0
Democratic Republic of the Congo--Qatar#ALL,Democratic Republic of the Congo--Qatar,ALL,1,Democratic Republic of the Congo,Democratic Republic of the Congo,0.376327,0.815444,1,Democratic Republic of the Congo,Qatar,1,0
Democratic Republic of the Congo--Qatar#ALL,Democratic Republic of the Congo--Qatar,ALL,2,Qatar,Qatar,0.278094,0.747628,1,Democratic Republic of the Congo,Qatar,1,0
Democratic Republic of the Congo--Saudi Arabia#ALL,Democratic Republic of the Congo--Saudi Arabia,ALL,1,Democratic Republic of the Congo,Democratic Republic of the Congo,0.376327,0.815444,1,Democratic Republic of the Congo,Saudi Arabia,1,0
Democratic Republic of the Congo--Saudi Arabia#ALL,Democratic Republic of the Congo--Saudi Arabia,ALL,2,Saudi Arabia,Saudi Arabia,0.301902,0.78104,1,Democratic Republic of the Congo,Saudi Arabia,1,0
Democratic Republic of the Congo--Switzerland#ALL,Democratic Republic of the Congo--Switzerland,ALL,1,Democratic Republic of the Congo,Democratic Republic of the Congo,0.376327,0.815444,1,Democratic Republic of the Congo,Switzerland,1,0
Democratic Republic of the Congo--Switzerland#ALL,Democratic Republic of the Congo--Switzerland,ALL,2,Switzerland,Switzerland,0.407049,0.531378,1,Democratic Republic of the Congo,Switzerland,1,0
Germany--Japan#ALL,Germany--Japan,ALL,1,Germany,Germany,0.479367,0.620904,3,Germany,Japan,1,0
Germany--Japan#ALL,Germany--Japan,ALL,2,Japan,Japan,0.302497,0.608095,3,Germany,Japan,1,0
Germany--Lebanon#ALL,Germany--Lebanon,ALL,1,Germany,Germany,0.479367,0.620904,1,Germany,Lebanon,1,0
Germany--Lebanon#ALL,Germany--Lebanon,ALL,2,Lebanon,Lebanon,0.412955,0.815087,1,Germany,Lebanon,1,0
Germany--Netherlands#ALL,Germany--Netherlands,ALL,1,Germany,Germany,0.479367,0.620904,3,Germany,Netherlands,1,0
Germany--Netherlands#ALL,Germany--Netherlands,ALL,2,Netherlands,Netherlands,0.442831,0.641991,3,Germany,Netherlands,1,0
Germany--Nigeria#ALL,Germany--Nigeria,ALL,1,Germany,Germany,0.479367,0.620904,1,Germany,Nigeria,1,0
Germany--Nigeria#ALL,Germany--Nigeria,ALL,2,Nigeria,Nigeria,0.342207,0.771426,1,Germany,Nigeria,1,0
Germany--Qatar#ALL,Germany--Qatar,ALL,1,Germany,Germany,0.479367,0.620904,1,Germany,Qatar,1,0
Germany--Qatar#ALL,Germany--Qatar,ALL,2,Qatar,Qatar,0.278094,0.747628,1,Germany,Qatar,1,0
Germany--Saudi Arabia#ALL,Germany--Saudi Arabia,ALL,1,Germany,Germany,0.479367,0.620904,1,Germany,Saudi Arabia,1,0
Germany--Saudi Arabia#ALL,Germany--Saudi Arabia,ALL,2,Saudi Arabia,Saudi Arabia,0.301902,0.78104,1,Germany,Saudi Arabia,1,0
India--Lebanon#ALL,India--Lebanon,ALL,1,India,India,0.397173,0.572838,1,India,Lebanon,1,0
India--Lebanon#ALL,India--Lebanon,ALL,2,Lebanon,Lebanon,0.412955,0.815087,1,India,Lebanon,1,0
India--Nigeria#ALL,India--Nigeria,ALL,1,India,India,0.397173,0.572838,1,India,Nigeria,1,0
India--Nigeria#ALL,India--Nigeria,ALL,2,Nigeria,Nigeria,0.342207,0.771426,1,India,Nigeria,1,0
India--Qatar#ALL,India--Qatar,ALL,1,India,India,0.397173,0.572838,1,India,Qatar,1,0
India--Qatar#ALL,India--Qatar,ALL,2,Qatar,Qatar,0.278094,0.747628,1,India,Qatar,1,0
India--Saudi Arabia#ALL,India--Saudi Arabia,ALL,1,India,India,0.397173,0.572838,1,India,Saudi Arabia,1,0
India--Saudi Arabia#ALL,India--Saudi Arabia,ALL,2,Saudi Arabia,Saudi Arabia,0.301902,0.78104,1,India,Saudi Arabia,1,0
Japan--Lebanon#ALL,Japan--Lebanon,ALL,1,Japan,Japan,0.302497,0.608095,1,Japan,Lebanon,1,0
Japan--Lebanon#ALL,Japan--Lebanon,ALL,2,Lebanon,Lebanon,0.412955,0.815087,1,Japan,Lebanon,1,0
Japan--Netherlands#ALL,Japan--Netherlands,ALL,1,Japan,Japan,0.302497,0.608095,2,Japan,Netherlands,1,0
Japan--Netherlands#ALL,Japan--Netherlands,ALL,2,Netherlands,Netherlands,0.442831,0.641991,2,Japan,Netherlands,1,0
Japan--Nigeria#ALL,Japan--Nigeria,ALL,1,Japan,Japan,0.302497,0.608095,1,Japan,Nigeria,1,0
Japan--Nigeria#ALL,Japan--Nigeria,ALL,2,Nigeria,Nigeria,0.342207,0.771426,1,Japan,Nigeria,1,0
Japan--Qatar#ALL,Japan--Qatar,ALL,1,Japan,Japan,0.302497,0.608095,1,Japan,Qatar,1,0
Japan--Qatar#ALL,Japan--Qatar,ALL,2,Qatar,Qatar,0.278094,0.747628,1,Japan,Qatar,1,0
Japan--Saudi Arabia#ALL,Japan--Saudi Arabia,ALL,1,Japan,Japan,0.302497,0.608095,1,Japan,Saudi Arabia,1,0
Japan--Saudi Arabia#ALL,Japan--Saudi Arabia,ALL,2,Saudi Arabia,Saudi Arabia,0.301902,0.78104,1,Japan,Saudi Arabia,1,0
Japan--Switzerland#ALL,Japan--Switzerland,ALL,1,Japan,Japan,0.302497,0.608095,1,Japan,Switzerland,1,0
Japan--Switzerland#ALL,Japan--Switzerland,ALL,2,Switzerland,Switzerland,0.407049,0.531378,1,Japan,Switzerland,1,0
Lebanon--Netherlands#ALL,Lebanon--Netherlands,ALL,1,Lebanon,Lebanon,0.412955,0.815087,1,Lebanon,Netherlands,1,0
Lebanon--Netherlands#ALL,Lebanon--Netherlands,ALL,2,Netherlands,Netherlands,0.442831,0.641991,1,Lebanon,Netherlands,1,0
Lebanon--Nigeria#ALL,Lebanon--Nigeria,ALL,1,Lebanon,Lebanon,0.412955,0.815087,1,Lebanon,Nigeria,1,0
Lebanon--Nigeria#ALL,Lebanon--Nigeria,ALL,2,Nigeria,Nigeria,0.342207,0.771426,1,Lebanon,Nigeria,1,0
Lebanon--Qatar#ALL,Lebanon--Qatar,ALL,1,Lebanon,Lebanon,0.412955,0.815087,1,Lebanon,Qatar,1,0
Lebanon--Qatar#ALL,Lebanon--Qatar,ALL,2,Qatar,Qatar,0.278094,0.747628,1,Lebanon,Qatar,1,0
Lebanon--Saudi Arabia#ALL,Lebanon--Saudi Arabia,ALL,1,Lebanon,Lebanon,0.412955,0.815087,1,Lebanon,Saudi Arabia,1,0
Lebanon--Saudi Arabia#ALL,Lebanon--Saudi Arabia,ALL,2,Saudi Arabia,Saudi Arabia,0.301902,0.78104,1,Lebanon,Saudi Arabia,1,0
Lebanon--Singapore#ALL,Lebanon--Singapore,ALL,1,Lebanon,Lebanon,0.412955,0.815087,2,Lebanon,Singapore,1,1
Lebanon--Singapore#ALL,Lebanon--Singapore,ALL,2,Singapore,Singapore,0.429978,0.539306,2,Lebanon,Singapore,1,1
Lebanon--South Africa#ALL,Lebanon--South Africa,ALL,1,Lebanon,Lebanon,0.412955,0.815087,1,Lebanon,South Africa,1,0
Lebanon--South Africa#ALL,Lebanon--South Africa,ALL,2,South Africa,South Africa,0.354082,0.657729,1,Lebanon,South Africa,1,0
Lebanon--Switzerland#ALL,Lebanon--Switzerland,ALL,1,Lebanon,Lebanon,0.412955,0.815087,1,Lebanon,Switzerland,1,0
Lebanon--Switzerland#ALL,Lebanon--Switzerland,ALL,2,Switzerland,Switzerland,0.407049,0.531378,1,Lebanon,Switzerland,1,0
Lebanon--United Kingdom#ALL,Lebanon--United Kingdom,ALL,1,Lebanon,Lebanon,0.412955,0.815087,1,Lebanon,United Kingdom,1,0
Lebanon--United Kingdom#ALL,Lebanon--United Kingdom,ALL,2,United Kingdom,United Kingdom,0.355643,0.570016,1,Lebanon,United Kingdom,1,0
Lebanon--United States#ALL,Lebanon--United States,ALL,1,Lebanon,Lebanon,0.412955,0.815087,2,Lebanon,United States,1,0
Lebanon--United States#ALL,Lebanon--United States,ALL,2,United States,United States,0.440022,0.576858,2,Lebanon,United States,1,0
Netherlands--Nigeria#ALL,Netherlands--Nigeria,ALL,1,Netherlands,Netherlands,0.442831,0.641991,1,Netherlands,Nigeria,1,0
Netherlands--Nigeria#ALL,Netherlands--Nigeria,ALL,2,Nigeria,Nigeria,0.342207,0.771426,1,Netherlands,Nigeria,1,0
Netherlands--Qatar#ALL,Netherlands--Qatar,ALL,1,Netherlands,Netherlands,0.442831,0.641991,1,Netherlands,Qatar,1,0
Netherlands--Qatar#ALL,Netherlands--Qatar,ALL,2,Qatar,Qatar,0.278094,0.747628,1,Netherlands,Qatar,1,0
Netherlands--Saudi Arabia#ALL,Netherlands--Saudi Arabia,ALL,1,Netherlands,Netherlands,0.442831,0.641991,1,Netherlands,Saudi Arabia,1,0
Netherlands--Saudi Arabia#ALL,Netherlands--Saudi Arabia,ALL,2,Saudi Arabia,Saudi Arabia,0.301902,0.78104,1,Netherlands,Saudi Arabia,1,0
Netherlands--South Africa#ALL,Netherlands--South Africa,ALL,1,Netherlands,Netherlands,0.442831,0.641991,3,Netherlands,South Africa,1,0
Netherlands--South Africa#ALL,Netherlands--South Africa,ALL,2,South Africa,South Africa,0.354082,0.657729,3,Netherlands,South Africa,1,0
Nigeria--Qatar#ALL,Nigeria--Qatar,ALL,1,Nigeria,Nigeria,0.342207,0.771426,1,Nigeria,Qatar,1,0
Nigeria--Qatar#ALL,Nigeria--Qatar,ALL,2,Qatar,Qatar,0.278094,0.747628,1,Nigeria,Qatar,1,0
Nigeria--Saudi Arabia#ALL,Nigeria--Saudi Arabia,ALL,1,Nigeria,Nigeria,0.342207,0.771426,1,Nigeria,Saudi Arabia,1,0
Nigeria--Saudi Arabia#ALL,Nigeria--Saudi Arabia,ALL,2,Saudi Arabia,Saudi Arabia,0.301902,0.78104,1,Nigeria,Saudi Arabia,1,0
Nigeria--Singapore#ALL,Nigeria--Singapore,ALL,1,Nigeria,Nigeria,0.342207,0.771426,1,Nigeria,Singapore,1,1
Nigeria--Singapore#ALL,Nigeria--Singapore,ALL,2,Singapore,Singapore,0.429978,0.539306,1,Nigeria,Singapore,1,1
Nigeria--South Africa#ALL,Nigeria--South Africa,ALL,1,Nigeria,Nigeria,0.342207,0.771426,1,Nigeria,South Africa,1,0
Nigeria--South Africa#ALL,Nigeria--South Africa,ALL,2,South Africa,South Africa,0.354082,0.657729,1,Nigeria,South Africa,1,0
Nigeria--Switzerland#ALL,Nigeria--Switzerland,ALL,1,Nigeria,Nigeria,0.342207,0.771426,1,Nigeria,Switzerland,1,0
Nigeria--Switzerland#ALL,Nigeria--Switzerland,ALL,2,Switzerland,Switzerland,0.407049,0.531378,1,Nigeria,Switzerland,1,0
Nigeria--United Kingdom#ALL,Nigeria--United Kingdom,ALL,1,Nigeria,Nigeria,0.342207,0.771426,1,Nigeria,United Kingdom,1,0
Nigeria--United Kingdom#ALL,Nigeria--United Kingdom,ALL,2,United Kingdom,United Kingdom,0.355643,0.570016,1,Nigeria,United Kingdom,1,0
Nigeria--United States#ALL,Nigeria--United States,ALL,1,Nigeria,Nigeria,0.342207,0.771426,1,Nigeria,United States,1,0
Nigeria--United States#ALL,Nigeria--United States,ALL,2,United States,United States,0.440022,0.576858,1,Nigeria,United States,1,0
Qatar--Saudi Arabia#ALL,Qatar--Saudi Arabia,ALL,1,Qatar,Qatar,0.278094,0.747628,1,Qatar,Saudi Arabia,1,0
Qatar--Saudi Arabia#ALL,Qatar--Saudi Arabia,ALL,2,Saudi Arabia,Saudi Arabia,0.301902,0.78104,1,Qatar,Saudi Arabia,1,0
Qatar--Singapore#ALL,Qatar--Singapore,ALL,1,Qatar,Qatar,0.278094,0.747628,1,Qatar,Singapore,1,1
Qatar--Singapore#ALL,Qatar--Singapore,ALL,2,Singapore,Singapore,0.429978,0.539306,1,Qatar,Singapore,1,1
Qatar--South Africa#ALL,Qatar--South Africa,ALL,1,Qatar,Qatar,0.278094,0.747628,1,Qatar,South Africa,1,0
Qatar--South Africa#ALL,Qatar--South Africa,ALL,2,South Africa,South Africa,0.354082,0.657729,1,Qatar,South Africa,1,0
Qatar--Switzerland#ALL,Qatar--Switzerland,ALL,1,Qatar,Qatar,0.278094,0.747628,1,Qatar,Switzerland,1,0
Qatar--Switzerland#ALL,Qatar--Switzerland,ALL,2,Switzerland,Switzerland,0.407049,0.531378,1,Qatar,Switzerland,1,0
Qatar--United Kingdom#ALL,Qatar--United Kingdom,ALL,1,Qatar,Qatar,0.278094,0.747628,1,Qatar,United Kingdom,1,0
Qatar--United Kingdom#ALL,Qatar--United Kingdom,ALL,2,United Kingdom,United Kingdom,0.355643,0.570016,1,Qatar,United Kingdom,1,0
Qatar--United States#ALL,Qatar--United States,ALL,1,Qatar,Qatar,0.278094,0.747628,1,Qatar,United States,1,0
Qatar--United States#ALL,Qatar--United States,ALL,2,United States,United States,0.440022,0.576858,1,Qatar,United States,1,0
Saudi Arabia--Singapore#ALL,Saudi Arabia--Singapore,ALL,1,Saudi Arabia,Saudi Arabia,0.301902,0.78104,3,Saudi Arabia,Singapore,1,1
Saudi Arabia--Singapore#ALL,Saudi Arabia--Singapore,ALL,2,Singapore,Singapore,0.429978,0.539306,3,Saudi Arabia,Singapore,1,1
Saudi Arabia--South Africa#ALL,Saudi Arabia--South Africa,ALL,1,Saudi Arabia,Saudi Arabia,0.301902,0.78104,2,Saudi Arabia,South Africa,1,0
Saudi Arabia--South Africa#ALL,Saudi Arabia--South Africa,ALL,2,South Africa,South Africa,0.354082,0.657729,2,Saudi Arabia,South Africa,1,0
Saudi Arabia--Switzerland#ALL,Saudi Arabia--Switzerland,ALL,1,Saudi Arabia,Saudi Arabia,0.301902,0.78104,1,Saudi Arabia,Switzerland,1,0
Saudi Arabia--Switzerland#ALL,Saudi Arabia--Switzerland,ALL,2,Switzerland,Switzerland,0.407049,0.531378,1,Saudi Arabia,Switzerland,1,0
Saudi Arabia--United Kingdom#ALL,Saudi Arabia--United Kingdom,ALL,1,Saudi Arabia,Saudi Arabia,0.301902,0.78104,2,Saudi Arabia,United Kingdom,1,0
Saudi Arabia--United Kingdom#ALL,Saudi Arabia--United Kingdom,ALL,2,United Kingdom,United Kingdom,0.355643,0.570016,2,Saudi Arabia,United Kingdom,1,0
Saudi Arabia--United States#ALL,Saudi Arabia--United States,ALL,1,Saudi Arabia,Saudi Arabia,0.301902,0.78104,1,Saudi Arabia,United States,1,0
Saudi Arabia--United States#ALL,Saudi Arabia--United States,ALL,2,United States,United States,0.440022,0.576858,1,Saudi Arabia,United States,1,0
Austria--Czechia#ALL,Austria--Czechia,ALL,1,Austria,Austria,0.630309,0.316021,1,Austria,Czechia,1,0
Austria--Czechia#ALL,Austria--Czechia,ALL,2,Czechia,Czechia,0.625747,0.076617,1,Austria,Czechia,1,0
Austria--Philippines#ALL,Austria--Philippines,ALL,1,Austria,Austria,0.630309,0.316021,1,Austria,Philippines,1,0
Austria--Philippines#ALL,Austria--Philippines,ALL,2,Philippines,Philippines,0.403578,0.405159,1,Austria,Philippines,1,0
Czechia--Philippines#ALL,Czechia--Philippines,ALL,1,Czechia,Czechia,0.625747,0.076617,1,Czechia,Philippines,1,0
Czechia--Philippines#ALL,Czechia--Philippines,ALL,2,Philippines,Philippines,0.403578,0.405159,1,Czechia,Philippines,1,0
Czechia--Singapore#ALL,Czechia--Singapore,ALL,1,Czechia,Czechia,0.625747,0.076617,1,Czechia,Singapore,1,1
Czechia--Singapore#ALL,Czechia--Singapore,ALL,2,Singapore,Singapore,0.429978,0.539306,1,Czechia,Singapore,1,1
Japan--Zambia#ALL,Japan--Zambia,ALL,1,Japan,Japan,0.302497,0.608095,1,Japan,Zambia,1,0
Japan--Zambia#ALL,Japan--Zambia,ALL,2,Zambia,Zambia,0.452671,0.736174,1,Japan,Zambia,1,0
Denmark--Germany#ALL,Denmark--Germany,ALL,1,Denmark,Denmark,0.44304,0.500047,1,Denmark,Germany,1,0
Denmark--Germany#ALL,Denmark--Germany,ALL,2,Germany,Germany,0.479367,0.620904,1,Denmark,Germany,1,0
Denmark--Türkiye#ALL,Denmark--Türkiye,ALL,1,Denmark,Denmark,0.44304,0.500047,1,Denmark,Türkiye,1,0
Denmark--Türkiye#ALL,Denmark--Türkiye,ALL,2,Türkiye,Türkiye,0.411167,0.293179,1,Denmark,Türkiye,1,0
Germany--Türkiye#ALL,Germany--Türkiye,ALL,1,Germany,Germany,0.479367,0.620904,1,Germany,Türkiye,1,0
Germany--Türkiye#ALL,Germany--Türkiye,ALL,2,Türkiye,Türkiye,0.411167,0.293179,1,Germany,Türkiye,1,0
Singapore--Türkiye#ALL,Singapore--Türkiye,ALL,1,Singapore,Singapore,0.429978,0.539306,2,Singapore,Türkiye,1,1
Singapore--Türkiye#ALL,Singapore--Türkiye,ALL,2,Türkiye,Türkiye,0.411167,0.293179,2,Singapore,Türkiye,1,1
Switzerland--Türkiye#ALL,Switzerland--Türkiye,ALL,1,Switzerland,Switzerland,0.407049,0.531378,1,Switzerland,Türkiye,1,0
Switzerland--Türkiye#ALL,Switzerland--Türkiye,ALL,2,Türkiye,Türkiye,0.411167,0.293179,1,Switzerland,Türkiye,1,0
Türkiye--United Kingdom#ALL,Türkiye--United Kingdom,ALL,1,Türkiye,Türkiye,0.411167,0.293179,2,Türkiye,United Kingdom,1,0
Türkiye--United Kingdom#ALL,Türkiye--United Kingdom,ALL,2,United Kingdom,United Kingdom,0.355643,0.570016,2,Türkiye,United Kingdom,1,0
Türkiye--United States#ALL,Türkiye--United States,ALL,1,Türkiye,Türkiye,0.411167,0.293179,1,Türkiye,United States,1,0
Türkiye--United States#ALL,Türkiye--United States,ALL,2,United States,United States,0.440022,0.576858,1,Türkiye,United States,1,0
Finland--Singapore#ALL,Finland--Singapore,ALL,1,Finland,Finland,0.246851,0.866183,3,Finland,Singapore,1,1
Finland--Singapore#ALL,Finland--Singapore,ALL,2,Singapore,Singapore,0.429978,0.539306,3,Finland,Singapore,1,1
Finland--United Kingdom#ALL,Finland--United Kingdom,ALL,1,Finland,Finland,0.246851,0.866183,2,Finland,United Kingdom,1,0
Finland--United Kingdom#ALL,Finland--United Kingdom,ALL,2,United Kingdom,United Kingdom,0.355643,0.570016,2,Finland,United Kingdom,1,0
Finland--Ireland#ALL,Finland--Ireland,ALL,1,Finland,Finland,0.246851,0.866183,1,Finland,Ireland,1,0
Finland--Ireland#ALL,Finland--Ireland,ALL,2,Ireland,Ireland,0.202061,0.805752,1,Finland,Ireland,1,0
Finland--Netherlands#ALL,Finland--Netherlands,ALL,1,Finland,Finland,0.246851,0.866183,1,Finland,Netherlands,1,0
Finland--Netherlands#ALL,Finland--Netherlands,ALL,2,Netherlands,Netherlands,0.442831,0.641991,1,Finland,Netherlands,1,0
Ireland--Netherlands#ALL,Ireland--Netherlands,ALL,1,Ireland,Ireland,0.202061,0.805752,1,Ireland,Netherlands,1,0
Ireland--Netherlands#ALL,Ireland--Netherlands,ALL,2,Netherlands,Netherlands,0.442831,0.641991,1,Ireland,Netherlands,1,0
Ireland--United Kingdom#ALL,Ireland--United Kingdom,ALL,1,Ireland,Ireland,0.202061,0.805752,1,Ireland,United Kingdom,1,0
Ireland--United Kingdom#ALL,Ireland--United Kingdom,ALL,2,United Kingdom,United Kingdom,0.355643,0.570016,1,Ireland,United Kingdom,1,0
Malaysia--United States#ALL,Malaysia--United States,ALL,1,Malaysia,Malaysia,0.277414,0.425437,2,Malaysia,United States,1,0
Malaysia--United States#ALL,Malaysia--United States,ALL,2,United States,United States,0.440022,0.576858,2,Malaysia,United States,1,0
Botswana--Romania#ALL,Botswana--Romania,ALL,1,Botswana,Botswana,0.792726,0.584919,1,Botswana,Romania,1,0
Botswana--Romania#ALL,Botswana--Romania,ALL,2,Romania,Romania,0.664787,0.523625,1,Botswana,Romania,1,0
Botswana--Rwanda#ALL,Botswana--Rwanda,ALL,1,Botswana,Botswana,0.792726,0.584919,1,Botswana,Rwanda,1,0
Botswana--Rwanda#ALL,Botswana--Rwanda,ALL,2,Rwanda,Rwanda,0.80956,0.425839,1,Botswana,Rwanda,1,0
Botswana--Spain#ALL,Botswana--Spain,ALL,1,Botswana,Botswana,0.792726,0.584919,1,Botswana,Spain,1,0
Botswana--Spain#ALL,Botswana--Spain,ALL,2,Spain,Spain,0.55585,0.501818,1,Botswana,Spain,1,0
Romania--Rwanda#ALL,Romania--Rwanda,ALL,1,Romania,Romania,0.664787,0.523625,1,Romania,Rwanda,1,0
Romania--Rwanda#ALL,Romania--Rwanda,ALL,2,Rwanda,Rwanda,0.80956,0.425839,1,Romania,Rwanda,1,0
Romania--Singapore#ALL,Romania--Singapore,ALL,1,Romania,Romania,0.664787,0.523625,2,Romania,Singapore,1,1
Romania--Singapore#ALL,Romania--Singapore,ALL,2,Singapore,Singapore,0.429978,0.539306,2,Romania,Singapore,1,1
Romania--Spain#ALL,Romania--Spain,ALL,1,Romania,Romania,0.664787,0.523625,2,Romania,Spain,1,0
Romania--Spain#ALL,Romania--Spain,ALL,2,Spain,Spain,0.55585,0.501818,2,Romania,Spain,1,0
Romania--United States#ALL,Romania--United States,ALL,1,Romania,Romania,0.664787,0.523625,1,Romania,United States,1,0
Romania--United States#ALL,Romania--United States,ALL,2,United States,United States,0.440022,0.576858,1,Romania,United States,1,0
Rwanda--Singapore#ALL,Rwanda--Singapore,ALL,1,Rwanda,Rwanda,0.80956,0.425839,1,Rwanda,Singapore,1,1
Rwanda--Singapore#ALL,Rwanda--Singapore,ALL,2,Singapore,Singapore,0.429978,0.539306,1,Rwanda,Singapore,1,1
Rwanda--Spain#ALL,Rwanda--Spain,ALL,1,Rwanda,Rwanda,0.80956,0.425839,1,Rwanda,Spain,1,0
Rwanda--Spain#ALL,Rwanda--Spain,ALL,2,Spain,Spain,0.55585,0.501818,1,Rwanda,Spain,1,0
Rwanda--United States#ALL,Rwanda--United States,ALL,1,Rwanda,Rwanda,0.80956,0.425839,1,Rwanda,United States,1,0
Rwanda--United States#ALL,Rwanda--United States,ALL,2,United States,United States,0.440022,0.576858,1,Rwanda,United States,1,0
Italy--Japan#ALL,Italy--Japan,ALL,1,Italy,Italy,0.491029,0.507028,2,Italy,Japan,1,0
Italy--Japan#ALL,Italy--Japan,ALL,2,Japan,Japan,0.302497,0.608095,2,Italy,Japan,1,0
Italy--Malaysia#ALL,Italy--Malaysia,ALL,1,Italy,Italy,0.491029,0.507028,2,Italy,Malaysia,1,0
Italy--Malaysia#ALL,Italy--Malaysia,ALL,2,Malaysia,Malaysia,0.277414,0.425437,2,Italy,Malaysia,1,0
Italy--New Zealand#ALL,Italy--New Zealand,ALL,1,Italy,Italy,0.491029,0.507028,1,Italy,New Zealand,1,0
Italy--New Zealand#ALL,Italy--New Zealand,ALL,2,New Zealand,New Zealand,0.267102,0.517173,1,Italy,New Zealand,1,0
Malaysia--New Zealand#ALL,Malaysia--New Zealand,ALL,1,Malaysia,Malaysia,0.277414,0.425437,1,Malaysia,New Zealand,1,0
Malaysia--New Zealand#ALL,Malaysia--New Zealand,ALL,2,New Zealand,New Zealand,0.267102,0.517173,1,Malaysia,New Zealand,1,0
Côte d'Ivoire--Singapore#ALL,Côte d'Ivoire--Singapore,ALL,1,Côte d'Ivoire,Côte d'Ivoire,0.840332,0.250775,1,Côte d'Ivoire,Singapore,1,1
Côte d'Ivoire--Singapore#ALL,Côte d'Ivoire--Singapore,ALL,2,Singapore,Singapore,0.429978,0.539306,1,Côte d'Ivoire,Singapore,1,1
Côte d'Ivoire--Spain#ALL,Côte d'Ivoire--Spain,ALL,1,Côte d'Ivoire,Côte d'Ivoire,0.840332,0.250775,1,Côte d'Ivoire,Spain,1,0
Côte d'Ivoire--Spain#ALL,Côte d'Ivoire--Spain,ALL,2,Spain,Spain,0.55585,0.501818,1,Côte d'Ivoire,Spain,1,0
Australia--Kenya#ALL,Australia--Kenya,ALL,1,Australia,Australia,0.390756,0.648197,1,Australia,Kenya,1,0
Australia--Kenya#ALL,Australia--Kenya,ALL,2,Kenya,Kenya,0.39613,0.758485,1,Australia,Kenya,1,0
Australia--Tunisia#ALL,Australia--Tunisia,ALL,1,Australia,Australia,0.390756,0.648197,1,Australia,Tunisia,1,0
Australia--Tunisia#ALL,Australia--Tunisia,ALL,2,Tunisia,Tunisia,0.18816,0.697743,1,Australia,Tunisia,1,0
China--Kenya#ALL,China--Kenya,ALL,1,China,China,0.331977,0.597918,1,China,Kenya,1,0
China--Kenya#ALL,China--Kenya,ALL,2,Kenya,Kenya,0.39613,0.758485,1,China,Kenya,1,0
China--Tunisia#ALL,China--Tunisia,ALL,1,China,China,0.331977,0.597918,1,China,Tunisia,1,0
China--Tunisia#ALL,China--Tunisia,ALL,2,Tunisia,Tunisia,0.18816,0.697743,1,China,Tunisia,1,0
Indonesia--Kenya#ALL,Indonesia--Kenya,ALL,1,Indonesia,Indonesia,0.369414,0.492144,1,Indonesia,Kenya,1,0
Indonesia--Kenya#ALL,Indonesia--Kenya,ALL,2,Kenya,Kenya,0.39613,0.758485,1,Indonesia,Kenya,1,0
Indonesia--New Zealand#ALL,Indonesia--New Zealand,ALL,1,Indonesia,Indonesia,0.369414,0.492144,1,Indonesia,New Zealand,1,0
Indonesia--New Zealand#ALL,Indonesia--New Zealand,ALL,2,New Zealand,New Zealand,0.267102,0.517173,1,Indonesia,New Zealand,1,0
Indonesia--Tunisia#ALL,Indonesia--Tunisia,ALL,1,Indonesia,Indonesia,0.369414,0.492144,1,Indonesia,Tunisia,1,0
Indonesia--Tunisia#ALL,Indonesia--Tunisia,ALL,2,Tunisia,Tunisia,0.18816,0.697743,1,Indonesia,Tunisia,1,0
Kenya--Netherlands#ALL,Kenya--Netherlands,ALL,1,Kenya,Kenya,0.39613,0.758485,1,Kenya,Netherlands,1,0
Kenya--Netherlands#ALL,Kenya--Netherlands,ALL,2,Netherlands,Netherlands,0.442831,0.641991,1,Kenya,Netherlands,1,0
Kenya--New Zealand#ALL,Kenya--New Zealand,ALL,1,Kenya,Kenya,0.39613,0.758485,1,Kenya,New Zealand,1,0
Kenya--New Zealand#ALL,Kenya--New Zealand,ALL,2,New Zealand,New Zealand,0.267102,0.517173,1,Kenya,New Zealand,1,0
Kenya--Singapore#ALL,Kenya--Singapore,ALL,1,Kenya,Kenya,0.39613,0.758485,2,Kenya,Singapore,1,1
Kenya--Singapore#ALL,Kenya--Singapore,ALL,2,Singapore,Singapore,0.429978,0.539306,2,Kenya,Singapore,1,1
Kenya--Thailand#ALL,Kenya--Thailand,ALL,1,Kenya,Kenya,0.39613,0.758485,1,Kenya,Thailand,1,0
Kenya--Thailand#ALL,Kenya--Thailand,ALL,2,Thailand,Thailand,0.336992,0.46232,1,Kenya,Thailand,1,0
Kenya--Tunisia#ALL,Kenya--Tunisia,ALL,1,Kenya,Kenya,0.39613,0.758485,1,Kenya,Tunisia,1,0
Kenya--Tunisia#ALL,Kenya--Tunisia,ALL,2,Tunisia,Tunisia,0.18816,0.697743,1,Kenya,Tunisia,1,0
Kenya--United Kingdom#ALL,Kenya--United Kingdom,ALL,1,Kenya,Kenya,0.39613,0.758485,2,Kenya,United Kingdom,1,0
Kenya--United Kingdom#ALL,Kenya--United Kingdom,ALL,2,United Kingdom,United Kingdom,0.355643,0.570016,2,Kenya,United Kingdom,1,0
Kenya--United States#ALL,Kenya--United States,ALL,1,Kenya,Kenya,0.39613,0.758485,1,Kenya,United States,1,0
Kenya--United States#ALL,Kenya--United States,ALL,2,United States,United States,0.440022,0.576858,1,Kenya,United States,1,0
Netherlands--Thailand#ALL,Netherlands--Thailand,ALL,1,Netherlands,Netherlands,0.442831,0.641991,1,Netherlands,Thailand,1,0
Netherlands--Thailand#ALL,Netherlands--Thailand,ALL,2,Thailand,Thailand,0.336992,0.46232,1,Netherlands,Thailand,1,0
Netherlands--Tunisia#ALL,Netherlands--Tunisia,ALL,1,Netherlands,Netherlands,0.442831,0.641991,1,Netherlands,Tunisia,1,0
Netherlands--Tunisia#ALL,Netherlands--Tunisia,ALL,2,Tunisia,Tunisia,0.18816,0.697743,1,Netherlands,Tunisia,1,0
New Zealand--Tunisia#ALL,New Zealand--Tunisia,ALL,1,New Zealand,New Zealand,0.267102,0.517173,1,New Zealand,Tunisia,1,0
New Zealand--Tunisia#ALL,New Zealand--Tunisia,ALL,2,Tunisia,Tunisia,0.18816,0.697743,1,New Zealand,Tunisia,1,0
Singapore--Tunisia#ALL,Singapore--Tunisia,ALL,1,Singapore,Singapore,0.429978,0.539306,1,Singapore,Tunisia,1,1
Singapore--Tunisia#ALL,Singapore--Tunisia,ALL,2,Tunisia,Tunisia,0.18816,0.697743,1,Singapore,Tunisia,1,1
Thailand--Tunisia#ALL,Thailand--Tunisia,ALL,1,Thailand,Thailand,0.336992,0.46232,1,Thailand,Tunisia,1,0
Thailand--Tunisia#ALL,Thailand--Tunisia,ALL,2,Tunisia,Tunisia,0.18816,0.697743,1,Thailand,Tunisia,1,0
Tunisia--United Kingdom#ALL,Tunisia--United Kingdom,ALL,1,Tunisia,Tunisia,0.18816,0.697743,1,Tunisia,United Kingdom,1,0
Tunisia--United Kingdom#ALL,Tunisia--United Kingdom,ALL,2,United Kingdom,United Kingdom,0.355643,0.570016,1,Tunisia,United Kingdom,1,0
Tunisia--United States#ALL,Tunisia--United States,ALL,1,Tunisia,Tunisia,0.18816,0.697743,1,Tunisia,United States,1,0
Tunisia--United States#ALL,Tunisia--United States,ALL,2,United States,United States,0.440022,0.576858,1,Tunisia,United States,1,0
Australia--Denmark#ALL,Australia--Denmark,ALL,1,Australia,Australia,0.390756,0.648197,2,Australia,Denmark,1,0
Australia--Denmark#ALL,Australia--Denmark,ALL,2,Denmark,Denmark,0.44304,0.500047,2,Australia,Denmark,1,0
Brazil--Malaysia#ALL,Brazil--Malaysia,ALL,1,Brazil,Brazil,0.412471,0.61443,1,Brazil,Malaysia,1,0
Brazil--Malaysia#ALL,Brazil--Malaysia,ALL,2,Malaysia,Malaysia,0.277414,0.425437,1,Brazil,Malaysia,1,0
Brazil--Thailand#ALL,Brazil--Thailand,ALL,1,Brazil,Brazil,0.412471,0.61443,1,Brazil,Thailand,1,0
Brazil--Thailand#ALL,Brazil--Thailand,ALL,2,Thailand,Thailand,0.336992,0.46232,1,Brazil,Thailand,1,0
Brazil--Viet Nam#ALL,Brazil--Viet Nam,ALL,1,Brazil,Brazil,0.412471,0.61443,1,Brazil,Viet Nam,1,0
Brazil--Viet Nam#ALL,Brazil--Viet Nam,ALL,2,Viet Nam,Viet Nam,0.306341,0.520662,1,Brazil,Viet Nam,1,0
Denmark--Malaysia#ALL,Denmark--Malaysia,ALL,1,Denmark,Denmark,0.44304,0.500047,1,Denmark,Malaysia,1,0
Denmark--Malaysia#ALL,Denmark--Malaysia,ALL,2,Malaysia,Malaysia,0.277414,0.425437,1,Denmark,Malaysia,1,0
Denmark--Thailand#ALL,Denmark--Thailand,ALL,1,Denmark,Denmark,0.44304,0.500047,1,Denmark,Thailand,1,0
Denmark--Thailand#ALL,Denmark--Thailand,ALL,2,Thailand,Thailand,0.336992,0.46232,1,Denmark,Thailand,1,0
France--Malaysia#ALL,France--Malaysia,ALL,1,France,France,0.37365,0.542016,1,France,Malaysia,1,0
France--Malaysia#ALL,France--Malaysia,ALL,2,Malaysia,Malaysia,0.277414,0.425437,1,France,Malaysia,1,0
Italy--Thailand#ALL,Italy--Thailand,ALL,1,Italy,Italy,0.491029,0.507028,1,Italy,Thailand,1,0
Italy--Thailand#ALL,Italy--Thailand,ALL,2,Thailand,Thailand,0.336992,0.46232,1,Italy,Thailand,1,0
Italy--Viet Nam#ALL,Italy--Viet Nam,ALL,1,Italy,Italy,0.491029,0.507028,2,Italy,Viet Nam,1,0
Italy--Viet Nam#ALL,Italy--Viet Nam,ALL,2,Viet Nam,Viet Nam,0.306341,0.520662,2,Italy,Viet Nam,1,0
Poland--Singapore#ALL,Poland--Singapore,ALL,1,Poland,Poland,0.501425,0.220652,2,Poland,Singapore,1,1
Poland--Singapore#ALL,Poland--Singapore,ALL,2,Singapore,Singapore,0.429978,0.539306,2,Poland,Singapore,1,1
Poland--Switzerland#ALL,Poland--Switzerland,ALL,1,Poland,Poland,0.501425,0.220652,1,Poland,Switzerland,1,0
Poland--Switzerland#ALL,Poland--Switzerland,ALL,2,Switzerland,Switzerland,0.407049,0.531378,1,Poland,Switzerland,1,0
Poland--United States#ALL,Poland--United States,ALL,1,Poland,Poland,0.501425,0.220652,2,Poland,United States,1,0
Poland--United States#ALL,Poland--United States,ALL,2,United States,United States,0.440022,0.576858,2,Poland,United States,1,0
France--Japan#ALL,France--Japan,ALL,1,France,France,0.37365,0.542016,3,France,Japan,1,0
France--Japan#ALL,France--Japan,ALL,2,Japan,Japan,0.302497,0.608095,3,France,Japan,1,0
France--New Zealand#ALL,France--New Zealand,ALL,1,France,France,0.37365,0.542016,2,France,New Zealand,1,0
France--New Zealand#ALL,France--New Zealand,ALL,2,New Zealand,New Zealand,0.267102,0.517173,2,France,New Zealand,1,0
Australia--Egypt#ALL,Australia--Egypt,ALL,1,Australia,Australia,0.390756,0.648197,1,Australia,Egypt,1,0
Australia--Egypt#ALL,Australia--Egypt,ALL,2,Egypt,Egypt,0.633485,0.596221,1,Australia,Egypt,1,0
Australia--United Arab Emirates#ALL,Australia--United Arab Emirates,ALL,1,Australia,Australia,0.390756,0.648197,1,Australia,United Arab Emirates,1,0
Australia--United Arab Emirates#ALL,Australia--United Arab Emirates,ALL,2,United Arab Emirates,United Arab Emirates,0.640317,0.658054,1,Australia,United Arab Emirates,1,0
Belgium--Egypt#ALL,Belgium--Egypt,ALL,1,Belgium,Belgium,0.487025,0.572301,1,Belgium,Egypt,1,0
Belgium--Egypt#ALL,Belgium--Egypt,ALL,2,Egypt,Egypt,0.633485,0.596221,1,Belgium,Egypt,1,0
Belgium--United Arab Emirates#ALL,Belgium--United Arab Emirates,ALL,1,Belgium,Belgium,0.487025,0.572301,1,Belgium,United Arab Emirates,1,0
Belgium--United Arab Emirates#ALL,Belgium--United Arab Emirates,ALL,2,United Arab Emirates,United Arab Emirates,0.640317,0.658054,1,Belgium,United Arab Emirates,1,0
Egypt--India#ALL,Egypt--India,ALL,1,Egypt,Egypt,0.633485,0.596221,1,Egypt,India,1,0
Egypt--India#ALL,Egypt--India,ALL,2,India,India,0.397173,0.572838,1,Egypt,India,1,0
Egypt--Indonesia#ALL,Egypt--Indonesia,ALL,1,Egypt,Egypt,0.633485,0.596221,1,Egypt,Indonesia,1,0
Egypt--Indonesia#ALL,Egypt--Indonesia,ALL,2,Indonesia,Indonesia,0.369414,0.492144,1,Egypt,Indonesia,1,0
Egypt--Italy#ALL,Egypt--Italy,ALL,1,Egypt,Egypt,0.633485,0.596221,1,Egypt,Italy,1,0
Egypt--Italy#ALL,Egypt--Italy,ALL,2,Italy,Italy,0.491029,0.507028,1,Egypt,Italy,1,0
Egypt--Netherlands#ALL,Egypt--Netherlands,ALL,1,Egypt,Egypt,0.633485,0.596221,1,Egypt,Netherlands,1,0
Egypt--Netherlands#ALL,Egypt--Netherlands,ALL,2,Netherlands,Netherlands,0.442831,0.641991,1,Egypt,Netherlands,1,0
Egypt--Switzerland#ALL,Egypt--Switzerland,ALL,1,Egypt,Egypt,0.633485,0.596221,1,Egypt,Switzerland,1,0
Egypt--Switzerland#ALL,Egypt--Switzerland,ALL,2,Switzerland,Switzerland,0.407049,0.531378,1,Egypt,Switzerland,1,0
Egypt--United Arab Emirates#ALL,Egypt--United Arab Emirates,ALL,1,Egypt,Egypt,0.633485,0.596221,1,Egypt,United Arab Emirates,1,0
Egypt--United Arab Emirates#ALL,Egypt--United Arab Emirates,ALL,2,United Arab Emirates,United Arab Emirates,0.640317,0.658054,1,Egypt,United Arab Emirates,1,0
Egypt--United States#ALL,Egypt--United States,ALL,1,Egypt,Egypt,0.633485,0.596221,1,Egypt,United States,1,0
Egypt--United States#ALL,Egypt--United States,ALL,2,United States,United States,0.440022,0.576858,1,Egypt,United States,1,0
India--United Arab Emirates#ALL,India--United Arab Emirates,ALL,1,India,India,0.397173,0.572838,1,India,United Arab Emirates,1,0
India--United Arab Emirates#ALL,India--United Arab Emirates,ALL,2,United Arab Emirates,United Arab Emirates,0.640317,0.658054,1,India,United Arab Emirates,1,0
Indonesia--United Arab Emirates#ALL,Indonesia--United Arab Emirates,ALL,1,Indonesia,Indonesia,0.369414,0.492144,1,Indonesia,United Arab Emirates,1,0
Indonesia--United Arab Emirates#ALL,Indonesia--United Arab Emirates,ALL,2,United Arab Emirates,United Arab Emirates,0.640317,0.658054,1,Indonesia,United Arab Emirates,1,0
Italy--United Arab Emirates#ALL,Italy--United Arab Emirates,ALL,1,Italy,Italy,0.491029,0.507028,1,Italy,United Arab Emirates,1,0
Italy--United Arab Emirates#ALL,Italy--United Arab Emirates,ALL,2,United Arab Emirates,United Arab Emirates,0.640317,0.658054,1,Italy,United Arab Emirates,1,0
Netherlands--United Arab Emirates#ALL,Netherlands--United Arab Emirates,ALL,1,Netherlands,Netherlands,0.442831,0.641991,1,Netherlands,United Arab Emirates,1,0
Netherlands--United Arab Emirates#ALL,Netherlands--United Arab Emirates,ALL,2,United Arab Emirates,United Arab Emirates,0.640317,0.658054,1,Netherlands,United Arab Emirates,1,0
Singapore--United Arab Emirates#ALL,Singapore--United Arab Emirates,ALL,1,Singapore,Singapore,0.429978,0.539306,1,Singapore,United Arab Emirates,1,1
Singapore--United Arab Emirates#ALL,Singapore--United Arab Emirates,ALL,2,United Arab Emirates,United Arab Emirates,0.640317,0.658054,1,Singapore,United Arab Emirates,1,1
Switzerland--United Arab Emirates#ALL,Switzerland--United Arab Emirates,ALL,1,Switzerland,Switzerland,0.407049,0.531378,1,Switzerland,United Arab Emirates,1,0
Switzerland--United Arab Emirates#ALL,Switzerland--United Arab Emirates,ALL,2,United Arab Emirates,United Arab Emirates,0.640317,0.658054,1,Switzerland,United Arab Emirates,1,0
United Arab Emirates--United States#ALL,United Arab Emirates--United States,ALL,1,United Arab Emirates,United Arab Emirates,0.640317,0.658054,1,United Arab Emirates,United States,1,0
United Arab Emirates--United States#ALL,United Arab Emirates--United States,ALL,2,United States,United States,0.440022,0.576858,1,United Arab Emirates,United States,1,0
Hong Kong SAR--United Kingdom#ALL,Hong Kong SAR--United Kingdom,ALL,1,Hong Kong SAR,Hong Kong SAR,0.172647,0.597281,2,Hong Kong SAR,United Kingdom,1,0
Hong Kong SAR--United Kingdom#ALL,Hong Kong SAR--United Kingdom,ALL,2,United Kingdom,United Kingdom,0.355643,0.570016,2,Hong Kong SAR,United Kingdom,1,0
Ethiopia--Malaysia#ALL,Ethiopia--Malaysia,ALL,1,Ethiopia,Ethiopia,0.413066,0.448775,1,Ethiopia,Malaysia,1,0
Ethiopia--Malaysia#ALL,Ethiopia--Malaysia,ALL,2,Malaysia,Malaysia,0.277414,0.425437,1,Ethiopia,Malaysia,1,0
Ethiopia--Thailand#ALL,Ethiopia--Thailand,ALL,1,Ethiopia,Ethiopia,0.413066,0.448775,1,Ethiopia,Thailand,1,0
Ethiopia--Thailand#ALL,Ethiopia--Thailand,ALL,2,Thailand,Thailand,0.336992,0.46232,1,Ethiopia,Thailand,1,0
Nepal--New Zealand#ALL,Nepal--New Zealand,ALL,1,Nepal,Nepal,0.224864,0.407765,1,Nepal,New Zealand,1,0
Nepal--New Zealand#ALL,Nepal--New Zealand,ALL,2,New Zealand,New Zealand,0.267102,0.517173,1,Nepal,New Zealand,1,0
New Zealand--Viet Nam#ALL,New Zealand--Viet Nam,ALL,1,New Zealand,New Zealand,0.267102,0.517173,1,New Zealand,Viet Nam,1,0
New Zealand--Viet Nam#ALL,New Zealand--Viet Nam,ALL,2,Viet Nam,Viet Nam,0.306341,0.520662,1,New Zealand,Viet Nam,1,0
Estonia--Singapore#ALL,Estonia--Singapore,ALL,1,Estonia,Estonia,1.0,0.63969,1,Estonia,Singapore,1,1
Estonia--Singapore#ALL,Estonia--Singapore,ALL,2,Singapore,Singapore,0.429978,0.539306,1,Estonia,Singapore,1,1
Australia--Finland#ALL,Australia--Finland,ALL,1,Australia,Australia,0.390756,0.648197,1,Australia,Finland,1,0
Australia--Finland#ALL,Australia--Finland,ALL,2,Finland,Finland,0.246851,0.866183,1,Australia,Finland,1,0
China--Finland#ALL,China--Finland,ALL,1,China,China,0.331977,0.597918,1,China,Finland,1,0
China--Finland#ALL,China--Finland,ALL,2,Finland,Finland,0.246851,0.866183,1,China,Finland,1,0
Finland--Hong Kong SAR#ALL,Finland--Hong Kong SAR,ALL,1,Finland,Finland,0.246851,0.866183,1,Finland,Hong Kong SAR,1,0
Finland--Hong Kong SAR#ALL,Finland--Hong Kong SAR,ALL,2,Hong Kong SAR,Hong Kong SAR,0.172647,0.597281,1,Finland,Hong Kong SAR,1,0
Finland--United States#ALL,Finland--United States,ALL,1,Finland,Finland,0.246851,0.866183,1,Finland,United States,1,0
Finland--United States#ALL,Finland--United States,ALL,2,United States,United States,0.440022,0.576858,1,Finland,United States,1,0
France--Lao PDR#ALL,France--Lao PDR,ALL,1,France,France,0.37365,0.542016,1,France,Lao PDR,1,0
France--Lao PDR#ALL,France--Lao PDR,ALL,2,Lao PDR,Lao PDR,0.086181,0.491573,1,France,Lao PDR,1,0
Lao PDR--Singapore#ALL,Lao PDR--Singapore,ALL,1,Lao PDR,Lao PDR,0.086181,0.491573,2,Lao PDR,Singapore,1,1
Lao PDR--Singapore#ALL,Lao PDR--Singapore,ALL,2,Singapore,Singapore,0.429978,0.539306,2,Lao PDR,Singapore,1,1
Australia--Greece#ALL,Australia--Greece,ALL,1,Australia,Australia,0.390756,0.648197,2,Australia,Greece,1,0
Australia--Greece#ALL,Australia--Greece,ALL,2,Greece,Greece,0.58653,0.742108,2,Australia,Greece,1,0
Greece--Singapore#ALL,Greece--Singapore,ALL,1,Greece,Greece,0.58653,0.742108,2,Greece,Singapore,1,1
Greece--Singapore#ALL,Greece--Singapore,ALL,2,Singapore,Singapore,0.429978,0.539306,2,Greece,Singapore,1,1
Germany--Uganda#ALL,Germany--Uganda,ALL,1,Germany,Germany,0.479367,0.620904,1,Germany,Uganda,1,0
Germany--Uganda#ALL,Germany--Uganda,ALL,2,Uganda,Uganda,0.542037,0.561668,1,Germany,Uganda,1,0
Netherlands--Uganda#ALL,Netherlands--Uganda,ALL,1,Netherlands,Netherlands,0.442831,0.641991,1,Netherlands,Uganda,1,0
Netherlands--Uganda#ALL,Netherlands--Uganda,ALL,2,Uganda,Uganda,0.542037,0.561668,1,Netherlands,Uganda,1,0
Belgium--Portugal#ALL,Belgium--Portugal,ALL,1,Belgium,Belgium,0.487025,0.572301,1,Belgium,Portugal,1,0
Belgium--Portugal#ALL,Belgium--Portugal,ALL,2,Portugal,Portugal,0.571774,0.657031,1,Belgium,Portugal,1,0
Belgium--Romania#ALL,Belgium--Romania,ALL,1,Belgium,Belgium,0.487025,0.572301,1,Belgium,Romania,1,0
Belgium--Romania#ALL,Belgium--Romania,ALL,2,Romania,Romania,0.664787,0.523625,1,Belgium,Romania,1,0
France--Romania#ALL,France--Romania,ALL,1,France,France,0.37365,0.542016,1,France,Romania,1,0
France--Romania#ALL,France--Romania,ALL,2,Romania,Romania,0.664787,0.523625,1,France,Romania,1,0
India--Portugal#ALL,India--Portugal,ALL,1,India,India,0.397173,0.572838,1,India,Portugal,1,0
India--Portugal#ALL,India--Portugal,ALL,2,Portugal,Portugal,0.571774,0.657031,1,India,Portugal,1,0
India--Romania#ALL,India--Romania,ALL,1,India,India,0.397173,0.572838,1,India,Romania,1,0
India--Romania#ALL,India--Romania,ALL,2,Romania,Romania,0.664787,0.523625,1,India,Romania,1,0
Italy--Romania#ALL,Italy--Romania,ALL,1,Italy,Italy,0.491029,0.507028,1,Italy,Romania,1,0
Italy--Romania#ALL,Italy--Romania,ALL,2,Romania,Romania,0.664787,0.523625,1,Italy,Romania,1,0
Netherlands--Portugal#ALL,Netherlands--Portugal,ALL,1,Netherlands,Netherlands,0.442831,0.641991,1,Netherlands,Portugal,1,0
Netherlands--Portugal#ALL,Netherlands--Portugal,ALL,2,Portugal,Portugal,0.571774,0.657031,1,Netherlands,Portugal,1,0
Netherlands--Romania#ALL,Netherlands--Romania,ALL,1,Netherlands,Netherlands,0.442831,0.641991,1,Netherlands,Romania,1,0
Netherlands--Romania#ALL,Netherlands--Romania,ALL,2,Romania,Romania,0.664787,0.523625,1,Netherlands,Romania,1,0
Portugal--Romania#ALL,Portugal--Romania,ALL,1,Portugal,Portugal,0.571774,0.657031,1,Portugal,Romania,1,0
Portugal--Romania#ALL,Portugal--Romania,ALL,2,Romania,Romania,0.664787,0.523625,1,Portugal,Romania,1,0
Romania--United Kingdom#ALL,Romania--United Kingdom,ALL,1,Romania,Romania,0.664787,0.523625,1,Romania,United Kingdom,1,0
Romania--United Kingdom#ALL,Romania--United Kingdom,ALL,2,United Kingdom,United Kingdom,0.355643,0.570016,1,Romania,United Kingdom,1,0
Denmark--Haiti#ALL,Denmark--Haiti,ALL,1,Denmark,Denmark,0.44304,0.500047,1,Denmark,Haiti,1,0
Denmark--Haiti#ALL,Denmark--Haiti,ALL,2,Haiti,Haiti,0.197232,0.540579,1,Denmark,Haiti,1,0
Denmark--Peru#ALL,Denmark--Peru,ALL,1,Denmark,Denmark,0.44304,0.500047,1,Denmark,Peru,1,0
Denmark--Peru#ALL,Denmark--Peru,ALL,2,Peru,Peru,0.260788,0.595863,1,Denmark,Peru,1,0
Colombia--Panama#ALL,Colombia--Panama,ALL,1,Colombia,Colombia,0.61512,0.480456,1,Colombia,Panama,1,0
Colombia--Panama#ALL,Colombia--Panama,ALL,2,Panama,Panama,0.574146,0.247071,1,Colombia,Panama,1,0
Colombia--Philippines#ALL,Colombia--Philippines,ALL,1,Colombia,Colombia,0.61512,0.480456,1,Colombia,Philippines,1,0
Colombia--Philippines#ALL,Colombia--Philippines,ALL,2,Philippines,Philippines,0.403578,0.405159,1,Colombia,Philippines,1,0
Colombia--Switzerland#ALL,Colombia--Switzerland,ALL,1,Colombia,Colombia,0.61512,0.480456,1,Colombia,Switzerland,1,0
Colombia--Switzerland#ALL,Colombia--Switzerland,ALL,2,Switzerland,Switzerland,0.407049,0.531378,1,Colombia,Switzerland,1,0
Colombia--Thailand#ALL,Colombia--Thailand,ALL,1,Colombia,Colombia,0.61512,0.480456,1,Colombia,Thailand,1,0
Colombia--Thailand#ALL,Colombia--Thailand,ALL,2,Thailand,Thailand,0.336992,0.46232,1,Colombia,Thailand,1,0
Panama--Philippines#ALL,Panama--Philippines,ALL,1,Panama,Panama,0.574146,0.247071,1,Panama,Philippines,1,0
Panama--Philippines#ALL,Panama--Philippines,ALL,2,Philippines,Philippines,0.403578,0.405159,1,Panama,Philippines,1,0
Panama--Singapore#ALL,Panama--Singapore,ALL,1,Panama,Panama,0.574146,0.247071,1,Panama,Singapore,1,1
Panama--Singapore#ALL,Panama--Singapore,ALL,2,Singapore,Singapore,0.429978,0.539306,1,Panama,Singapore,1,1
Panama--Switzerland#ALL,Panama--Switzerland,ALL,1,Panama,Panama,0.574146,0.247071,1,Panama,Switzerland,1,0
Panama--Switzerland#ALL,Panama--Switzerland,ALL,2,Switzerland,Switzerland,0.407049,0.531378,1,Panama,Switzerland,1,0
Panama--Thailand#ALL,Panama--Thailand,ALL,1,Panama,Panama,0.574146,0.247071,1,Panama,Thailand,1,0
Panama--Thailand#ALL,Panama--Thailand,ALL,2,Thailand,Thailand,0.336992,0.46232,1,Panama,Thailand,1,0
Panama--United States#ALL,Panama--United States,ALL,1,Panama,Panama,0.574146,0.247071,1,Panama,United States,1,0
Panama--United States#ALL,Panama--United States,ALL,2,United States,United States,0.440022,0.576858,1,Panama,United States,1,0
Cambodia--France#ALL,Cambodia--France,ALL,1,Cambodia,Cambodia,0.216351,0.576345,1,Cambodia,France,1,0
Cambodia--France#ALL,Cambodia--France,ALL,2,France,France,0.37365,0.542016,1,Cambodia,France,1,0
Cambodia--Madagascar#ALL,Cambodia--Madagascar,ALL,1,Cambodia,Cambodia,0.216351,0.576345,1,Cambodia,Madagascar,1,0
Cambodia--Madagascar#ALL,Cambodia--Madagascar,ALL,2,Madagascar,Madagascar,0.0,0.564557,1,Cambodia,Madagascar,1,0
France--Madagascar#ALL,France--Madagascar,ALL,1,France,France,0.37365,0.542016,1,France,Madagascar,1,0
France--Madagascar#ALL,France--Madagascar,ALL,2,Madagascar,Madagascar,0.0,0.564557,1,France,Madagascar,1,0
Japan--Madagascar#ALL,Japan--Madagascar,ALL,1,Japan,Japan,0.302497,0.608095,1,Japan,Madagascar,1,0
Japan--Madagascar#ALL,Japan--Madagascar,ALL,2,Madagascar,Madagascar,0.0,0.564557,1,Japan,Madagascar,1,0
Madagascar--Singapore#ALL,Madagascar--Singapore,ALL,1,Madagascar,Madagascar,0.0,0.564557,1,Madagascar,Singapore,1,1
Madagascar--Singapore#ALL,Madagascar--Singapore,ALL,2,Singapore,Singapore,0.429978,0.539306,1,Madagascar,Singapore,1,1
Australia--Portugal#ALL,Australia--Portugal,ALL,1,Australia,Australia,0.390756,0.648197,2,Australia,Portugal,1,0
Australia--Portugal#ALL,Australia--Portugal,ALL,2,Portugal,Portugal,0.571774,0.657031,2,Australia,Portugal,1,0
China--Portugal#ALL,China--Portugal,ALL,1,China,China,0.331977,0.597918,1,China,Portugal,1,0
China--Portugal#ALL,China--Portugal,ALL,2,Portugal,Portugal,0.571774,0.657031,1,China,Portugal,1,0
Germany--Portugal#ALL,Germany--Portugal,ALL,1,Germany,Germany,0.479367,0.620904,2,Germany,Portugal,1,0
Germany--Portugal#ALL,Germany--Portugal,ALL,2,Portugal,Portugal,0.571774,0.657031,2,Germany,Portugal,1,0
Philippines--South Africa#ALL,Philippines--South Africa,ALL,1,Philippines,Philippines,0.403578,0.405159,1,Philippines,South Africa,1,0
Philippines--South Africa#ALL,Philippines--South Africa,ALL,2,South Africa,South Africa,0.354082,0.657729,1,Philippines,South Africa,1,0
South Africa--Spain#ALL,South Africa--Spain,ALL,1,South Africa,South Africa,0.354082,0.657729,1,South Africa,Spain,1,0
South Africa--Spain#ALL,South Africa--Spain,ALL,2,Spain,Spain,0.55585,0.501818,1,South Africa,Spain,1,0
South Africa--Thailand#ALL,South Africa--Thailand,ALL,1,South Africa,South Africa,0.354082,0.657729,1,South Africa,Thailand,1,0
South Africa--Thailand#ALL,South Africa--Thailand,ALL,2,Thailand,Thailand,0.336992,0.46232,1,South Africa,Thailand,1,0
Spain--Thailand#ALL,Spain--Thailand,ALL,1,Spain,Spain,0.55585,0.501818,1,Spain,Thailand,1,0
Spain--Thailand#ALL,Spain--Thailand,ALL,2,Thailand,Thailand,0.336992,0.46232,1,Spain,Thailand,1,0
Brunei Darussalam--United States#ALL,Brunei Darussalam--United States,ALL,1,Brunei Darussalam,Brunei Darussalam,0.268306,0.335897,1,Brunei Darussalam,United States,1,0
Brunei Darussalam--United States#ALL,Brunei Darussalam--United States,ALL,2,United States,United States,0.440022,0.576858,1,Brunei Darussalam,United States,1,0
Australia--Lao PDR#ALL,Australia--Lao PDR,ALL,1,Australia,Australia,0.390756,0.648197,1,Australia,Lao PDR,1,0
Australia--Lao PDR#ALL,Australia--Lao PDR,ALL,2,Lao PDR,Lao PDR,0.086181,0.491573,1,Australia,Lao PDR,1,0
Cambodia--Lao PDR#ALL,Cambodia--Lao PDR,ALL,1,Cambodia,Cambodia,0.216351,0.576345,1,Cambodia,Lao PDR,1,0
Cambodia--Lao PDR#ALL,Cambodia--Lao PDR,ALL,2,Lao PDR,Lao PDR,0.086181,0.491573,1,Cambodia,Lao PDR,1,0
Lao PDR--Thailand#ALL,Lao PDR--Thailand,ALL,1,Lao PDR,Lao PDR,0.086181,0.491573,1,Lao PDR,Thailand,1,0
Lao PDR--Thailand#ALL,Lao PDR--Thailand,ALL,2,Thailand,Thailand,0.336992,0.46232,1,Lao PDR,Thailand,1,0
Lao PDR--United Kingdom#ALL,Lao PDR--United Kingdom,ALL,1,Lao PDR,Lao PDR,0.086181,0.491573,1,Lao PDR,United Kingdom,1,0
Lao PDR--United Kingdom#ALL,Lao PDR--United Kingdom,ALL,2,United Kingdom,United Kingdom,0.355643,0.570016,1,Lao PDR,United Kingdom,1,0
Lao PDR--Viet Nam#ALL,Lao PDR--Viet Nam,ALL,1,Lao PDR,Lao PDR,0.086181,0.491573,1,Lao PDR,Viet Nam,1,0
Lao PDR--Viet Nam#ALL,Lao PDR--Viet Nam,ALL,2,Viet Nam,Viet Nam,0.306341,0.520662,1,Lao PDR,Viet Nam,1,0
Russian Federation--Viet Nam#ALL,Russian Federation--Viet Nam,ALL,1,Russian Federation,Russian Federation,0.488704,0.417283,1,Russian Federation,Viet Nam,1,0
Russian Federation--Viet Nam#ALL,Russian Federation--Viet Nam,ALL,2,Viet Nam,Viet Nam,0.306341,0.520662,1,Russian Federation,Viet Nam,1,0
Japan--Myanmar#ALL,Japan--Myanmar,ALL,1,Japan,Japan,0.302497,0.608095,1,Japan,Myanmar,1,0
Japan--Myanmar#ALL,Japan--Myanmar,ALL,2,Myanmar,Myanmar,0.19157,0.500134,1,Japan,Myanmar,1,0
Malaysia--Myanmar#ALL,Malaysia--Myanmar,ALL,1,Malaysia,Malaysia,0.277414,0.425437,1,Malaysia,Myanmar,1,0
Malaysia--Myanmar#ALL,Malaysia--Myanmar,ALL,2,Myanmar,Myanmar,0.19157,0.500134,1,Malaysia,Myanmar,1,0
Canada--New Zealand#ALL,Canada--New Zealand,ALL,1,Canada,Canada,0.429902,0.670838,1,Canada,New Zealand,1,0
Canada--New Zealand#ALL,Canada--New Zealand,ALL,2,New Zealand,New Zealand,0.267102,0.517173,1,Canada,New Zealand,1,0
Israel--Netherlands#ALL,Israel--Netherlands,ALL,1,Israel,Israel,0.535226,0.714031,1,Israel,Netherlands,1,0
Israel--Netherlands#ALL,Israel--Netherlands,ALL,2,Netherlands,Netherlands,0.442831,0.641991,1,Israel,Netherlands,1,0
Israel--New Zealand#ALL,Israel--New Zealand,ALL,1,Israel,Israel,0.535226,0.714031,1,Israel,New Zealand,1,0
Israel--New Zealand#ALL,Israel--New Zealand,ALL,2,New Zealand,New Zealand,0.267102,0.517173,1,Israel,New Zealand,1,0
Israel--South Africa#ALL,Israel--South Africa,ALL,1,Israel,Israel,0.535226,0.714031,1,Israel,South Africa,1,0
Israel--South Africa#ALL,Israel--South Africa,ALL,2,South Africa,South Africa,0.354082,0.657729,1,Israel,South Africa,1,0
New Zealand--South Africa#ALL,New Zealand--South Africa,ALL,1,New Zealand,New Zealand,0.267102,0.517173,1,New Zealand,South Africa,1,0
New Zealand--South Africa#ALL,New Zealand--South Africa,ALL,2,South Africa,South Africa,0.354082,0.657729,1,New Zealand,South Africa,1,0
Australia--Türkiye#ALL,Australia--Türkiye,ALL,1,Australia,Australia,0.390756,0.648197,1,Australia,Türkiye,1,0
Australia--Türkiye#ALL,Australia--Türkiye,ALL,2,Türkiye,Türkiye,0.411167,0.293179,1,Australia,Türkiye,1,0
Malaysia--Türkiye#ALL,Malaysia--Türkiye,ALL,1,Malaysia,Malaysia,0.277414,0.425437,1,Malaysia,Türkiye,1,0
Malaysia--Türkiye#ALL,Malaysia--Türkiye,ALL,2,Türkiye,Türkiye,0.411167,0.293179,1,Malaysia,Türkiye,1,0
Taiwan--Türkiye#ALL,Taiwan--Türkiye,ALL,1,Taiwan,Taiwan,0.310266,0.423686,1,Taiwan,Türkiye,1,0
Taiwan--Türkiye#ALL,Taiwan--Türkiye,ALL,2,Türkiye,Türkiye,0.411167,0.293179,1,Taiwan,Türkiye,1,0
Thailand--Türkiye#ALL,Thailand--Türkiye,ALL,1,Thailand,Thailand,0.336992,0.46232,1,Thailand,Türkiye,1,0
Thailand--Türkiye#ALL,Thailand--Türkiye,ALL,2,Türkiye,Türkiye,0.411167,0.293179,1,Thailand,Türkiye,1,0
Cambodia--Costa Rica#ALL,Cambodia--Costa Rica,ALL,1,Cambodia,Cambodia,0.216351,0.576345,1,Cambodia,Costa Rica,1,0
Cambodia--Costa Rica#ALL,Cambodia--Costa Rica,ALL,2,Costa Rica,Costa Rica,0.342419,1.0,1,Cambodia,Costa Rica,1,0
Costa Rica--Singapore#ALL,Costa Rica--Singapore,ALL,1,Costa Rica,Costa Rica,0.342419,1.0,1,Costa Rica,Singapore,1,1
Costa Rica--Singapore#ALL,Costa Rica--Singapore,ALL,2,Singapore,Singapore,0.429978,0.539306,1,Costa Rica,Singapore,1,1
Costa Rica--United States#ALL,Costa Rica--United States,ALL,1,Costa Rica,Costa Rica,0.342419,1.0,1,Costa Rica,United States,1,0
Costa Rica--United States#ALL,Costa Rica--United States,ALL,2,United States,United States,0.440022,0.576858,1,Costa Rica,United States,1,0
Iraq--Malaysia#ALL,Iraq--Malaysia,ALL,1,Iraq,Iraq,0.105623,0.20582,1,Iraq,Malaysia,1,0
Iraq--Malaysia#ALL,Iraq--Malaysia,ALL,2,Malaysia,Malaysia,0.277414,0.425437,1,Iraq,Malaysia,1,0
Denmark--Japan#ALL,Denmark--Japan,ALL,1,Denmark,Denmark,0.44304,0.500047,1,Denmark,Japan,1,0
Denmark--Japan#ALL,Denmark--Japan,ALL,2,Japan,Japan,0.302497,0.608095,1,Denmark,Japan,1,0
Canada--Greece#ALL,Canada--Greece,ALL,1,Canada,Canada,0.429902,0.670838,1,Canada,Greece,1,0
Canada--Greece#ALL,Canada--Greece,ALL,2,Greece,Greece,0.58653,0.742108,1,Canada,Greece,1,0
Canada--Portugal#ALL,Canada--Portugal,ALL,1,Canada,Canada,0.429902,0.670838,1,Canada,Portugal,1,0
Canada--Portugal#ALL,Canada--Portugal,ALL,2,Portugal,Portugal,0.571774,0.657031,1,Canada,Portugal,1,0
France--Greece#ALL,France--Greece,ALL,1,France,France,0.37365,0.542016,1,France,Greece,1,0
France--Greece#ALL,France--Greece,ALL,2,Greece,Greece,0.58653,0.742108,1,France,Greece,1,0
Germany--Greece#ALL,Germany--Greece,ALL,1,Germany,Germany,0.479367,0.620904,1,Germany,Greece,1,0
Germany--Greece#ALL,Germany--Greece,ALL,2,Greece,Greece,0.58653,0.742108,1,Germany,Greece,1,0
Germany--Israel#ALL,Germany--Israel,ALL,1,Germany,Germany,0.479367,0.620904,1,Germany,Israel,1,0
Germany--Israel#ALL,Germany--Israel,ALL,2,Israel,Israel,0.535226,0.714031,1,Germany,Israel,1,0
Germany--Italy#ALL,Germany--Italy,ALL,1,Germany,Germany,0.479367,0.620904,2,Germany,Italy,1,0
Germany--Italy#ALL,Germany--Italy,ALL,2,Italy,Italy,0.491029,0.507028,2,Germany,Italy,1,0
Greece--Israel#ALL,Greece--Israel,ALL,1,Greece,Greece,0.58653,0.742108,1,Greece,Israel,1,0
Greece--Israel#ALL,Greece--Israel,ALL,2,Israel,Israel,0.535226,0.714031,1,Greece,Israel,1,0
Greece--Italy#ALL,Greece--Italy,ALL,1,Greece,Greece,0.58653,0.742108,1,Greece,Italy,1,0
Greece--Italy#ALL,Greece--Italy,ALL,2,Italy,Italy,0.491029,0.507028,1,Greece,Italy,1,0
Greece--Japan#ALL,Greece--Japan,ALL,1,Greece,Greece,0.58653,0.742108,1,Greece,Japan,1,0
Greece--Japan#ALL,Greece--Japan,ALL,2,Japan,Japan,0.302497,0.608095,1,Greece,Japan,1,0
Greece--Portugal#ALL,Greece--Portugal,ALL,1,Greece,Greece,0.58653,0.742108,1,Greece,Portugal,1,0
Greece--Portugal#ALL,Greece--Portugal,ALL,2,Portugal,Portugal,0.571774,0.657031,1,Greece,Portugal,1,0
Greece--Spain#ALL,Greece--Spain,ALL,1,Greece,Greece,0.58653,0.742108,1,Greece,Spain,1,0
Greece--Spain#ALL,Greece--Spain,ALL,2,Spain,Spain,0.55585,0.501818,1,Greece,Spain,1,0
Greece--United Kingdom#ALL,Greece--United Kingdom,ALL,1,Greece,Greece,0.58653,0.742108,1,Greece,United Kingdom,1,0
Greece--United Kingdom#ALL,Greece--United Kingdom,ALL,2,United Kingdom,United Kingdom,0.355643,0.570016,1,Greece,United Kingdom,1,0
Greece--United States#ALL,Greece--United States,ALL,1,Greece,Greece,0.58653,0.742108,1,Greece,United States,1,0
Greece--United States#ALL,Greece--United States,ALL,2,United States,United States,0.440022,0.576858,1,Greece,United States,1,0
Israel--Italy#ALL,Israel--Italy,ALL,1,Israel,Israel,0.535226,0.714031,1,Israel,Italy,1,0
Israel--Italy#ALL,Israel--Italy,ALL,2,Italy,Italy,0.491029,0.507028,1,Israel,Italy,1,0
Israel--Japan#ALL,Israel--Japan,ALL,1,Israel,Israel,0.535226,0.714031,1,Israel,Japan,1,0
Israel--Japan#ALL,Israel--Japan,ALL,2,Japan,Japan,0.302497,0.608095,1,Israel,Japan,1,0
Israel--Portugal#ALL,Israel--Portugal,ALL,1,Israel,Israel,0.535226,0.714031,1,Israel,Portugal,1,0
Israel--Portugal#ALL,Israel--Portugal,ALL,2,Portugal,Portugal,0.571774,0.657031,1,Israel,Portugal,1,0
Israel--Spain#ALL,Israel--Spain,ALL,1,Israel,Israel,0.535226,0.714031,1,Israel,Spain,1,0
Israel--Spain#ALL,Israel--Spain,ALL,2,Spain,Spain,0.55585,0.501818,1,Israel,Spain,1,0
Israel--United States#ALL,Israel--United States,ALL,1,Israel,Israel,0.535226,0.714031,1,Israel,United States,1,0
Israel--United States#ALL,Israel--United States,ALL,2,United States,United States,0.440022,0.576858,1,Israel,United States,1,0
Japan--Portugal#ALL,Japan--Portugal,ALL,1,Japan,Japan,0.302497,0.608095,1,Japan,Portugal,1,0
Japan--Portugal#ALL,Japan--Portugal,ALL,2,Portugal,Portugal,0.571774,0.657031,1,Japan,Portugal,1,0
Japan--Spain#ALL,Japan--Spain,ALL,1,Japan,Japan,0.302497,0.608095,1,Japan,Spain,1,0
Japan--Spain#ALL,Japan--Spain,ALL,2,Spain,Spain,0.55585,0.501818,1,Japan,Spain,1,0
Portugal--United States#ALL,Portugal--United States,ALL,1,Portugal,Portugal,0.571774,0.657031,1,Portugal,United States,1,0
Portugal--United States#ALL,Portugal--United States,ALL,2,United States,United States,0.440022,0.576858,1,Portugal,United States,1,0
Colombia--Ethiopia#ALL,Colombia--Ethiopia,ALL,1,Colombia,Colombia,0.61512,0.480456,1,Colombia,Ethiopia,1,0
Colombia--Ethiopia#ALL,Colombia--Ethiopia,ALL,2,Ethiopia,Ethiopia,0.413066,0.448775,1,Colombia,Ethiopia,1,0
Colombia--India#ALL,Colombia--India,ALL,1,Colombia,Colombia,0.61512,0.480456,1,Colombia,India,1,0
Colombia--India#ALL,Colombia--India,ALL,2,India,India,0.397173,0.572838,1,Colombia,India,1,0
Colombia--Indonesia#ALL,Colombia--Indonesia,ALL,1,Colombia,Colombia,0.61512,0.480456,1,Colombia,Indonesia,1,0
Colombia--Indonesia#ALL,Colombia--Indonesia,ALL,2,Indonesia,Indonesia,0.369414,0.492144,1,Colombia,Indonesia,1,0
Colombia--Netherlands#ALL,Colombia--Netherlands,ALL,1,Colombia,Colombia,0.61512,0.480456,1,Colombia,Netherlands,1,0
Colombia--Netherlands#ALL,Colombia--Netherlands,ALL,2,Netherlands,Netherlands,0.442831,0.641991,1,Colombia,Netherlands,1,0
Bangladesh--Sweden#ALL,Bangladesh--Sweden,ALL,1,Bangladesh,Bangladesh,0.325634,0.547236,1,Bangladesh,Sweden,1,0
Bangladesh--Sweden#ALL,Bangladesh--Sweden,ALL,2,Sweden,Sweden,0.304842,0.663705,1,Bangladesh,Sweden,1,0
Ethiopia--Sweden#ALL,Ethiopia--Sweden,ALL,1,Ethiopia,Ethiopia,0.413066,0.448775,1,Ethiopia,Sweden,1,0
Ethiopia--Sweden#ALL,Ethiopia--Sweden,ALL,2,Sweden,Sweden,0.304842,0.663705,1,Ethiopia,Sweden,1,0
Haiti--Sweden#ALL,Haiti--Sweden,ALL,1,Haiti,Haiti,0.197232,0.540579,1,Haiti,Sweden,1,0
Haiti--Sweden#ALL,Haiti--Sweden,ALL,2,Sweden,Sweden,0.304842,0.663705,1,Haiti,Sweden,1,0
Indonesia--Sweden#ALL,Indonesia--Sweden,ALL,1,Indonesia,Indonesia,0.369414,0.492144,1,Indonesia,Sweden,1,0
Indonesia--Sweden#ALL,Indonesia--Sweden,ALL,2,Sweden,Sweden,0.304842,0.663705,1,Indonesia,Sweden,1,0
Myanmar--Sweden#ALL,Myanmar--Sweden,ALL,1,Myanmar,Myanmar,0.19157,0.500134,1,Myanmar,Sweden,1,0
Myanmar--Sweden#ALL,Myanmar--Sweden,ALL,2,Sweden,Sweden,0.304842,0.663705,1,Myanmar,Sweden,1,0
Myanmar--Switzerland#ALL,Myanmar--Switzerland,ALL,1,Myanmar,Myanmar,0.19157,0.500134,1,Myanmar,Switzerland,1,0
Myanmar--Switzerland#ALL,Myanmar--Switzerland,ALL,2,Switzerland,Switzerland,0.407049,0.531378,1,Myanmar,Switzerland,1,0
Myanmar--Viet Nam#ALL,Myanmar--Viet Nam,ALL,1,Myanmar,Myanmar,0.19157,0.500134,1,Myanmar,Viet Nam,1,0
Myanmar--Viet Nam#ALL,Myanmar--Viet Nam,ALL,2,Viet Nam,Viet Nam,0.306341,0.520662,1,Myanmar,Viet Nam,1,0
Pakistan--Sweden#ALL,Pakistan--Sweden,ALL,1,Pakistan,Pakistan,0.35634,0.418637,1,Pakistan,Sweden,1,0
Pakistan--Sweden#ALL,Pakistan--Sweden,ALL,2,Sweden,Sweden,0.304842,0.663705,1,Pakistan,Sweden,1,0
Peru--Sweden#ALL,Peru--Sweden,ALL,1,Peru,Peru,0.260788,0.595863,1,Peru,Sweden,1,0
Peru--Sweden#ALL,Peru--Sweden,ALL,2,Sweden,Sweden,0.304842,0.663705,1,Peru,Sweden,1,0
Sweden--Switzerland#ALL,Sweden--Switzerland,ALL,1,Sweden,Sweden,0.304842,0.663705,1,Sweden,Switzerland,1,0
Sweden--Switzerland#ALL,Sweden--Switzerland,ALL,2,Switzerland,Switzerland,0.407049,0.531378,1,Sweden,Switzerland,1,0
Italy--Poland#ALL,Italy--Poland,ALL,1,Italy,Italy,0.491029,0.507028,1,Italy,Poland,1,0
Italy--Poland#ALL,Italy--Poland,ALL,2,Poland,Poland,0.501425,0.220652,1,Italy,Poland,1,0
Poland--United Kingdom#ALL,Poland--United Kingdom,ALL,1,Poland,Poland,0.501425,0.220652,1,Poland,United Kingdom,1,0
Poland--United Kingdom#ALL,Poland--United Kingdom,ALL,2,United Kingdom,United Kingdom,0.355643,0.570016,1,Poland,United Kingdom,1,0
Australia--Ukraine#ALL,Australia--Ukraine,ALL,1,Australia,Australia,0.390756,0.648197,1,Australia,Ukraine,1,0
Australia--Ukraine#ALL,Australia--Ukraine,ALL,2,Ukraine,Ukraine,0.496983,0.760106,1,Australia,Ukraine,1,0
Australia--Zambia#ALL,Australia--Zambia,ALL,1,Australia,Australia,0.390756,0.648197,1,Australia,Zambia,1,0
Australia--Zambia#ALL,Australia--Zambia,ALL,2,Zambia,Zambia,0.452671,0.736174,1,Australia,Zambia,1,0
Australia--Zimbabwe#ALL,Australia--Zimbabwe,ALL,1,Australia,Australia,0.390756,0.648197,1,Australia,Zimbabwe,1,0
Australia--Zimbabwe#ALL,Australia--Zimbabwe,ALL,2,Zimbabwe,Zimbabwe,0.459498,0.790704,1,Australia,Zimbabwe,1,0
Belgium--Sweden#ALL,Belgium--Sweden,ALL,1,Belgium,Belgium,0.487025,0.572301,1,Belgium,Sweden,1,0
Belgium--Sweden#ALL,Belgium--Sweden,ALL,2,Sweden,Sweden,0.304842,0.663705,1,Belgium,Sweden,1,0
Belgium--Ukraine#ALL,Belgium--Ukraine,ALL,1,Belgium,Belgium,0.487025,0.572301,1,Belgium,Ukraine,1,0
Belgium--Ukraine#ALL,Belgium--Ukraine,ALL,2,Ukraine,Ukraine,0.496983,0.760106,1,Belgium,Ukraine,1,0
Belgium--Zambia#ALL,Belgium--Zambia,ALL,1,Belgium,Belgium,0.487025,0.572301,1,Belgium,Zambia,1,0
Belgium--Zambia#ALL,Belgium--Zambia,ALL,2,Zambia,Zambia,0.452671,0.736174,1,Belgium,Zambia,1,0
Belgium--Zimbabwe#ALL,Belgium--Zimbabwe,ALL,1,Belgium,Belgium,0.487025,0.572301,1,Belgium,Zimbabwe,1,0
Belgium--Zimbabwe#ALL,Belgium--Zimbabwe,ALL,2,Zimbabwe,Zimbabwe,0.459498,0.790704,1,Belgium,Zimbabwe,1,0
Canada--Ukraine#ALL,Canada--Ukraine,ALL,1,Canada,Canada,0.429902,0.670838,1,Canada,Ukraine,1,0
Canada--Ukraine#ALL,Canada--Ukraine,ALL,2,Ukraine,Ukraine,0.496983,0.760106,1,Canada,Ukraine,1,0
Canada--Zimbabwe#ALL,Canada--Zimbabwe,ALL,1,Canada,Canada,0.429902,0.670838,1,Canada,Zimbabwe,1,0
Canada--Zimbabwe#ALL,Canada--Zimbabwe,ALL,2,Zimbabwe,Zimbabwe,0.459498,0.790704,1,Canada,Zimbabwe,1,0
China--Ukraine#ALL,China--Ukraine,ALL,1,China,China,0.331977,0.597918,1,China,Ukraine,1,0
China--Ukraine#ALL,China--Ukraine,ALL,2,Ukraine,Ukraine,0.496983,0.760106,1,China,Ukraine,1,0
China--Zambia#ALL,China--Zambia,ALL,1,China,China,0.331977,0.597918,1,China,Zambia,1,0
China--Zambia#ALL,China--Zambia,ALL,2,Zambia,Zambia,0.452671,0.736174,1,China,Zambia,1,0
China--Zimbabwe#ALL,China--Zimbabwe,ALL,1,China,China,0.331977,0.597918,1,China,Zimbabwe,1,0
China--Zimbabwe#ALL,China--Zimbabwe,ALL,2,Zimbabwe,Zimbabwe,0.459498,0.790704,1,China,Zimbabwe,1,0
Denmark--Sweden#ALL,Denmark--Sweden,ALL,1,Denmark,Denmark,0.44304,0.500047,1,Denmark,Sweden,1,0
Denmark--Sweden#ALL,Denmark--Sweden,ALL,2,Sweden,Sweden,0.304842,0.663705,1,Denmark,Sweden,1,0
Denmark--Ukraine#ALL,Denmark--Ukraine,ALL,1,Denmark,Denmark,0.44304,0.500047,1,Denmark,Ukraine,1,0
Denmark--Ukraine#ALL,Denmark--Ukraine,ALL,2,Ukraine,Ukraine,0.496983,0.760106,1,Denmark,Ukraine,1,0
Denmark--Zambia#ALL,Denmark--Zambia,ALL,1,Denmark,Denmark,0.44304,0.500047,1,Denmark,Zambia,1,0
Denmark--Zambia#ALL,Denmark--Zambia,ALL,2,Zambia,Zambia,0.452671,0.736174,1,Denmark,Zambia,1,0
Denmark--Zimbabwe#ALL,Denmark--Zimbabwe,ALL,1,Denmark,Denmark,0.44304,0.500047,1,Denmark,Zimbabwe,1,0
Denmark--Zimbabwe#ALL,Denmark--Zimbabwe,ALL,2,Zimbabwe,Zimbabwe,0.459498,0.790704,1,Denmark,Zimbabwe,1,0
France--Ukraine#ALL,France--Ukraine,ALL,1,France,France,0.37365,0.542016,1,France,Ukraine,1,0
France--Ukraine#ALL,France--Ukraine,ALL,2,Ukraine,Ukraine,0.496983,0.760106,1,France,Ukraine,1,0
France--Zambia#ALL,France--Zambia,ALL,1,France,France,0.37365,0.542016,1,France,Zambia,1,0
France--Zambia#ALL,France--Zambia,ALL,2,Zambia,Zambia,0.452671,0.736174,1,France,Zambia,1,0
France--Zimbabwe#ALL,France--Zimbabwe,ALL,1,France,France,0.37365,0.542016,1,France,Zimbabwe,1,0
France--Zimbabwe#ALL,France--Zimbabwe,ALL,2,Zimbabwe,Zimbabwe,0.459498,0.790704,1,France,Zimbabwe,1,0
India--Sweden#ALL,India--Sweden,ALL,1,India,India,0.397173,0.572838,1,India,Sweden,1,0
India--Sweden#ALL,India--Sweden,ALL,2,Sweden,Sweden,0.304842,0.663705,1,India,Sweden,1,0
India--Ukraine#ALL,India--Ukraine,ALL,1,India,India,0.397173,0.572838,1,India,Ukraine,1,0
India--Ukraine#ALL,India--Ukraine,ALL,2,Ukraine,Ukraine,0.496983,0.760106,1,India,Ukraine,1,0
India--Zambia#ALL,India--Zambia,ALL,1,India,India,0.397173,0.572838,1,India,Zambia,1,0
India--Zambia#ALL,India--Zambia,ALL,2,Zambia,Zambia,0.452671,0.736174,1,India,Zambia,1,0
India--Zimbabwe#ALL,India--Zimbabwe,ALL,1,India,India,0.397173,0.572838,1,India,Zimbabwe,1,0
India--Zimbabwe#ALL,India--Zimbabwe,ALL,2,Zimbabwe,Zimbabwe,0.459498,0.790704,1,India,Zimbabwe,1,0
Netherlands--Ukraine#ALL,Netherlands--Ukraine,ALL,1,Netherlands,Netherlands,0.442831,0.641991,1,Netherlands,Ukraine,1,0
Netherlands--Ukraine#ALL,Netherlands--Ukraine,ALL,2,Ukraine,Ukraine,0.496983,0.760106,1,Netherlands,Ukraine,1,0
Netherlands--Viet Nam#ALL,Netherlands--Viet Nam,ALL,1,Netherlands,Netherlands,0.442831,0.641991,1,Netherlands,Viet Nam,1,0
Netherlands--Viet Nam#ALL,Netherlands--Viet Nam,ALL,2,Viet Nam,Viet Nam,0.306341,0.520662,1,Netherlands,Viet Nam,1,0
Netherlands--Zambia#ALL,Netherlands--Zambia,ALL,1,Netherlands,Netherlands,0.442831,0.641991,1,Netherlands,Zambia,1,0
Netherlands--Zambia#ALL,Netherlands--Zambia,ALL,2,Zambia,Zambia,0.452671,0.736174,1,Netherlands,Zambia,1,0
Netherlands--Zimbabwe#ALL,Netherlands--Zimbabwe,ALL,1,Netherlands,Netherlands,0.442831,0.641991,1,Netherlands,Zimbabwe,1,0
Netherlands--Zimbabwe#ALL,Netherlands--Zimbabwe,ALL,2,Zimbabwe,Zimbabwe,0.459498,0.790704,1,Netherlands,Zimbabwe,1,0
Singapore--Ukraine#ALL,Singapore--Ukraine,ALL,1,Singapore,Singapore,0.429978,0.539306,1,Singapore,Ukraine,1,1
Singapore--Ukraine#ALL,Singapore--Ukraine,ALL,2,Ukraine,Ukraine,0.496983,0.760106,1,Singapore,Ukraine,1,1
Singapore--Zimbabwe#ALL,Singapore--Zimbabwe,ALL,1,Singapore,Singapore,0.429978,0.539306,1,Singapore,Zimbabwe,1,1
Singapore--Zimbabwe#ALL,Singapore--Zimbabwe,ALL,2,Zimbabwe,Zimbabwe,0.459498,0.790704,1,Singapore,Zimbabwe,1,1
South Africa--Ukraine#ALL,South Africa--Ukraine,ALL,1,South Africa,South Africa,0.354082,0.657729,1,South Africa,Ukraine,1,0
South Africa--Ukraine#ALL,South Africa--Ukraine,ALL,2,Ukraine,Ukraine,0.496983,0.760106,1,South Africa,Ukraine,1,0
South Africa--Zimbabwe#ALL,South Africa--Zimbabwe,ALL,1,South Africa,South Africa,0.354082,0.657729,1,South Africa,Zimbabwe,1,0
South Africa--Zimbabwe#ALL,South Africa--Zimbabwe,ALL,2,Zimbabwe,Zimbabwe,0.459498,0.790704,1,South Africa,Zimbabwe,1,0
Sweden--Ukraine#ALL,Sweden--Ukraine,ALL,1,Sweden,Sweden,0.304842,0.663705,1,Sweden,Ukraine,1,0
Sweden--Ukraine#ALL,Sweden--Ukraine,ALL,2,Ukraine,Ukraine,0.496983,0.760106,1,Sweden,Ukraine,1,0
Sweden--Zambia#ALL,Sweden--Zambia,ALL,1,Sweden,Sweden,0.304842,0.663705,1,Sweden,Zambia,1,0
Sweden--Zambia#ALL,Sweden--Zambia,ALL,2,Zambia,Zambia,0.452671,0.736174,1,Sweden,Zambia,1,0
Sweden--Zimbabwe#ALL,Sweden--Zimbabwe,ALL,1,Sweden,Sweden,0.304842,0.663705,1,Sweden,Zimbabwe,1,0
Sweden--Zimbabwe#ALL,Sweden--Zimbabwe,ALL,2,Zimbabwe,Zimbabwe,0.459498,0.790704,1,Sweden,Zimbabwe,1,0
Ukraine--United Kingdom#ALL,Ukraine--United Kingdom,ALL,1,Ukraine,Ukraine,0.496983,0.760106,1,Ukraine,United Kingdom,1,0
Ukraine--United Kingdom#ALL,Ukraine--United Kingdom,ALL,2,United Kingdom,United Kingdom,0.355643,0.570016,1,Ukraine,United Kingdom,1,0
Ukraine--United States#ALL,Ukraine--United States,ALL,1,Ukraine,Ukraine,0.496983,0.760106,1,Ukraine,United States,1,0
Ukraine--United States#ALL,Ukraine--United States,ALL,2,United States,United States,0.440022,0.576858,1,Ukraine,United States,1,0
Ukraine--Viet Nam#ALL,Ukraine--Viet Nam,ALL,1,Ukraine,Ukraine,0.496983,0.760106,1,Ukraine,Viet Nam,1,0
Ukraine--Viet Nam#ALL,Ukraine--Viet Nam,ALL,2,Viet Nam,Viet Nam,0.306341,0.520662,1,Ukraine,Viet Nam,1,0
Ukraine--Zambia#ALL,Ukraine--Zambia,ALL,1,Ukraine,Ukraine,0.496983,0.760106,1,Ukraine,Zambia,1,0
Ukraine--Zambia#ALL,Ukraine--Zambia,ALL,2,Zambia,Zambia,0.452671,0.736174,1,Ukraine,Zambia,1,0
Ukraine--Zimbabwe#ALL,Ukraine--Zimbabwe,ALL,1,Ukraine,Ukraine,0.496983,0.760106,1,Ukraine,Zimbabwe,1,0
Ukraine--Zimbabwe#ALL,Ukraine--Zimbabwe,ALL,2,Zimbabwe,Zimbabwe,0.459498,0.790704,1,Ukraine,Zimbabwe,1,0
United Kingdom--Zimbabwe#ALL,United Kingdom--Zimbabwe,ALL,1,United Kingdom,United Kingdom,0.355643,0.570016,1,United Kingdom,Zimbabwe,1,0
United Kingdom--Zimbabwe#ALL,United Kingdom--Zimbabwe,ALL,2,Zimbabwe,Zimbabwe,0.459498,0.790704,1,United Kingdom,Zimbabwe,1,0
United States--Zambia#ALL,United States--Zambia,ALL,1,United States,United States,0.440022,0.576858,1,United States,Zambia,1,0
United States--Zambia#ALL,United States--Zambia,ALL,2,Zambia,Zambia,0.452671,0.736174,1,United States,Zambia,1,0
United States--Zimbabwe#ALL,United States--Zimbabwe,ALL,1,United States,United States,0.440022,0.576858,1,United States,Zimbabwe,1,0
United States--Zimbabwe#ALL,United States--Zimbabwe,ALL,2,Zimbabwe,Zimbabwe,0.459498,0.790704,1,United States,Zimbabwe,1,0
Viet Nam--Zambia#ALL,Viet Nam--Zambia,ALL,1,Viet Nam,Viet Nam,0.306341,0.520662,1,Viet Nam,Zambia,1,0
Viet Nam--Zambia#ALL,Viet Nam--Zambia,ALL,2,Zambia,Zambia,0.452671,0.736174,1,Viet Nam,Zambia,1,0
Viet Nam--Zimbabwe#ALL,Viet Nam--Zimbabwe,ALL,1,Viet Nam,Viet Nam,0.306341,0.520662,1,Viet Nam,Zimbabwe,1,0
Viet Nam--Zimbabwe#ALL,Viet Nam--Zimbabwe,ALL,2,Zimbabwe,Zimbabwe,0.459498,0.790704,1,Viet Nam,Zimbabwe,1,0
Zambia--Zimbabwe#ALL,Zambia--Zimbabwe,ALL,1,Zambia,Zambia,0.452671,0.736174,1,Zambia,Zimbabwe,1,0
Zambia--Zimbabwe#ALL,Zambia--Zimbabwe,ALL,2,Zimbabwe,Zimbabwe,0.459498,0.790704,1,Zambia,Zimbabwe,1,0
Indonesia--Uganda#ALL,Indonesia--Uganda,ALL,1,Indonesia,Indonesia,0.369414,0.492144,1,Indonesia,Uganda,1,0
Indonesia--Uganda#ALL,Indonesia--Uganda,ALL,2,Uganda,Uganda,0.542037,0.561668,1,Indonesia,Uganda,1,0
Philippines--Uganda#ALL,Philippines--Uganda,ALL,1,Philippines,Philippines,0.403578,0.405159,1,Philippines,Uganda,1,0
Philippines--Uganda#ALL,Philippines--Uganda,ALL,2,Uganda,Uganda,0.542037,0.561668,1,Philippines,Uganda,1,0
Thailand--Uganda#ALL,Thailand--Uganda,ALL,1,Thailand,Thailand,0.336992,0.46232,1,Thailand,Uganda,1,0
Thailand--Uganda#ALL,Thailand--Uganda,ALL,2,Uganda,Uganda,0.542037,0.561668,1,Thailand,Uganda,1,0
Belgium--Ghana#ALL,Belgium--Ghana,ALL,1,Belgium,Belgium,0.487025,0.572301,1,Belgium,Ghana,1,0
Belgium--Ghana#ALL,Belgium--Ghana,ALL,2,Ghana,Ghana,0.566219,0.881377,1,Belgium,Ghana,1,0
Belgium--Kenya#ALL,Belgium--Kenya,ALL,1,Belgium,Belgium,0.487025,0.572301,1,Belgium,Kenya,1,0
Belgium--Kenya#ALL,Belgium--Kenya,ALL,2,Kenya,Kenya,0.39613,0.758485,1,Belgium,Kenya,1,0
Belgium--Uganda#ALL,Belgium--Uganda,ALL,1,Belgium,Belgium,0.487025,0.572301,2,Belgium,Uganda,1,0
Belgium--Uganda#ALL,Belgium--Uganda,ALL,2,Uganda,Uganda,0.542037,0.561668,2,Belgium,Uganda,1,0
Ghana--Kenya#ALL,Ghana--Kenya,ALL,1,Ghana,Ghana,0.566219,0.881377,1,Ghana,Kenya,1,0
Ghana--Kenya#ALL,Ghana--Kenya,ALL,2,Kenya,Kenya,0.39613,0.758485,1,Ghana,Kenya,1,0
Ghana--Singapore#ALL,Ghana--Singapore,ALL,1,Ghana,Ghana,0.566219,0.881377,1,Ghana,Singapore,1,1
Ghana--Singapore#ALL,Ghana--Singapore,ALL,2,Singapore,Singapore,0.429978,0.539306,1,Ghana,Singapore,1,1
Ghana--South Africa#ALL,Ghana--South Africa,ALL,1,Ghana,Ghana,0.566219,0.881377,1,Ghana,South Africa,1,0
Ghana--South Africa#ALL,Ghana--South Africa,ALL,2,South Africa,South Africa,0.354082,0.657729,1,Ghana,South Africa,1,0
Ghana--Uganda#ALL,Ghana--Uganda,ALL,1,Ghana,Ghana,0.566219,0.881377,1,Ghana,Uganda,1,0
Ghana--Uganda#ALL,Ghana--Uganda,ALL,2,Uganda,Uganda,0.542037,0.561668,1,Ghana,Uganda,1,0
Ghana--United Kingdom#ALL,Ghana--United Kingdom,ALL,1,Ghana,Ghana,0.566219,0.881377,1,Ghana,United Kingdom,1,0
Ghana--United Kingdom#ALL,Ghana--United Kingdom,ALL,2,United Kingdom,United Kingdom,0.355643,0.570016,1,Ghana,United Kingdom,1,0
Kenya--South Africa#ALL,Kenya--South Africa,ALL,1,Kenya,Kenya,0.39613,0.758485,1,Kenya,South Africa,1,0
Kenya--South Africa#ALL,Kenya--South Africa,ALL,2,South Africa,South Africa,0.354082,0.657729,1,Kenya,South Africa,1,0
Kenya--Uganda#ALL,Kenya--Uganda,ALL,1,Kenya,Kenya,0.39613,0.758485,1,Kenya,Uganda,1,0
Kenya--Uganda#ALL,Kenya--Uganda,ALL,2,Uganda,Uganda,0.542037,0.561668,1,Kenya,Uganda,1,0
South Africa--Uganda#ALL,South Africa--Uganda,ALL,1,South Africa,South Africa,0.354082,0.657729,2,South Africa,Uganda,1,0
South Africa--Uganda#ALL,South Africa--Uganda,ALL,2,Uganda,Uganda,0.542037,0.561668,2,South Africa,Uganda,1,0
Belgium--Germany#ALL,Belgium--Germany,ALL,1,Belgium,Belgium,0.487025,0.572301,1,Belgium,Germany,1,0
Belgium--Germany#ALL,Belgium--Germany,ALL,2,Germany,Germany,0.479367,0.620904,1,Belgium,Germany,1,0
Belgium--Peru#ALL,Belgium--Peru,ALL,1,Belgium,Belgium,0.487025,0.572301,1,Belgium,Peru,1,0
Belgium--Peru#ALL,Belgium--Peru,ALL,2,Peru,Peru,0.260788,0.595863,1,Belgium,Peru,1,0
Germany--Pakistan#ALL,Germany--Pakistan,ALL,1,Germany,Germany,0.479367,0.620904,1,Germany,Pakistan,1,0
Germany--Pakistan#ALL,Germany--Pakistan,ALL,2,Pakistan,Pakistan,0.35634,0.418637,1,Germany,Pakistan,1,0
Germany--Peru#ALL,Germany--Peru,ALL,1,Germany,Germany,0.479367,0.620904,1,Germany,Peru,1,0
Germany--Peru#ALL,Germany--Peru,ALL,2,Peru,Peru,0.260788,0.595863,1,Germany,Peru,1,0
Germany--Viet Nam#ALL,Germany--Viet Nam,ALL,1,Germany,Germany,0.479367,0.620904,1,Germany,Viet Nam,1,0
Germany--Viet Nam#ALL,Germany--Viet Nam,ALL,2,Viet Nam,Viet Nam,0.306341,0.520662,1,Germany,Viet Nam,1,0
India--Peru#ALL,India--Peru,ALL,1,India,India,0.397173,0.572838,1,India,Peru,1,0
India--Peru#ALL,India--Peru,ALL,2,Peru,Peru,0.260788,0.595863,1,India,Peru,1,0
Italy--Peru#ALL,Italy--Peru,ALL,1,Italy,Italy,0.491029,0.507028,1,Italy,Peru,1,0
Italy--Peru#ALL,Italy--Peru,ALL,2,Peru,Peru,0.260788,0.595863,1,Italy,Peru,1,0
Italy--South Africa#ALL,Italy--South Africa,ALL,1,Italy,Italy,0.491029,0.507028,1,Italy,South Africa,1,0
Italy--South Africa#ALL,Italy--South Africa,ALL,2,South Africa,South Africa,0.354082,0.657729,1,Italy,South Africa,1,0
Norway--Pakistan#ALL,Norway--Pakistan,ALL,1,Norway,Norway,0.33887,0.0,1,Norway,Pakistan,1,0
Norway--Pakistan#ALL,Norway--Pakistan,ALL,2,Pakistan,Pakistan,0.35634,0.418637,1,Norway,Pakistan,1,0
Norway--Singapore#ALL,Norway--Singapore,ALL,1,Norway,Norway,0.33887,0.0,1,Norway,Singapore,1,1
Norway--Singapore#ALL,Norway--Singapore,ALL,2,Singapore,Singapore,0.429978,0.539306,1,Norway,Singapore,1,1
Philippines--Sweden#ALL,Philippines--Sweden,ALL,1,Philippines,Philippines,0.403578,0.405159,1,Philippines,Sweden,1,0
Philippines--Sweden#ALL,Philippines--Sweden,ALL,2,Sweden,Sweden,0.304842,0.663705,1,Philippines,Sweden,1,0
Belgium--Mongolia#ALL,Belgium--Mongolia,ALL,1,Belgium,Belgium,0.487025,0.572301,1,Belgium,Mongolia,1,0
Belgium--Mongolia#ALL,Belgium--Mongolia,ALL,2,Mongolia,Mongolia,0.328662,0.366715,1,Belgium,Mongolia,1,0
Belgium--Taiwan#ALL,Belgium--Taiwan,ALL,1,Belgium,Belgium,0.487025,0.572301,1,Belgium,Taiwan,1,0
Belgium--Taiwan#ALL,Belgium--Taiwan,ALL,2,Taiwan,Taiwan,0.310266,0.423686,1,Belgium,Taiwan,1,0
Ethiopia--Mongolia#ALL,Ethiopia--Mongolia,ALL,1,Ethiopia,Ethiopia,0.413066,0.448775,1,Ethiopia,Mongolia,1,0
Ethiopia--Mongolia#ALL,Ethiopia--Mongolia,ALL,2,Mongolia,Mongolia,0.328662,0.366715,1,Ethiopia,Mongolia,1,0
Ethiopia--Taiwan#ALL,Ethiopia--Taiwan,ALL,1,Ethiopia,Ethiopia,0.413066,0.448775,1,Ethiopia,Taiwan,1,0
Ethiopia--Taiwan#ALL,Ethiopia--Taiwan,ALL,2,Taiwan,Taiwan,0.310266,0.423686,1,Ethiopia,Taiwan,1,0
Ethiopia--Uganda#ALL,Ethiopia--Uganda,ALL,1,Ethiopia,Ethiopia,0.413066,0.448775,1,Ethiopia,Uganda,1,0
Ethiopia--Uganda#ALL,Ethiopia--Uganda,ALL,2,Uganda,Uganda,0.542037,0.561668,1,Ethiopia,Uganda,1,0
France--Mongolia#ALL,France--Mongolia,ALL,1,France,France,0.37365,0.542016,1,France,Mongolia,1,0
France--Mongolia#ALL,France--Mongolia,ALL,2,Mongolia,Mongolia,0.328662,0.366715,1,France,Mongolia,1,0
France--Uganda#ALL,France--Uganda,ALL,1,France,France,0.37365,0.542016,1,France,Uganda,1,0
France--Uganda#ALL,France--Uganda,ALL,2,Uganda,Uganda,0.542037,0.561668,1,France,Uganda,1,0
Mongolia--South Africa#ALL,Mongolia--South Africa,ALL,1,Mongolia,Mongolia,0.328662,0.366715,1,Mongolia,South Africa,1,0
Mongolia--South Africa#ALL,Mongolia--South Africa,ALL,2,South Africa,South Africa,0.354082,0.657729,1,Mongolia,South Africa,1,0
Mongolia--Uganda#ALL,Mongolia--Uganda,ALL,1,Mongolia,Mongolia,0.328662,0.366715,1,Mongolia,Uganda,1,0
Mongolia--Uganda#ALL,Mongolia--Uganda,ALL,2,Uganda,Uganda,0.542037,0.561668,1,Mongolia,Uganda,1,0
Taiwan--Uganda#ALL,Taiwan--Uganda,ALL,1,Taiwan,Taiwan,0.310266,0.423686,1,Taiwan,Uganda,1,0
Taiwan--Uganda#ALL,Taiwan--Uganda,ALL,2,Uganda,Uganda,0.542037,0.561668,1,Taiwan,Uganda,1,0
Uganda--United States#ALL,Uganda--United States,ALL,1,Uganda,Uganda,0.542037,0.561668,1,Uganda,United States,1,0
Uganda--United States#ALL,Uganda--United States,ALL,2,United States,United States,0.440022,0.576858,1,Uganda,United States,1,0
Germany--Zambia#ALL,Germany--Zambia,ALL,1,Germany,Germany,0.479367,0.620904,1,Germany,Zambia,1,0
Germany--Zambia#ALL,Germany--Zambia,ALL,2,Zambia,Zambia,0.452671,0.736174,1,Germany,Zambia,1,0
Switzerland--Zambia#ALL,Switzerland--Zambia,ALL,1,Switzerland,Switzerland,0.407049,0.531378,1,Switzerland,Zambia,1,0
Switzerland--Zambia#ALL,Switzerland--Zambia,ALL,2,Zambia,Zambia,0.452671,0.736174,1,Switzerland,Zambia,1,0
Germany--Taiwan#ALL,Germany--Taiwan,ALL,1,Germany,Germany,0.479367,0.620904,1,Germany,Taiwan,1,0
Germany--Taiwan#ALL,Germany--Taiwan,ALL,2,Taiwan,Taiwan,0.310266,0.423686,1,Germany,Taiwan,1,0
