uid,author_key,author_name,position,is_first,is_last,institution,country,sector,n_affiliations,year,primary_domain
doi:10.1093/jambio/lxag031,zwe-y,"Zwe, Ye Htut",1,1,0,National University of Singapore,Singapore,government,2,2026,amr_hai
doi:10.1093/jambio/lxag031,yuk-h,"Yuk, Hyun-Gyun",2,0,1,,Republic of Korea,,2,2026,amr_hai
doi:10.1128/spectrum.00627-26,barcelli-v,"Barcelli, Valeria",1,1,0,Nanyang Technological University,Singapore,university,2,2026,tb
doi:10.1128/spectrum.00627-26,shin-b,"Shin, Bora",2,0,0,National University of Singapore,Singapore,university,1,2026,tb
doi:10.1128/spectrum.00627-26,choo-b,"Choo, Barry Boon Liang",3,0,0,National University of Singapore,Singapore,university,1,2026,tb
doi:10.1128/spectrum.00627-26,dorett-s,"Dorett, Sarah Leela",4,0,0,National University of Singapore,Singapore,university,1,2026,tb
doi:10.1128/spectrum.00627-26,bifani-p,"Bifani, Pablo",5,0,1,A*STAR Infectious Diseases Labs,Singapore,research_institute,2,2026,tb
doi:10.1371/journal.pntd.0014584,blacksell-s,"Blacksell, Stuart D",1,1,0,Mahidol University,Australia,university,3,2026,vector_borne
doi:10.1371/journal.pntd.0014584,ward-m,"Ward, Michael P",2,0,0,,Australia,,1,2026,vector_borne
doi:10.1371/journal.pntd.0014584,young-j,"Young, James R",3,0,0,,Australia,,1,2026,vector_borne
doi:10.1371/journal.pntd.0014584,bush-r,"Bush, Russell D",4,0,0,,Australia,,1,2026,vector_borne
doi:10.1371/journal.pntd.0014584,windsor-p,"Windsor, Peter A",5,0,0,,Australia,,1,2026,vector_borne
doi:10.1371/journal.pntd.0014584,khounsy-s,"Khounsy, Syseng",6,0,0,Mahidol University,Thailand,university,2,2026,vector_borne
doi:10.1371/journal.pntd.0014584,phommachanh-p,"Phommachanh, Phouvong",7,0,0,,,,1,2026,vector_borne
doi:10.1371/journal.pntd.0014584,theppangna-w,"Theppangna, Watthana",8,0,0,,,,1,2026,vector_borne
doi:10.1371/journal.pntd.0014584,siengsananlamont-j,"Siengsanan-Lamont, Jarunee",9,0,0,Mahidol University,Thailand,university,1,2026,vector_borne
doi:10.1371/journal.pntd.0014584,burns-r,"Burns, Rebekah",10,0,0,,Australia,,1,2026,vector_borne
doi:10.1371/journal.pntd.0014584,turner-p,"Turner, Paul",11,0,0,University of Oxford,Cambodia,university,2,2026,vector_borne
doi:10.1371/journal.pntd.0014584,gilbert-j,"Gilbert, Jeffrey",12,0,0,World Health Organization,Switzerland,government,1,2026,vector_borne
doi:10.1371/journal.pntd.0014584,kong-l,"Kong, Lida",13,0,0,Mahidol University,Thailand,university,1,2026,vector_borne
doi:10.1371/journal.pntd.0014584,tum-s,"Tum, Sothyra",14,0,0,,Cambodia,,1,2026,vector_borne
doi:10.1371/journal.pntd.0014584,karlsson-e,"Karlsson, Erik A",15,0,0,,Cambodia,,1,2026,vector_borne
doi:10.1371/journal.pntd.0014584,conlan-j,"Conlan, James V",16,0,0,,Australia,,1,2026,vector_borne
doi:10.1371/journal.pntd.0014584,hughes-t,"Hughes, Tom",17,0,0,,Malaysia,,1,2026,vector_borne
doi:10.1371/journal.pntd.0014584,kolenchery-j,"Kolenchery, Jaison B",18,0,0,Mahidol University,Thailand,university,2,2026,vector_borne
doi:10.1371/journal.pntd.0014584,roberts-t,"Roberts, Tamalee",19,0,0,University of Oxford,United Kingdom,university,2,2026,vector_borne
doi:10.1371/journal.pntd.0014584,robinson-m,"Robinson, Matthew T",20,0,0,University of Oxford,United Kingdom,university,2,2026,vector_borne
doi:10.1371/journal.pntd.0014584,vongsouvath-m,"Vongsouvath, Manivanh",21,0,0,,,,1,2026,vector_borne
doi:10.1371/journal.pntd.0014584,newton-p,"Newton, Paul N",22,0,0,Mahidol University,Thailand,university,3,2026,vector_borne
doi:10.1371/journal.pntd.0014584,mayxay-m,"Mayxay, Mayfong",23,0,0,National University of Singapore,Singapore,university,5,2026,vector_borne
doi:10.1371/journal.pntd.0014584,ashley-e,"Ashley, Elizabeth A",24,0,0,University of Oxford,United Kingdom,university,2,2026,vector_borne
doi:10.1371/journal.pntd.0014584,day-n,"Day, Nicholas P J",25,0,1,Mahidol University,Thailand,university,2,2026,vector_borne
doi:10.3390/ijms27031504,ponniah-c,"Ponniah, Caleb",1,1,0,Nanyang Technological University,Singapore,university,1,2026,vector_borne
doi:10.3390/ijms27031504,surya-w,"Surya, Wahyu",2,0,0,Nanyang Technological University,Singapore,university,1,2026,vector_borne
doi:10.3390/ijms27031504,torres-j,"Torres, Jaume",3,0,1,Nanyang Technological University,Singapore,university,1,2026,vector_borne
doi:10.1186/s12889-026-26979-0,denholm-j,"Denholm, Justin T",1,1,0,University of Melbourne,Australia,university,2,2026,tb
doi:10.1186/s12889-026-26979-0,devries-g,"de Vries, Gerard",2,0,0,,Netherlands,,1,2026,tb
doi:10.1186/s12889-026-26979-0,anthony-r,"Anthony, Richard",3,0,0,,Netherlands,,1,2026,tb
doi:10.1186/s12889-026-26979-0,robinson-e,"Robinson, Esther",4,0,0,,United Kingdom,,1,2026,tb
doi:10.1186/s12889-026-26979-0,backx-m,"Backx, Matthijs",5,0,0,,United Kingdom,,1,2026,tb
doi:10.1186/s12889-026-26979-0,laurenson-i,"Laurenson, Ian F",6,0,0,,United Kingdom,,1,2026,tb
doi:10.1186/s12889-026-26979-0,seagar-a,"Seagar, Amie-Louise",7,0,0,,United Kingdom,,1,2026,tb
doi:10.1186/s12889-026-26979-0,trieu-l,"Trieu, Lisa",8,0,0,,United States,,1,2026,tb
doi:10.1186/s12889-026-26979-0,modestil-h,"Modestil, Herns",9,0,0,,United States,,1,2026,tb
doi:10.1186/s12889-026-26979-0,meissner-j,"Meissner, Jeanne Sullivan",10,0,0,,United States,,1,2026,tb
doi:10.1186/s12889-026-26979-0,ng-d,"Ng, Deborah Hee Ling",11,0,0,National Centre for Infectious Diseases,Singapore,hospital,1,2026,tb
doi:10.1186/s12889-026-26979-0,tay-j,"Tay, Jun Yang",12,0,0,National Centre for Infectious Diseases,Singapore,hospital,1,2026,tb
doi:10.1186/s12889-026-26979-0,marais-b,"Marais, Ben J",13,0,0,,Australia,,1,2026,tb
doi:10.1186/s12889-026-26979-0,sintchenko-v,"Sintchenko, Vitali",14,0,0,,Australia,,1,2026,tb
doi:10.1186/s12889-026-26979-0,lee-r,"Lee, Robyn",15,0,0,,Canada,,1,2026,tb
doi:10.1186/s12889-026-26979-0,donnan-e,"Donnan, Ellen J",16,0,1,,Australia,,2,2026,tb
doi:10.1016/j.avsg.2025.12.042,eze-a,"Eze, Anthony N",1,1,0,,,,1,2026,amr_hai
doi:10.1016/j.avsg.2025.12.042,yu-j,"Yu, Junette",2,0,0,Duke-NUS Medical School,Singapore,university,1,2026,amr_hai
doi:10.1016/j.avsg.2025.12.042,cui-c,"Cui, Christina L",3,0,0,,,,1,2026,amr_hai
doi:10.1016/j.avsg.2025.12.042,kim-y,"Kim, Young",4,0,1,,,,1,2026,amr_hai
doi:10.1001/jamanetworkopen.2026.28389,wee-l,"Wee, Liang En",1,1,0,Communicable Diseases Agency,Singapore,government,5,2026,rti
doi:10.1001/jamanetworkopen.2026.28389,goh-n,"Goh, Nicole Shu-En",2,0,0,National Centre for Infectious Diseases,Singapore,hospital,1,2026,rti
doi:10.1001/jamanetworkopen.2026.28389,ho-r,"Ho, Reen Wan-Li",3,0,0,National Centre for Infectious Diseases,Singapore,hospital,1,2026,rti
doi:10.1001/jamanetworkopen.2026.28389,lim-j,"Lim, Jue Tao",4,0,0,Nanyang Technological University,Singapore,university,1,2026,rti
doi:10.1001/jamanetworkopen.2026.28389,ngiam-j,"Ngiam, Jinghao Nicholas",5,0,0,Communicable Diseases Agency,Singapore,government,2,2026,rti
doi:10.1001/jamanetworkopen.2026.28389,lim-s,"Lim, Soon Kok",6,0,0,Communicable Diseases Agency,Singapore,government,1,2026,rti
doi:10.1001/jamanetworkopen.2026.28389,chiew-c,"Chiew, Calvin",7,0,0,Communicable Diseases Agency,Singapore,government,2,2026,rti
doi:10.1001/jamanetworkopen.2026.28389,li-r,"Li, Russell Jingxian",8,0,0,National Centre for Infectious Diseases,Singapore,hospital,1,2026,rti
doi:10.1001/jamanetworkopen.2026.28389,li-j,"Li, Jiahui",9,0,0,KK Women's and Children's Hospital,Singapore,hospital,4,2026,rti
doi:10.1001/jamanetworkopen.2026.28389,yung-c,"Yung, Chee-Fu",10,0,0,KK Women's and Children's Hospital,Singapore,hospital,3,2026,rti
doi:10.1001/jamanetworkopen.2026.28389,chong-c,"Chong, Chia Yin",11,0,0,KK Women's and Children's Hospital,Singapore,hospital,4,2026,rti
doi:10.1001/jamanetworkopen.2026.28389,choolani-m,"Choolani, Mahesh",12,0,0,National University Health System,Singapore,hospital,2,2026,rti
doi:10.1001/jamanetworkopen.2026.28389,lee-v,"Lee, Vernon",13,0,0,Communicable Diseases Agency,Singapore,government,3,2026,rti
doi:10.1001/jamanetworkopen.2026.28389,lye-d,"Lye, David",14,0,0,Communicable Diseases Agency,Singapore,government,5,2026,rti
doi:10.1001/jamanetworkopen.2026.28389,tan-k,"Tan, Kelvin Bryan",15,0,1,Nanyang Technological University,Singapore,university,4,2026,rti
doi:10.1002/anie.202517460,vu-q,"Vu, Quang Huy Nhat",1,1,0,Nanyang Technological University,Singapore,university,1,2026,amr_hai
doi:10.1002/anie.202517460,tan-c,"Tan, Chongyun",2,0,0,Nanyang Technological University,Singapore,university,1,2026,amr_hai
doi:10.1002/anie.202517460,lambu-m,"Lambu, Mallikharjuna Rao",3,0,0,Nanyang Technological University,Singapore,university,1,2026,amr_hai
doi:10.1002/anie.202517460,wang-z,"Wang, Zheng",4,0,0,Nanyang Technological University,Singapore,university,1,2026,amr_hai
doi:10.1002/anie.202517460,tan-s,"Tan, Shiow Han",5,0,0,Nanyang Technological University,Singapore,university,1,2026,amr_hai
doi:10.1002/anie.202517460,koh-c,"Koh, Chong Hui",6,0,0,Nanyang Technological University,Singapore,university,1,2026,amr_hai
doi:10.1002/anie.202517460,tonanon-p,"Tonanon, Panyawut",7,0,0,Nanyang Technological University,Singapore,university,1,2026,amr_hai
doi:10.1002/anie.202517460,wei-g,"Wei, Guangmin",8,0,0,Nanyang Technological University,Singapore,university,1,2026,amr_hai
doi:10.1002/anie.202517460,webster-r,"Webster, Richard D",9,0,0,Nanyang Technological University,Singapore,university,1,2026,amr_hai
doi:10.1002/anie.202517460,chanpark-m,"Chan-Park, Mary B",10,0,1,Nanyang Technological University,Singapore,university,2,2026,amr_hai
doi:10.1136/bmjopen-2025-103987,nguyen-h,"Nguyen, Ha Thu Thi",1,1,0,,Viet Nam,,1,2026,rti
doi:10.1136/bmjopen-2025-103987,nguyen-h,"Nguyen, Hien Thu",2,0,0,,Viet Nam,,2,2026,rti
doi:10.1136/bmjopen-2025-103987,phan-t,"Phan, Thuong Huyen Thi",3,0,0,,Viet Nam,,1,2026,rti
doi:10.1136/bmjopen-2025-103987,duong-g,"Duong, Giang Tra Thi",4,0,0,,Viet Nam,,1,2026,rti
doi:10.1136/bmjopen-2025-103987,do-l,"Do, Linh Anh",5,0,0,,Viet Nam,,1,2026,rti
doi:10.1136/bmjopen-2025-103987,vu-h,"Vu, Ha Ngoc",6,0,0,,Viet Nam,,2,2026,rti
doi:10.1136/bmjopen-2025-103987,nguyen-t,"Nguyen, Tham Thi",7,0,0,,France,,2,2026,rti
doi:10.1136/bmjopen-2025-103987,fernandes-s,"Fernandes, Sara",8,0,0,,France,,1,2026,rti
doi:10.1136/bmjopen-2025-103987,boyer-l,"Boyer, Laurent",9,0,0,,France,,1,2026,rti
doi:10.1136/bmjopen-2025-103987,auquier-p,"Auquier, Pascal",10,0,0,,France,,1,2026,rti
doi:10.1136/bmjopen-2025-103987,nguyen-c,"Nguyen, Cuong Tat",11,0,0,,Viet Nam,,2,2026,rti
doi:10.1136/bmjopen-2025-103987,ha-d,"Ha, Duc Anh",12,0,0,,Viet Nam,,1,2026,rti
doi:10.1136/bmjopen-2025-103987,do-h,"Do, Huyen",13,0,0,,Republic of Korea,,2,2026,rti
doi:10.1136/bmjopen-2025-103987,vu-g,"Vu, Giang Thu",14,0,0,,Viet Nam,,1,2026,rti
doi:10.1136/bmjopen-2025-103987,ho-r,"Ho, Roger C M",15,0,0,National University of Singapore,China,university,2,2026,rti
doi:10.1136/bmjopen-2025-103987,ho-c,"Ho, Cyrus S H",16,0,1,National University of Singapore,Singapore,university,1,2026,rti
doi:10.1038/s41598-026-64190-8,pongracz-t,"Pongrácz, Tamás",1,1,0,,Sweden,,1,2026,rti
doi:10.1038/s41598-026-64190-8,marking-u,"Marking, Ulrika",2,0,0,,Sweden,,1,2026,rti
doi:10.1038/s41598-026-64190-8,bladh-o,"Bladh, Oscar",3,0,0,,Sweden,,1,2026,rti
doi:10.1038/s41598-026-64190-8,aguilera-k,"Aguilera, Katherina",4,0,0,,Sweden,,1,2026,rti
doi:10.1038/s41598-026-64190-8,berkell-m,"Berkell, Matilda",5,0,0,,Sweden,,2,2026,rti
doi:10.1038/s41598-026-64190-8,havervall-s,"Havervall, Sebastian",6,0,0,,Sweden,,1,2026,rti
doi:10.1038/s41598-026-64190-8,greilertnorin-n,"Greilert-Norin, Nina",7,0,0,,Sweden,,1,2026,rti
doi:10.1038/s41598-026-64190-8,nouta-j,"Nouta, Jan",8,0,0,,Netherlands,,1,2026,rti
doi:10.1038/s41598-026-64190-8,gijze-s,"Gijze, Steinar",9,0,0,,Netherlands,,1,2026,rti
doi:10.1038/s41598-026-64190-8,wasynczuk-a,"Wasynczuk, Anna",10,0,0,,Netherlands,,1,2026,rti
doi:10.1038/s41598-026-64190-8,aberg-m,"Åberg, Mikael",11,0,0,,Sweden,,2,2026,rti
doi:10.1038/s41598-026-64190-8,vidarsson-g,"Vidarsson, Gestur",12,0,0,,Netherlands,,2,2026,rti
doi:10.1038/s41598-026-64190-8,zhong-y,"Zhong, Youjia",13,0,0,National University Health System,Singapore,hospital,2,2026,rti
doi:10.1038/s41598-026-64190-8,falck-d,"Falck, David",14,0,0,,Netherlands,,1,2026,rti
doi:10.1038/s41598-026-64190-8,thalin-c,"Thålin, Charlotte",15,0,1,,Sweden,,1,2026,rti
doi:10.1186/s12348-026-00586-x,yin-t,"Yin, Toh Ker",1,1,0,Khoo Teck Puat Hospital,Singapore,hospital,1,2026,tb
doi:10.1186/s12348-026-00586-x,ali-s,"Ali, Sowkath",2,0,0,Khoo Teck Puat Hospital,Singapore,hospital,1,2026,tb
doi:10.1186/s12348-026-00586-x,gopal-l,"Gopal, Lekha",3,0,0,Khoo Teck Puat Hospital,Singapore,hospital,1,2026,tb
doi:10.1186/s12348-026-00586-x,sen-y,"Sen, Yuen Yew",4,0,1,National University Hospital,Singapore,hospital,1,2026,tb
doi:10.1186/s12942-026-00467-5,baker-c,"Baker, Chelsea R",1,1,0,,United States,,1,2026,tb
doi:10.1186/s12942-026-00467-5,barilar-i,"Barilar, Ivan",2,0,0,,Germany,,1,2026,tb
doi:10.1186/s12942-026-00467-5,dearaujo-l,"de Araujo, Leonardo S",3,0,0,,Germany,,1,2026,tb
doi:10.1186/s12942-026-00467-5,parker-d,"Parker, Daniel M",4,0,0,,United States,,1,2026,tb
doi:10.1186/s12942-026-00467-5,fornace-k,"Fornace, Kimberly",5,0,0,National University of Singapore,Singapore,university,1,2026,tb
doi:10.1186/s12942-026-00467-5,moonan-p,"Moonan, Patrick K",6,0,0,US Centers for Disease Control and Prevention,United States,government,1,2026,tb
doi:10.1186/s12942-026-00467-5,oeltmann-j,"Oeltmann, John E",7,0,0,US Centers for Disease Control and Prevention,United States,government,1,2026,tb
doi:10.1186/s12942-026-00467-5,tobias-j,"Tobias, James L",8,0,0,,United States,,1,2026,tb
doi:10.1186/s12942-026-00467-5,minin-v,"Minin, Volodymyr M",9,0,0,,United States,,1,2026,tb
doi:10.1186/s12942-026-00467-5,modongo-c,"Modongo, Chawangwa",10,0,0,,Botswana,,1,2026,tb
doi:10.1186/s12942-026-00467-5,zetola-n,"Zetola, Nicola M",11,0,0,,United States,,1,2026,tb
doi:10.1186/s12942-026-00467-5,niemann-s,"Niemann, Stefan",12,0,0,,Germany,,1,2026,tb
doi:10.1186/s12942-026-00467-5,shin-s,"Shin, Sanghyuk S",13,0,1,,United States,,1,2026,tb
doi:10.5588/ijtldopen.26.0076,barcellini-l,"Barcellini, L",1,1,0,,Italy,,1,2026,tb
doi:10.5588/ijtldopen.26.0076,sauer-s,"Sauer, S",2,0,0,Harvard University,United States,university,1,2026,tb
doi:10.5588/ijtldopen.26.0076,romo-m,"Romo, M",3,0,0,Harvard University,United States,university,1,2026,tb
doi:10.5588/ijtldopen.26.0076,mitnick-c,"Mitnick, C D",4,0,0,Harvard University,United States,university,3,2026,tb
doi:10.5588/ijtldopen.26.0076,huerga-h,"Huerga, H",5,0,0,,France,,1,2026,tb
doi:10.5588/ijtldopen.26.0076,khan-u,"Khan, U",6,0,0,,Singapore,,1,2026,tb
doi:10.5588/ijtldopen.26.0076,hewison-c,"Hewison, C",7,0,0,,France,,1,2026,tb
doi:10.5588/ijtldopen.26.0076,rich-m,"Rich, M L",8,0,0,,United States,,2,2026,tb
doi:10.5588/ijtldopen.26.0076,franke-m,"Franke, M F",9,0,0,Harvard University,United States,university,1,2026,tb
doi:10.5588/ijtldopen.26.0076,khan-p,"Khan, P Y",10,0,1,London School of Hygiene & Tropical Medicine,Singapore,university,2,2026,tb
doi:10.1073/pnas.2606669123,chi-d,"Chi, Dengkai",1,1,0,,China,,2,2026,vector_borne
doi:10.1073/pnas.2606669123,richards-d,"Richards, Daniel",2,0,0,,New Zealand,,1,2026,vector_borne
doi:10.1073/pnas.2606669123,manoli-g,"Manoli, Gabriele",3,0,0,,Switzerland,,1,2026,vector_borne
doi:10.1073/pnas.2606669123,yang-j,"Yang, Jun",4,0,0,,China,,1,2026,vector_borne
doi:10.1073/pnas.2606669123,ji-j,"Ji, John S",5,0,0,,China,,1,2026,vector_borne
doi:10.1073/pnas.2606669123,zhang-y,"Zhang, Ye",6,0,0,,China,,1,2026,vector_borne
doi:10.1073/pnas.2606669123,lin-b,"Lin, Brenda",7,0,0,,Australia,,1,2026,vector_borne
doi:10.1073/pnas.2606669123,hahs-a,"Hahs, Amy",8,0,0,University of Melbourne,Australia,university,1,2026,vector_borne
doi:10.1073/pnas.2606669123,liu-c,"Liu, Congqiang",9,0,0,,China,,1,2026,vector_borne
doi:10.1073/pnas.2606669123,zhu-y,"Zhu, Yue",10,0,0,,China,,2,2026,vector_borne
doi:10.1073/pnas.2606669123,qiu-y,"Qiu, Yeshan",11,0,0,,Singapore,,2,2026,vector_borne
doi:10.1073/pnas.2606669123,wang-j,"Wang, Jing",12,0,0,,Singapore,,1,2026,vector_borne
doi:10.1073/pnas.2606669123,burlando-p,"Burlando, Paolo",13,0,0,,Switzerland,,1,2026,vector_borne
doi:10.1073/pnas.2606669123,fatichi-s,"Fatichi, Simone",14,0,0,,Singapore,,1,2026,vector_borne
doi:10.1073/pnas.2606669123,tan-p,"Tan, Puay Yok",15,0,1,,Singapore,,1,2026,vector_borne
doi:10.3390/biom16070970,malkawi-r,"Malkawi, Ruba",1,1,0,,Jordan,,3,2026,amr_hai
doi:10.3390/biom16070970,weldonbee-j,"Weldon-Bee, James",2,0,0,,United Kingdom,,2,2026,amr_hai
doi:10.3390/biom16070970,kiptoo-e,"Kiptoo, Edwin",3,0,0,,United Kingdom,,2,2026,amr_hai
doi:10.3390/biom16070970,das-s,"Das, Sanjit",4,0,0,,United Kingdom,,2,2026,amr_hai
doi:10.3390/biom16070970,chen-y,"Chen, Yinzhe",5,0,0,,China,,2,2026,amr_hai
doi:10.3390/biom16070970,iyer-a,"Iyer, Abhishek",6,0,0,,United Kingdom,,1,2026,amr_hai
doi:10.3390/biom16070970,lakshminarayanan-r,"Lakshminarayanan, Rajamani",7,0,0,Duke-NUS Medical School,Singapore,university,3,2026,amr_hai
doi:10.3390/biom16070970,zhang-q,"Zhang, Qian",8,0,0,,China,,2,2026,amr_hai
doi:10.3390/biom16070970,parmar-a,"Parmar, Anish",9,0,0,,United Kingdom,,2,2026,amr_hai
doi:10.3390/biom16070970,singh-i,"Singh, Ishwar",10,0,1,,United Kingdom,,2,2026,amr_hai
doi:10.3390/pathogens15040378,cleary-n,"Cleary, Nora G",1,1,0,,United States,,2,2026,vector_borne
doi:10.3390/pathogens15040378,tsevelmaa-n,"Tsevelmaa, Nyamdelger",2,0,0,,Mongolia,,1,2026,vector_borne
doi:10.3390/pathogens15040378,paoli-j,"Paoli, Julia E",3,0,0,,United States,,2,2026,vector_borne
doi:10.3390/pathogens15040378,hoylman-m,"Hoylman, Micah",4,0,0,,United States,,1,2026,vector_borne
doi:10.3390/pathogens15040378,altantogtokh-d,"Altantogtokh, Doniddemberel",5,0,0,,Mongolia,,2,2026,vector_borne
doi:10.3390/pathogens15040378,wiley-m,"Wiley, Michael R",6,0,0,,United States,,2,2026,vector_borne
doi:10.3390/pathogens15040378,wiley-j,"Wiley, Jessica D",7,0,0,,United States,,1,2026,vector_borne
doi:10.3390/pathogens15040378,perezjimenez-j,"Perez Jimenez, Juan G",8,0,0,,United States,,2,2026,vector_borne
doi:10.3390/pathogens15040378,salyer-a,"Salyer, Adam",9,0,0,,Singapore,,1,2026,vector_borne
doi:10.3390/pathogens15040378,etobayeva-i,"Etobayeva, Irina V",10,0,0,,Singapore,,1,2026,vector_borne
doi:10.3390/pathogens15040378,davaasuren-n,"Davaasuren, Nergui",11,0,0,,Mongolia,,1,2026,vector_borne
doi:10.3390/pathogens15040378,bolorchimeg-b,"Bolorchimeg, Buyandelger",12,0,0,,Mongolia,,1,2026,vector_borne
doi:10.3390/pathogens15040378,amgalanbayar-b,"Amgalanbayar, Bandikhuu",13,0,0,,Mongolia,,1,2026,vector_borne
doi:10.3390/pathogens15040378,mavian-c,"Mavian, Carla",14,0,0,,United States,,2,2026,vector_borne
doi:10.3390/pathogens15040378,letizia-a,"Letizia, Andrew G",15,0,0,,Singapore,,1,2026,vector_borne
doi:10.3390/pathogens15040378,boldbaatar-b,"Boldbaatar, Bazartseren",16,0,0,,Mongolia,,1,2026,vector_borne
doi:10.3390/pathogens15040378,vonfricken-m,"von Fricken, Michael E",17,0,1,,United States,,2,2026,vector_borne
doi:10.1080/07853890.2026.2714685,tep-s,"Tep, Sovanvorleak",1,1,0,,Cambodia,,1,2026,tb
doi:10.1080/07853890.2026.2714685,tuot-s,"Tuot, Sovannary",2,0,0,,Cambodia,,3,2026,tb
doi:10.1080/07853890.2026.2714685,cheng-s,"Cheng, Sokleaph",3,0,0,,Cambodia,,1,2026,tb
doi:10.1080/07853890.2026.2714685,ung-s,"Ung, Socheatraksmey",4,0,0,,Cambodia,,1,2026,tb
doi:10.1080/07853890.2026.2714685,guillard-b,"Guillard, Bertrand",5,0,0,,Cambodia,,1,2026,tb
doi:10.1080/07853890.2026.2714685,menh-s,"Menh, Saren",6,0,0,,Cambodia,,1,2026,tb
doi:10.1080/07853890.2026.2714685,choub-s,"Choub, Sok Chamreun",7,0,0,,Cambodia,,1,2026,tb
doi:10.1080/07853890.2026.2714685,huot-c,"Huot, Chan Yuda",8,0,0,,Cambodia,,1,2026,tb
doi:10.1080/07853890.2026.2714685,borand-l,"Borand, Laurence",9,0,0,Johns Hopkins University,Cambodia,university,2,2026,tb
doi:10.1080/07853890.2026.2714685,fox-g,"Fox, Greg J",10,0,0,,Australia,,2,2026,tb
doi:10.1080/07853890.2026.2714685,teo-a,"Teo, Alvin Kuo Jing",11,0,1,National University of Singapore,Australia,university,3,2026,tb
doi:10.64898/2026.03.19.26348865,pasayan-m,"Pasayan, Mark Kristoffer Ungos",1,1,0,,Philippines,,1,2026,sti
doi:10.64898/2026.03.19.26348865,jiamsakul-a,"Jiamsakul, Awachana",2,0,0,,Australia,,1,2026,sti
doi:10.64898/2026.03.19.26348865,yunihastuti-e,"Yunihastuti, Evy",3,0,0,Universitas Indonesia,Indonesia,university,1,2026,sti
doi:10.64898/2026.03.19.26348865,azwa-i,"Azwa, Iskandar",4,0,0,University of Malaya,Malaysia,university,1,2026,sti
doi:10.64898/2026.03.19.26348865,choi-j,"Choi, Jun Yong",5,0,0,,Republic of Korea,,1,2026,sti
doi:10.64898/2026.03.19.26348865,kumarasamy-n,"Kumarasamy, Nagalingeswaran",6,0,0,,India,,1,2026,sti
doi:10.64898/2026.03.19.26348865,avihingsanon-a,"Avihingsanon, Anchalee",7,0,0,,Thailand,,1,2026,sti
doi:10.64898/2026.03.19.26348865,chaiwarith-r,"Chaiwarith, Romanee",8,0,0,,Thailand,,1,2026,sti
doi:10.64898/2026.03.19.26348865,chan-y,"Chan, Yu-Jiun",9,0,0,,Taiwan,,1,2026,sti
doi:10.64898/2026.03.19.26348865,khol-v,"Khol, Vohith",10,0,0,,Cambodia,,1,2026,sti
doi:10.64898/2026.03.19.26348865,kiertiburanakul-s,"Kiertiburanakul, Sasisopin",11,0,0,Mahidol University,Thailand,university,1,2026,sti
doi:10.64898/2026.03.19.26348865,lee-m,"Lee, Man Po",12,0,0,,Hong Kong SAR,,1,2026,sti
doi:10.64898/2026.03.19.26348865,somia-i,"Somia, I Ketut Agus",13,0,0,,Indonesia,,1,2026,sti
doi:10.64898/2026.03.19.26348865,pujari-s,"Pujari, Sanjay",14,0,0,,India,,1,2026,sti
doi:10.64898/2026.03.19.26348865,do-c,"Do, Cuong Duy",15,0,0,,Viet Nam,,1,2026,sti
doi:10.64898/2026.03.19.26348865,pham-t,"Pham, Thach Ngoc",16,0,0,,Viet Nam,,1,2026,sti
doi:10.64898/2026.03.19.26348865,zhang-f,"Zhang, Fujie",17,0,0,,China,,1,2026,sti
doi:10.64898/2026.03.19.26348865,khusuwan-s,"Khusuwan, Suwimon",18,0,0,,Thailand,,1,2026,sti
doi:10.64898/2026.03.19.26348865,ng-o,"Ng, Oon Tek",19,0,0,National Centre for Infectious Diseases,Singapore,hospital,1,2026,sti
doi:10.64898/2026.03.19.26348865,tanuma-j,"Tanuma, Junko",20,0,0,,Japan,,1,2026,sti
doi:10.64898/2026.03.19.26348865,gani-y,"Gani, Yasmin",21,0,0,,Malaysia,,1,2026,sti
doi:10.64898/2026.03.19.26348865,borse-r,"Borse, Rohidas",22,0,0,,India,,1,2026,sti
doi:10.64898/2026.03.19.26348865,ross-j,"Ross, Jeremy",23,0,0,,Thailand,,1,2026,sti
doi:10.64898/2026.03.19.26348865,ditangco-r,"Ditangco, Rossana",24,0,1,,Philippines,,1,2026,sti
doi:10.1016/j.celrep.2026.117286,mulholland-c,"Mulholland, Claire V",1,1,0,,United States,,1,2026,tb
doi:10.1016/j.celrep.2026.117286,lee-b,"Lee, Bei Shi",2,0,0,Nanyang Technological University,Singapore,university,2,2026,tb
doi:10.1016/j.celrep.2026.117286,chong-a,"Chong, Alexander",3,0,0,,United States,,1,2026,tb
doi:10.1016/j.celrep.2026.117286,cui-j,"Cui, Jinhua",4,0,0,,United States,,1,2026,tb
doi:10.1016/j.celrep.2026.117286,pethe-k,"Pethe, Kevin",5,0,0,Nanyang Technological University,Singapore,hospital,3,2026,tb
doi:10.1016/j.celrep.2026.117286,berney-m,"Berney, Michael",6,0,1,,Switzerland,,2,2026,tb
doi:10.1016/j.ejogrb.2026.115359,tay-s,"Tay, Sun Kuie",1,1,0,Singapore General Hospital,Singapore,hospital,1,2026,sti
doi:10.1016/j.ejogrb.2026.115359,lee-w,"Lee, Wai Yen",2,0,0,Singapore General Hospital,Singapore,hospital,1,2026,sti
doi:10.1016/j.ejogrb.2026.115359,ang-j,"Ang, Joella Xiaohong",3,0,1,Singapore General Hospital,Singapore,hospital,1,2026,sti
doi:10.1128/aac.00748-26,rossouw-j,"Rossouw, Jacques",1,1,0,,South Africa,,1,2026,tb
doi:10.1128/aac.00748-26,wallis-r,"Wallis, Robert",2,0,0,,South Africa,,1,2026,tb
doi:10.1128/aac.00748-26,kornfeld-h,"Kornfeld, Hardy",3,0,0,,United States,,1,2026,tb
doi:10.1128/aac.00748-26,singhal-a,"Singhal, Amit",4,0,0,"Agency for Science, Technology and Research",Singapore,research_institute,1,2026,tb
doi:10.1128/aac.00748-26,maartens-g,"Maartens, Gary",5,0,0,,South Africa,,1,2026,tb
doi:10.1128/aac.00748-26,wiesner-l,"Wiesner, Lubbe",6,0,0,,South Africa,,1,2026,tb
doi:10.1128/aac.00748-26,denti-p,"Denti, Paolo",7,0,0,,South Africa,,1,2026,tb
doi:10.1128/aac.00748-26,wasmann-r,"Wasmann, Roeland E",8,0,1,,South Africa,,1,2026,tb
doi:10.1186/s12929-026-01277-4,liu-j,"Liu, Jin-He",1,1,0,National University of Singapore,China,university,2,2026,rti
doi:10.1186/s12929-026-01277-4,zang-j,"Zang, Jian",2,0,0,National University of Singapore,China,university,2,2026,rti
doi:10.1186/s12929-026-01277-4,xu-j,"Xu, Jing-Ru",3,0,0,National University of Singapore,Singapore,university,2,2026,rti
doi:10.1186/s12929-026-01277-4,ran-x,"Ran, Xue-Bin",4,0,0,National University of Singapore,Singapore,university,2,2026,rti
doi:10.1186/s12929-026-01277-4,su-m,"Su, Min",5,0,0,,China,,1,2026,rti
doi:10.1186/s12929-026-01277-4,zhang-w,"Zhang, Wang-Ming",6,0,0,,China,,1,2026,rti
doi:10.1186/s12929-026-01277-4,ge-z,"Ge, Zhang-Wen",7,0,0,,China,,1,2026,rti
doi:10.1186/s12929-026-01277-4,sun-q,"Sun, Qiao-Yang",8,0,0,,Singapore,,1,2026,rti
doi:10.1186/s12929-026-01277-4,ding-l,"Ding, Ling-Wen",9,0,1,National University of Singapore,Singapore,university,2,2026,rti
doi:10.1371/journal.pntd.0014395,turner-h,"Turner, Hugo C",1,1,0,Imperial College London,United Kingdom,university,1,2026,vector_borne
doi:10.1371/journal.pntd.0014395,hung-t,"Hung, Trinh Manh",2,0,0,,Australia,,1,2026,vector_borne
doi:10.1371/journal.pntd.0014395,brady-o,"Brady, Oliver J",3,0,0,London School of Hygiene & Tropical Medicine,United Kingdom,university,2,2026,vector_borne
doi:10.1371/journal.pntd.0014395,velayudhan-r,"Velayudhan, Raman",4,0,0,World Health Organization,Switzerland,government,1,2026,vector_borne
doi:10.1371/journal.pntd.0014395,dorigatti-i,"Dorigatti, Ilaria",5,0,0,Imperial College London,United Kingdom,university,1,2026,vector_borne
doi:10.1371/journal.pntd.0014395,clapham-h,"Clapham, Hannah E",6,0,1,National University of Singapore,Singapore,university,1,2026,vector_borne
doi:10.1038/s41467-026-74934-9,lim-c,"Lim, Cherry",1,1,0,Mahidol University,Thailand,university,2,2026,amr_hai
doi:10.1038/s41467-026-74934-9,pouwels-k,"Pouwels, Koen B",2,0,0,University of Oxford,United Kingdom,university,1,2026,amr_hai
doi:10.1038/s41467-026-74934-9,lee-s,"Lee, Sue J",3,0,0,Mahidol University,Australia,university,3,2026,amr_hai
doi:10.1038/s41467-026-74934-9,mo-y,"Mo, Yin",4,0,0,Mahidol University,Singapore,hospital,6,2026,amr_hai
doi:10.1038/s41467-026-74934-9,vandoorn-r,"van Doorn, Rogier H",5,0,0,Oxford University Clinical Research Unit,United Kingdom,research_institute,2,2026,amr_hai
doi:10.1038/s41467-026-74934-9,turner-p,"Turner, Paul",6,0,0,University of Oxford,Cambodia,university,2,2026,amr_hai
doi:10.1038/s41467-026-74934-9,cooper-b,"Cooper, Ben S",7,0,1,Mahidol University,Thailand,university,2,2026,amr_hai
doi:10.1128/mbio.01075-26,zik-j,"Zik, Justin J",1,1,0,National University of Singapore,Singapore,university,1,2026,rti
doi:10.1128/mbio.01075-26,fu-z,"Fu, Zeyu",2,0,0,National University of Singapore,Singapore,university,1,2026,rti
doi:10.1128/mbio.01075-26,price-m,"Price, Morgan N",3,0,0,,United States,,1,2026,rti
doi:10.1128/mbio.01075-26,li-y,"Li, Yujie",4,0,0,Nanyang Technological University,Singapore,university,1,2026,rti
doi:10.1128/mbio.01075-26,yuan-q,"Yuan, Qiao",5,0,0,Nanyang Technological University,Singapore,university,1,2026,rti
doi:10.1128/mbio.01075-26,arkin-a,"Arkin, Adam P",6,0,0,,United States,,2,2026,rti
doi:10.1128/mbio.01075-26,deutschbauer-a,"Deutschbauer, Adam M",7,0,0,,United States,,2,2026,rti
doi:10.1128/mbio.01075-26,floreskim-j,"Flores-Kim, Josue",8,0,0,,United States,,1,2026,rti
doi:10.1128/mbio.01075-26,sham-l,"Sham, Lok-To",9,0,1,National University of Singapore,Singapore,university,1,2026,rti
doi:10.1080/10810730.2026.2687792,ou-m,"Ou, Mengxue",1,1,0,,China,,1,2026,vector_borne
doi:10.1080/10810730.2026.2687792,ho-s,"Ho, Shirley S",2,0,1,Nanyang Technological University,Singapore,university,1,2026,vector_borne
doi:10.1111/scs.70292,abdulrahman-h,"Abdul Rahman, Hanif",1,1,0,National University of Singapore,Brunei Darussalam,university,2,2026,rti
doi:10.1111/scs.70292,zahari-n,"Zahari, Nurrabiatul Haziqah",2,0,1,,Brunei Darussalam,,1,2026,rti
doi:10.3390/vaccines14060469,goh-z,"Goh, Ziying",1,1,0,SingHealth,Singapore,hospital,1,2026,rti
doi:10.3390/vaccines14060469,koh-y,"Koh, Yi Ling Eileen",2,0,0,SingHealth,Singapore,hospital,1,2026,rti
doi:10.3390/vaccines14060469,aau-w,"Aau, Wai Keong",3,0,0,SingHealth,Singapore,hospital,1,2026,rti
doi:10.3390/vaccines14060469,tan-n,"Tan, Ngiap Chuan",4,0,0,SingHealth,Singapore,hospital,2,2026,rti
doi:10.3390/vaccines14060469,ng-c,"Ng, Chirk Jenn",5,0,0,SingHealth,Singapore,hospital,2,2026,rti
doi:10.3390/vaccines14060469,ng-c,"Ng, Chung Wai Mark",6,0,1,SingHealth,Singapore,hospital,1,2026,rti
doi:10.1177/08903344261475018,jayagobi-p,"Jayagobi, Pooja Agarwal",1,1,0,KK Women's and Children's Hospital,Singapore,hospital,4,2026,rti
doi:10.1177/08903344261475018,ong-c,"Ong, Chengsi",2,0,0,KK Women's and Children's Hospital,Singapore,hospital,1,2026,rti
doi:10.1177/08903344261475018,chanpang-c,"Chan Pang, Cynthia Pui",3,0,0,KK Women's and Children's Hospital,Singapore,hospital,1,2026,rti
doi:10.1177/08903344261475018,wong-a,"Wong, Anng Anng",4,0,0,KK Women's and Children's Hospital,Singapore,hospital,1,2026,rti
doi:10.1177/08903344261475018,wong-s,"Wong, Siew Tin",5,0,0,KK Women's and Children's Hospital,Singapore,hospital,1,2026,rti
doi:10.1177/08903344261475018,ying-z,"Ying, Zheng",6,0,0,KK Women's and Children's Hospital,Singapore,hospital,1,2026,rti
doi:10.1177/08903344261475018,chua-m,"Chua, Mei Chien",7,0,1,KK Women's and Children's Hospital,Singapore,hospital,7,2026,rti
doi:10.3390/ijms27167316,how-w,"How, Wilson Z Y",1,1,0,National University of Singapore,Singapore,university,1,2026,rti
doi:10.3390/ijms27167316,teh-l,"Teh, Le Xin",2,0,0,National University of Singapore,Singapore,university,1,2026,rti
doi:10.3390/ijms27167316,chow-v,"Chow, Vincent T K",3,0,1,National University of Singapore,Singapore,university,2,2026,rti
doi:10.1093/ofid/ofag421,mcbride-a,"McBride, Angela",1,1,0,University of Oxford,United Kingdom,university,1,2026,vector_borne
doi:10.1093/ofid/ofag421,vuong-n,"Vuong, Nguyen Lam",2,0,0,Oxford University Clinical Research Unit,Viet Nam,research_institute,2,2026,vector_borne
doi:10.1093/ofid/ofag421,adhikari-s,"Adhikari, Sudeep",3,0,0,Oxford University Clinical Research Unit,Nepal,research_institute,1,2026,vector_borne
doi:10.1093/ofid/ofag421,han-s,"Han, Su Myat",4,0,0,,Japan,,1,2026,vector_borne
doi:10.1093/ofid/ofag421,chia-p,"Chia, Po Ying",5,0,0,National Centre for Infectious Diseases,Singapore,hospital,2,2026,vector_borne
doi:10.1093/ofid/ofag421,trieu-h,"Trieu, Huynh Trung",6,0,0,,Viet Nam,,1,2026,vector_borne
doi:10.1093/ofid/ofag421,lam-p,"Lam, Phung Khanh",7,0,0,National University of Singapore,Singapore,university,1,2026,vector_borne
doi:10.1093/ofid/ofag421,chanh-h,"Chanh, Ho Quang",8,0,0,Oxford University Clinical Research Unit,Viet Nam,research_institute,1,2026,vector_borne
doi:10.1093/ofid/ofag421,rajahram-g,"Rajahram, Giri",9,0,0,,Malaysia,,2,2026,vector_borne
doi:10.1093/ofid/ofag421,horby-p,"Horby, Peter",10,0,0,University of Oxford,United Kingdom,university,1,2026,vector_borne
doi:10.1093/ofid/ofag421,yeo-t,"Yeo, Tsin Wen",11,0,0,National Centre for Infectious Diseases,Singapore,hospital,2,2026,vector_borne
doi:10.1093/ofid/ofag421,kestelyn-e,"Kestelyn, Evelyne",12,0,0,Oxford University Clinical Research Unit,United Kingdom,research_institute,2,2026,vector_borne
doi:10.1093/ofid/ofag421,watson-j,"Watson, James",13,0,0,University of Oxford,United Kingdom,university,1,2026,vector_borne
doi:10.1093/ofid/ofag421,trung-t,"Trung, Truong Ngoc",14,0,0,,Viet Nam,,1,2026,vector_borne
doi:10.1093/ofid/ofag421,yacoub-s,"Yacoub, Sophie",15,0,1,Oxford University Clinical Research Unit,United Kingdom,research_institute,2,2026,vector_borne
doi:10.1371/journal.pgph.0007105,lopeztoledano-m,"López Toledano, Max D",1,1,0,National University of Singapore,Singapore,university,1,2026,rti
doi:10.1371/journal.pgph.0007105,alhaffar-m,"Alhaffar, Mervat",2,0,0,London School of Hygiene & Tropical Medicine,United Kingdom,university,1,2026,rti
doi:10.1371/journal.pgph.0007105,alshalah-a,"Alshalah, Ali",3,0,0,,Iraq,,1,2026,rti
doi:10.1371/journal.pgph.0007105,saleh-m,"Saleh, Majd",4,0,0,London School of Hygiene & Tropical Medicine,United Kingdom,university,1,2026,rti
doi:10.1371/journal.pgph.0007105,durrancebagale-a,"Durrance-Bagale, Anna",5,0,0,London School of Hygiene & Tropical Medicine,United Kingdom,university,1,2026,rti
doi:10.1371/journal.pgph.0007105,nunes-c,"Nunes, Charnele",6,0,0,London School of Hygiene & Tropical Medicine,United Kingdom,university,1,2026,rti
doi:10.1371/journal.pgph.0007105,sharma-e,"Sharma, Esther",7,0,0,,United Kingdom,,1,2026,rti
doi:10.1371/journal.pgph.0007105,howard-n,"Howard, Natasha",8,0,1,London School of Hygiene & Tropical Medicine,Singapore,university,2,2026,rti
doi:10.1016/j.jep.2026.122318,ou-l,"Ou, Ling",1,1,0,,China,,2,2026,other_id
doi:10.1016/j.jep.2026.122318,lu-b,"Lu, Bingyun",2,0,0,,China,,1,2026,other_id
doi:10.1016/j.jep.2026.122318,feng-z,"Feng, Zhong",3,0,0,,China,,1,2026,other_id
doi:10.1016/j.jep.2026.122318,chen-h,"Chen, Haobo",4,0,0,,China,,1,2026,other_id
doi:10.1016/j.jep.2026.122318,zou-y,"Zou, Yuanjing",5,0,0,,China,,1,2026,other_id
doi:10.1016/j.jep.2026.122318,zhang-c,"Zhang, Chuqiu",6,0,0,,China,,1,2026,other_id
doi:10.1016/j.jep.2026.122318,chen-q,"Chen, Qingchang",7,0,0,National University of Singapore,Singapore,university,1,2026,other_id
doi:10.1016/j.jep.2026.122318,peng-c,"Peng, Chang",8,0,0,,China,,1,2026,other_id
doi:10.1016/j.jep.2026.122318,yao-m,"Yao, Meicun",9,0,0,,China,,1,2026,other_id
doi:10.1016/j.jep.2026.122318,chen-y,"Chen, Ye",10,0,1,,China,,1,2026,other_id
doi:10.2196/88849,ou-y,"Ou, Yifan",1,1,0,,Belgium,,2,2026,rti
doi:10.2196/88849,bruijn-g,"Bruijn, Gert-Jan de",2,0,0,,Belgium,,1,2026,rti
doi:10.2196/88849,schulz-p,"Schulz, Peter Johannes",3,0,1,Nanyang Technological University,Republic of Korea,university,3,2026,rti
doi:10.1017/ice.2026.10526,seah-j,"Seah, Jiahua",1,1,0,National Cancer Centre Singapore,Singapore,hospital,1,2026,rti
doi:10.1017/ice.2026.10526,lai-d,"Lai, Deborah Chooi Mun",2,0,0,Singapore General Hospital,Singapore,hospital,1,2026,rti
doi:10.1017/ice.2026.10526,toh-h,"Toh, Hui Xian",3,0,0,Singapore General Hospital,Singapore,hospital,1,2026,rti
doi:10.1017/ice.2026.10526,soh-c,"Soh, Chai Yin",4,0,0,Singapore General Hospital,Singapore,hospital,1,2026,rti
doi:10.1017/ice.2026.10526,amin-i,"Amin, Ismawati Mohd",5,0,0,Singapore General Hospital,Singapore,hospital,1,2026,rti
doi:10.1017/ice.2026.10526,ling-m,"Ling, Moi Lin",6,0,1,SingHealth,Singapore,hospital,1,2026,rti
doi:10.1093/epirev/mxag011,lee-g,"Lee, Gayoung",1,1,0,,United States,,1,2026,other_id
doi:10.1093/epirev/mxag011,kim-h,"Kim, Hyun-Kyung",2,0,0,,Republic of Korea,,1,2026,other_id
doi:10.1093/epirev/mxag011,hidano-a,"Hidano, Arata",3,0,0,London School of Hygiene & Tropical Medicine,Japan,university,2,2026,other_id
doi:10.1093/epirev/mxag011,jung-s,"Jung, Sung-Mok",4,0,1,National University of Singapore,Japan,university,3,2026,other_id
doi:10.1080/21645515.2026.2661118,zaidi-o,"Zaidi, Omer",1,1,0,,United States,,1,2026,rti
doi:10.1080/21645515.2026.2661118,choi-e,"Choi, Eun Hwa",2,0,0,National University Hospital,Republic of Korea,hospital,1,2026,rti
doi:10.1080/21645515.2026.2661118,ip-m,"Ip, Margaret",3,0,0,University of Hong Kong,Hong Kong SAR,university,1,2026,rti
doi:10.1080/21645515.2026.2661118,yamada-e,"Yamada, Eriko",4,0,0,,Singapore,,1,2026,rti
doi:10.1080/21645515.2026.2661118,du-f,"Du, Frieda",5,0,0,,China,,1,2026,rti
doi:10.1080/21645515.2026.2661118,bernauer-m,"Bernauer, Mark",6,0,0,,United States,,1,2026,rti
doi:10.1080/21645515.2026.2661118,kim-j,"Kim, Jin Oh",7,0,0,,Republic of Korea,,1,2026,rti
doi:10.1080/21645515.2026.2661118,sukarom-i,"Sukarom, Isaya",8,0,1,,Thailand,,1,2026,rti
doi:10.1088/1361-6528/ae8602,khan-m,"Khan, Muhammad Zameel",1,1,0,,Pakistan,,1,2026,amr_hai
doi:10.1088/1361-6528/ae8602,taimoor-m,"Taimoor, Muhammad",2,0,0,,China,,2,2026,amr_hai
doi:10.1088/1361-6528/ae8602,noor-h,"Noor, Hira",3,0,0,,Pakistan,,1,2026,amr_hai
doi:10.1088/1361-6528/ae8602,mahfooz-a,"Mahfooz, Ashar",4,0,0,,Pakistan,,1,2026,amr_hai
doi:10.1088/1361-6528/ae8602,ashar-a,"Ashar, Ambreen",5,0,0,,Pakistan,,1,2026,amr_hai
doi:10.1088/1361-6528/ae8602,saleem-m,"Saleem, Muhammad Ijaz",6,0,0,,Pakistan,,1,2026,amr_hai
doi:10.1088/1361-6528/ae8602,saleemi-m,"Saleemi, Muhammad Kashif",7,0,0,,Pakistan,,1,2026,amr_hai
doi:10.1088/1361-6528/ae8602,tariq-m,"Tariq, Muhammad Saad",8,0,0,,Pakistan,,1,2026,amr_hai
doi:10.1088/1361-6528/ae8602,naeem-a,"Naeem, Ammar Danyal",9,0,1,National University of Singapore,Pakistan,university,2,2026,amr_hai
doi:10.1186/s12889-026-26538-7,zuo-h,"Zuo, Hong",1,1,0,,China,,1,2026,sti
doi:10.1186/s12889-026-26538-7,zhou-y,"Zhou, Yaqin",2,0,0,,China,,1,2026,sti
doi:10.1186/s12889-026-26538-7,zhang-x,"Zhang, Xiangjun",3,0,0,,United States,,1,2026,sti
doi:10.1186/s12889-026-26538-7,gao-y,"Gao, Yanxiao",4,0,0,,China,,1,2026,sti
doi:10.1186/s12889-026-26538-7,meng-j,"Meng, Jingjing",5,0,0,,China,,1,2026,sti
doi:10.1186/s12889-026-26538-7,zou-x,"Zou, Xiaobai",6,0,0,,China,,1,2026,sti
doi:10.1186/s12889-026-26538-7,he-j,"He, Jianmei",7,0,0,,China,,1,2026,sti
doi:10.1186/s12889-026-26538-7,wang-w,"Wang, Wenru",8,0,0,National University of Singapore,Singapore,university,1,2026,sti
doi:10.1186/s12889-026-26538-7,chen-x,"Chen, Xi",9,0,0,,China,,1,2026,sti
doi:10.1186/s12889-026-26538-7,wang-h,"Wang, Honghong",10,0,1,,China,,1,2026,sti
doi:10.1016/j.idh.2026.100423,lee-k,"Lee, Kenneth Kwing Chin",1,1,0,,Malaysia,,1,2026,amr_hai
doi:10.1016/j.idh.2026.100423,lim-j,"Lim, Jing Sheng",2,0,0,,Malaysia,,2,2026,amr_hai
doi:10.1016/j.idh.2026.100423,abubakar-s,"Abu Bakar, Shahril",3,0,0,,Malaysia,,1,2026,amr_hai
doi:10.1016/j.idh.2026.100423,abdulrashid-n,"Abdul Rashid, Nurul Wahidah",4,0,0,,Malaysia,,1,2026,amr_hai
doi:10.1016/j.idh.2026.100423,razak-n,"Razak, Nurul Fatira",5,0,0,,Malaysia,,1,2026,amr_hai
doi:10.1016/j.idh.2026.100423,ahmatmohamadsiam-k,"Ahmat Mohamad Siam, Kamariah",6,0,0,,Malaysia,,1,2026,amr_hai
doi:10.1016/j.idh.2026.100423,ahmadkamal-n,"Ahmad Kamal, Nurhanisah",7,0,0,,Malaysia,,1,2026,amr_hai
doi:10.1016/j.idh.2026.100423,mohdsaid-s,"Mohd Said, Siti Nor Atikah",8,0,0,,Malaysia,,1,2026,amr_hai
doi:10.1016/j.idh.2026.100423,aguilar-j,"Aguilar, Julie Angela",9,0,0,,Singapore,,1,2026,amr_hai
doi:10.1016/j.idh.2026.100423,park-h,"Park, HyeJin",10,0,0,,Republic of Korea,,1,2026,amr_hai
doi:10.1016/j.idh.2026.100423,choon-w,"Choon, Wai Yee",11,0,0,,Malaysia,,1,2026,amr_hai
doi:10.1016/j.idh.2026.100423,thanimalai-s,"Thanimalai, Subramaniam",12,0,0,,Malaysia,,1,2026,amr_hai
doi:10.1016/j.idh.2026.100423,ang-w,"Ang, Wei Chern",13,0,0,,Malaysia,,2,2026,amr_hai
doi:10.1016/j.idh.2026.100423,sellappans-r,"Sellappans, Renukha",14,0,1,,Malaysia,,1,2026,amr_hai
doi:10.1016/s0140-6736(26)00410-1,brisson-m,"Brisson, Marc",1,1,0,National University of Singapore,Canada,university,3,2026,sti
doi:10.1016/s0140-6736(26)00410-1,drolet-m,"Drolet, Mélanie",2,0,0,,Canada,,1,2026,sti
doi:10.1016/s0140-6736(26)00410-1,gingras-g,"Gingras, Guillaume",3,0,0,,Canada,,1,2026,sti
doi:10.1016/s0140-6736(26)00410-1,laprise-j,"Laprise, Jean-François",4,0,0,,Canada,,1,2026,sti
doi:10.1016/s0140-6736(26)00410-1,chamberland-e,"Chamberland, Éléonore",5,0,0,,Canada,,1,2026,sti
doi:10.1016/s0140-6736(26)00410-1,bruni-l,"Bruni, Laia",6,0,0,,Spain,,2,2026,sti
doi:10.1016/s0140-6736(26)00410-1,sabourin-a,"Sabourin, Andrée-Anne",7,0,0,,Canada,,2,2026,sti
doi:10.1016/s0140-6736(26)00410-1,benard-e,"Bénard, Élodie",8,0,0,,Canada,,1,2026,sti
doi:10.1016/s0140-6736(26)00410-1,ndiaye-c,"Ndiaye, Cathy",9,0,0,,Senegal,,1,2026,sti
doi:10.1016/s0140-6736(26)00410-1,barnabas-r,"Barnabas, Ruanne V",10,0,1,Harvard University,United States,university,2,2026,sti
doi:10.1021/acsinfecdis.6c00114,biswas-s,"Biswas, Shibani",1,1,0,,India,,3,2026,vector_borne
doi:10.1021/acsinfecdis.6c00114,manickam-y,"Manickam, Yogavel",2,0,0,,India,,1,2026,vector_borne
doi:10.1021/acsinfecdis.6c00114,khai-c,"Khai, Choong Yeu",3,0,0,National University of Singapore,Singapore,university,1,2026,vector_borne
doi:10.1021/acsinfecdis.6c00114,goswami-r,"Goswami, Ritu",4,0,0,,India,,3,2026,vector_borne
doi:10.1021/acsinfecdis.6c00114,sukla-s,"Sukla, Sanskrita",5,0,0,National University of Singapore,Singapore,university,1,2026,vector_borne
doi:10.1021/acsinfecdis.6c00114,barbosa-r,"Barbosa, Rosicler",6,0,0,,France,,1,2026,vector_borne
doi:10.1021/acsinfecdis.6c00114,sung-s,"Sung, Sihyun",7,0,0,,France,,1,2026,vector_borne
doi:10.1021/acsinfecdis.6c00114,chaturvedi-r,"Chaturvedi, Rini",8,0,0,,India,,1,2026,vector_borne
doi:10.1021/acsinfecdis.6c00114,marquez-j,"Márquez, José Antonio",9,0,0,,France,,1,2026,vector_borne
doi:10.1021/acsinfecdis.6c00114,chaki-a,"Chaki, Aditya",10,0,0,,India,,1,2026,vector_borne
doi:10.1021/acsinfecdis.6c00114,sharma-a,"Sharma, Amit",11,0,0,,India,,1,2026,vector_borne
doi:10.1021/acsinfecdis.6c00114,das-r,"Das, Ram",12,0,0,,India,,2,2026,vector_borne
doi:10.1021/acsinfecdis.6c00114,sivaraman-j,"Sivaraman, J",13,0,0,National University of Singapore,Singapore,university,1,2026,vector_borne
doi:10.1021/acsinfecdis.6c00114,chakraborti-s,"Chakraborti, Soumyananda",14,0,1,,India,,1,2026,vector_borne
doi:10.3390/pathogens15030278,tan-j,"Tan, Jacqueline Wan Yu",1,1,0,National University of Singapore,Singapore,university,1,2026,amr_hai
doi:10.3390/pathogens15030278,lian-b,"Lian, Bernice Jia Xin",2,0,0,National University of Singapore,Singapore,university,1,2026,amr_hai
doi:10.3390/pathogens15030278,loh-c,"Loh, Cheryl Ying Xuan",3,0,0,National University of Singapore,Singapore,university,1,2026,amr_hai
doi:10.3390/pathogens15030278,see-k,"See, Kay Choong",4,0,1,National University Hospital,Singapore,hospital,1,2026,amr_hai
doi:10.2196/87909,cheng-h,"Cheng, Hooi Swang",1,1,0,National University of Singapore,Singapore,university,1,2026,rti
doi:10.2196/87909,wang-y,"Wang, Yi",2,0,0,National University of Singapore,Singapore,university,1,2026,rti
doi:10.2196/87909,tan-s,"Tan, Sharon Hui Xuan",3,0,0,National University of Singapore,Singapore,university,1,2026,rti
doi:10.2196/87909,ang-i,"Ang, Ian Yi Han",4,0,1,National University of Singapore,Singapore,university,1,2026,rti
doi:10.1080/09540121.2026.2632324,khan-z,"Khan, Zar-Tashiya B",1,1,0,National University of Singapore,Singapore,university,1,2026,sti
doi:10.1080/09540121.2026.2632324,tian-z,"Tian, Ziya",2,0,0,National University of Singapore,Singapore,university,1,2026,sti
doi:10.1080/09540121.2026.2632324,nagashimahayashi-m,"Nagashima-Hayashi, Michiko",3,0,0,National University of Singapore,Singapore,university,1,2026,sti
doi:10.1080/09540121.2026.2632324,chhoun-p,"Chhoun, Pheak",4,0,0,,Cambodia,,1,2026,sti
doi:10.1080/09540121.2026.2632324,yam-e,"Yam, Esabelle Lo Yan",5,0,0,National University of Singapore,Singapore,university,1,2026,sti
doi:10.1080/09540121.2026.2632324,samreth-s,"Samreth, Sovannarith",6,0,0,,Cambodia,,1,2026,sti
doi:10.1080/09540121.2026.2632324,ngau-b,"Ngau, Bora",7,0,0,,Cambodia,,1,2026,sti
doi:10.1080/09540121.2026.2632324,ouk-v,"Ouk, Vichea",8,0,0,,Cambodia,,1,2026,sti
doi:10.1080/09540121.2026.2632324,tuot-s,"Tuot, Sovannary",9,0,0,,Cambodia,,3,2026,sti
doi:10.1080/09540121.2026.2632324,yi-s,"Yi, Siyan",10,0,1,National University of Singapore,Cambodia,university,3,2026,sti
doi:10.1016/s1473-3099(26)00357-9,mo-y,"Mo, Yin",1,1,0,Mahidol University,Singapore,hospital,5,2026,amr_hai
doi:10.1016/s1473-3099(26)00357-9,hao-x,"Hao, Xinxin",2,0,0,National University of Singapore,Singapore,university,1,2026,amr_hai
doi:10.1016/s1473-3099(26)00357-9,ding-y,"Ding, Ying",3,0,0,National University of Singapore,Singapore,university,1,2026,amr_hai
doi:10.1016/s1473-3099(26)00357-9,cao-y,"Cao, Yang",4,0,0,,Singapore,,1,2026,amr_hai
doi:10.1016/s1473-3099(26)00357-9,cai-y,"Cai, Yiying",5,0,0,National University of Singapore,Singapore,university,1,2026,amr_hai
doi:10.1016/s1473-3099(26)00357-9,kitsaran-s,"Kitsaran, Suwatthiya",6,0,0,,Thailand,,1,2026,amr_hai
doi:10.1016/s1473-3099(26)00357-9,chua-h,"Chua, Hock Hin",7,0,0,,Malaysia,,1,2026,amr_hai
doi:10.1016/s1473-3099(26)00357-9,bory-s,"Bory, Sotharith",8,0,0,,Cambodia,,1,2026,amr_hai
doi:10.1016/s1473-3099(26)00357-9,srilasriponnampalavanar-s,"Sri La Sri Ponnampalavanar, Sasheela",9,0,0,,Malaysia,,1,2026,amr_hai
doi:10.1016/s1473-3099(26)00357-9,anunnatsiri-s,"Anunnatsiri, Siriluck",10,0,0,,Thailand,,1,2026,amr_hai
doi:10.1016/s1473-3099(26)00357-9,mazlan-m,"Mazlan, Mohd Zulfakar",11,0,0,,Malaysia,,1,2026,amr_hai
doi:10.1016/s1473-3099(26)00357-9,dhiloo-a,"Dhiloo, Azizullah Khan",12,0,0,,Pakistan,,1,2026,amr_hai
doi:10.1016/s1473-3099(26)00357-9,plongla-r,"Plongla, Rongpong",13,0,0,,Thailand,,2,2026,amr_hai
doi:10.1016/s1473-3099(26)00357-9,kwa-a,"Kwa, Andrea Lay-Hoon",14,0,0,Singapore General Hospital,Singapore,hospital,1,2026,amr_hai
doi:10.1016/s1473-3099(26)00357-9,mahmood-s,"Mahmood, Syed Faisal",15,0,0,,Pakistan,,1,2026,amr_hai
doi:10.1016/s1473-3099(26)00357-9,roman-a,"Roman, Arthur Dessi",16,0,0,,Philippines,,1,2026,amr_hai
doi:10.1016/s1473-3099(26)00357-9,thwaites-l,"Thwaites, Louise",17,0,0,Oxford University Clinical Research Unit,United Kingdom,research_institute,2,2026,amr_hai
doi:10.1016/s1473-3099(26)00357-9,tho-p,"Tho, Phan Vinh",18,0,0,,Viet Nam,,1,2026,amr_hai
doi:10.1016/s1473-3099(26)00357-9,wu-s,"Wu, Sheng",19,0,0,,China,,1,2026,amr_hai
doi:10.1016/s1473-3099(26)00357-9,chotiprasitsakul-d,"Chotiprasitsakul, Darunee",20,0,0,Mahidol University,Thailand,university,1,2026,amr_hai
doi:10.1016/s1473-3099(26)00357-9,wong-k,"Wong, Ke Juin",21,0,0,,Malaysia,,1,2026,amr_hai
doi:10.1016/s1473-3099(26)00357-9,wijaya-h,"Wijaya, Hendri",22,0,0,,Indonesia,,2,2026,amr_hai
doi:10.1016/s1473-3099(26)00357-9,abad-c,"Abad, Cybele L",23,0,0,,Philippines,,2,2026,amr_hai
doi:10.1016/s1473-3099(26)00357-9,khalid-m,"Khalid, Muhammad Osama Rehman",24,0,0,,Pakistan,,1,2026,amr_hai
doi:10.1016/s1473-3099(26)00357-9,mamun-g,"Mamun, Gazi Md Salahuddin",25,0,0,,Bangladesh,,1,2026,amr_hai
doi:10.1016/s1473-3099(26)00357-9,rajahram-g,"Rajahram, Giri Shan",26,0,0,National University of Singapore,Malaysia,university,2,2026,amr_hai
doi:10.1016/s1473-3099(26)00357-9,guterres-h,"Guterres, Helio",27,0,0,,Timor-Leste,,1,2026,amr_hai
doi:10.1016/s1473-3099(26)00357-9,hon-h,"Hon, Huynh Ngoc",28,0,0,,Viet Nam,,1,2026,amr_hai
doi:10.1016/s1473-3099(26)00357-9,pham-n,"Pham, Ngoc Thach",29,0,0,,Viet Nam,,1,2026,amr_hai
doi:10.1016/s1473-3099(26)00357-9,tran-v,"Tran, Van Giang",30,0,0,,Viet Nam,,1,2026,amr_hai
doi:10.1016/s1473-3099(26)00357-9,karkey-a,"Karkey, Abhilasha",31,0,0,Oxford University Clinical Research Unit,Nepal,research_institute,3,2026,amr_hai
doi:10.1016/s1473-3099(26)00357-9,gunasekara-s,"Gunasekara, Samanmalee",32,0,0,,Sri Lanka,,1,2026,amr_hai
doi:10.1016/s1473-3099(26)00357-9,hamers-r,"Hamers, Raph L",33,0,0,Oxford University Clinical Research Unit,Indonesia,research_institute,2,2026,amr_hai
doi:10.1016/s1473-3099(26)00357-9,sinto-r,"Sinto, Robert",34,0,0,Universitas Indonesia,Indonesia,university,1,2026,amr_hai
doi:10.1016/s1473-3099(26)00357-9,lubis-i,"Lubis, Inke Nadia D",35,0,0,,Indonesia,,2,2026,amr_hai
doi:10.1016/s1473-3099(26)00357-9,wang-m,"Wang, Minggui",36,0,0,,China,,1,2026,amr_hai
doi:10.1016/s1473-3099(26)00357-9,moni-m,"Moni, Merlin",37,0,0,,India,,1,2026,amr_hai
doi:10.1016/s1473-3099(26)00357-9,liu-p,"Liu, Po-Yu",38,0,0,,Taiwan,,1,2026,amr_hai
doi:10.1016/s1473-3099(26)00357-9,xiao-y,"Xiao, Yonghong",39,0,0,,China,,1,2026,amr_hai
doi:10.1016/s1473-3099(26)00357-9,khanal-b,"Khanal, Basudha",40,0,0,,Nepal,,1,2026,amr_hai
doi:10.1016/s1473-3099(26)00357-9,priya-n,"Priya, N Lakshmi",41,0,0,,India,,1,2026,amr_hai
doi:10.1016/s1473-3099(26)00357-9,doi-y,"Doi, Yohei",42,0,0,,Japan,,1,2026,amr_hai
doi:10.1016/s1473-3099(26)00357-9,honda-h,"Honda, Hitoshi",43,0,0,,Japan,,1,2026,amr_hai
doi:10.1016/s1473-3099(26)00357-9,baljin-b,"Baljin, Bayaraa",44,0,0,,Mongolia,,1,2026,amr_hai
doi:10.1016/s1473-3099(26)00357-9,asli-r,"Asli, Rosmonaliza",45,0,0,,Brunei Darussalam,,1,2026,amr_hai
doi:10.1016/s1473-3099(26)00357-9,gurjav-u,"Gurjav, Ulziijargal",46,0,0,,Mongolia,,1,2026,amr_hai
doi:10.1016/s1473-3099(26)00357-9,ling-l,"Ling, Lowell",47,0,0,University of Hong Kong,China,university,1,2026,amr_hai
doi:10.1016/s1473-3099(26)00357-9,dhungana-a,"Dhungana, Ashesh",48,0,0,,Nepal,,1,2026,amr_hai
doi:10.1016/s1473-3099(26)00357-9,hsu-l,"Hsu, Li Yang",49,0,0,National University of Singapore,Singapore,university,2,2026,amr_hai
doi:10.1016/s1473-3099(26)00357-9,paterson-d,"Paterson, David Leslie",50,0,0,National University of Singapore,Singapore,university,2,2026,amr_hai
doi:10.1016/s1473-3099(26)00357-9,,,51,0,1,,,,0,2026,amr_hai
doi:10.1073/pnas.2532225123,hill-k,"Hill, Kaeden K",1,1,0,,,,1,2026,other_id
doi:10.1073/pnas.2532225123,barry-a,"Barry, Ashley P",2,0,0,,,,1,2026,other_id
doi:10.1073/pnas.2532225123,reinosovizcaino-n,"Reinoso-Vizcaino, Nicolas M",3,0,0,,,,1,2026,other_id
doi:10.1073/pnas.2532225123,haynes-l,"Haynes, Lauren E",4,0,0,,,,1,2026,other_id
doi:10.1073/pnas.2532225123,bonglack-e,"Bonglack, Emmanuela N",5,0,0,University of Cambridge,United Kingdom,university,2,2026,other_id
doi:10.1073/pnas.2532225123,ferreira-d,"Ferreira, Davis F",6,0,0,,,,1,2026,other_id
doi:10.1073/pnas.2532225123,miller-s,"Miller, Sara E",7,0,0,,,,1,2026,other_id
doi:10.1073/pnas.2532225123,hirschey-m,"Hirschey, Matthew D",8,0,0,,,,1,2026,other_id
doi:10.1073/pnas.2532225123,chiang-l,"Chiang, Lillian W",9,0,0,,,,1,2026,other_id
doi:10.1073/pnas.2532225123,remiszewski-s,"Remiszewski, Stacy",10,0,0,,,,1,2026,other_id
doi:10.1073/pnas.2532225123,luftig-m,"Luftig, Micah A",11,0,1,National University of Singapore,Singapore,university,2,2026,other_id
doi:10.1016/j.bcp.2026.118104,chen-s,"Chen, Shiyan",1,1,0,National University of Singapore,Singapore,university,1,2026,tb
doi:10.1016/j.bcp.2026.118104,mettu-v,"Mettu, Vijaya Saradhi",2,0,0,,Singapore,,1,2026,tb
doi:10.1016/j.bcp.2026.118104,lau-a,"Lau, Aik Jiang",3,0,1,,Canada,,2,2026,tb
doi:10.1038/s44360-026-00080-7,murayama-h,"Murayama, Hiroaki",1,1,0,,Japan,,1,2026,sti
doi:10.1038/s44360-026-00080-7,asakura-t,"Asakura, Toshiaki R",2,0,0,London School of Hygiene & Tropical Medicine,Japan,university,3,2026,sti
doi:10.1038/s44360-026-00080-7,dickens-b,"Dickens, Borame L",3,0,0,National University of Singapore,Singapore,university,1,2026,sti
doi:10.1038/s44360-026-00080-7,boyle-d,"Boyle, Dorothy",4,0,0,National University of Singapore,Singapore,university,1,2026,sti
doi:10.1038/s44360-026-00080-7,foo-j,"Foo, Jen Han",5,0,0,National University of Singapore,Singapore,university,1,2026,sti
doi:10.1038/s44360-026-00080-7,jin-s,"Jin, Shihui",6,0,0,National University of Singapore,Singapore,university,1,2026,sti
doi:10.1038/s44360-026-00080-7,mukadi-p,"Mukadi, Patrick K",7,0,0,,Democratic Republic of the Congo,,2,2026,sti
doi:10.1038/s44360-026-00080-7,ejima-k,"Ejima, Keisuke",8,0,0,Nanyang Technological University,Singapore,hospital,2,2026,sti
doi:10.1038/s44360-026-00080-7,jung-s,"Jung, Sung-Mok",9,0,0,National University of Singapore,Japan,university,3,2026,sti
doi:10.1038/s44360-026-00080-7,nishi-a,"Nishi, Akihiro",10,0,0,,United States,,2,2026,sti
doi:10.1038/s44360-026-00080-7,prem-k,"Prem, Kiesha",11,0,0,London School of Hygiene & Tropical Medicine,Singapore,university,2,2026,sti
doi:10.1038/s44360-026-00080-7,wakamba-a,"Wakamba, Audry M",12,0,0,,Democratic Republic of the Congo,,1,2026,sti
doi:10.1038/s44360-026-00080-7,sailangita-d,"Saila-Ngita, Diafuka",13,0,0,,Democratic Republic of the Congo,,1,2026,sti
doi:10.1038/s44360-026-00080-7,niyukuri-d,"Niyukuri, David",14,0,0,,South Africa,,3,2026,sti
doi:10.1038/s44360-026-00080-7,endo-a,"Endo, Akira",15,0,1,London School of Hygiene & Tropical Medicine,Japan,university,4,2026,sti
doi:10.1111/camh.70112,wee-l,"Wee, Liang En",1,1,0,Communicable Diseases Agency,Singapore,government,4,2026,rti
doi:10.1111/camh.70112,lim-j,"Lim, Jue Tao",2,0,0,Nanyang Technological University,Singapore,university,1,2026,rti
doi:10.1111/camh.70112,tan-j,"Tan, Janice Yu Jin",3,0,0,National Centre for Infectious Diseases,Singapore,hospital,1,2026,rti
doi:10.1111/camh.70112,yap-a,"Yap, Alex Jie Wei",4,0,0,National Centre for Infectious Diseases,Singapore,hospital,1,2026,rti
doi:10.1111/camh.70112,chiew-c,"Chiew, Calvin",5,0,0,Communicable Diseases Agency,Singapore,government,1,2026,rti
doi:10.1111/camh.70112,ong-s,"Ong, Say How",6,0,0,Institute of Mental Health,Singapore,hospital,2,2026,rti
doi:10.1111/camh.70112,lim-c,"Lim, Choon Guan",7,0,0,Institute of Mental Health,Singapore,hospital,2,2026,rti
doi:10.1111/camh.70112,fung-d,"Fung, Daniel Shuen Sheng",8,0,0,Institute of Mental Health,Singapore,hospital,4,2026,rti
doi:10.1111/camh.70112,lye-d,"Lye, David Chien",9,0,0,Communicable Diseases Agency,Singapore,government,5,2026,rti
doi:10.1111/camh.70112,tan-k,"Tan, Kelvin Bryan",10,0,1,Nanyang Technological University,Singapore,university,5,2026,rti
doi:10.1016/j.jhin.2026.03.009,tang-y,"Tang, Y W",1,1,0,Tan Tock Seng Hospital,Singapore,hospital,1,2026,amr_hai
doi:10.1016/j.jhin.2026.03.009,wu-j,"Wu, J E",2,0,0,National University Health System,Singapore,hospital,1,2026,amr_hai
doi:10.1016/j.jhin.2026.03.009,aung-a,"Aung, A H",3,0,0,Tan Tock Seng Hospital,Singapore,hospital,1,2026,amr_hai
doi:10.1016/j.jhin.2026.03.009,chia-g,"Chia, G",4,0,0,Tan Tock Seng Hospital,Singapore,hospital,1,2026,amr_hai
doi:10.1016/j.jhin.2026.03.009,koh-m,"Koh, M C Y",5,0,0,National University Health System,Singapore,hospital,1,2026,amr_hai
doi:10.1016/j.jhin.2026.03.009,ngiam-j,"Ngiam, J N",6,0,0,National University Health System,Singapore,hospital,1,2026,amr_hai
doi:10.1016/j.jhin.2026.03.009,quah-j,"Quah, J",7,0,0,National University Health System,Singapore,hospital,1,2026,amr_hai
doi:10.1016/j.jhin.2026.03.009,beh-d,"Beh, D",8,0,0,Tan Tock Seng Hospital,Singapore,hospital,2,2026,amr_hai
doi:10.1016/j.jhin.2026.03.009,wahab-m,"Wahab, M T",9,0,0,National University Health System,Singapore,hospital,1,2026,amr_hai
doi:10.1016/j.jhin.2026.03.009,smitasin-n,"Smitasin, N",10,0,0,National University Health System,Singapore,hospital,1,2026,amr_hai
doi:10.1016/j.jhin.2026.03.009,chow-a,"Chow, A",11,0,0,Tan Tock Seng Hospital,Singapore,hospital,1,2026,amr_hai
doi:10.1016/j.jhin.2026.03.009,somani-j,"Somani, J",12,0,0,,United States,,1,2026,amr_hai
doi:10.1016/j.jhin.2026.03.009,ang-b,"Ang, B",13,0,1,Tan Tock Seng Hospital,Singapore,hospital,2,2026,amr_hai
doi:10.1080/17441692.2026.2700817,duong-h,"Duong, Hang",1,1,0,,Australia,,1,2026,rti
doi:10.1080/17441692.2026.2700817,kamaruzaman-n,"Kamaruzaman, Nor Kamila",2,0,0,,Australia,,1,2026,rti
doi:10.1080/17441692.2026.2700817,attwell-k,"Attwell, Katie",3,0,1,,Australia,,1,2026,rti
doi:10.1016/j.isci.2026.116736,ong-w,"Ong, Weiyee",1,1,0,Institute of Molecular and Cell Biology,Singapore,research_institute,2,2026,rti
doi:10.1016/j.isci.2026.116736,hopkins-r,"Hopkins, Richard Anthony",2,0,0,Institute of Molecular and Cell Biology,Singapore,research_institute,1,2026,rti
doi:10.1016/j.isci.2026.116736,yang-e,"Yang, Enjun",3,0,0,Institute of Molecular and Cell Biology,Singapore,research_institute,1,2026,rti
doi:10.1016/j.isci.2026.116736,novita,Novita,4,0,0,Institute of Molecular and Cell Biology,Singapore,research_institute,1,2026,rti
doi:10.1016/j.isci.2026.116736,talib-n,"Talib, Najwa",5,0,0,Institute of Molecular and Cell Biology,Singapore,research_institute,1,2026,rti
doi:10.1016/j.isci.2026.116736,au-b,"Au, Bijin",6,0,0,Institute of Molecular and Cell Biology,Singapore,research_institute,1,2026,rti
doi:10.1016/j.isci.2026.116736,connolly-j,"Connolly, John Edward",7,0,1,Institute of Molecular and Cell Biology,Singapore,research_institute,3,2026,rti
doi:10.1093/ofid/ofag317,linster-m,"Linster, Martin",1,1,0,Duke-NUS Medical School,Singapore,university,1,2026,rti
doi:10.1093/ofid/ofag317,zahari-m,"Zahari, Marina",2,0,0,National University of Singapore,Singapore,university,1,2026,rti
doi:10.1093/ofid/ofag317,zhuang-y,"Zhuang, Yan",3,0,0,Duke-NUS Medical School,Singapore,university,1,2026,rti
doi:10.1093/ofid/ofag317,mah-m,"Mah, Marcus G",4,0,0,Duke-NUS Medical School,Singapore,university,1,2026,rti
doi:10.1093/ofid/ofag317,carugati-m,"Carugati, Manuela",5,0,0,,United States,,1,2026,rti
doi:10.1093/ofid/ofag317,moorthy-g,"Moorthy, Ganga",6,0,0,,United States,,2,2026,rti
doi:10.1093/ofid/ofag317,madut-d,"Madut, Deng B",7,0,0,,United States,,2,2026,rti
doi:10.1093/ofid/ofag317,maze-m,"Maze, Michael J",8,0,0,,New Zealand,,1,2026,rti
doi:10.1093/ofid/ofag317,lwezaula-b,"Lwezaula, Bingileki",9,0,0,,Tanzania,,1,2026,rti
doi:10.1093/ofid/ofag317,marandu-a,"Marandu, Annette",10,0,0,,Tanzania,,1,2026,rti
doi:10.1093/ofid/ofag317,machare-c,"Machare, Calvin",11,0,0,,Tanzania,,1,2026,rti
doi:10.1093/ofid/ofag317,kilonzo-k,"Kilonzo, Kajiru G",12,0,0,,Tanzania,,3,2026,rti
doi:10.1093/ofid/ofag317,mbwasi-r,"Mbwasi, Ronald",13,0,0,,Tanzania,,2,2026,rti
doi:10.1093/ofid/ofag317,mmbaga-b,"Mmbaga, Blandina T",14,0,0,,Tanzania,,3,2026,rti
doi:10.1093/ofid/ofag317,ngocho-j,"Ngocho, James S",15,0,0,,Tanzania,,3,2026,rti
doi:10.1093/ofid/ofag317,bonnewell-j,"Bonnewell, John P",16,0,0,,United States,,1,2026,rti
doi:10.1093/ofid/ofag317,wang-l,"Wang, Lin-Fa",17,0,0,Duke-NUS Medical School,Singapore,hospital,2,2026,rti
doi:10.1093/ofid/ofag317,crump-j,"Crump, John A",18,0,0,,New Zealand,,5,2026,rti
doi:10.1093/ofid/ofag317,maro-v,"Maro, Venance P",19,0,0,,Tanzania,,2,2026,rti
doi:10.1093/ofid/ofag317,smith-g,"Smith, Gavin J D",20,0,0,Duke-NUS Medical School,Singapore,university,1,2026,rti
doi:10.1093/ofid/ofag317,rubach-m,"Rubach, Matthew P",21,0,1,Duke-NUS Medical School,Singapore,university,4,2026,rti
doi:10.1128/aac.00388-25,gottesdiener-l,"Gottesdiener, Lee S",1,1,0,,United States,,2,2026,amr_hai
doi:10.1128/aac.00388-25,li-y,"Li, Yixuan",2,0,0,,United States,,1,2026,amr_hai
doi:10.1128/aac.00388-25,greenwoodquaintance-k,"Greenwood-Quaintance, Kerryl E",3,0,0,,United States,,1,2026,amr_hai
doi:10.1128/aac.00388-25,komarow-l,"Komarow, Lauren",4,0,0,,United States,,1,2026,amr_hai
doi:10.1128/aac.00388-25,arias-c,"Arias, Cesar A",5,0,0,,United States,,1,2026,amr_hai
doi:10.1128/aac.00388-25,cober-e,"Cober, Eric",6,0,0,,United States,,1,2026,amr_hai
doi:10.1128/aac.00388-25,herc-e,"Herc, Erica S",7,0,0,,United States,,1,2026,amr_hai
doi:10.1128/aac.00388-25,kaye-k,"Kaye, Keith S",8,0,0,,United States,,1,2026,amr_hai
doi:10.1128/aac.00388-25,huskins-w,"Huskins, W Charles",9,0,0,,United States,,1,2026,amr_hai
doi:10.1128/aac.00388-25,figueroa-j,"Figueroa, Jairo",10,0,0,,Colombia,,1,2026,amr_hai
doi:10.1128/aac.00388-25,vilchez-s,"Vilchez, Samuel",11,0,0,,United States,,1,2026,amr_hai
doi:10.1128/aac.00388-25,fries-b,"Fries, Bettina C",12,0,0,,United States,,1,2026,amr_hai
doi:10.1128/aac.00388-25,leroi-m,"Leroi, Marcel",13,0,0,,Australia,,1,2026,amr_hai
doi:10.1128/aac.00388-25,mccarty-t,"McCarty, Todd P",14,0,0,,United States,,1,2026,amr_hai
doi:10.1128/aac.00388-25,rioseco-m,"Rioseco, María L",15,0,0,,Chile,,1,2026,amr_hai
doi:10.1128/aac.00388-25,munita-j,"Munita, Jose M",16,0,0,,Chile,,1,2026,amr_hai
doi:10.1128/aac.00388-25,stryjewski-m,"Stryjewski, Martin E",17,0,0,,Argentina,,1,2026,amr_hai
doi:10.1128/aac.00388-25,reyes-j,"Reyes, Jinnethe",18,0,0,,Colombia,,1,2026,amr_hai
doi:10.1128/aac.00388-25,chen-l,"Chen, Liang",19,0,0,,United States,,1,2026,amr_hai
doi:10.1128/aac.00388-25,kreiswirth-b,"Kreiswirth, Barry N",20,0,0,,United States,,1,2026,amr_hai
doi:10.1128/aac.00388-25,hill-c,"Hill, Carol",21,0,0,,United States,,1,2026,amr_hai
doi:10.1128/aac.00388-25,baum-k,"Baum, Keri",22,0,0,,United States,,1,2026,amr_hai
doi:10.1128/aac.00388-25,villegas-m,"Villegas, Maria Virginia",23,0,0,,Colombia,,2,2026,amr_hai
doi:10.1128/aac.00388-25,paterson-d,"Paterson, David L",24,0,0,National University of Singapore,Australia,university,2,2026,amr_hai
doi:10.1128/aac.00388-25,bonomo-r,"Bonomo, Robert A",25,0,0,,United States,,1,2026,amr_hai
doi:10.1128/aac.00388-25,chambers-h,"Chambers, Henry F",26,0,0,,United States,,1,2026,amr_hai
doi:10.1128/aac.00388-25,fowler-v,"Fowler, Vance G",27,0,0,,United States,,2,2026,amr_hai
doi:10.1128/aac.00388-25,patel-r,"Patel, Robin",28,0,0,,United States,,1,2026,amr_hai
doi:10.1128/aac.00388-25,doi-y,"Doi, Yohei",29,0,0,,United States,,1,2026,amr_hai
doi:10.1128/aac.00388-25,vanduin-d,"van Duin, David",30,0,0,,United States,,1,2026,amr_hai
doi:10.1128/aac.00388-25,satlin-m,"Satlin, Michael J",31,0,0,,United States,,2,2026,amr_hai
doi:10.1128/aac.00388-25,,,32,0,1,,,,0,2026,amr_hai
doi:10.3389/fmicb.2026.1866307,duan-g,"Duan, Gang",1,1,0,,China,,1,2026,vector_borne
doi:10.3389/fmicb.2026.1866307,kong-l,"Kong, Linghan",2,0,0,,China,,1,2026,vector_borne
doi:10.3389/fmicb.2026.1866307,duan-s,"Duan, Sicheng",3,0,0,National University of Singapore,Singapore,university,1,2026,vector_borne
doi:10.3389/fmicb.2026.1866307,nie-s,"Nie, Shujun",4,0,0,,China,,1,2026,vector_borne
doi:10.3389/fmicb.2026.1866307,gu-w,"Gu, Wanjiang",5,0,1,,China,,1,2026,vector_borne
doi:10.1016/j.jhin.2026.08.021,zhang-h,"Zhang, Huifen",1,1,0,,China,,1,2026,amr_hai
doi:10.1016/j.jhin.2026.08.021,zhou-b,"Zhou, Bin",2,0,0,,Germany,,1,2026,amr_hai
doi:10.1016/j.jhin.2026.08.021,lee-y,"Lee, Yew Fong",3,0,0,,Malaysia,,1,2026,amr_hai
doi:10.1016/j.jhin.2026.08.021,wang-j,"Wang, Jiancong",4,0,1,,Germany,,1,2026,amr_hai
doi:10.1136/bcr-2025-271896,chong-e,"Chong, Elliot Yeung",1,1,0,Singapore General Hospital,Singapore,hospital,1,2026,vector_borne
doi:10.1136/bcr-2025-271896,lim-s,"Lim, Samuel Jun Ming",2,0,0,Singapore General Hospital,Singapore,hospital,1,2026,vector_borne
doi:10.1136/bcr-2025-271896,ho-c,"Ho, Chanda Kendra",3,0,0,Singapore General Hospital,Singapore,hospital,1,2026,vector_borne
doi:10.1136/bcr-2025-271896,kumar-r,"Kumar, Rajneesh",4,0,1,Singapore General Hospital,Singapore,hospital,1,2026,vector_borne
doi:10.1038/s41467-026-75746-7,liu-y,"Liu, Yanfei",1,1,0,,China,,2,2026,other_id
doi:10.1038/s41467-026-75746-7,zhao-h,"Zhao, Huiwei",2,0,0,,China,,2,2026,other_id
doi:10.1038/s41467-026-75746-7,cao-x,"Cao, Xinyue",3,0,0,,China,,2,2026,other_id
doi:10.1038/s41467-026-75746-7,jiang-s,"Jiang, Shize",4,0,0,,China,,1,2026,other_id
doi:10.1038/s41467-026-75746-7,fu-j,"Fu, Jun",5,0,0,,China,,1,2026,other_id
doi:10.1038/s41467-026-75746-7,xue-j,"Xue, Junjing",6,0,0,,China,,2,2026,other_id
doi:10.1038/s41467-026-75746-7,li-c,"Li, Caiming",7,0,0,National University of Singapore,Singapore,university,1,2026,other_id
doi:10.1038/s41467-026-75746-7,xu-z,"Xu, Zhangrun",8,0,0,,China,,1,2026,other_id
doi:10.1038/s41467-026-75746-7,li-m,"Li, Ming",9,0,0,,China,,3,2026,other_id
doi:10.1038/s41467-026-75746-7,du-w,"Du, Wenbin",10,0,1,,China,,3,2026,other_id
doi:10.1038/s41467-026-74190-x,jeffrey-m,"Jeffrey, Mark",1,1,0,University of Cambridge,United Kingdom,university,1,2026,rti
doi:10.1038/s41467-026-74190-x,bartholdsonscott-j,"Bartholdson Scott, Josefin",2,0,0,University of Cambridge,United Kingdom,university,1,2026,rti
doi:10.1038/s41467-026-74190-x,mazumdar-s,"Mazumdar, Shyamanova",3,0,0,University of Cambridge,United Kingdom,university,1,2026,rti
doi:10.1038/s41467-026-74190-x,white-r,"White, Richard J",4,0,0,Bioinformatics Institute,United Kingdom,research_institute,2,2026,rti
doi:10.1038/s41467-026-74190-x,higginson-e,"Higginson, Ellen",5,0,0,University of Cambridge,United Kingdom,university,2,2026,rti
doi:10.1038/s41467-026-74190-x,maes-m,"Maes, Mailis",6,0,0,University of Cambridge,United Kingdom,university,1,2026,rti
doi:10.1038/s41467-026-74190-x,forrest-s,"Forrest, Sally",7,0,0,University of Cambridge,United Kingdom,university,2,2026,rti
doi:10.1038/s41467-026-74190-x,pereiradias-j,"Pereira-Dias, Joana",8,0,0,University of Cambridge,United Kingdom,university,2,2026,rti
doi:10.1038/s41467-026-74190-x,parmar-s,"Parmar, Surendra",9,0,0,UK Health Security Agency,United Kingdom,government,1,2026,rti
doi:10.1038/s41467-026-74190-x,heasmanhunt-e,"Heasman-Hunt, Emma",10,0,0,UK Health Security Agency,United Kingdom,government,1,2026,rti
doi:10.1038/s41467-026-74190-x,curran-m,"Curran, Martin D",11,0,0,UK Health Security Agency,United Kingdom,government,1,2026,rti
doi:10.1038/s41467-026-74190-x,polgarova-p,"Polgarova, Petra",12,0,0,,United Kingdom,,1,2026,rti
doi:10.1038/s41467-026-74190-x,herre-j,"Herre, Jurgen",13,0,0,,United Kingdom,,1,2026,rti
doi:10.1038/s41467-026-74190-x,wauters-e,"Wauters, Els",14,0,0,,Belgium,,2,2026,rti
doi:10.1038/s41467-026-74190-x,lambrechts-d,"Lambrechts, Diether",15,0,0,,Belgium,,2,2026,rti
doi:10.1038/s41467-026-74190-x,vanmol-p,"Van Mol, Pierre",16,0,0,,Belgium,,2,2026,rti
doi:10.1038/s41467-026-74190-x,jacobs-c,"Jacobs, Cato",17,0,0,,Belgium,,2,2026,rti
doi:10.1038/s41467-026-74190-x,wauters-j,"Wauters, Joost",18,0,0,,Belgium,,2,2026,rti
doi:10.1038/s41467-026-74190-x,davenport-e,"Davenport, Emma E",19,0,0,,United Kingdom,,1,2026,rti
doi:10.1038/s41467-026-74190-x,baker-s,"Baker, Stephen",20,0,0,A*STAR Infectious Diseases Labs,Singapore,research_institute,1,2026,rti
doi:10.1038/s41467-026-74190-x,dougan-g,"Dougan, Gordon",21,0,0,University of Cambridge,China,university,2,2026,rti
doi:10.1038/s41467-026-74190-x,navapurkar-v,"Navapurkar, Vilas",22,0,0,,United Kingdom,,1,2026,rti
doi:10.1038/s41467-026-74190-x,conwaymorris-a,"Conway Morris, Andrew",23,0,1,University of Cambridge,United Kingdom,university,2,2026,rti
doi:10.1016/j.ijid.2026.108533,kyaw-w,"Kyaw, Win Mar",1,1,0,Communicable Diseases Agency,Singapore,government,1,2026,tb
doi:10.1016/j.ijid.2026.108533,junjing-y,"Junjing, Yang",2,0,0,Environmental Health Institute,Singapore,government,1,2026,tb
doi:10.1016/j.ijid.2026.108533,chai-v,"Chai, Vincent",3,0,0,Environmental Health Institute,Singapore,government,1,2026,tb
doi:10.1016/j.ijid.2026.108533,foo-k,"Foo, Kelly",4,0,0,Communicable Diseases Agency,Singapore,government,1,2026,tb
doi:10.1016/j.ijid.2026.108533,ang-m,"Ang, Michelle Lt",5,0,0,Communicable Diseases Agency,Singapore,government,1,2026,tb
doi:10.1016/j.ijid.2026.108533,cho-s,"Cho, Sharol S L",6,0,0,Communicable Diseases Agency,Singapore,government,1,2026,tb
doi:10.1016/j.ijid.2026.108533,sim-s,"Sim, Shuzhen",7,0,0,Environmental Health Institute,Singapore,government,1,2026,tb
doi:10.1016/j.ijid.2026.108533,ng-l,"Ng, Lee Ching",8,0,0,Environmental Health Institute,Singapore,government,3,2026,tb
doi:10.1016/j.ijid.2026.108533,ng-d,"Ng, Deborah H L",9,0,1,Communicable Diseases Agency,Singapore,government,1,2026,tb
doi:10.1183/13993003.00989-2026,bellavia-a,"Bellavia, Alessandra",1,1,0,,Italy,,3,2026,tb
doi:10.1183/13993003.00989-2026,refera-t,"Refera, Tsion Asfaw",2,0,0,,Ethiopia,,2,2026,tb
doi:10.1183/13993003.00989-2026,dambrosio-l,"D'Ambrosio, Lia",3,0,0,,Switzerland,,2,2026,tb
doi:10.1183/13993003.00989-2026,centis-r,"Centis, Rosella",4,0,0,,Italy,,2,2026,tb
doi:10.1183/13993003.00989-2026,akkerman-o,"Akkerman, Onno",5,0,0,,Netherlands,,2,2026,tb
doi:10.1183/13993003.00989-2026,alyaquobi-f,"Alyaquobi, Fatma",6,0,0,,Oman,,1,2026,tb
doi:10.1183/13993003.00989-2026,burhan-e,"Burhan, Erlina",7,0,0,,Indonesia,,1,2026,tb
doi:10.1183/13993003.00989-2026,dinhxuan-a,"Dinh-Xuan, Anh Tuan",8,0,0,,France,,1,2026,tb
doi:10.1183/13993003.00989-2026,felker-i,"Felker, Irina",9,0,0,,Russian Federation,,1,2026,tb
doi:10.1183/13993003.00989-2026,garciagarcia-j,"García-García, José-María",10,0,0,,Spain,,1,2026,tb
doi:10.1183/13993003.00989-2026,gualano-g,"Gualano, Gina",11,0,0,,Italy,,1,2026,tb
doi:10.1183/13993003.00989-2026,james-a,"James, Ananthu",12,0,0,,Netherlands,,1,2026,tb
doi:10.1183/13993003.00989-2026,shah-s,"Shah, Syed Karam",13,0,0,,Pakistan,,1,2026,tb
doi:10.1183/13993003.00989-2026,kherabi-y,"Kherabi, Yousra",14,0,0,,France,,2,2026,tb
doi:10.1183/13993003.00989-2026,li-y,"Li, Yang",15,0,0,,China,,1,2026,tb
doi:10.1183/13993003.00989-2026,lienhardt-c,"Lienhardt, Christian",16,0,0,,France,,1,2026,tb
doi:10.1183/13993003.00989-2026,mahfuza-r,"Mahfuza, Rifat",17,0,0,,Bangladesh,,1,2026,tb
doi:10.1183/13993003.00989-2026,munoztorrico-m,"Munoz-Torrico, Marcela",18,0,0,,Mexico,,1,2026,tb
doi:10.1183/13993003.00989-2026,ong-c,"Ong, Catherine W M",19,0,0,National University of Singapore,Singapore,university,2,2026,tb
doi:10.1183/13993003.00989-2026,panchagnula-r,"Panchagnula, Ramesh",20,0,0,,India,,1,2026,tb
doi:10.1183/13993003.00989-2026,piubello-a,"Piubello, Alberto",21,0,0,,Belgium,,1,2026,tb
doi:10.1183/13993003.00989-2026,podlekareva-d,"Podlekareva, Daria",22,0,0,,Denmark,,2,2026,tb
doi:10.1183/13993003.00989-2026,pontali-e,"Pontali, Emanuele",23,0,0,,Italy,,1,2026,tb
doi:10.1183/13993003.00989-2026,rangaka-m,"Rangaka, Molebogeng X",24,0,0,,United Kingdom,,1,2026,tb
doi:10.1183/13993003.00989-2026,rasheed-n,"Rasheed, Najiha",25,0,0,,,,1,2026,tb
doi:10.1183/13993003.00989-2026,rendon-a,"Rendon, Adrian",26,0,0,,Mexico,,1,2026,tb
doi:10.1183/13993003.00989-2026,silva-d,"Silva, Denise Rossato",27,0,0,,Brazil,,1,2026,tb
doi:10.1183/13993003.00989-2026,selim-m,"Selim, Muhammad Abdul Hamid",28,0,0,,Bangladesh,,1,2026,tb
doi:10.1183/13993003.00989-2026,seaworth-b,"Seaworth, Barbara",29,0,0,,United States,,1,2026,tb
doi:10.1183/13993003.00989-2026,tadolini-m,"Tadolini, Marina",30,0,0,,Italy,,2,2026,tb
doi:10.1183/13993003.00989-2026,tiberi-s,"Tiberi, Simon",31,0,0,,United Kingdom,,1,2026,tb
doi:10.1183/13993003.00989-2026,villa-s,"Villa, Simone",32,0,0,,Italy,,1,2026,tb
doi:10.1183/13993003.00989-2026,villanueva-c,"Villanueva, Cary Amiel",33,0,0,,Philippines,,1,2026,tb
doi:10.1183/13993003.00989-2026,raviglione-m,"Raviglione, Mario C",34,0,0,,France,,3,2026,tb
doi:10.1183/13993003.00989-2026,migliori-g,"Migliori, Giovanni Battista",35,0,0,,Italy,,2,2026,tb
doi:10.1183/13993003.00989-2026,,,36,0,1,,,,0,2026,tb
doi:10.1038/s41371-026-01194-x,khalid-k,"Khalid, Kanwal",1,1,0,,Canada,,1,2026,rti
doi:10.1038/s41371-026-01194-x,ahmedabdelaal-a,"Ahmed Abd El-Aal, Amr Adel",2,0,0,,Egypt,,1,2026,rti
doi:10.1038/s41371-026-01194-x,lee-m,"Lee, Michelle Felicia",3,0,1,National University of Singapore,Singapore,university,1,2026,rti
doi:10.1016/j.transci.2026.104429,sachan-d,"Sachan, Deepti",1,1,0,,India,,1,2026,sti
doi:10.1016/j.transci.2026.104429,bhatnagar-s,"Bhatnagar, Sonu",2,0,0,,Singapore,,1,2026,sti
doi:10.1016/j.transci.2026.104429,wong-c,"Wong, Chin Wai",3,0,0,,Singapore,,1,2026,sti
doi:10.1016/j.transci.2026.104429,gundrajukuppam-d,"Gundrajukuppam, Deepthi Krishna",4,0,0,,India,,1,2026,sti
doi:10.1016/j.transci.2026.104429,sundaramoorthy-s,"Sundaramoorthy, Subha",5,0,1,,India,,1,2026,sti
doi:10.3390/antibiotics15050423,yucel-e,"Yucel, Emre",1,1,0,,United States,,1,2026,amr_hai
doi:10.3390/antibiotics15050423,soriano-a,"Soriano, Alex",2,0,0,,Spain,,1,2026,amr_hai
doi:10.3390/antibiotics15050423,thalhammer-f,"Thalhammer, Florian",3,0,0,,Austria,,1,2026,amr_hai
doi:10.3390/antibiotics15050423,kluge-s,"Kluge, Stefan",4,0,0,,Germany,,1,2026,amr_hai
doi:10.3390/antibiotics15050423,allen-m,"Allen, Mike",5,0,0,,United Kingdom,,1,2026,amr_hai
doi:10.3390/antibiotics15050423,levy-j,"Levy, Jessica",6,0,0,,United States,,1,2026,amr_hai
doi:10.3390/antibiotics15050423,yang-h,"Yang, Huina",7,0,0,Tan Tock Seng Hospital,Singapore,hospital,1,2026,amr_hai
doi:10.3390/antibiotics15050423,kaul-s,"Kaul, Sunny",8,0,1,,United Kingdom,,1,2026,amr_hai
doi:10.1016/j.watres.2026.126336,huang-s,"Huang, Sheng",1,1,0,National University of Singapore,Singapore,university,1,2026,amr_hai
doi:10.1016/j.watres.2026.126336,you-l,"You, Luhua",2,0,0,National University of Singapore,Singapore,university,1,2026,amr_hai
doi:10.1016/j.watres.2026.126336,gin-k,"Gin, Karina Yew-Hoong",3,0,1,National University of Singapore,Singapore,university,2,2026,amr_hai
doi:10.1186/s12889-026-27217-3,fan-s,"Fan, Sisi",1,1,0,,China,,1,2026,sti
doi:10.1186/s12889-026-27217-3,zhou-y,"Zhou, Yaqin",2,0,0,,China,,1,2026,sti
doi:10.1186/s12889-026-27217-3,zhao-t,"Zhao, Ting",3,0,0,,China,,1,2026,sti
doi:10.1186/s12889-026-27217-3,zuo-h,"Zuo, Hong",4,0,0,,China,,1,2026,sti
doi:10.1186/s12889-026-27217-3,wang-w,"Wang, Wenru",5,0,0,National University of Singapore,Singapore,university,1,2026,sti
doi:10.1186/s12889-026-27217-3,wang-h,"Wang, Honghong",6,0,1,,China,,1,2026,sti
doi:10.1177/00494755261479116,ng-i,"Ng, Isaac Ks",1,1,0,National University Hospital,Singapore,hospital,1,2026,vector_borne
doi:10.1177/00494755261479116,leung-a,"Leung, An Jian",2,0,0,National University Hospital,Singapore,hospital,1,2026,vector_borne
doi:10.1177/00494755261479116,goh-w,"Goh, Wilson Gw",3,0,1,National University Hospital,Singapore,hospital,1,2026,vector_borne
doi:10.3389/fimmu.2026.1841974,song-j,"Song, Jingjing",1,1,0,National University of Singapore,China,university,2,2026,rti
doi:10.3389/fimmu.2026.1841974,wang-n,"Wang, Na",2,0,0,,China,,2,2026,rti
doi:10.3389/fimmu.2026.1841974,zhu-z,"Zhu, Zhen",3,0,0,,China,,1,2026,rti
doi:10.3389/fimmu.2026.1841974,mao-n,"Mao, Naiying",4,0,0,,China,,1,2026,rti
doi:10.3389/fimmu.2026.1841974,li-h,"Li, Hai",5,0,0,,China,,1,2026,rti
doi:10.3389/fimmu.2026.1841974,song-j,"Song, Jinhua",6,0,0,,China,,1,2026,rti
doi:10.3389/fimmu.2026.1841974,cao-l,"Cao, Lei",7,0,0,,China,,1,2026,rti
doi:10.3389/fimmu.2026.1841974,xia-b,"Xia, Baicheng",8,0,0,,China,,1,2026,rti
doi:10.3389/fimmu.2026.1841974,liao-m,"Liao, Min",9,0,0,,China,,1,2026,rti
doi:10.3389/fimmu.2026.1841974,zhu-w,"Zhu, Wuyang",10,0,0,,China,,1,2026,rti
doi:10.3389/fimmu.2026.1841974,zhang-y,"Zhang, Yan",11,0,1,,China,,1,2026,rti
doi:10.4269/ajtmh.26-0159,kwan-r,"Kwan, Rowena Lee Ying",1,1,0,National University of Singapore,Singapore,university,1,2026,vector_borne
doi:10.4269/ajtmh.26-0159,chia-h,"Chia, Hui Yi",2,0,0,National Skin Centre,Singapore,hospital,1,2026,vector_borne
doi:10.4269/ajtmh.26-0159,vasoo-s,"Vasoo, Shawn",3,0,0,National Centre for Infectious Diseases,Singapore,hospital,1,2026,vector_borne
doi:10.4269/ajtmh.26-0159,pan-j,"Pan, Jiun Yit",4,0,1,National Skin Centre,Singapore,hospital,1,2026,vector_borne
doi:10.1002/resp.70302,chong-e,"Chong, Esther Hui-En",1,1,0,Duke-NUS Medical School,Singapore,university,1,2026,rti
doi:10.1002/resp.70302,wee-i,"Wee, Ian Jun Yan",2,0,0,Singapore General Hospital,Singapore,hospital,1,2026,rti
doi:10.1002/resp.70302,low-j,"Low, Jenny Guek Hong",3,0,0,Singapore General Hospital,Singapore,hospital,1,2026,rti
doi:10.1002/resp.70302,tambyah-p,"Tambyah, Paul Anantharajah",4,0,0,National University of Singapore,Singapore,university,1,2026,rti
doi:10.1002/resp.70302,ng-d,"Ng, Dorothy Hui Lin",5,0,1,Singapore General Hospital,Singapore,hospital,1,2026,rti
doi:10.5527/wjn.v15.i2.118214,ayekyaw-y,"Aye Kyaw, Yunn Honey",1,1,0,National University of Singapore,Singapore,university,1,2026,rti
doi:10.5527/wjn.v15.i2.118214,yip-p,"Yip, Pierre",2,0,0,National University of Singapore,Singapore,university,1,2026,rti
doi:10.5527/wjn.v15.i2.118214,see-k,"See, Kay Choong",3,0,1,National University Hospital,Singapore,hospital,1,2026,rti
doi:10.1016/j.drugpo.2026.105306,luo-d,"Luo, Danyang",1,1,0,,United States,,1,2026,sti
doi:10.1016/j.drugpo.2026.105306,fu-q,"Fu, Qiang",2,0,0,,China,,1,2026,sti
doi:10.1016/j.drugpo.2026.105306,fei-y,"Fei, Yunqing",3,0,0,,United States,,1,2026,sti
doi:10.1016/j.drugpo.2026.105306,yang-l,"Yang, Ligang",4,0,0,,China,,1,2026,sti
doi:10.1016/j.drugpo.2026.105306,operario-d,"Operario, Don",5,0,0,,United States,,1,2026,sti
doi:10.1016/j.drugpo.2026.105306,smith-m,"Smith, M Kumi",6,0,0,,United States,,1,2026,sti
doi:10.1016/j.drugpo.2026.105306,tan-r,"Tan, Rayner Kay Jin",7,0,1,National University of Singapore,Singapore,university,1,2026,sti
doi:10.1007/s10461-026-05097-3,choy-c,"Choy, Chiaw Yee",1,1,0,National Centre for Infectious Diseases,Singapore,hospital,2,2026,sti
doi:10.1007/s10461-026-05097-3,hao-y,"Hao, Ying",2,0,0,National Centre for Infectious Diseases,Singapore,hospital,1,2026,sti
doi:10.1007/s10461-026-05097-3,toh-m,"Toh, Matthias Paul Han Sim",3,0,0,National Centre for Infectious Diseases,Singapore,hospital,4,2026,sti
doi:10.1007/s10461-026-05097-3,archuleta-s,"Archuleta, Sophia",4,0,0,National University Hospital,Singapore,hospital,2,2026,sti
doi:10.1007/s10461-026-05097-3,teh-y,"Teh, Yii Ean",5,0,0,Singapore General Hospital,Singapore,hospital,1,2026,sti
doi:10.1007/s10461-026-05097-3,chong-e,"Chong, Edwin Yu Sng",6,0,0,Changi General Hospital,Singapore,hospital,1,2026,sti
doi:10.1007/s10461-026-05097-3,lee-p,"Lee, Pei Hua",7,0,0,National Centre for Infectious Diseases,Singapore,hospital,2,2026,sti
doi:10.1007/s10461-026-05097-3,young-b,"Young, Barnaby Edward",8,0,0,National Centre for Infectious Diseases,Singapore,hospital,2,2026,sti
doi:10.1007/s10461-026-05097-3,kumar-p,"Kumar, P Arun",9,0,0,National Centre for Infectious Diseases,Singapore,hospital,1,2026,sti
doi:10.1007/s10461-026-05097-3,ferdous-z,"Ferdous, Zannatul",10,0,0,National Centre for Infectious Diseases,Singapore,hospital,1,2026,sti
doi:10.1007/s10461-026-05097-3,tan-z,"Tan, Zhi Hui",11,0,0,National Centre for Infectious Diseases,Singapore,hospital,1,2026,sti
doi:10.1007/s10461-026-05097-3,le-t,"Le, Tiane",12,0,0,National University Hospital,Singapore,hospital,1,2026,sti
doi:10.1007/s10461-026-05097-3,chia-c,"Chia, Chern Pang Timothy",13,0,0,National University Hospital,Singapore,hospital,1,2026,sti
doi:10.1007/s10461-026-05097-3,hamid-l,"Hamid, Lizawati Binte",14,0,0,Singapore General Hospital,Singapore,hospital,1,2026,sti
doi:10.1007/s10461-026-05097-3,lee-s,"Lee, Simon Kiat Loon",15,0,0,Singapore General Hospital,Singapore,hospital,1,2026,sti
doi:10.1007/s10461-026-05097-3,lee-a,"Lee, Andy",16,0,0,Changi General Hospital,Singapore,hospital,1,2026,sti
doi:10.1007/s10461-026-05097-3,wong-c,"Wong, Chen Seong",17,0,1,National Centre for Infectious Diseases,Singapore,hospital,3,2026,sti
doi:10.1183/13993003.00858-2026,eng-s,"Eng, Sothearith",1,1,0,,Japan,,1,2026,tb
doi:10.1183/13993003.00858-2026,prem-k,"Prem, Kiesha",2,0,0,London School of Hygiene & Tropical Medicine,Ireland,university,2,2026,tb
doi:10.1183/13993003.00858-2026,tuot-s,"Tuot, Sovannary",3,0,0,,Cambodia,,2,2026,tb
doi:10.1183/13993003.00858-2026,pall-c,"Pall, Chamroen",4,0,0,,Cambodia,,1,2026,tb
doi:10.1183/13993003.00858-2026,tep-s,"Tep, Sovanvorleak",5,0,0,,Cambodia,,1,2026,tb
doi:10.1183/13993003.00858-2026,hoddinott-g,"Hoddinott, Graeme",6,0,0,,Australia,,4,2026,tb
doi:10.1183/13993003.00858-2026,ichikawa-m,"Ichikawa, Masao",7,0,0,,Japan,,1,2026,tb
doi:10.1183/13993003.00858-2026,yi-s,"Yi, Siyan",8,0,0,National University of Singapore,Cambodia,university,3,2026,tb
doi:10.1183/13993003.00858-2026,teo-a,"Teo, Alvin Kuo Jing",9,0,1,National University of Singapore,Australia,university,3,2026,tb
doi:10.1136/bmjph-2025-004042,a-j,"A, Janhavi",1,1,0,National University of Singapore,Singapore,university,1,2026,sti
doi:10.1136/bmjph-2025-004042,gan-g,"Gan, Gregory",2,0,0,National University of Singapore,Singapore,university,1,2026,sti
doi:10.1136/bmjph-2025-004042,endo-a,"Endo, Akira",3,0,0,National University of Singapore,Japan,university,2,2026,sti
doi:10.1136/bmjph-2025-004042,tan-r,"Tan, Rayner Kay Jin",4,0,0,National University of Singapore,Singapore,university,1,2026,sti
doi:10.1136/bmjph-2025-004042,howard-n,"Howard, Natasha",5,0,0,London School of Hygiene & Tropical Medicine,Singapore,university,2,2026,sti
doi:10.1136/bmjph-2025-004042,prem-k,"Prem, Kiesha",6,0,0,National University of Singapore,Singapore,university,1,2026,sti
doi:10.1136/bmjph-2025-004042,ho-m,"Ho, Michelle",7,0,0,National University of Singapore,Singapore,university,1,2026,sti
doi:10.1136/bmjph-2025-004042,jin-s,"Jin, Shihui",8,0,0,National University of Singapore,Singapore,university,1,2026,sti
doi:10.1136/bmjph-2025-004042,dickens-b,"Dickens, Borame L",9,0,1,National University of Singapore,Singapore,university,1,2026,sti
doi:10.25259/ijpc_285_2025,chanana-g,"Chanana, Gaurav",1,1,0,,India,,1,2026,rti
doi:10.25259/ijpc_285_2025,arya-d,"Arya, Devavrat",2,0,0,,India,,1,2026,rti
doi:10.25259/ijpc_285_2025,arora-r,"Arora, Ramandeep Singh",3,0,0,,India,,1,2026,rti
doi:10.25259/ijpc_285_2025,pruthi-m,"Pruthi, Megha",4,0,0,,India,,1,2026,rti
doi:10.25259/ijpc_285_2025,kaur-h,"Kaur, Harpreet",5,0,0,,Singapore,,1,2026,rti
doi:10.25259/ijpc_285_2025,kumari-k,"Kumari, Kamlesh",6,0,0,,India,,1,2026,rti
doi:10.25259/ijpc_285_2025,chaturvedi-h,"Chaturvedi, Harit",7,0,0,,India,,1,2026,rti
doi:10.25259/ijpc_285_2025,rabow-m,"Rabow, Michael",8,0,0,,United States,,1,2026,rti
doi:10.25259/ijpc_285_2025,velu-u,"Velu, Umesh",9,0,0,,India,,1,2026,rti
doi:10.25259/ijpc_285_2025,sunilkumar-m,"Sunilkumar, M M",10,0,1,World Health Organization,India,government,1,2026,rti
doi:10.1016/j.vaccine.2026.128983,tay-c,"Tay, Carina J X",1,1,0,National University of Singapore,Singapore,university,1,2026,rti
doi:10.1016/j.vaccine.2026.128983,koh-c,"Koh, Clara W T",2,0,0,Duke-NUS Medical School,Singapore,university,1,2026,rti
doi:10.1016/j.vaccine.2026.128983,ooi-j,"Ooi, Justin S G",3,0,0,Duke-NUS Medical School,Singapore,university,1,2026,rti
doi:10.1016/j.vaccine.2026.128983,li-h,"Li, Hui' En",4,0,0,National University of Singapore,Singapore,university,1,2026,rti
doi:10.1016/j.vaccine.2026.128983,kang-a,"Kang, Alicia Y H",5,0,0,National University of Singapore,Singapore,university,1,2026,rti
doi:10.1016/j.vaccine.2026.128983,roslan-s,"Roslan, Siti Namirah Binte",6,0,0,National University of Singapore,Singapore,university,1,2026,rti
doi:10.1016/j.vaccine.2026.128983,osman-n,"Osman, Nurul Elyana",7,0,0,National University of Singapore,Singapore,university,1,2026,rti
doi:10.1016/j.vaccine.2026.128983,ong-s,"Ong, Sze Min",8,0,0,National University of Singapore,Singapore,university,1,2026,rti
doi:10.1016/j.vaccine.2026.128983,ooi-d,"Ooi, Delicia S Q",9,0,0,National University of Singapore,Singapore,university,1,2026,rti
doi:10.1016/j.vaccine.2026.128983,tham-e,"Tham, Elizabeth Huiwen",10,0,0,National University Hospital,Singapore,hospital,2,2026,rti
doi:10.1016/j.vaccine.2026.128983,shek-l,"Shek, Lynette P",11,0,0,National University Hospital,Singapore,hospital,2,2026,rti
doi:10.1016/j.vaccine.2026.128983,chan-k,"Chan, Kuan Rong",12,0,0,Duke-NUS Medical School,Singapore,university,1,2026,rti
doi:10.1016/j.vaccine.2026.128983,zhong-y,"Zhong, Youjia",13,0,1,Duke-NUS Medical School,Singapore,hospital,3,2026,rti
doi:10.1016/j.eclinm.2026.103871,subissi-l,"Subissi, Lorenzo",1,1,0,World Health Organization,Switzerland,government,1,2026,vector_borne
doi:10.1016/j.eclinm.2026.103871,otieno-j,"Otieno, James R",2,0,0,World Health Organization,Switzerland,government,1,2026,vector_borne
doi:10.1016/j.eclinm.2026.103871,ruis-c,"Ruis, Christopher",3,0,0,University of Cambridge,United Kingdom,university,3,2026,vector_borne
doi:10.1016/j.eclinm.2026.103871,rabe-i,"Rabe, Ingrid",4,0,0,World Health Organization,Switzerland,government,1,2026,vector_borne
doi:10.1016/j.eclinm.2026.103871,agrawal-a,"Agrawal, Anurag",5,0,0,,India,,1,2026,vector_borne
doi:10.1016/j.eclinm.2026.103871,aburaddad-l,"Abu-Raddad, Laith Jamal",6,0,0,,Qatar,,1,2026,vector_borne
doi:10.1016/j.eclinm.2026.103871,azhar-e,"Azhar, Esam I",7,0,0,,Saudi Arabia,,1,2026,vector_borne
doi:10.1016/j.eclinm.2026.103871,beer-m,"Beer, Martin",8,0,0,,Germany,,1,2026,vector_borne
doi:10.1016/j.eclinm.2026.103871,bezerra-h,"Bezerra, Haroldo",9,0,0,World Health Organization,United States,government,1,2026,vector_borne
doi:10.1016/j.eclinm.2026.103871,caly-l,"Caly, Leon",10,0,0,,Australia,,1,2026,vector_borne
doi:10.1016/j.eclinm.2026.103871,chand-m,"Chand, Meera",11,0,0,UK Health Security Agency,United Kingdom,government,1,2026,vector_borne
doi:10.1016/j.eclinm.2026.103871,companioni-a,"Companioni, Ariamys",12,0,0,,Cuba,,1,2026,vector_borne
doi:10.1016/j.eclinm.2026.103871,deoliveira-t,"de Oliveira, Tulio",13,0,0,,South Africa,,1,2026,vector_borne
doi:10.1016/j.eclinm.2026.103871,dietrich-i,"Dietrich, Isabelle",14,0,0,,United Kingdom,,1,2026,vector_borne
doi:10.1016/j.eclinm.2026.103871,drosten-c,"Drosten, Christian",15,0,0,,Germany,,1,2026,vector_borne
doi:10.1016/j.eclinm.2026.103871,duran-p,"Duran, Pablo",16,0,0,World Health Organization,United States,government,1,2026,vector_borne
doi:10.1016/j.eclinm.2026.103871,faria-n,"Faria, Nuno R",17,0,0,Imperial College London,Brazil,university,2,2026,vector_borne
doi:10.1016/j.eclinm.2026.103871,fowotade-a,"Fowotade, Adeola",18,0,0,,Nigeria,,1,2026,vector_borne
doi:10.1016/j.eclinm.2026.103871,gresh-l,"Gresh, Lionel",19,0,0,World Health Organization,United States,government,1,2026,vector_borne
doi:10.1016/j.eclinm.2026.103871,huang-b,"Huang, Baoying",20,0,0,,China,,1,2026,vector_borne
doi:10.1016/j.eclinm.2026.103871,kindrachuk-j,"Kindrachuk, Jason",21,0,0,,Canada,,2,2026,vector_borne
doi:10.1016/j.eclinm.2026.103871,koopmans-m,"Koopmans, Marion P G",22,0,0,,Netherlands,,1,2026,vector_borne
doi:10.1016/j.eclinm.2026.103871,korber-b,"Korber, Bette",23,0,0,,United States,,1,2026,vector_borne
doi:10.1016/j.eclinm.2026.103871,leo-y,"Leo, Yee-Sin",24,0,0,Nanyang Technological University,Singapore,hospital,2,2026,vector_borne
doi:10.1016/j.eclinm.2026.103871,mbalakingebeni-p,"Mbala-Kingebeni, Placide",25,0,0,,Democratic Republic of the Congo,,1,2026,vector_borne
doi:10.1016/j.eclinm.2026.103871,mcmenamin-m,"McMenamin, Martina",26,0,0,World Health Organization,Switzerland,government,1,2026,vector_borne
doi:10.1016/j.eclinm.2026.103871,melhem-n,"Melhem, Nada M",27,0,0,,Lebanon,,1,2026,vector_borne
doi:10.1016/j.eclinm.2026.103871,munster-v,"Munster, Vincent J",28,0,0,National Institutes of Health,United States,government,1,2026,vector_borne
doi:10.1016/j.eclinm.2026.103871,nunes-b,"Nunes, Bruno T D",29,0,0,,Brazil,,1,2026,vector_borne
doi:10.1016/j.eclinm.2026.103871,oudemunnink-b,"Oude Munnink, Bas B",30,0,0,,Netherlands,,1,2026,vector_borne
doi:10.1016/j.eclinm.2026.103871,naveca-f,"Naveca, Felipe G",31,0,0,,Brazil,,1,2026,vector_borne
doi:10.1016/j.eclinm.2026.103871,peiris-m,"Peiris, Malik",32,0,0,University of Hong Kong,China,university,1,2026,vector_borne
doi:10.1016/j.eclinm.2026.103871,palacios-g,"Palacios, Gustavo",33,0,0,,United States,,1,2026,vector_borne
doi:10.1016/j.eclinm.2026.103871,resende-p,"Resende, Paola",34,0,0,,Brazil,,1,2026,vector_borne
doi:10.1016/j.eclinm.2026.103871,rodriguez-a,"Rodriguez, Angel",35,0,0,World Health Organization,United States,government,1,2026,vector_borne
doi:10.1016/j.eclinm.2026.103871,saha-s,"Saha, Senjuti",36,0,0,,Bangladesh,,1,2026,vector_borne
doi:10.1016/j.eclinm.2026.103871,suzuki-t,"Suzuki, Tadaki",37,0,0,,Japan,,1,2026,vector_borne
doi:10.1016/j.eclinm.2026.103871,vicari-a,"Vicari, Andrea",38,0,0,World Health Organization,United States,government,1,2026,vector_borne
doi:10.1016/j.eclinm.2026.103871,vongottberg-a,"von Gottberg, Anne",39,0,0,,South Africa,,2,2026,vector_borne
doi:10.1016/j.eclinm.2026.103871,yadav-p,"Yadav, Pragya",40,0,0,,India,,2,2026,vector_borne
doi:10.1016/j.eclinm.2026.103871,mendezrico-j,"Mendez-Rico, Jairo",41,0,0,World Health Organization,United States,government,1,2026,vector_borne
doi:10.1016/j.eclinm.2026.103871,vankerkhove-m,"Van Kerkhove, Maria D",42,0,0,World Health Organization,Switzerland,government,1,2026,vector_borne
doi:10.1016/j.eclinm.2026.103871,rojas-d,"Rojas, Diana P",43,0,1,World Health Organization,Switzerland,government,1,2026,vector_borne
doi:10.1097/qai.0000000000003874,hertz-j,"Hertz, Julian T",1,1,0,,,,2,2026,sti
doi:10.1097/qai.0000000000003874,rahim-f,"Rahim, Faraan",2,0,0,Harvard University,United States,university,1,2026,sti
doi:10.1097/qai.0000000000003874,wang-c,"Wang, Claire",3,0,0,,,,1,2026,sti
doi:10.1097/qai.0000000000003874,vaidyanathan-a,"Vaidyanathan, Arthi",4,0,0,,,,1,2026,sti
doi:10.1097/qai.0000000000003874,wanda-l,"Wanda, Lisa",5,0,0,,Tanzania,,1,2026,sti
doi:10.1097/qai.0000000000003874,sakita-f,"Sakita, Francis M",6,0,0,,Tanzania,,2,2026,sti
doi:10.1097/qai.0000000000003874,mmbaga-b,"Mmbaga, Blandina T",7,0,0,,Tanzania,,2,2026,sti
doi:10.1097/qai.0000000000003874,kweka-g,"Kweka, Godfrey L",8,0,0,,Tanzania,,1,2026,sti
doi:10.1097/qai.0000000000003874,mlangi-j,"Mlangi, Jerome J",9,0,0,,Tanzania,,1,2026,sti
doi:10.1097/qai.0000000000003874,zebedayo-r,"Zebedayo, Rennyda",10,0,0,,Tanzania,,1,2026,sti
doi:10.1097/qai.0000000000003874,gwasma-f,"Gwasma, Francis",11,0,0,,Tanzania,,1,2026,sti
doi:10.1097/qai.0000000000003874,prakash-t,"Prakash, Tarun",12,0,0,,,,1,2026,sti
doi:10.1097/qai.0000000000003874,jafar-t,"Jafar, Tazeen H",13,0,0,Duke-NUS Medical School,Singapore,university,1,2026,sti
doi:10.1097/qai.0000000000003874,bosworth-h,"Bosworth, Hayden B",14,0,0,,,,2,2026,sti
doi:10.1097/qai.0000000000003874,thielman-n,"Thielman, Nathan M",15,0,0,,,,3,2026,sti
doi:10.1097/qai.0000000000003874,manavalan-p,"Manavalan, Preeti",16,0,1,,,,1,2026,sti
doi:10.1016/j.jconrel.2026.115136,le-d,"Le, Dao Thi Hong",1,1,0,"Agency for Science, Technology and Research",Singapore,research_institute,2,2026,rti
doi:10.1016/j.jconrel.2026.115136,yang-c,"Yang, Chuan",2,0,0,"Agency for Science, Technology and Research",Singapore,research_institute,1,2026,rti
doi:10.1016/j.jconrel.2026.115136,zhang-y,"Zhang, Yue",3,0,0,"Agency for Science, Technology and Research",Singapore,research_institute,1,2026,rti
doi:10.1016/j.jconrel.2026.115136,zhao-g,"Zhao, Gui",4,0,0,"Agency for Science, Technology and Research",Singapore,research_institute,1,2026,rti
doi:10.1016/j.jconrel.2026.115136,seow-b,"Seow, Brandon Yi Loong",5,0,0,"Agency for Science, Technology and Research",Singapore,research_institute,1,2026,rti
doi:10.1016/j.jconrel.2026.115136,zhao-x,"Zhao, Xinxin",6,0,0,"Agency for Science, Technology and Research",Singapore,research_institute,1,2026,rti
doi:10.1016/j.jconrel.2026.115136,balakrishnan-n,"Balakrishnan, Nithiyaa",7,0,0,"Agency for Science, Technology and Research",Singapore,research_institute,1,2026,rti
doi:10.1016/j.jconrel.2026.115136,bae-k,"Bae, Ki Hyun",8,0,0,"Agency for Science, Technology and Research",Singapore,research_institute,1,2026,rti
doi:10.1016/j.jconrel.2026.115136,hui-j,"Hui, James H P",9,0,0,National University of Singapore,Singapore,university,1,2026,rti
doi:10.1016/j.jconrel.2026.115136,yang-y,"Yang, Yi Yan",10,0,1,"Agency for Science, Technology and Research",Singapore,research_institute,2,2026,rti
doi:10.1016/j.mimet.2026.107668,houdkova-m,"Houdkova, Marketa",1,1,0,,Czechia,,1,2026,rti
doi:10.1016/j.mimet.2026.107668,chaure-a,"Chaure, Aishwarya",2,0,0,,Czechia,,1,2026,rti
doi:10.1016/j.mimet.2026.107668,rezek-j,"Rezek, Jan",3,0,0,,Czechia,,1,2026,rti
doi:10.1016/j.mimet.2026.107668,leongskornickova-j,"Leong-Skornickova, Jana",4,0,0,,Singapore,,1,2026,rti
doi:10.1016/j.mimet.2026.107668,bucar-f,"Bucar, Franz",5,0,0,,Austria,,1,2026,rti
doi:10.1016/j.mimet.2026.107668,tulin-e,"Tulin, Edgardo E",6,0,0,,Philippines,,1,2026,rti
doi:10.1016/j.mimet.2026.107668,soudek-p,"Soudek, Petr",7,0,0,,Czechia,,1,2026,rti
doi:10.1016/j.mimet.2026.107668,kokoska-l,"Kokoska, Ladislav",8,0,1,,Czechia,,1,2026,rti
doi:10.1128/jvi.00540-26,zhang-y,"Zhang, Yueying",1,1,0,,Japan,,2,2026,rti
doi:10.1128/jvi.00540-26,fujita-s,"Fujita, Shigeru",2,0,0,,Japan,,2,2026,rti
doi:10.1128/jvi.00540-26,kajihara-m,"Kajihara, Masahiro",3,0,0,,Japan,,3,2026,rti
doi:10.1128/jvi.00540-26,changula-k,"Changula, Katendi",4,0,0,,Zambia,,1,2026,rti
doi:10.1128/jvi.00540-26,hangombe-b,"Hang'ombe, Bernard Mudenda",5,0,0,,Zambia,,3,2026,rti
doi:10.1128/jvi.00540-26,kawakubo-s,"Kawakubo, Shusuke",6,0,0,,Japan,,1,2026,rti
doi:10.1128/jvi.00540-26,lytras-s,"Lytras, Spyros",7,0,0,,Japan,,1,2026,rti
doi:10.1128/jvi.00540-26,ito-j,"Ito, Jumpei",8,0,0,,Japan,,1,2026,rti
doi:10.1128/jvi.00540-26,kanai-a,"Kanai, Akinori",9,0,0,,Japan,,1,2026,rti
doi:10.1128/jvi.00540-26,suzuki-y,"Suzuki, Yutaka",10,0,0,,Japan,,1,2026,rti
doi:10.1128/jvi.00540-26,takada-a,"Takada, Ayato",11,0,0,,Japan,,4,2026,rti
doi:10.1128/jvi.00540-26,sato-k,"Sato, Kei",12,0,1,Duke-NUS Medical School,Japan,university,6,2026,rti
doi:10.1016/j.jinf.2026.106765,spruijtenburg-b,"Spruijtenburg, Bram",1,1,0,,Netherlands,,4,2026,amr_hai
doi:10.1016/j.jinf.2026.106765,marek-a,"Marek, Aleksandra",2,0,0,,United Kingdom,,3,2026,amr_hai
doi:10.1016/j.jinf.2026.106765,meis-j,"Meis, Jacques F",3,0,0,,Germany,,4,2026,amr_hai
doi:10.1016/j.jinf.2026.106765,chowdhary-a,"Chowdhary, Anuradha",4,0,0,,India,,3,2026,amr_hai
doi:10.1016/j.jinf.2026.106765,verweij-p,"Verweij, Paul E",5,0,0,,Netherlands,,2,2026,amr_hai
doi:10.1016/j.jinf.2026.106765,voss-a,"Voss, Andreas",6,0,0,,Netherlands,,2,2026,amr_hai
doi:10.1016/j.jinf.2026.106765,bagrade-l,"Bagrade, Linda",7,0,0,,United Kingdom,,2,2026,amr_hai
doi:10.1016/j.jinf.2026.106765,kiernan-m,"Kiernan, Martin",8,0,0,,Australia,,3,2026,amr_hai
doi:10.1016/j.jinf.2026.106765,marimuthu-k,"Marimuthu, Kalisvar",9,0,0,National Centre for Infectious Diseases,Singapore,hospital,4,2026,amr_hai
doi:10.1016/j.jinf.2026.106765,severin-j,"Severin, Juliëtte A",10,0,0,,Netherlands,,2,2026,amr_hai
doi:10.1016/j.jinf.2026.106765,bal-a,"Bal, Abhijit M",11,0,0,,United Kingdom,,2,2026,amr_hai
doi:10.1016/j.jinf.2026.106765,meijer-e,"Meijer, Eelco F J",12,0,1,,Netherlands,,4,2026,amr_hai
doi:10.3389/fpubh.2026.1838184,bolding-a,"Bolding, Ashley",1,1,0,,United States,,1,2026,rti
doi:10.3389/fpubh.2026.1838184,argimon-s,"Argimón, Silvia",2,0,0,World Health Organization,Germany,government,1,2026,rti
doi:10.3389/fpubh.2026.1838184,whistler-t,"Whistler, Toni",3,0,0,,United States,,1,2026,rti
doi:10.3389/fpubh.2026.1838184,kele-b,"Kele, Beatrix",4,0,0,,United Kingdom,,1,2026,rti
doi:10.3389/fpubh.2026.1838184,marklewitz-m,"Marklewitz, Marco",5,0,0,,Switzerland,,1,2026,rti
doi:10.3389/fpubh.2026.1838184,jaguparov-a,"Jaguparov, Alexandr",6,0,0,World Health Organization,Denmark,government,1,2026,rti
doi:10.3389/fpubh.2026.1838184,musul-b,"Musul, Biran",7,0,0,World Health Organization,Türkiye,government,1,2026,rti
doi:10.3389/fpubh.2026.1838184,suresh-a,"Suresh, Anita",8,0,0,,Singapore,,1,2026,rti
doi:10.3389/fpubh.2026.1838184,uplekar-s,"Uplekar, Swapna",9,0,0,,Switzerland,,1,2026,rti
doi:10.3389/fpubh.2026.1838184,legarrec-j,"Le Garrec, Joanna Salvi",10,0,0,World Health Organization,Denmark,government,1,2026,rti
doi:10.3389/fpubh.2026.1838184,campos-j,"Campos, Josefina",11,0,0,World Health Organization,Germany,government,1,2026,rti
doi:10.3389/fpubh.2026.1838184,akande-o,"Akande, Oluwatosin Wuraola",12,0,1,World Health Organization,Switzerland,government,1,2026,rti
doi:10.1007/s13555-026-01809-8,wang-g,"Wang, Gang",1,1,0,,China,,1,2026,tb
doi:10.1007/s13555-026-01809-8,youn-s,"Youn, Sang Woong",2,0,0,,Republic of Korea,,1,2026,tb
doi:10.1007/s13555-026-01809-8,chang-c,"Chang, Chia-Ling",3,0,0,,Singapore,,1,2026,tb
doi:10.1007/s13555-026-01809-8,saeki-h,"Saeki, Hidehisa",4,0,1,,Japan,,1,2026,tb
doi:10.1016/j.pedneo.2026.04.010,tong-w,"Tong, W Y",1,1,0,Duke-NUS Medical School,Singapore,hospital,2,2026,rti
doi:10.1016/j.pedneo.2026.04.010,low-j,"Low, J M",2,0,0,National University Hospital,Singapore,hospital,2,2026,rti
doi:10.1016/j.pedneo.2026.04.010,ngeow-a,"Ngeow, A",3,0,0,Duke-NUS Medical School,Singapore,hospital,2,2026,rti
doi:10.1016/j.pedneo.2026.04.010,lim-a,"Lim, A",4,0,0,Duke-NUS Medical School,Singapore,hospital,2,2026,rti
doi:10.1016/j.pedneo.2026.04.010,sultana-r,"Sultana, R",5,0,0,Duke-NUS Medical School,Singapore,university,1,2026,rti
doi:10.1016/j.pedneo.2026.04.010,yeo-k,"Yeo, K T",6,0,1,Duke-NUS Medical School,Singapore,hospital,2,2026,rti
doi:10.1371/journal.pntd.0014318,blacksell-s,"Blacksell, Stuart D",1,1,0,Mahidol University,Thailand,university,2,2026,vector_borne
doi:10.1371/journal.pntd.0014318,robinson-m,"Robinson, Matthew T",2,0,0,University of Oxford,United Kingdom,university,2,2026,vector_borne
doi:10.1371/journal.pntd.0014318,saraswati-k,"Saraswati, Kartika",3,0,0,Mahidol University,Singapore,university,3,2026,vector_borne
doi:10.1371/journal.pntd.0014318,perrone-c,"Perrone, Carlo",4,0,0,Mahidol University,Thailand,university,2,2026,vector_borne
doi:10.1371/journal.pntd.0014318,batty-e,"Batty, Elizabeth M",5,0,0,Mahidol University,Thailand,university,2,2026,vector_borne
doi:10.1371/journal.pntd.0014318,wongsantichon-j,"Wongsantichon, Jantana",6,0,0,Mahidol University,Thailand,university,2,2026,vector_borne
doi:10.1371/journal.pntd.0014318,sonthayanon-p,"Sonthayanon, Piengchan",7,0,0,Mahidol University,Thailand,university,2,2026,vector_borne
doi:10.1371/journal.pntd.0014318,wangrangsimakul-t,"Wangrangsimakul, Tri",8,0,0,University of Oxford,United Kingdom,university,1,2026,vector_borne
doi:10.1371/journal.pntd.0014318,elliott-i,"Elliott, Ivo",9,0,0,University of Oxford,United Kingdom,university,1,2026,vector_borne
doi:10.1371/journal.pntd.0014318,newton-p,"Newton, Paul N",10,0,0,Mahidol University,Thailand,university,3,2026,vector_borne
doi:10.1371/journal.pntd.0014318,day-n,"Day, Nicholas P J",11,0,1,Mahidol University,Thailand,university,2,2026,vector_borne
doi:10.12968/jowc.2023.0112,ling-s,"Ling, Stacy Ng Wei",1,1,0,KK Women's and Children's Hospital,Singapore,hospital,1,2026,amr_hai
doi:10.12968/jowc.2023.0112,kuan-n,"Kuan, Nicole Lee Kim",2,0,0,KK Women's and Children's Hospital,Singapore,hospital,1,2026,amr_hai
doi:10.12968/jowc.2023.0112,abraham-m,"Abraham, Mini",3,0,0,KK Women's and Children's Hospital,Singapore,hospital,1,2026,amr_hai
doi:10.12968/jowc.2023.0112,jack-p,"Jack, Pan Woei",4,0,0,KK Women's and Children's Hospital,Singapore,hospital,1,2026,amr_hai
doi:10.12968/jowc.2023.0112,leong-k,"Leong, Kevin Lim Boon",5,0,1,KK Women's and Children's Hospital,Singapore,hospital,1,2026,amr_hai
doi:10.1038/s41467-026-74032-w,pu-w,"Pu, Wenyuan",1,1,0,,China,,2,2026,tb
doi:10.1038/s41467-026-74032-w,zhang-x,"Zhang, Ximeng",2,0,0,,China,,1,2026,tb
doi:10.1038/s41467-026-74032-w,tian-m,"Tian, Man",3,0,0,,China,,1,2026,tb
doi:10.1038/s41467-026-74032-w,he-z,"He, Zhiyi",4,0,0,,China,,1,2026,tb
doi:10.1038/s41467-026-74032-w,zhu-j,"Zhu, Jin",5,0,0,,China,,1,2026,tb
doi:10.1038/s41467-026-74032-w,song-s,"Song, Shiyu",6,0,0,,China,,1,2026,tb
doi:10.1038/s41467-026-74032-w,li-l,"Li, Li",7,0,0,,China,,1,2026,tb
doi:10.1038/s41467-026-74032-w,lian-p,"Lian, Panpan",8,0,0,,China,,1,2026,tb
doi:10.1038/s41467-026-74032-w,lu-r,"Lu, Renwei",9,0,0,,China,,1,2026,tb
doi:10.1038/s41467-026-74032-w,wang-r,"Wang, Ranran",10,0,0,,China,,1,2026,tb
doi:10.1038/s41467-026-74032-w,lin-k,"Lin, Kai",11,0,0,,China,,1,2026,tb
doi:10.1038/s41467-026-74032-w,gu-c,"Gu, Chaode",12,0,0,,China,,1,2026,tb
doi:10.1038/s41467-026-74032-w,wazir-j,"Wazir, Junaid",13,0,0,,China,,1,2026,tb
doi:10.1038/s41467-026-74032-w,wang-c,"Wang, Caiyun",14,0,0,,China,,1,2026,tb
doi:10.1038/s41467-026-74032-w,sun-y,"Sun, Yixuan",15,0,0,,China,,1,2026,tb
doi:10.1038/s41467-026-74032-w,yang-j,"Yang, Jing",16,0,0,,China,,1,2026,tb
doi:10.1038/s41467-026-74032-w,zhang-y,"Zhang, Yingwei",17,0,0,,China,,1,2026,tb
doi:10.1038/s41467-026-74032-w,chen-h,"Chen, Huimei",18,0,0,Duke-NUS Medical School,Singapore,university,1,2026,tb
doi:10.1038/s41467-026-74032-w,petretto-e,"Petretto, Enrico",19,0,0,Duke-NUS Medical School,Singapore,university,1,2026,tb
doi:10.1038/s41467-026-74032-w,cao-w,"Cao, Wangsen",20,0,0,,China,,1,2026,tb
doi:10.1038/s41467-026-74032-w,fan-r,"Fan, Rongrong",21,0,0,,Sweden,,1,2026,tb
doi:10.1038/s41467-026-74032-w,treuter-e,"Treuter, Eckardt",22,0,0,,Sweden,,1,2026,tb
doi:10.1038/s41467-026-74032-w,zhang-x,"Zhang, Xia",23,0,0,,China,,1,2026,tb
doi:10.1038/s41467-026-74032-w,liu-n,"Liu, Nannan",24,0,0,,China,,1,2026,tb
doi:10.1038/s41467-026-74032-w,yang-a,"Yang, Airong",25,0,0,,China,,1,2026,tb
doi:10.1038/s41467-026-74032-w,chen-x,"Chen, Xinchun",26,0,0,,China,,1,2026,tb
doi:10.1038/s41467-026-74032-w,wang-h,"Wang, Hongwei",27,0,0,,China,,1,2026,tb
doi:10.1038/s41467-026-74032-w,huang-z,"Huang, Zhiqiang",28,0,1,,China,,1,2026,tb
doi:10.1021/acsinfecdis.6c00309,pee-c,"Pee, Carmen J E",1,1,0,Nanyang Technological University,Singapore,university,2,2026,amr_hai
doi:10.1021/acsinfecdis.6c00309,santos-m,"Santos, May Delos",2,0,0,,Singapore,,1,2026,amr_hai
doi:10.1021/acsinfecdis.6c00309,pethe-k,"Pethe, Kevin",3,0,1,Nanyang Technological University,Singapore,university,4,2026,amr_hai
doi:10.1128/spectrum.03669-25,zhao-z,"Zhao, Zhihai",1,1,0,,Singapore,,1,2026,vector_borne
doi:10.1128/spectrum.03669-25,shincy-m,"Shincy, Mettingal Ramakrishnan",2,0,0,,India,,1,2026,vector_borne
doi:10.1128/spectrum.03669-25,teoh-l,"Teoh, Lay Sin",3,0,0,,Singapore,,1,2026,vector_borne
doi:10.1128/spectrum.03669-25,ravikumar-k,"Ravikumar, Kadahalli Lingegowda",4,0,0,,India,,1,2026,vector_borne
doi:10.1128/spectrum.03669-25,ong-h,"Ong, Haris",5,0,0,,Singapore,,1,2026,vector_borne
doi:10.1128/spectrum.03669-25,mak-m,"Mak, Matthew",6,0,0,,Singapore,,1,2026,vector_borne
doi:10.1128/spectrum.03669-25,du-y,"Du, Yang",7,0,0,,Singapore,,1,2026,vector_borne
doi:10.1128/spectrum.03669-25,alam-m,"Alam, Mohammad Shafiul",8,0,0,,Bangladesh,,1,2026,vector_borne
doi:10.1128/spectrum.03669-25,xu-n,"Xu, Na",9,0,1,,Singapore,,1,2026,vector_borne
doi:10.1038/s41541-026-01519-4,zhao-z,"Zhao, Ziwei",1,1,0,National University of Singapore,Singapore,university,1,2026,vector_borne
doi:10.1038/s41541-026-01519-4,milligan-p,"Milligan, Paul",2,0,0,London School of Hygiene & Tropical Medicine,United Kingdom,university,1,2026,vector_borne
doi:10.1038/s41541-026-01519-4,cheung-y,"Cheung, Yin Bun",3,0,1,Duke-NUS Medical School,Finland,university,3,2026,vector_borne
doi:10.1038/s41467-026-75524-5,low-a,"Low, Adrian",1,1,0,National University of Singapore,Singapore,university,1,2026,amr_hai
doi:10.1038/s41467-026-75524-5,yang-z,"Yang, Zhuoya",2,0,0,National University of Singapore,Singapore,university,1,2026,amr_hai
doi:10.1038/s41467-026-75524-5,anantaya-k,"Anantaya, Kylin Treruangrachada",3,0,0,National University of Singapore,Singapore,university,1,2026,amr_hai
doi:10.1038/s41467-026-75524-5,zhao-s,"Zhao, Siyan",4,0,0,National University of Singapore,Singapore,university,1,2026,amr_hai
doi:10.1038/s41467-026-75524-5,tan-w,"Tan, Wei Cong",5,0,0,National University Hospital,Singapore,hospital,2,2026,amr_hai
doi:10.1038/s41467-026-75524-5,perez-r,"Perez, Rebecca Lynn",6,0,0,National University of Singapore,Singapore,university,1,2026,amr_hai
doi:10.1038/s41467-026-75524-5,chungthe-h,"Chung The, Hao",7,0,0,National University of Singapore,Singapore,research_institute,2,2026,amr_hai
doi:10.1038/s41467-026-75524-5,lim-s,"Lim, Shirmin Zhi Yan",8,0,0,National University of Singapore,Singapore,university,1,2026,amr_hai
doi:10.1038/s41467-026-75524-5,liu-l,"Liu, Lin",9,0,0,National University of Singapore,Singapore,university,1,2026,amr_hai
doi:10.1038/s41467-026-75524-5,gounot-j,"Gounot, Jean-Sebastien",10,0,0,Genome Institute of Singapore,Singapore,research_institute,1,2026,amr_hai
doi:10.1038/s41467-026-75524-5,kwah-j,"Kwah, Junmei Samantha",11,0,0,Genome Institute of Singapore,Singapore,research_institute,1,2026,amr_hai
doi:10.1038/s41467-026-75524-5,ong-r,"Ong, Rick Twee-Hee",12,0,0,National University of Singapore,Singapore,university,1,2026,amr_hai
doi:10.1038/s41467-026-75524-5,nagarajan-n,"Nagarajan, Niranjan",13,0,0,Genome Institute of Singapore,Singapore,research_institute,2,2026,amr_hai
doi:10.1038/s41467-026-75524-5,lee-j,"Lee, Jonathan Wei Jie",14,0,0,National University Hospital,Singapore,hospital,3,2026,amr_hai
doi:10.1038/s41467-026-75524-5,mo-y,"Mo, Yin",15,0,1,National University Health System,Singapore,hospital,6,2026,amr_hai
doi:10.1186/s12879-026-13489-y,sng-e,"Sng, Edwin Chong Yu",1,1,0,Changi General Hospital,Singapore,hospital,2,2026,tb
doi:10.1186/s12879-026-13489-y,teo-d,"Teo, Darren Cheng Han",2,0,0,Duke-NUS Medical School,Singapore,hospital,2,2026,tb
doi:10.1186/s12879-026-13489-y,wong-m,"Wong, Min Jia",3,0,0,Singapore General Hospital,Singapore,hospital,1,2026,tb
doi:10.1186/s12879-026-13489-y,conceicao-e,"Conceicao, Edwin Philip",4,0,0,Changi General Hospital,Singapore,hospital,1,2026,tb
doi:10.1186/s12879-026-13489-y,chan-l,"Chan, Ling Ling",5,0,0,Duke-NUS Medical School,Singapore,hospital,2,2026,tb
doi:10.1186/s12879-026-13489-y,chan-c,"Chan, Candice Yuen Yue",6,0,1,Duke-NUS Medical School,Singapore,hospital,2,2026,tb
doi:10.1016/j.biomaterials.2026.124421,wang-x,"Wang, Xianli",1,1,0,,China,,1,2026,amr_hai
doi:10.1016/j.biomaterials.2026.124421,wen-y,"Wen, Yuting",2,0,0,National University of Singapore,Singapore,university,1,2026,amr_hai
doi:10.1016/j.biomaterials.2026.124421,sun-k,"Sun, Ke",3,0,0,,China,,1,2026,amr_hai
doi:10.1016/j.biomaterials.2026.124421,liu-h,"Liu, Huan",4,0,0,,China,,1,2026,amr_hai
doi:10.1016/j.biomaterials.2026.124421,wang-c,"Wang, Cheng",5,0,0,,China,,1,2026,amr_hai
doi:10.1016/j.biomaterials.2026.124421,xu-m,"Xu, Man",6,0,0,,China,,1,2026,amr_hai
doi:10.1016/j.biomaterials.2026.124421,chen-d,"Chen, Dongfang",7,0,0,,China,,1,2026,amr_hai
doi:10.1016/j.biomaterials.2026.124421,li-y,"Li, Yuxuan",8,0,0,,China,,1,2026,amr_hai
doi:10.1016/j.biomaterials.2026.124421,chu-c,"Chu, Chenglin",9,0,0,,China,,1,2026,amr_hai
doi:10.1016/j.biomaterials.2026.124421,xue-f,"Xue, Feng",10,0,0,,China,,1,2026,amr_hai
doi:10.1016/j.biomaterials.2026.124421,zhao-y,"Zhao, Yonghao",11,0,0,,China,,1,2026,amr_hai
doi:10.1016/j.biomaterials.2026.124421,bai-j,"Bai, Jing",12,0,0,,China,,2,2026,amr_hai
doi:10.1016/j.biomaterials.2026.124421,li-j,"Li, Jun",13,0,1,National University of Singapore,Singapore,university,1,2026,amr_hai
doi:10.1007/s00604-026-08340-9,kotal-h,"Kotal, Hiranmoy",1,1,0,,India,,1,2026,sti
doi:10.1007/s00604-026-08340-9,kalyani-t,"Kalyani, Thangapandi",2,0,0,,India,,1,2026,sti
doi:10.1007/s00604-026-08340-9,krishnan-v,"Krishnan, Vinoth",3,0,0,Nanyang Technological University,India,university,3,2026,sti
doi:10.1007/s00604-026-08340-9,kanagaraj-r,"Kanagaraj, Ramya",4,0,0,,India,,2,2026,sti
doi:10.1007/s00604-026-08340-9,veerapandian-m,"Veerapandian, Murugan",5,0,0,,India,,2,2026,sti
doi:10.1007/s00604-026-08340-9,jana-s,"Jana, Saikat Kumar",6,0,1,,India,,1,2026,sti
doi:10.1186/s12909-026-09775-7,loh-m,"Loh, Martin Wei-Pin",1,1,0,Nanyang Technological University,Singapore,university,1,2026,vector_borne
doi:10.1186/s12909-026-09775-7,kon-m,"Kon, Mattias Wei Ren",2,0,0,National University of Singapore,Singapore,university,1,2026,vector_borne
doi:10.1186/s12909-026-09775-7,krishna-a,"Krishna, Akshaya",3,0,0,Nanyang Technological University,Singapore,university,1,2026,vector_borne
doi:10.1186/s12909-026-09775-7,chan-f,"Chan, Frederick Hui Fei",4,0,0,University of Hong Kong,China,university,1,2026,vector_borne
doi:10.1186/s12909-026-09775-7,griva-k,"Griva, Konstadina",5,0,1,Nanyang Technological University,Singapore,university,1,2026,vector_borne
doi:10.1186/s13073-026-01655-5,ng-d,"Ng, Daniel Zhi Wei",1,1,0,National University of Singapore,Singapore,university,1,2026,amr_hai
doi:10.1186/s13073-026-01655-5,yap-g,"Yap, Gaik Chin",2,0,0,National University of Singapore,Singapore,university,1,2026,amr_hai
doi:10.1186/s13073-026-01655-5,tay-c,"Tay, Carina Jing Xuan",3,0,0,National University of Singapore,Singapore,university,1,2026,amr_hai
doi:10.1186/s13073-026-01655-5,huang-c,"Huang, Chiung-Hui",4,0,0,National University of Singapore,Singapore,university,1,2026,amr_hai
doi:10.1186/s13073-026-01655-5,zhao-s,"Zhao, Siyan",5,0,0,National University of Singapore,Singapore,university,1,2026,amr_hai
doi:10.1186/s13073-026-01655-5,low-a,"Low, Adrian",6,0,0,National University of Singapore,Singapore,university,1,2026,amr_hai
doi:10.1186/s13073-026-01655-5,tham-e,"Tham, Elizabeth Huiwen",7,0,0,National University Health System,Singapore,hospital,2,2026,amr_hai
doi:10.1186/s13073-026-01655-5,loo-e,"Loo, Evelyn Xiu Ling",8,0,0,"Agency for Science, Technology and Research",Singapore,research_institute,3,2026,amr_hai
doi:10.1186/s13073-026-01655-5,shek-l,"Shek, Lynette P",9,0,0,National University of Singapore,Singapore,university,1,2026,amr_hai
doi:10.1186/s13073-026-01655-5,goh-a,"Goh, Anne",10,0,0,KK Women's and Children's Hospital,Singapore,hospital,1,2026,amr_hai
doi:10.1186/s13073-026-01655-5,chong-k,"Chong, Kok Wee",11,0,0,KK Women's and Children's Hospital,Singapore,hospital,1,2026,amr_hai
doi:10.1186/s13073-026-01655-5,goh-s,"Goh, Si Hui",12,0,0,KK Women's and Children's Hospital,Singapore,hospital,1,2026,amr_hai
doi:10.1186/s13073-026-01655-5,cheng-z,"Cheng, Zai Ru",13,0,0,KK Women's and Children's Hospital,Singapore,hospital,1,2026,amr_hai
doi:10.1186/s13073-026-01655-5,vanbever-h,"Van Bever, Hugo P S",14,0,0,"Agency for Science, Technology and Research",Singapore,research_institute,2,2026,amr_hai
doi:10.1186/s13073-026-01655-5,teoh-o,"Teoh, Oon Hoe",15,0,0,KK Women's and Children's Hospital,Singapore,hospital,1,2026,amr_hai
doi:10.1186/s13073-026-01655-5,lee-y,"Lee, Yung Seng",16,0,0,"Agency for Science, Technology and Research",Singapore,hospital,3,2026,amr_hai
doi:10.1186/s13073-026-01655-5,yap-f,"Yap, Fabian",17,0,0,KK Women's and Children's Hospital,Singapore,hospital,1,2026,amr_hai
doi:10.1186/s13073-026-01655-5,tan-k,"Tan, Kok Hian",18,0,0,KK Women's and Children's Hospital,Singapore,hospital,1,2026,amr_hai
doi:10.1186/s13073-026-01655-5,chong-y,"Chong, Yap-Seng",19,0,0,"Agency for Science, Technology and Research",Singapore,hospital,2,2026,amr_hai
doi:10.1186/s13073-026-01655-5,chan-s,"Chan, Shiao-Yng",20,0,0,"Agency for Science, Technology and Research",Singapore,hospital,2,2026,amr_hai
doi:10.1186/s13073-026-01655-5,eriksson-j,"Eriksson, Johan Gunnar",21,0,0,"Agency for Science, Technology and Research",Finland,hospital,4,2026,amr_hai
doi:10.1186/s13073-026-01655-5,godfrey-k,"Godfrey, Keith M",22,0,0,,United Kingdom,,1,2026,amr_hai
doi:10.1186/s13073-026-01655-5,lay-c,"Lay, Christophe",23,0,0,National University of Singapore,Singapore,university,2,2026,amr_hai
doi:10.1186/s13073-026-01655-5,knol-j,"Knol, Jan",24,0,0,,Ireland,,2,2026,amr_hai
doi:10.1186/s13073-026-01655-5,schuster-s,"Schuster, Stephan C",25,0,0,Nanyang Technological University,Singapore,university,1,2026,amr_hai
doi:10.1186/s13073-026-01655-5,lai-j,"Lai, Jun Shi",26,0,0,"Agency for Science, Technology and Research",Singapore,research_institute,1,2026,amr_hai
doi:10.1186/s13073-026-01655-5,chong-m,"Chong, Mary Foong-Fong",27,0,0,"Agency for Science, Technology and Research",Singapore,research_institute,2,2026,amr_hai
doi:10.1186/s13073-026-01655-5,lee-j,"Lee, Jonathan Wei Jie",28,0,0,National University Hospital,Singapore,hospital,3,2026,amr_hai
doi:10.1186/s13073-026-01655-5,lee-b,"Lee, Bee Wah",29,0,0,National University of Singapore,Singapore,university,1,2026,amr_hai
doi:10.1186/s13073-026-01655-5,chan-e,"Chan, Eric Chun Yong",30,0,0,National University of Singapore,Singapore,university,1,2026,amr_hai
doi:10.1186/s13073-026-01655-5,ta-l,"Ta, Le Duc Huy",31,0,1,National University of Singapore,Singapore,university,1,2026,amr_hai
doi:10.1093/jpids/piag032,brooks-m,"Brooks, Meredith B",1,1,0,,United States,,1,2026,tb
doi:10.1093/jpids/piag032,sosasoto-g,"Sosa Soto, Giordano",2,0,0,,United States,,1,2026,tb
doi:10.1093/jpids/piag032,campbell-j,"Campbell, Jeffrey I",3,0,0,,United States,,1,2026,tb
doi:10.1093/jpids/piag032,amanullah-f,"Amanullah, Farhana",4,0,0,,United States,,1,2026,tb
doi:10.1093/jpids/piag032,roy-t,"Roy, Tapash",5,0,0,,Bangladesh,,2,2026,tb
doi:10.1093/jpids/piag032,malik-a,"Malik, Amyn A",6,0,1,,Singapore,,2,2026,tb
doi:10.64898/2026.05.07.723652,sui-x,"Sui, Xiangyu",1,1,0,A*STAR Infectious Diseases Labs,Singapore,research_institute,2,2026,other_id
doi:10.64898/2026.05.07.723652,han-d,"Han, Darryl Jy",2,0,0,A*STAR Infectious Diseases Labs,Singapore,research_institute,1,2026,other_id
doi:10.64898/2026.05.07.723652,costa-d,"Costa, David M",3,0,0,A*STAR Infectious Diseases Labs,Singapore,research_institute,1,2026,other_id
doi:10.64898/2026.05.07.723652,jacob-v,"Jacob, Vinitha A",4,0,0,,United States,,1,2026,other_id
doi:10.64898/2026.05.07.723652,oehlers-s,"Oehlers, Stefan H",5,0,1,A*STAR Infectious Diseases Labs,Singapore,research_institute,2,2026,other_id
doi:10.1038/s41467-026-76156-5,tan-l,"Tan, Lu",1,1,0,,United States,,1,2026,rti
doi:10.1038/s41467-026-76156-5,verma-a,"Verma, Abhishek K",2,0,0,,United States,,1,2026,rti
doi:10.1038/s41467-026-76156-5,lowery-s,"Lowery, Shea",3,0,0,,United States,,1,2026,rti
doi:10.1038/s41467-026-76156-5,thurman-a,"Thurman, Andrew",4,0,0,,United States,,1,2026,rti
doi:10.1038/s41467-026-76156-5,sariol-a,"Sariol, Alan",5,0,0,,United States,,1,2026,rti
doi:10.1038/s41467-026-76156-5,fain-c,"Fain, Cori",6,0,0,,United States,,1,2026,rti
doi:10.1038/s41467-026-76156-5,liu-z,"Liu, Zhaoyuan",7,0,0,,China,,1,2026,rti
doi:10.1038/s41467-026-76156-5,ginhoux-f,"Ginhoux, Florent",8,0,0,Singapore Immunology Network,Singapore,research_institute,1,2026,rti
doi:10.1038/s41467-026-76156-5,harty-j,"Harty, John",9,0,0,,United States,,1,2026,rti
doi:10.1038/s41467-026-76156-5,meyerholz-d,"Meyerholz, David K",10,0,0,,United States,,1,2026,rti
doi:10.1038/s41467-026-76156-5,perlman-s,"Perlman, Stanley",11,0,1,,United States,,1,2026,rti
doi:10.1038/s41467-026-74526-7,alnaji-f,"Alnaji, Fadi G",1,1,0,"Agency for Science, Technology and Research",Singapore,research_institute,1,2026,rti
doi:10.1038/s41467-026-74526-7,farjo-m,"Farjo, Mireille",2,0,0,,United States,,1,2026,rti
doi:10.1038/s41467-026-74526-7,goh-s,"Goh, Shu Ling",3,0,0,"Agency for Science, Technology and Research",Singapore,research_institute,1,2026,rti
doi:10.1038/s41467-026-74526-7,zhenghaoaw-d,"Zheng Hao Aw, Daryl",4,0,0,"Agency for Science, Technology and Research",Singapore,research_institute,1,2026,rti
doi:10.1038/s41467-026-74526-7,lorenzini-p,"Lorenzini, Paolo Alberto",5,0,0,"Agency for Science, Technology and Research",Singapore,research_institute,2,2026,rti
doi:10.1038/s41467-026-74526-7,liu-t,"Liu, Tongyu",6,0,0,,United States,,1,2026,rti
doi:10.1038/s41467-026-74526-7,linzhenchan-r,"Lin-Zhen Chan, Rebekah",7,0,0,"Agency for Science, Technology and Research",Singapore,research_institute,1,2026,rti
doi:10.1038/s41467-026-74526-7,lee-c,"Lee, Cornelius",8,0,0,"Agency for Science, Technology and Research",Singapore,research_institute,1,2026,rti
doi:10.1038/s41467-026-74526-7,vignuzzi-m,"Vignuzzi, Marco",9,0,0,"Agency for Science, Technology and Research",Singapore,research_institute,3,2026,rti
doi:10.1038/s41467-026-74526-7,brooke-c,"Brooke, Christopher B",10,0,1,,United States,,2,2026,rti
doi:10.1016/j.bj.2026.101033,hsiao-c,"Hsiao, Ching-Hsi",1,1,0,,Taiwan,,2,2026,amr_hai
doi:10.1016/j.bj.2026.101033,kang-e,"Kang, Eugene Yu-Chuan",2,0,0,,Taiwan,,2,2026,amr_hai
doi:10.1016/j.bj.2026.101033,liu-y,"Liu, Ya-Tung",3,0,0,Sengkang General Hospital,Singapore,hospital,1,2026,amr_hai
doi:10.1016/j.bj.2026.101033,chen-h,"Chen, Hung-Chi",4,0,0,,Taiwan,,2,2026,amr_hai
doi:10.1016/j.bj.2026.101033,yeh-l,"Yeh, Lung-Kun",5,0,0,,Taiwan,,2,2026,amr_hai
doi:10.1016/j.bj.2026.101033,ma-d,"Ma, David H K",6,0,0,,Taiwan,,2,2026,amr_hai
doi:10.1016/j.bj.2026.101033,hung-k,"Hung, Kuo-Hsuan",7,0,0,,Taiwan,,2,2026,amr_hai
doi:10.1016/j.bj.2026.101033,huang-y,"Huang, Yhu-Chering",8,0,1,,Taiwan,,2,2026,amr_hai
doi:10.1016/j.vaccine.2026.128513,cooray-u,"Cooray, Upul",1,1,0,,Australia,,2,2026,sti
doi:10.1016/j.vaccine.2026.128513,singh-a,"Singh, Ankur",2,0,0,,Australia,,2,2026,sti
doi:10.1016/j.vaccine.2026.128513,peres-m,"Peres, Marco A",3,0,1,Duke-NUS Medical School,Singapore,university,2,2026,sti
doi:10.1039/d6tb01365a,wang-j,"Wang, Jinquan",1,1,0,"Agency for Science, Technology and Research",Singapore,research_institute,1,2026,amr_hai
doi:10.1039/d6tb01365a,chan-s,"Chan, Shook Pui",2,0,0,"Agency for Science, Technology and Research",Singapore,research_institute,1,2026,amr_hai
doi:10.1039/d6tb01365a,teong-s,"Teong, Siew Ping",3,0,0,"Agency for Science, Technology and Research",Singapore,research_institute,1,2026,amr_hai
doi:10.1039/d6tb01365a,lim-d,"Lim, Diane",4,0,0,Experimental Drug Development Centre,Singapore,research_institute,1,2026,amr_hai
doi:10.1039/d6tb01365a,zhang-y,"Zhang, Yugen",5,0,1,"Agency for Science, Technology and Research",Singapore,research_institute,1,2026,amr_hai
doi:10.1016/j.ijbiomac.2026.153475,vu-t,"Vu, Trung Thang",1,1,0,Nanyang Technological University,Singapore,university,1,2026,amr_hai
doi:10.1016/j.ijbiomac.2026.153475,aleem-a,"Aleem, Afrah",2,0,0,Nanyang Technological University,Singapore,university,1,2026,amr_hai
doi:10.1016/j.ijbiomac.2026.153475,hadinoto-k,"Hadinoto, Kunn",3,0,1,Nanyang Technological University,Singapore,university,1,2026,amr_hai
doi:10.1177/10872914261423775,hasmukharay-k,"Hasmukharay, Kejal",1,1,0,University of Malaya,Malaysia,university,1,2026,sti
doi:10.1177/10872914261423775,minghui-h,"Ming Hui, Ho",2,0,0,University of Malaya,Malaysia,university,1,2026,sti
doi:10.1177/10872914261423775,mahyudin-n,"Mahyudin, Nazlin A",3,0,0,University of Malaya,Malaysia,university,1,2026,sti
doi:10.1177/10872914261423775,salleh-a,"Salleh, Anisa",4,0,0,University of Malaya,Malaysia,university,1,2026,sti
doi:10.1177/10872914261423775,kukreja-a,"Kukreja, Anjanna",5,0,0,University of Malaya,Malaysia,university,1,2026,sti
doi:10.1177/10872914261423775,wong-p,"Wong, Pui Li",6,0,0,University of Malaya,Malaysia,university,1,2026,sti
doi:10.1177/10872914261423775,mengli-c,"Meng Li, Chong",7,0,0,University of Malaya,Malaysia,university,1,2026,sti
doi:10.1177/10872914261423775,ong-e,"Ong, Eleanor J",8,0,0,National University of Singapore,Singapore,university,1,2026,sti
doi:10.1177/10872914261423775,xinwoen-t,"Xin Woen, Tan",9,0,0,University of Malaya,Malaysia,university,1,2026,sti
doi:10.1177/10872914261423775,hisham-s,"Hisham, Syaza",10,0,0,University of Malaya,Malaysia,university,1,2026,sti
doi:10.1177/10872914261423775,verma-a,"Verma, Ashutosh Kumar",11,0,0,,Malaysia,,1,2026,sti
doi:10.1177/10872914261423775,lovero-k,"Lovero, Kathryn L",12,0,0,,United States,,1,2026,sti
doi:10.1177/10872914261423775,ross-j,"Ross, Jeremy",13,0,0,,Thailand,,1,2026,sti
doi:10.1177/10872914261423775,rajasuriar-r,"Rajasuriar, Reena",14,0,1,University of Malaya,Malaysia,university,1,2026,sti
doi:10.1016/j.ijid.2026.109062,raghuvamsi-p,"Raghuvamsi, Palur Venkata",1,1,0,Bioinformatics Institute,Singapore,research_institute,1,2026,rti
doi:10.1016/j.ijid.2026.109062,loh-s,"Loh, Siyuan Brandon",2,0,0,,New Zealand,,1,2026,rti
doi:10.1016/j.ijid.2026.109062,bhattacharya-p,"Bhattacharya, Prasanta",3,0,0,"Agency for Science, Technology and Research",Singapore,research_institute,1,2026,rti
doi:10.1016/j.ijid.2026.109062,ho-j,"Ho, Joses",4,0,0,Bioinformatics Institute,Singapore,research_institute,1,2026,rti
doi:10.1016/j.ijid.2026.109062,chuen-r,"Chuen, Raphael Lee Tze",5,0,0,Bioinformatics Institute,Singapore,research_institute,1,2026,rti
doi:10.1016/j.ijid.2026.109062,han-a,"Han, Alvin X",6,0,0,,Netherlands,,1,2026,rti
doi:10.1016/j.ijid.2026.109062,maurerstroh-s,"Maurer-Stroh, Sebastian",7,0,1,Bioinformatics Institute,Singapore,research_institute,3,2026,rti
doi:10.1016/j.mmcr.2026.100815,madhukumar-l,"Madhukumar, Lekshmi",1,1,0,Singapore General Hospital,Singapore,hospital,1,2026,rti
doi:10.1016/j.mmcr.2026.100815,tan-b,"Tan, Ban Hock",2,0,0,SingHealth,Singapore,hospital,2,2026,rti
doi:10.1016/j.mmcr.2026.100815,tan-m,"Tan, Melinda Si Yun",3,0,0,Singapore General Hospital,Singapore,hospital,2,2026,rti
doi:10.1016/j.mmcr.2026.100815,wong-h,"Wong, Hei Man",4,0,1,Singapore General Hospital,Singapore,hospital,2,2026,rti
doi:10.1111/jcmm.71143,santa-m,"Santa, Maria",1,1,0,,Romania,,3,2026,sti
doi:10.1111/jcmm.71143,cenariu-d,"Cenariu, Diana",2,0,0,,Romania,,1,2026,sti
doi:10.1111/jcmm.71143,tigu-a,"Tigu, Adrian-Bogdan",3,0,0,,Romania,,1,2026,sti
doi:10.1111/jcmm.71143,damian-m,"Damian, Marc",4,0,0,,Romania,,3,2026,sti
doi:10.1111/jcmm.71143,rantshabeng-p,"Rantshabeng, Patricia",5,0,0,Harvard University,Botswana,university,2,2026,sti
doi:10.1111/jcmm.71143,gaolathe-t,"Gaolathe, Tendani",6,0,0,Harvard University,Botswana,university,2,2026,sti
doi:10.1111/jcmm.71143,ndlovu-a,"Ndlovu, Andrew K",7,0,0,Harvard University,Botswana,university,2,2026,sti
doi:10.1111/jcmm.71143,abdelrahman-k,"Abdelrahman, Khalid",8,0,0,Harvard University,Botswana,university,2,2026,sti
doi:10.1111/jcmm.71143,nistor-m,"Nistor, Madalina",9,0,0,,Romania,,1,2026,sti
doi:10.1111/jcmm.71143,kegyes-d,"Kegyes, David",10,0,0,,Romania,,2,2026,sti
doi:10.1111/jcmm.71143,gulei-d,"Gulei, Diana",11,0,0,,Romania,,1,2026,sti
doi:10.1111/jcmm.71143,jinca-c,"Jinca, Cristian",12,0,0,,Romania,,1,2026,sti
doi:10.1111/jcmm.71143,bancos-a,"Bancos, Anamaria",13,0,0,,Romania,,4,2026,sti
doi:10.1111/jcmm.71143,rus-i,"Rus, Ioana",14,0,0,,Romania,,1,2026,sti
doi:10.1111/jcmm.71143,bumbea-h,"Bumbea, Horia",15,0,0,,Romania,,2,2026,sti
doi:10.1111/jcmm.71143,tomacinschii-v,"Tomacinschii, Victor",16,0,0,,,,2,2026,sti
doi:10.1111/jcmm.71143,buruiana-s,"Buruiana, Sanda",17,0,0,,,,2,2026,sti
doi:10.1111/jcmm.71143,bilal-r,"Bilal, Rand",18,0,0,,Spain,,1,2026,sti
doi:10.1111/jcmm.71143,selicean-c,"Selicean, Cristina",19,0,0,,Romania,,2,2026,sti
doi:10.1111/jcmm.71143,zdrenghea-m,"Zdrenghea, Mihnea",20,0,0,,Romania,,2,2026,sti
doi:10.1111/jcmm.71143,fetica-b,"Fetica, Bogdan",21,0,0,,Romania,,2,2026,sti
doi:10.1111/jcmm.71143,stefan-c,"Stefan, Cristina",22,0,0,SingHealth,Rwanda,hospital,2,2026,sti
doi:10.1111/jcmm.71143,fromm-j,"Fromm, Jonathan",23,0,0,,United States,,1,2026,sti
doi:10.1111/jcmm.71143,tomuleasa-c,"Tomuleasa, Ciprian",24,0,1,,Romania,,3,2026,sti
doi:10.1007/s00210-026-05627-9,mir-t,"Mir, Tanveer Ahmad",1,1,0,,India,,1,2026,amr_hai
doi:10.1007/s00210-026-05627-9,shareef-t,"Shareef, Talib",2,0,0,,India,,1,2026,amr_hai
doi:10.1007/s00210-026-05627-9,lone-s,"Lone, Showkat Ahmad",3,0,0,,India,,1,2026,amr_hai
doi:10.1007/s00210-026-05627-9,mir-s,"Mir, Sajad Ahmad",4,0,0,Nanyang Technological University,Singapore,university,1,2026,amr_hai
doi:10.1007/s00210-026-05627-9,ahmad-j,"Ahmad, Junaid",5,0,0,,India,,1,2026,amr_hai
doi:10.1007/s00210-026-05627-9,ganai-b,"Ganai, Bashir Ahmad",6,0,1,,India,,1,2026,amr_hai
doi:10.1016/j.ijbiomac.2026.153190,huang-y,"Huang, Yu-Min",1,1,0,,Taiwan,,2,2026,amr_hai
doi:10.1016/j.ijbiomac.2026.153190,rethi-l,"Rethi, Lekha",2,0,0,,Taiwan,,1,2026,amr_hai
doi:10.1016/j.ijbiomac.2026.153190,lin-y,"Lin, Yi-Cheng",3,0,0,,Taiwan,,2,2026,amr_hai
doi:10.1016/j.ijbiomac.2026.153190,chuang-e,"Chuang, Er-Yuan",4,0,0,,Taiwan,,2,2026,amr_hai
doi:10.1016/j.ijbiomac.2026.153190,chen-c,"Chen, Chih-Hwa",5,0,0,,Taiwan,,4,2026,amr_hai
doi:10.1016/j.ijbiomac.2026.153190,yeh-y,"Yeh, Yi-Yen",6,0,0,,Taiwan,,1,2026,amr_hai
doi:10.1016/j.ijbiomac.2026.153190,tsai-y,"Tsai, Yin-Tai",7,0,0,,Taiwan,,1,2026,amr_hai
doi:10.1016/j.ijbiomac.2026.153190,lai-j,"Lai, Jen-Ming",8,0,0,Woodlands Health,Singapore,hospital,1,2026,amr_hai
doi:10.1016/j.ijbiomac.2026.153190,wong-c,"Wong, Chin-Chean",9,0,1,,Taiwan,,5,2026,amr_hai
doi:10.1128/aac.01561-25,janha-o,"Janha, Omar",1,1,0,,United Kingdom,,1,2026,vector_borne
doi:10.1128/aac.01561-25,olaniyan-n,"Olaniyan, Niniola",2,0,0,,United Kingdom,,1,2026,vector_borne
doi:10.1128/aac.01561-25,diam-g,"Diam, Go Ka",3,0,0,Nanyang Technological University,Singapore,university,1,2026,vector_borne
doi:10.1128/aac.01561-25,sharma-s,"Sharma, Saumya",4,0,0,,United Kingdom,,1,2026,vector_borne
doi:10.1128/aac.01561-25,beraldi-d,"Beraldi, Dario",5,0,0,,United Kingdom,,1,2026,vector_borne
doi:10.1128/aac.01561-25,jamieson-a,"Jamieson, Andrew G",6,0,0,,United Kingdom,,1,2026,vector_borne
doi:10.1128/aac.01561-25,bozdech-z,"Bozdech, Zbynek",7,0,0,Nanyang Technological University,Singapore,university,1,2026,vector_borne
doi:10.1128/aac.01561-25,tobin-a,"Tobin, Andrew B",8,0,0,,United Kingdom,,1,2026,vector_borne
doi:10.1128/aac.01561-25,modrzynska-k,"Modrzynska, Katarzyna",9,0,1,,United Kingdom,,1,2026,vector_borne
doi:10.1016/j.ebiom.2026.106290,syenina-a,"Syenina, Ayesa",1,1,0,Duke-NUS Medical School,Singapore,hospital,2,2026,vector_borne
doi:10.1016/j.ebiom.2026.106290,tham-c,"Tham, Christine Y L",2,0,0,Duke-NUS Medical School,Singapore,hospital,2,2026,vector_borne
doi:10.1016/j.ebiom.2026.106290,tng-d,"Tng, Danny J H",3,0,0,Duke-NUS Medical School,Singapore,hospital,2,2026,vector_borne
doi:10.1016/j.ebiom.2026.106290,chew-v,"Chew, Valerie S Y",4,0,0,Duke-NUS Medical School,Singapore,hospital,2,2026,vector_borne
doi:10.1016/j.ebiom.2026.106290,yee-j,"Yee, Jia Xin",5,0,0,Duke-NUS Medical School,Singapore,hospital,2,2026,vector_borne
doi:10.1016/j.ebiom.2026.106290,leong-y,"Leong, Yan Shan",6,0,0,Duke-NUS Medical School,Singapore,hospital,2,2026,vector_borne
doi:10.1016/j.ebiom.2026.106290,hamis-n,"Hamis, Noor Zayanah",7,0,0,Duke-NUS Medical School,Singapore,hospital,2,2026,vector_borne
doi:10.1016/j.ebiom.2026.106290,tan-h,"Tan, Hwee Cheng",8,0,0,Duke-NUS Medical School,Singapore,university,1,2026,vector_borne
doi:10.1016/j.ebiom.2026.106290,joon-h,"Joon, Han Yi",9,0,0,Duke-NUS Medical School,Singapore,university,1,2026,vector_borne
doi:10.1016/j.ebiom.2026.106290,chan-j,"Chan, Jing Ti",10,0,0,Singapore General Hospital,Singapore,hospital,1,2026,vector_borne
doi:10.1016/j.ebiom.2026.106290,yang-y,"Yang, Yuchen",11,0,0,Singapore General Hospital,Singapore,hospital,1,2026,vector_borne
doi:10.1016/j.ebiom.2026.106290,cheung-y,"Cheung, Yin Bun",12,0,0,Duke-NUS Medical School,Singapore,university,1,2026,vector_borne
doi:10.1016/j.ebiom.2026.106290,ong-e,"Ong, Eugenia Z",13,0,0,Duke-NUS Medical School,Singapore,hospital,2,2026,vector_borne
doi:10.1016/j.ebiom.2026.106290,low-j,"Low, Jenny G",14,0,0,Duke-NUS Medical School,Singapore,hospital,3,2026,vector_borne
doi:10.1016/j.ebiom.2026.106290,ooi-e,"Ooi, Eng Eong",15,0,1,Duke-NUS Medical School,Singapore,hospital,4,2026,vector_borne
doi:10.1016/j.eclinm.2026.104163,eyre-m,"Eyre, Michael",1,1,0,,United Kingdom,,2,2026,rti
doi:10.1016/j.eclinm.2026.104163,han-v,"Han, Velda X",2,0,0,National University Health System,Singapore,hospital,2,2026,rti
doi:10.1016/j.eclinm.2026.104163,thomas-t,"Thomas, Terrence",3,0,0,KK Women's and Children's Hospital,Singapore,hospital,1,2026,rti
doi:10.1016/j.eclinm.2026.104163,sakuma-h,"Sakuma, Hiroshi",4,0,0,,Japan,,1,2026,rti
doi:10.1016/j.eclinm.2026.104163,mohammad-s,"Mohammad, Shekeeb S",5,0,0,,Australia,,1,2026,rti
doi:10.1016/j.eclinm.2026.104163,jones-h,"Jones, Hannah F",6,0,0,,New Zealand,,1,2026,rti
doi:10.1016/j.eclinm.2026.104163,mori-t,"Mori, Takayuki",7,0,0,,Japan,,2,2026,rti
doi:10.1016/j.eclinm.2026.104163,kawano-g,"Kawano, Go",8,0,0,,Japan,,1,2026,rti
doi:10.1016/j.eclinm.2026.104163,lee-v,"Lee, Vanessa W",9,0,0,,Malaysia,,2,2026,rti
doi:10.1016/j.eclinm.2026.104163,malone-s,"Malone, Stephen",10,0,0,,Australia,,1,2026,rti
doi:10.1016/j.eclinm.2026.104163,debinski-c,"Debinski, Carly",11,0,0,,Australia,,1,2026,rti
doi:10.1016/j.eclinm.2026.104163,nishida-h,"Nishida, Hiroya",12,0,0,,Japan,,1,2026,rti
doi:10.1016/j.eclinm.2026.104163,nosadini-m,"Nosadini, Margherita",13,0,0,,Italy,,2,2026,rti
doi:10.1016/j.eclinm.2026.104163,lim-m,"Lim, Ming",14,0,0,,China,,3,2026,rti
doi:10.1016/j.eclinm.2026.104163,dale-r,"Dale, Russell C",15,0,1,,Australia,,1,2026,rti
doi:10.1002/jmv.70892,konan-b,"Konan, Bérenger",1,1,0,,Côte d'Ivoire,,1,2026,sti
doi:10.1002/jmv.70892,segla-r,"Segla, Rose",2,0,0,,Côte d'Ivoire,,1,2026,sti
doi:10.1002/jmv.70892,ong-h,"Ong, Haris",3,0,0,,Singapore,,1,2026,sti
doi:10.1002/jmv.70892,demendoza-c,"de Mendoza, Carmen",4,0,0,,Spain,,1,2026,sti
doi:10.1002/jmv.70892,kouadio-c,"Kouadio, Christ Hermann",5,0,0,,Côte d'Ivoire,,1,2026,sti
doi:10.1002/jmv.70892,soriano-v,"Soriano, Vicente",6,0,1,,Spain,,1,2026,sti
doi:10.1097/bot.0000000000003199,schermerhorn-j,"Schermerhorn, Janse T",1,1,0,,,,2,2026,amr_hai
doi:10.1097/bot.0000000000003199,mcglone-p,"McGlone, Patrick J",2,0,0,,,,2,2026,amr_hai
doi:10.1097/bot.0000000000003199,torrie-a,"Torrie, Arissa M",3,0,0,,,,2,2026,amr_hai
doi:10.1097/bot.0000000000003199,carlini-a,"Carlini, Anthony R",4,0,0,Johns Hopkins University,United States,university,1,2026,amr_hai
doi:10.1097/bot.0000000000003199,castillo-r,"Castillo, Renan C",5,0,0,Johns Hopkins University,United States,university,1,2026,amr_hai
doi:10.1097/bot.0000000000003199,abar-b,"Abar, Bijan",6,0,0,,,,2,2026,amr_hai
doi:10.1097/bot.0000000000003199,hendren-s,"Hendren, Stephanie",7,0,0,,,,1,2026,amr_hai
doi:10.1097/bot.0000000000003199,wesorick-b,"Wesorick, Benjamin R",8,0,0,,,,1,2026,amr_hai
doi:10.1097/bot.0000000000003199,helbling-a,"Helbling, Alex V",9,0,0,,,,1,2026,amr_hai
doi:10.1097/bot.0000000000003199,zhang-y,"Zhang, Yiqiu",10,0,0,Duke-NUS Medical School,Singapore,university,3,2026,amr_hai
doi:10.1097/bot.0000000000003199,mann-t,"Mann, Tara K",11,0,0,,,,1,2026,amr_hai
doi:10.1097/bot.0000000000003199,kelly-c,"Kelly, Cambre",12,0,0,,,,1,2026,amr_hai
doi:10.1097/bot.0000000000003199,otoole-r,"O'Toole, Robert V",13,0,1,,,,1,2026,amr_hai
doi:10.47102/annals-acadmedsg.2025321,metussin-d,"Metussin, Dhiya",1,1,0,Communicable Diseases Agency,Singapore,government,1,2026,tb
doi:10.47102/annals-acadmedsg.2025321,tavitianexley-i,"Tavitian-Exley, Isabel",2,0,0,Communicable Diseases Agency,Singapore,government,2,2026,tb
doi:10.47102/annals-acadmedsg.2025321,hao-y,"Hao, Ying",3,0,0,Communicable Diseases Agency,Singapore,government,1,2026,tb
doi:10.47102/annals-acadmedsg.2025321,kyaw-w,"Kyaw, Win Mar",4,0,0,Communicable Diseases Agency,Singapore,government,1,2026,tb
doi:10.47102/annals-acadmedsg.2025321,khoo-b,"Khoo, Benjamin",5,0,0,Tan Tock Seng Hospital,Singapore,hospital,1,2026,tb
doi:10.47102/annals-acadmedsg.2025321,ng-d,"Ng, Deborah Hee Ling",6,0,1,Communicable Diseases Agency,Singapore,government,1,2026,tb
doi:10.1017/ash.2025.10149,arora-s,"Arora, Shalvi",1,1,0,Singapore General Hospital,Singapore,hospital,1,2026,amr_hai
doi:10.1017/ash.2025.10149,jin-p,"Jin, Pinhong",2,0,0,Singapore General Hospital,Singapore,hospital,2,2026,amr_hai
doi:10.1017/ash.2025.10149,myatoo-a,"Myat Oo, Aung",3,0,0,Singapore General Hospital,Singapore,hospital,1,2026,amr_hai
doi:10.1017/ash.2025.10149,aung-m,"Aung, May Kyawt",4,0,0,Singapore General Hospital,Singapore,hospital,1,2026,amr_hai
doi:10.1017/ash.2025.10149,conceicao-e,"Conceicao, Edwin Philip",5,0,0,Singapore General Hospital,Singapore,hospital,1,2026,amr_hai
doi:10.1017/ash.2025.10149,yang-y,"Yang, Yong",6,0,0,Singapore General Hospital,Singapore,hospital,1,2026,amr_hai
doi:10.1017/ash.2025.10149,sim-j,"Sim, Jean Xiang Ying",7,0,0,Singapore General Hospital,Singapore,hospital,2,2026,amr_hai
doi:10.1017/ash.2025.10149,how-m,"How, Molly Kue Bien",8,0,0,Singapore General Hospital,Singapore,hospital,2,2026,amr_hai
doi:10.1017/ash.2025.10149,binsazali-i,"Bin Sazali, Ismail",9,0,0,Singapore General Hospital,Singapore,hospital,2,2026,amr_hai
doi:10.1017/ash.2025.10149,lee-l,"Lee, Lai Chee",10,0,0,Singapore General Hospital,Singapore,hospital,2,2026,amr_hai
doi:10.1017/ash.2025.10149,venkatachalam-i,"Venkatachalam, Indumathi",11,0,0,Singapore General Hospital,Singapore,hospital,2,2026,amr_hai
doi:10.1017/ash.2025.10149,ling-m,"Ling, Moi Lin",12,0,1,Singapore General Hospital,Singapore,hospital,1,2026,amr_hai
doi:10.3390/pathogens15040437,tan-a,"Tan, Ade Xin Ning",1,1,0,KK Women's and Children's Hospital,Singapore,hospital,1,2026,vector_borne
doi:10.3390/pathogens15040437,hussin-i,"Hussin, Ilyas",2,0,0,KK Women's and Children's Hospital,Singapore,hospital,1,2026,vector_borne
doi:10.3390/pathogens15040437,chong-c,"Chong, Chia Yin",3,0,0,KK Women's and Children's Hospital,Singapore,hospital,4,2026,vector_borne
doi:10.3390/pathogens15040437,maiwald-m,"Maiwald, Matthias",4,0,0,KK Women's and Children's Hospital,Singapore,hospital,1,2026,vector_borne
doi:10.3390/pathogens15040437,chiong-t,"Chiong, Terri Xiao-Bei",5,0,0,KK Women's and Children's Hospital,Singapore,hospital,1,2026,vector_borne
doi:10.3390/pathogens15040437,tan-n,"Tan, Natalie Woon Hui",6,0,1,KK Women's and Children's Hospital,Singapore,hospital,4,2026,vector_borne
doi:10.1128/spectrum.01571-26,sripol-p,"Sripol, Pongsatorn",1,1,0,,Thailand,,1,2026,amr_hai
doi:10.1128/spectrum.01571-26,suchartlikitwong-p,"Suchartlikitwong, Pintip",2,0,0,,Thailand,,1,2026,amr_hai
doi:10.1128/spectrum.01571-26,punakabutra-n,"Punakabutra, Napawan",3,0,0,,Thailand,,1,2026,amr_hai
doi:10.1128/spectrum.01571-26,sophonphan-j,"Sophonphan, Jiratchaya",4,0,0,,Thailand,,1,2026,amr_hai
doi:10.1128/spectrum.01571-26,makangli-n,"Ma Kang Li, Nina",5,0,0,,Singapore,,1,2026,amr_hai
doi:10.1128/spectrum.01571-26,anugulruengkitt-s,"Anugulruengkitt, Suvaporn",6,0,1,,Thailand,,2,2026,amr_hai
doi:10.1016/j.jhin.2026.08.011,sun-l,"Sun, Louisa",1,1,0,National University Health System,Singapore,hospital,1,2026,amr_hai
doi:10.1016/j.jhin.2026.08.011,chuaeeyong-p,"Chua Ee-Yong, Pearleen",2,0,0,National University Health System,Singapore,hospital,1,2026,amr_hai
doi:10.1016/j.jhin.2026.08.011,mukherjee-s,"Mukherjee, Shilpa",3,0,0,National University Health System,Singapore,hospital,1,2026,amr_hai
doi:10.1016/j.jhin.2026.08.011,ann-k,"Ann, Kua Jo",4,0,1,National University Health System,Singapore,hospital,1,2026,amr_hai
doi:10.4103/singaporemedj.smj-2025-222,thomas-b,"Thomas, Biju",1,1,0,KK Women's and Children's Hospital,Singapore,hospital,4,2026,rti
doi:10.4103/singaporemedj.smj-2025-222,ho-m,"Ho, Meng Dao Jeremy",2,0,0,KK Women's and Children's Hospital,Singapore,hospital,4,2026,rti
doi:10.4103/singaporemedj.smj-2025-222,sim-c,"Sim, Ching Yee",3,0,0,KK Women's and Children's Hospital,Singapore,hospital,1,2026,rti
doi:10.4103/singaporemedj.smj-2025-222,goh-b,"Goh, Bee Keow",4,0,0,KK Women's and Children's Hospital,Singapore,hospital,1,2026,rti
doi:10.4103/singaporemedj.smj-2025-222,tan-y,"Tan, Yi Hua",5,0,0,KK Women's and Children's Hospital,Singapore,hospital,4,2026,rti
doi:10.4103/singaporemedj.smj-2025-222,khoo-z,"Khoo, Zi Xean",6,0,0,KK Women's and Children's Hospital,Singapore,hospital,4,2026,rti
doi:10.4103/singaporemedj.smj-2025-222,ng-y,"Ng, Yong Hong",7,0,0,KK Women's and Children's Hospital,Singapore,hospital,4,2026,rti
doi:10.4103/singaporemedj.smj-2025-222,chong-k,"Chong, Kok Wee",8,0,0,KK Women's and Children's Hospital,Singapore,hospital,4,2026,rti
doi:10.4103/singaporemedj.smj-2025-222,chan-y,"Chan, Yoke Hwee",9,0,0,KK Women's and Children's Hospital,Singapore,hospital,4,2026,rti
doi:10.4103/singaporemedj.smj-2025-222,thoon-k,"Thoon, Koh Cheng",10,0,0,KK Women's and Children's Hospital,Singapore,hospital,4,2026,rti
doi:10.4103/singaporemedj.smj-2025-222,sia-a,"Sia, Alex T",11,0,0,KK Women's and Children's Hospital,Singapore,hospital,4,2026,rti
doi:10.4103/singaporemedj.smj-2025-222,lim-k,"Lim, Kok Ann Amos",12,0,0,KK Women's and Children's Hospital,Singapore,hospital,1,2026,rti
doi:10.4103/singaporemedj.smj-2025-222,wong-y,"Wong, Yeow Yang John",13,0,0,KK Women's and Children's Hospital,Singapore,hospital,1,2026,rti
doi:10.4103/singaporemedj.smj-2025-222,ganapathy-s,"Ganapathy, Sashikumar",14,0,0,KK Women's and Children's Hospital,Singapore,hospital,4,2026,rti
doi:10.4103/singaporemedj.smj-2025-222,seah-x,"Seah, Xue Fen Valerie",15,0,0,KK Women's and Children's Hospital,Singapore,hospital,1,2026,rti
doi:10.4103/singaporemedj.smj-2025-222,chong-c,"Chong, Chia Yin",16,0,1,KK Women's and Children's Hospital,Singapore,hospital,4,2026,rti
doi:10.1126/sciimmunol.adz5647,rathore-a,"Rathore, Abhay P S",1,1,0,National University of Singapore,Singapore,university,2,2026,vector_borne
doi:10.1126/sciimmunol.adz5647,stjohn-a,"St John, Ashley L",2,0,1,National University of Singapore,Singapore,hospital,5,2026,vector_borne
doi:10.1371/journal.pgph.0006971,sosasoto-g,"Sosa Soto, Giordano",1,1,0,,United States,,1,2026,tb
doi:10.1371/journal.pgph.0006971,campbell-j,"Campbell, Jeffrey I",2,0,0,,United States,,1,2026,tb
doi:10.1371/journal.pgph.0006971,malik-a,"Malik, Amyn A",3,0,0,,Singapore,,2,2026,tb
doi:10.1371/journal.pgph.0006971,rahman-m,"Rahman, Md Mahfuzur",4,0,0,,Bangladesh,,1,2026,tb
doi:10.1371/journal.pgph.0006971,hossain-f,"Hossain, Farzana",5,0,0,,Bangladesh,,1,2026,tb
doi:10.1371/journal.pgph.0006971,kulkarni-s,"Kulkarni, Suchitra",6,0,0,,United States,,1,2026,tb
doi:10.1371/journal.pgph.0006971,kamrul-k,"Kamrul, Kamruzzaman",7,0,0,,Bangladesh,,1,2026,tb
doi:10.1371/journal.pgph.0006971,rahman-m,"Rahman, Md Toufiq",8,0,0,,Bangladesh,,2,2026,tb
doi:10.1371/journal.pgph.0006971,creswell-j,"Creswell, Jacob",9,0,0,,Switzerland,,1,2026,tb
doi:10.1371/journal.pgph.0006971,hussain-h,"Hussain, Hamidah",10,0,0,,Singapore,,1,2026,tb
doi:10.1371/journal.pgph.0006971,roy-t,"Roy, Tapash",11,0,0,,Bangladesh,,2,2026,tb
doi:10.1371/journal.pgph.0006971,brooks-m,"Brooks, Meredith B",12,0,1,,United States,,1,2026,tb
doi:10.1093/jimmun/vkag189,ackland-j,"Ackland, Jodie",1,1,0,,United Kingdom,,1,2026,rti
doi:10.1093/jimmun/vkag189,barozi-v,"Barozi, Victor",2,0,0,,United Kingdom,,2,2026,rti
doi:10.1093/jimmun/vkag189,penricerandal-r,"Penrice-Randal, Rebekah",3,0,0,,United Kingdom,,1,2026,rti
doi:10.1093/jimmun/vkag189,hartley-c,"Hartley, Catherine",4,0,0,,United Kingdom,,1,2026,rti
doi:10.1093/jimmun/vkag189,hiscox-j,"Hiscox, Julian A",5,0,0,"Agency for Science, Technology and Research",Singapore,research_institute,2,2026,rti
doi:10.1093/jimmun/vkag189,griffiths-g,"Griffiths, Gareth",6,0,0,,United Kingdom,,1,2026,rti
doi:10.1093/jimmun/vkag189,page-c,"Page, Clive",7,0,0,,United Kingdom,,1,2026,rti
doi:10.1093/jimmun/vkag189,carroll-m,"Carroll, Miles",8,0,0,University of Oxford,United Kingdom,university,1,2026,rti
doi:10.1093/jimmun/vkag189,singh-d,"Singh, Dave",9,0,0,,United Kingdom,,2,2026,rti
doi:10.1093/jimmun/vkag189,niranjan-m,"Niranjan, Mahesan",10,0,0,,United Kingdom,,1,2026,rti
doi:10.1093/jimmun/vkag189,baralle-d,"Baralle, Diana",11,0,0,,United Kingdom,,2,2026,rti
doi:10.1093/jimmun/vkag189,vallejopulido-a,"Vallejo Pulido, Andres",12,0,0,,United Kingdom,,2,2026,rti
doi:10.1093/jimmun/vkag189,wilkinson-t,"Wilkinson, Tom",13,0,0,,United Kingdom,,2,2026,rti
doi:10.1093/jimmun/vkag189,,,14,0,1,,,,0,2026,rti
doi:10.3390/antibiotics15070671,guo-h,"Guo, Huiling",1,1,0,Tan Tock Seng Hospital,Singapore,hospital,1,2026,amr_hai
doi:10.3390/antibiotics15070671,chow-a,"Chow, Angela",2,0,1,Nanyang Technological University,Singapore,hospital,3,2026,amr_hai
doi:10.1080/21505594.2026.2711530,chin-j,"Chin, Joo-Yie",1,1,0,University of Malaya,Malaysia,university,1,2026,vector_borne
doi:10.1080/21505594.2026.2711530,renia-l,"Rénia, Laurent",2,0,0,A*STAR Infectious Diseases Labs,Singapore,research_institute,3,2026,vector_borne
doi:10.1080/21505594.2026.2711530,lee-w,"Lee, Wenn-Chyau",3,0,1,A*STAR Infectious Diseases Labs,Malaysia,research_institute,2,2026,vector_borne
doi:10.1001/jamadermatol.2026.0308,oh-c,"Oh, Choon Chiat",1,1,0,Duke-NUS Medical School,Singapore,hospital,3,2026,sti
doi:10.1001/jamadermatol.2026.0308,tan-g,"Tan, Gek San",2,0,0,Singapore General Hospital,Singapore,hospital,1,2026,sti
doi:10.1001/jamadermatol.2026.0308,ng-j,"Ng, Jeremy Wee Kiat",3,0,0,Duke-NUS Medical School,Singapore,hospital,2,2026,sti
doi:10.1001/jamadermatol.2026.0308,lim-t,"Lim, Tony Kiat Hon",4,0,0,Duke-NUS Medical School,Singapore,hospital,2,2026,sti
doi:10.1001/jamadermatol.2026.0308,cheo-f,"Cheo, Fan Foon",5,0,0,Duke-NUS Medical School,Singapore,hospital,2,2026,sti
doi:10.1001/jamadermatol.2026.0308,tang-p,"Tang, Po Yin",6,0,0,Duke-NUS Medical School,Singapore,hospital,2,2026,sti
doi:10.1001/jamadermatol.2026.0308,iyer-n,"Iyer, N Gopalakrishna",7,0,0,Duke-NUS Medical School,Singapore,hospital,2,2026,sti
doi:10.1001/jamadermatol.2026.0308,ong-j,"Ong, Johnny Chin-Ann",8,0,0,Duke-NUS Medical School,Singapore,hospital,2,2026,sti
doi:10.1001/jamadermatol.2026.0308,tan-c,"Tan, Chris Lixian",9,0,0,National University Hospital,Singapore,hospital,1,2026,sti
doi:10.1001/jamadermatol.2026.0308,lee-j,"Lee, Joyce Siong See",10,0,0,National Skin Centre,Singapore,hospital,1,2026,sti
doi:10.1001/jamadermatol.2026.0308,lim-g,"Lim, Gek Hsiang",11,0,0,Duke-NUS Medical School,Singapore,hospital,2,2026,sti
doi:10.1001/jamadermatol.2026.0308,ooi-e,"Ooi, Eng Eong",12,0,1,Duke-NUS Medical School,Singapore,hospital,2,2026,sti
doi:10.1038/s44528-026-00009-2,hadley-l,"Hadley, Liza",1,1,0,University of Cambridge,United Kingdom,university,2,2026,rti
doi:10.1038/s44528-026-00009-2,benmiled-s,"Ben Miled, Slimane",2,0,0,,Tunisia,,1,2026,rti
doi:10.1038/s44528-026-00009-2,clapham-h,"Clapham, Hannah E",3,0,0,National University of Singapore,Singapore,university,1,2026,rti
doi:10.1038/s44528-026-00009-2,djaafara-b,"Djaafara, Bimandra A",4,0,0,National University of Singapore,Indonesia,research_institute,2,2026,rti
doi:10.1038/s44528-026-00009-2,dyson-l,"Dyson, Louise",5,0,0,,United Kingdom,,1,2026,rti
doi:10.1038/s44528-026-00009-2,funk-s,"Funk, Sebastian",6,0,0,London School of Hygiene & Tropical Medicine,United Kingdom,university,1,2026,rti
doi:10.1038/s44528-026-00009-2,gog-j,"Gog, Julia R",7,0,0,University of Cambridge,United Kingdom,university,1,2026,rti
doi:10.1038/s44528-026-00009-2,heesterbeek-h,"Heesterbeek, Hans",8,0,0,,Netherlands,,1,2026,rti
doi:10.1038/s44528-026-00009-2,hill-e,"Hill, Edward M",9,0,0,,United Kingdom,,1,2026,rti
doi:10.1038/s44528-026-00009-2,howerton-e,"Howerton, Emily",10,0,0,,United States,,1,2026,rti
doi:10.1038/s44528-026-00009-2,isham-v,"Isham, Valerie",11,0,0,,United Kingdom,,1,2026,rti
doi:10.1038/s44528-026-00009-2,kebir-a,"Kebir, Amira",12,0,0,,Tunisia,,2,2026,rti
doi:10.1038/s44528-026-00009-2,keeling-m,"Keeling, Matt",13,0,0,,United Kingdom,,1,2026,rti
doi:10.1038/s44528-026-00009-2,kissler-s,"Kissler, Stephen M",14,0,0,,United States,,1,2026,rti
doi:10.1038/s44528-026-00009-2,lessler-j,"Lessler, Justin",15,0,0,Johns Hopkins University,United States,university,3,2026,rti
doi:10.1038/s44528-026-00009-2,leung-k,"Leung, Kathy",16,0,0,University of Hong Kong,China,university,5,2026,rti
doi:10.1038/s44528-026-00009-2,mcbryde-e,"McBryde, Emma",17,0,0,,Australia,,1,2026,rti
doi:10.1038/s44528-026-00009-2,mccaw-j,"McCaw, James M",18,0,0,University of Melbourne,Australia,university,2,2026,rti
doi:10.1038/s44528-026-00009-2,mercado-c,"Mercado, Chris Erwin G",19,0,0,National University of Singapore,Singapore,university,1,2026,rti
doi:10.1038/s44528-026-00009-2,mollison-d,"Mollison, Denis",20,0,0,,United Kingdom,,1,2026,rti
doi:10.1038/s44528-026-00009-2,thumbi-s,"Thumbi, S M",21,0,0,,Kenya,,3,2026,rti
doi:10.1038/s44528-026-00009-2,panngum-w,"Pan-Ngum, Wirichada",22,0,0,Mahidol University,Thailand,university,1,2026,rti
doi:10.1038/s44528-026-00009-2,pellis-l,"Pellis, Lorenzo",23,0,0,,United Kingdom,,1,2026,rti
doi:10.1038/s44528-026-00009-2,perezreche-f,"Pérez-Reche, Francisco J",24,0,0,,United Kingdom,,2,2026,rti
doi:10.1038/s44528-026-00009-2,plank-m,"Plank, Michael J",25,0,0,,New Zealand,,2,2026,rti
doi:10.1038/s44528-026-00009-2,thompson-r,"Thompson, Robin N",26,0,0,University of Oxford,United Kingdom,university,1,2026,rti
doi:10.1038/s44528-026-00009-2,trankiem-c,"Tran-Kiem, Cécile",27,0,1,,United States,,1,2026,rti
doi:10.1016/j.idm.2026.03.002,jirapanakorn-s,"Jirapanakorn, Sutham",1,1,0,,Thailand,,1,2026,sti
doi:10.1016/j.idm.2026.03.002,hunsin-b,"Hunsin, Bannaporn",2,0,0,,Thailand,,1,2026,sti
doi:10.1016/j.idm.2026.03.002,endo-a,"Endo, Akira",3,0,0,National University of Singapore,Japan,university,2,2026,sti
doi:10.1016/j.idm.2026.03.002,lee-c,"Lee, Clement",4,0,0,,United Kingdom,,1,2026,sti
doi:10.1016/j.idm.2026.03.002,jin-s,"Jin, Shihui",5,0,0,National University of Singapore,Singapore,university,1,2026,sti
doi:10.1016/j.idm.2026.03.002,dickens-b,"Dickens, Borame Lee",6,0,0,National University of Singapore,Singapore,university,1,2026,sti
doi:10.1016/j.idm.2026.03.002,thiparod-t,"Thiparod, Thitiya",7,0,1,,Thailand,,2,2026,sti
doi:10.1016/j.ijid.2026.108545,wong-y,"Wong, Yi Hao",1,1,0,National University of Singapore,Singapore,university,1,2026,tb
doi:10.1016/j.ijid.2026.108545,chong-h,"Chong, Hai Tarng",2,0,0,National University of Singapore,Singapore,university,1,2026,tb
doi:10.1016/j.ijid.2026.108545,hu-t,"Hu, Ting Huey",3,0,0,National University of Singapore,Singapore,university,1,2026,tb
doi:10.1016/j.ijid.2026.108545,ong-c,"Ong, Catherine Wei Min",4,0,1,National University Hospital,Singapore,hospital,3,2026,tb
doi:10.1016/j.mib.2026.102764,cheam-g,"Cheam, Guoxiang",1,1,0,National University of Singapore,Singapore,university,1,2026,amr_hai
doi:10.1016/j.mib.2026.102764,gan-y,"Gan, Yunn-Hwen",2,0,1,National University of Singapore,Singapore,university,1,2026,amr_hai
doi:10.1093/infdis/jiag290,davis-c,"Davis, Christeen",1,1,0,,India,,2,2026,vector_borne
doi:10.1093/infdis/jiag290,lakshmi-v,"Lakshmi, V S",2,0,0,,India,,2,2026,vector_borne
doi:10.1093/infdis/jiag290,meloth-s,"Meloth, Sreenath",3,0,0,,India,,1,2026,vector_borne
doi:10.1093/infdis/jiag290,naidu-r,"Naidu, Renugah",4,0,0,,Singapore,,1,2026,vector_borne
doi:10.1093/infdis/jiag290,chu-t,"Chu, Trang T T",5,0,0,,Singapore,,1,2026,vector_borne
doi:10.1093/infdis/jiag290,sreejith-r,"Sreejith, Rema",6,0,0,,India,,1,2026,vector_borne
doi:10.1093/infdis/jiag290,vijayan-k,"Vijayan, Kamalakannan",7,0,0,,,,1,2026,vector_borne
doi:10.1093/infdis/jiag290,kumar-m,"Kumar, Manish",8,0,0,,,,1,2026,vector_borne
doi:10.1093/infdis/jiag290,shanmugam-d,"Shanmugam, Dhanasekaran",9,0,0,,India,,1,2026,vector_borne
doi:10.1093/infdis/jiag290,chandramohanadas-r,"Chandramohanadas, Rajesh",10,0,1,,India,,3,2026,vector_borne
doi:10.1016/j.ssmmh.2026.100615,shrader-c,"Shrader, Cho-Hee",1,1,0,,United States,,1,2026,sti
doi:10.1016/j.ssmmh.2026.100615,park-s,"Park, Su Hyun",2,0,0,National University of Singapore,Singapore,university,1,2026,sti
doi:10.1016/j.ssmmh.2026.100615,merriman-j,"Merriman, Jenesis",3,0,0,,United States,,1,2026,sti
doi:10.1016/j.ssmmh.2026.100615,dupontreyes-m,"DuPont-Reyes, Melissa",4,0,0,,United States,,2,2026,sti
doi:10.1016/j.ssmmh.2026.100615,makarem-n,"Makarem, Nour",5,0,0,,United States,,1,2026,sti
doi:10.1016/j.ssmmh.2026.100615,duncan-d,"Duncan, Dustin T",6,0,1,,United States,,1,2026,sti
doi:10.1099/mgen.0.001745,hilbig-a,"Hilbig, Antonia",1,1,0,,United Kingdom,,1,2026,amr_hai
doi:10.1099/mgen.0.001745,crestani-c,"Crestani, Chiara",2,0,0,,France,,1,2026,amr_hai
doi:10.1099/mgen.0.001745,barkham-t,"Barkham, Timothy",3,0,0,Tan Tock Seng Hospital,Singapore,hospital,1,2026,amr_hai
doi:10.1099/mgen.0.001745,chen-s,"Chen, Swaine L",4,0,0,National University of Singapore,Singapore,university,3,2026,amr_hai
doi:10.1099/mgen.0.001745,ho-j,"Ho, Jiaying",5,0,0,Singapore Food Agency,Singapore,government,1,2026,amr_hai
doi:10.1099/mgen.0.001745,coboangel-c,"Cobo-Angel, Claudia",6,0,0,,Denmark,,1,2026,amr_hai
doi:10.1099/mgen.0.001745,ceballosmarquez-a,"Ceballos-Marquez, Alejandro",7,0,0,,Denmark,,1,2026,amr_hai
doi:10.1099/mgen.0.001745,sirimanapong-w,"Sirimanapong, Wanna",8,0,0,Mahidol University,Thailand,university,1,2026,amr_hai
doi:10.1099/mgen.0.001745,aminnordin-s,"Amin-Nordin, Syafinaz",9,0,0,,Malaysia,,1,2026,amr_hai
doi:10.1099/mgen.0.001745,phuoc-n,"Phuoc, Nguyen Ngoc",10,0,0,,Viet Nam,,1,2026,amr_hai
doi:10.1099/mgen.0.001745,pinto-t,"Pinto, Tatiana Castro Abreu",11,0,0,,Brazil,,1,2026,amr_hai
doi:10.1099/mgen.0.001745,oliveira-l,"Oliveira, Laura",12,0,0,,Brazil,,2,2026,amr_hai
doi:10.1099/mgen.0.001745,garbarino-c,"Garbarino, Chiara Anna",13,0,0,,Italy,,1,2026,amr_hai
doi:10.1099/mgen.0.001745,ricchi-m,"Ricchi, Matteo",14,0,0,,Italy,,1,2026,amr_hai
doi:10.1099/mgen.0.001745,lembo-t,"Lembo, Tiziana",15,0,0,,United Kingdom,,1,2026,amr_hai
doi:10.1099/mgen.0.001745,lycett-s,"Lycett, Samantha",16,0,0,,United Kingdom,,1,2026,amr_hai
doi:10.1099/mgen.0.001745,biek-r,"Biek, Roman",17,0,0,,United Kingdom,,1,2026,amr_hai
doi:10.1099/mgen.0.001745,forde-t,"Forde, Taya",18,0,0,,United Kingdom,,1,2026,amr_hai
doi:10.1099/mgen.0.001745,zadoks-r,"Zadoks, Ruth Nicolet",19,0,1,,Australia,,2,2026,amr_hai
doi:10.1177/20584601261418668,lim-l,"Lim, Li He Shaun",1,1,0,Singapore General Hospital,Singapore,hospital,1,2026,tb
doi:10.1177/20584601261418668,guo-s,"Guo, Shuyi",2,0,0,Singapore General Hospital,Singapore,hospital,1,2026,tb
doi:10.1177/20584601261418668,mohan-p,"Mohan, P Chandra",3,0,0,Singapore General Hospital,Singapore,hospital,1,2026,tb
doi:10.1177/20584601261418668,low-s,"Low, Su Chong Albert",4,0,0,Singapore General Hospital,Singapore,hospital,1,2026,tb
doi:10.1177/20584601261418668,lee-z,"Lee, Zhuyi Rebekah",5,0,1,Singapore General Hospital,Singapore,hospital,1,2026,tb
doi:10.1371/journal.ppat.1014287,nowakowski-a,"Nowakowski, Anais",1,1,0,,South Africa,,1,2026,vector_borne
doi:10.1371/journal.ppat.1014287,elguero-e,"Elguero, Eric",2,0,0,,France,,1,2026,vector_borne
doi:10.1371/journal.ppat.1014287,patterson-k,"Patterson, Katie",3,0,0,London School of Hygiene & Tropical Medicine,United Kingdom,university,1,2026,vector_borne
doi:10.1371/journal.ppat.1014287,boissiere-a,"Boissière, Anne",4,0,0,,France,,2,2026,vector_borne
doi:10.1371/journal.ppat.1014287,degrugillier-f,"Degrugillier, Fanny",5,0,0,,France,,1,2026,vector_borne
doi:10.1371/journal.ppat.1014287,sidobre-c,"Sidobre, Christine",6,0,0,,France,,1,2026,vector_borne
doi:10.1371/journal.ppat.1014287,arnathau-c,"Arnathau, Celine",7,0,0,,France,,1,2026,vector_borne
doi:10.1371/journal.ppat.1014287,grentzinger-p,"Grentzinger, Pauline",8,0,0,,,,1,2026,vector_borne
doi:10.1371/journal.ppat.1014287,willaume-e,"Willaume, Eric",9,0,0,,,,1,2026,vector_borne
doi:10.1371/journal.ppat.1014287,talman-a,"Talman, Arthur M",10,0,0,,France,,1,2026,vector_borne
doi:10.1371/journal.ppat.1014287,malleret-b,"Malleret, Benoit",11,0,0,National University of Singapore,Singapore,research_institute,2,2026,vector_borne
doi:10.1371/journal.ppat.1014287,boundenga-l,"Boundenga, Larson",12,0,0,,United Kingdom,,2,2026,vector_borne
doi:10.1371/journal.ppat.1014287,ngoubangoye-b,"Ngoubangoye, Barthelemy",13,0,0,,,,1,2026,vector_borne
doi:10.1371/journal.ppat.1014287,prugnolle-f,"Prugnolle, Franck",14,0,0,,South Africa,,2,2026,vector_borne
doi:10.1371/journal.ppat.1014287,wassmer-s,"Wassmer, Samuel C",15,0,0,London School of Hygiene & Tropical Medicine,United Kingdom,university,1,2026,vector_borne
doi:10.1371/journal.ppat.1014287,rougeron-v,"Rougeron, Virginie",16,0,1,,South Africa,,2,2026,vector_borne
doi:10.1371/journal.pcbi.1014355,zhai-y,"Zhai, Yichen",1,1,0,Nanyang Technological University,Singapore,university,1,2026,vector_borne
doi:10.1371/journal.pcbi.1014355,chang-c,"Chang, Chia-Chen",2,0,0,Environmental Health Institute,Singapore,government,2,2026,vector_borne
doi:10.1371/journal.pcbi.1014355,xi-z,"Xi, Zhiyong",3,0,0,,United States,,1,2026,vector_borne
doi:10.1371/journal.pcbi.1014355,tan-c,"Tan, Cheong Huat",4,0,0,Environmental Health Institute,Singapore,government,1,2026,vector_borne
doi:10.1371/journal.pcbi.1014355,ng-l,"Ng, Lee Ching",5,0,0,Environmental Health Institute,Singapore,government,3,2026,vector_borne
doi:10.1371/journal.pcbi.1014355,lim-j,"Lim, Jue Tao",6,0,1,Nanyang Technological University,Singapore,university,1,2026,vector_borne
doi:10.3389/fcimb.2026.1847443,sun-w,"Sun, Weiguo",1,1,0,,China,,1,2026,tb
doi:10.3389/fcimb.2026.1847443,xiao-m,"Xiao, Meng",2,0,0,National University of Singapore,China,university,2,2026,tb
doi:10.3389/fcimb.2026.1847443,ali-s,"Ali, Syed Luqman",3,0,0,,Pakistan,,1,2026,tb
doi:10.3389/fcimb.2026.1847443,jin-c,"Jin, Chanyuan",4,0,0,,China,,1,2026,tb
doi:10.3389/fcimb.2026.1847443,khan-a,"Khan, Asifullah",5,0,0,,Pakistan,,1,2026,tb
doi:10.3389/fcimb.2026.1847443,shakirullah,Shakirullah,6,0,0,,Pakistan,,1,2026,tb
doi:10.3389/fcimb.2026.1847443,ni-r,"Ni, Ruizi",7,0,0,,China,,2,2026,tb
doi:10.3389/fcimb.2026.1847443,an-y,"An, Yajing",8,0,0,,China,,2,2026,tb
doi:10.3389/fcimb.2026.1847443,zhang-m,"Zhang, Mingming",9,0,0,,China,,2,2026,tb
doi:10.3389/fcimb.2026.1847443,tian-y,"Tian, Yuan",10,0,0,,China,,2,2026,tb
doi:10.3389/fcimb.2026.1847443,kaushik-s,"Kaushik, Shradha",11,0,0,,Canada,,1,2026,tb
doi:10.3389/fcimb.2026.1847443,zhang-y,"Zhang, Yuhang",12,0,0,,China,,1,2026,tb
doi:10.3389/fcimb.2026.1847443,gong-w,"Gong, Wenping",13,0,1,,China,,2,2026,tb
doi:10.3390/v18030283,tang-j,"Tang, Julian W",1,1,0,,United Kingdom,,1,2026,sti
doi:10.3390/v18030283,olszyna-d,"Olszyna, Dariusz P",2,0,0,National University Hospital,Singapore,hospital,2,2026,sti
doi:10.3390/v18030283,stephenson-i,"Stephenson, Iain",3,0,0,,United Kingdom,,1,2026,sti
doi:10.3390/v18030283,archuleta-s,"Archuleta, Sophia",4,0,1,National University Hospital,Singapore,hospital,2,2026,sti
doi:10.1039/d6ra04008j,wani-m,"Wani, Mohmmad Younus",1,1,0,,Saudi Arabia,,1,2026,other_id
doi:10.1039/d6ra04008j,elsaid-w,"El-Said, Waleed Ahmed",2,0,0,,Saudi Arabia,,1,2026,other_id
doi:10.1039/d6ra04008j,albogami-a,"Al-Bogami, Abdullah S",3,0,0,,Saudi Arabia,,1,2026,other_id
doi:10.1039/d6ra04008j,khan-z,"Khan, Ziya Ahmad",4,0,0,,Saudi Arabia,,1,2026,other_id
doi:10.1039/d6ra04008j,ahmad-a,"Ahmad, Aijaz",5,0,0,,South Africa,,1,2026,other_id
doi:10.1039/d6ra04008j,xu-q,"Xu, Qing-Hua",6,0,1,National University of Singapore,China,university,2,2026,other_id
doi:10.1128/mbio.01474-26,mitchener-m,"Mitchener, Michelle M",1,1,0,,Singapore,,1,2026,other_id
doi:10.1128/mbio.01474-26,anderson-c,"Anderson, Caleb M",2,0,0,,Switzerland,,1,2026,other_id
doi:10.1128/mbio.01474-26,veleba-m,"Veleba, Mark",3,0,0,Nanyang Technological University,Singapore,university,1,2026,other_id
doi:10.1128/mbio.01474-26,teo-k,"Teo, Kayla",4,0,0,,Singapore,,1,2026,other_id
doi:10.1128/mbio.01474-26,roch-m,"Roch, Mélanie",5,0,0,,Switzerland,,1,2026,other_id
doi:10.1128/mbio.01474-26,chen-r,"Chen, Ruixi",6,0,0,,United States,,1,2026,other_id
doi:10.1128/mbio.01474-26,yuan-y,"Yuan, Yifeng",7,0,0,,United States,,1,2026,other_id
doi:10.1128/mbio.01474-26,han-i,"Han, Isaiah",8,0,0,,Singapore,,1,2026,other_id
doi:10.1128/mbio.01474-26,dziergowska-a,"Dziergowska, Agnieszka",9,0,0,,Poland,,1,2026,other_id
doi:10.1128/mbio.01474-26,pethe-k,"Pethe, Kevin",10,0,0,Nanyang Technological University,Singapore,hospital,4,2026,other_id
doi:10.1128/mbio.01474-26,begley-t,"Begley, Thomas J",11,0,0,,United States,,2,2026,other_id
doi:10.1128/mbio.01474-26,kline-k,"Kline, Kimberly A",12,0,0,Nanyang Technological University,Singapore,university,4,2026,other_id
doi:10.1128/mbio.01474-26,dedon-p,"Dedon, Peter C",13,0,1,,Singapore,,2,2026,other_id
doi:10.1016/j.jhin.2026.03.037,mitchell-b,"Mitchell, B G",1,1,0,,Australia,,3,2026,amr_hai
doi:10.1016/j.jhin.2026.03.037,matterson-g,"Matterson, G",2,0,0,,Australia,,1,2026,amr_hai
doi:10.1016/j.jhin.2026.03.037,carroll-m,"Carroll, M R",3,0,0,,New Zealand,,1,2026,amr_hai
doi:10.1016/j.jhin.2026.03.037,donnelly-h,"Donnelly, H",4,0,0,,Australia,,2,2026,amr_hai
doi:10.1016/j.jhin.2026.03.037,marimuthu-k,"Marimuthu, K",5,0,0,National Centre for Infectious Diseases,Singapore,hospital,3,2026,amr_hai
doi:10.1016/j.jhin.2026.03.037,tehan-p,"Tehan, P E",6,0,1,,Australia,,3,2026,amr_hai
doi:10.1002/jmv.71078,ribeirodejesus-n,"Ribeiro de Jesus, Nicolli",1,1,0,,Brazil,,1,2026,vector_borne
doi:10.1002/jmv.71078,santosdesouza-c,"Santos de Souza, Caio",2,0,0,,Brazil,,1,2026,vector_borne
doi:10.1002/jmv.71078,ramorim-m,"R Amorim, Mariene",3,0,0,,Brazil,,1,2026,vector_borne
doi:10.1002/jmv.71078,cola-j,"Cola, João Paulo",4,0,0,,Brazil,,1,2026,vector_borne
doi:10.1002/jmv.71078,gomescatozo-r,"Gomes Catozo, Raquel",5,0,0,,Brazil,,1,2026,vector_borne
doi:10.1002/jmv.71078,mguedes-b,"M Guedes, Bruno Luiz",6,0,0,,Brazil,,1,2026,vector_borne
doi:10.1002/jmv.71078,caetanopimenta-b,"Caetano Pimenta, Bruna",7,0,0,,Brazil,,1,2026,vector_borne
doi:10.1002/jmv.71078,nuneszordan-j,"Nunes Zordan, Julia Sthefany",8,0,0,,Brazil,,1,2026,vector_borne
doi:10.1002/jmv.71078,barcellosmadeirarosa-y,"Barcellos Madeira Rosa, Yasmim",9,0,0,,Brazil,,1,2026,vector_borne
doi:10.1002/jmv.71078,tamaninisilvamoschen-h,"Tamanini Silva Moschen, Henrique",10,0,0,,Brazil,,1,2026,vector_borne
doi:10.1002/jmv.71078,souzaareias-a,"Souza Areias, Aline",11,0,0,,Brazil,,1,2026,vector_borne
doi:10.1002/jmv.71078,comerio-t,"Comerio, Tatiane",12,0,0,,Brazil,,1,2026,vector_borne
doi:10.1002/jmv.71078,valimsarmento-i,"Valim Sarmento, Isabela",13,0,0,,Brazil,,1,2026,vector_borne
doi:10.1002/jmv.71078,mirandafardin-j,"Miranda Fardin, Julia",14,0,0,,Brazil,,1,2026,vector_borne
doi:10.1002/jmv.71078,deolivieragomes-d,"de Oliviera Gomes, Daniel Claudio",15,0,0,,Brazil,,2,2026,vector_borne
doi:10.1002/jmv.71078,kumar-k,"Kumar, Kiven",16,0,0,Duke-NUS Medical School,Singapore,university,1,2026,vector_borne
doi:10.1002/jmv.71078,ooi-e,"Ooi, Eng Eong",17,0,0,Duke-NUS Medical School,Singapore,university,1,2026,vector_borne
doi:10.1002/jmv.71078,maltaromano-c,"Malta Romano, Camila",18,0,0,,Brazil,,1,2026,vector_borne
doi:10.1002/jmv.71078,vicente-c,"Vicente, Creuza Rachel",19,0,1,,Brazil,,2,2026,vector_borne
doi:10.1186/s13073-026-01670-6,chang-x,"Chang, Xuling",1,1,0,National University Health System,Australia,hospital,3,2026,tb
doi:10.1186/s13073-026-01670-6,li-z,"Li, Zheng",2,0,0,Genome Institute of Singapore,Singapore,research_institute,1,2026,tb
doi:10.1186/s13073-026-01670-6,thai-p,"Thai, Phan Vuong Khac",3,0,0,,Viet Nam,,1,2026,tb
doi:10.1186/s13073-026-01670-6,ha-d,"Ha, Dang Thi Minh",4,0,0,,Viet Nam,,1,2026,tb
doi:10.1186/s13073-026-01670-6,thuong-n,"Thuong, Nguyen Thuy Thuong",5,0,0,Oxford University Clinical Research Unit,United Kingdom,research_institute,2,2026,tb
doi:10.1186/s13073-026-01670-6,wee-d,"Wee, Denise",6,0,0,A*STAR Infectious Diseases Labs,Singapore,research_institute,1,2026,tb
doi:10.1186/s13073-026-01670-6,subhan-a,"Subhan, Alya Sufiyah Binte Mohamed",7,0,0,A*STAR Infectious Diseases Labs,Singapore,research_institute,1,2026,tb
doi:10.1186/s13073-026-01670-6,silcocks-m,"Silcocks, Matthew",8,0,0,University of Melbourne,Australia,university,1,2026,tb
doi:10.1186/s13073-026-01670-6,chee-c,"Chee, Cynthia Bin Eng",9,0,0,Tan Tock Seng Hospital,Singapore,hospital,1,2026,tb
doi:10.1186/s13073-026-01670-6,nhu-n,"Nhu, Nguyen Thi Quynh",10,0,0,Oxford University Clinical Research Unit,Viet Nam,research_institute,1,2026,tb
doi:10.1186/s13073-026-01670-6,heng-c,"Heng, Chew-Kiat",11,0,0,National University Health System,Singapore,hospital,2,2026,tb
doi:10.1186/s13073-026-01670-6,teo-y,"Teo, Yik Ying",12,0,0,National University of Singapore,Singapore,university,2,2026,tb
doi:10.1186/s13073-026-01670-6,singhal-a,"Singhal, Amit",13,0,0,A*STAR Infectious Diseases Labs,Singapore,research_institute,4,2026,tb
doi:10.1186/s13073-026-01670-6,oehlers-s,"Oehlers, Stefan H",14,0,0,A*STAR Infectious Diseases Labs,Singapore,research_institute,1,2026,tb
doi:10.1186/s13073-026-01670-6,yuan-j,"Yuan, Jian-Min",15,0,0,,United States,,2,2026,tb
doi:10.1186/s13073-026-01670-6,koh-w,"Koh, Woon-Puay",16,0,0,"Agency for Science, Technology and Research",Singapore,research_institute,2,2026,tb
doi:10.1186/s13073-026-01670-6,caws-m,"Caws, Maxine",17,0,0,,Nepal,,2,2026,tb
doi:10.1186/s13073-026-01670-6,khor-c,"Khor, Chiea Chuen",18,0,0,Genome Institute of Singapore,Singapore,research_institute,2,2026,tb
doi:10.1186/s13073-026-01670-6,dorajoo-r,"Dorajoo, Rajkumar",19,0,0,Genome Institute of Singapore,Singapore,research_institute,2,2026,tb
doi:10.1186/s13073-026-01670-6,dunstan-s,"Dunstan, Sarah J",20,0,1,University of Melbourne,Australia,university,1,2026,tb
doi:10.1016/j.fm.2026.105164,lin-z,"Lin, Zejia",1,1,0,National University of Singapore,Singapore,university,1,2026,amr_hai
doi:10.1016/j.fm.2026.105164,guo-y,"Guo, Yuan",2,0,0,National University of Singapore,Singapore,university,1,2026,amr_hai
doi:10.1016/j.fm.2026.105164,deng-d,"Deng, Dini",3,0,0,National University of Singapore,Singapore,university,1,2026,amr_hai
doi:10.1016/j.fm.2026.105164,li-x,"Li, Xianzhe",4,0,0,National University of Singapore,Singapore,university,1,2026,amr_hai
doi:10.1016/j.fm.2026.105164,koay-e,"Koay, Emma Y H",5,0,0,,Singapore,,1,2026,amr_hai
doi:10.1016/j.fm.2026.105164,chin-m,"Chin, Mario P S",6,0,0,,Singapore,,1,2026,amr_hai
doi:10.1016/j.fm.2026.105164,chan-c,"Chan, Carrie K Y",7,0,0,,Singapore,,1,2026,amr_hai
doi:10.1016/j.fm.2026.105164,li-d,"Li, Dan",8,0,1,National University of Singapore,China,university,2,2026,amr_hai
doi:10.1016/j.lanwpc.2026.101874,tang-s,"Tang, Shenglan",1,1,0,SingHealth,China,hospital,4,2026,sti
doi:10.1016/j.lanwpc.2026.101874,du-h,"Du, Heng",2,0,0,,China,,1,2026,sti
doi:10.1016/j.lanwpc.2026.101874,zhao-f,"Zhao, Fanghui",3,0,0,,China,,1,2026,sti
doi:10.1016/j.lanwpc.2026.101874,qiao-y,"Qiao, Youlin",4,0,1,,China,,1,2026,sti
doi:10.1002/jcop.70120,puvaneyshwaran-d,"Puvaneyshwaran, David",1,1,0,National University of Singapore,Canada,university,2,2026,sti
doi:10.1002/jcop.70120,low-a,"Low, Abbrielle Jiamin",2,0,0,,Singapore,,1,2026,sti
doi:10.1002/jcop.70120,chong-s,"Chong, Shao Yuan",3,0,0,,Singapore,,2,2026,sti
doi:10.1002/jcop.70120,wee-y,"Wee, Ye Xuan",4,0,0,National University of Singapore,Singapore,university,2,2026,sti
doi:10.1002/jcop.70120,lee-j,"Lee, Jungup",5,0,0,National University of Singapore,Singapore,university,2,2026,sti
doi:10.1002/jcop.70120,liang-p,"Liang, Peilin",6,0,1,National University of Singapore,Singapore,university,1,2026,sti
doi:10.1093/cid/ciag347,manesh-a,"Manesh, Abi",1,1,0,National University of Singapore,India,university,2,2026,amr_hai
doi:10.1093/cid/ciag347,paterson-d,"Paterson, David L",2,0,1,National University of Singapore,Singapore,university,2,2026,amr_hai
doi:10.1016/j.ijpara.2026.104892,suwanarusk-r,"Suwanarusk, Rossarin",1,1,0,,Japan,,1,2026,vector_borne
doi:10.1016/j.ijpara.2026.104892,chua-a,"Chua, Adeline C Y",2,0,0,A*STAR Infectious Diseases Labs,Singapore,research_institute,1,2026,vector_borne
doi:10.1016/j.ijpara.2026.104892,ezenwanne-c,"Ezenwanne, Chukwuma S",3,0,0,,Japan,,2,2026,vector_borne
doi:10.1016/j.ijpara.2026.104892,snounou-g,"Snounou, Georges",4,0,0,Mahidol University,France,university,2,2026,vector_borne
doi:10.1016/j.ijpara.2026.104892,malleret-b,"Malleret, Benoît",5,0,0,National University of Singapore,Singapore,university,1,2026,vector_borne
doi:10.1016/j.ijpara.2026.104892,kosaisavee-v,"Kosaisavee, Varakorn",6,0,0,Mahidol University,Thailand,university,1,2026,vector_borne
doi:10.1016/j.ijpara.2026.104892,lombardini-e,"Lombardini, Eric D",7,0,0,,Thailand,,1,2026,vector_borne
doi:10.1016/j.ijpara.2026.104892,imerbsin-r,"Imerbsin, Rawiwan",8,0,0,,Thailand,,1,2026,vector_borne
doi:10.1016/j.ijpara.2026.104892,sunyakumthorn-p,"Sunyakumthorn, Piyanate",9,0,0,,Thailand,,1,2026,vector_borne
doi:10.1016/j.ijpara.2026.104892,katakai-y,"Katakai, Yuko",10,0,0,,Japan,,1,2026,vector_borne
doi:10.1016/j.ijpara.2026.104892,sakaguchi-m,"Sakaguchi, Miako",11,0,0,,Japan,,1,2026,vector_borne
doi:10.1016/j.ijpara.2026.104892,kyle-d,"Kyle, Dennis E",12,0,0,,United States,,1,2026,vector_borne
doi:10.1016/j.ijpara.2026.104892,kawai-s,"Kawai, Satoru",13,0,0,,Japan,,1,2026,vector_borne
doi:10.1016/j.ijpara.2026.104892,annoura-t,"Annoura, Takeshi",14,0,0,,Japan,,3,2026,vector_borne
doi:10.1016/j.ijpara.2026.104892,renia-l,"Rénia, Laurent",15,0,0,A*STAR Infectious Diseases Labs,Singapore,research_institute,2,2026,vector_borne
doi:10.1016/j.ijpara.2026.104892,bifani-p,"Bifani, Pablo",16,0,0,A*STAR Infectious Diseases Labs,Singapore,research_institute,2,2026,vector_borne
doi:10.1016/j.ijpara.2026.104892,kaneko-o,"Kaneko, Osamu",17,0,0,,Japan,,1,2026,vector_borne
doi:10.1016/j.ijpara.2026.104892,russell-b,"Russell, Bruce",18,0,1,Mahidol University,Japan,university,3,2026,vector_borne
doi:10.1016/j.ijid.2026.109084,vicente-c,"Vicente, Creuza Rachel",1,1,0,,Brazil,,2,2026,vector_borne
doi:10.1016/j.ijid.2026.109084,cola-j,"Cola, João Paulo",2,0,0,,Brazil,,1,2026,vector_borne
doi:10.1016/j.ijid.2026.109084,brioschidossantos-a,"Brioschi Dos Santos, Ana Paula",3,0,0,,Brazil,,1,2026,vector_borne
doi:10.1016/j.ijid.2026.109084,cardoso-t,"Cardoso, Theresa Cristina",4,0,0,,Brazil,,1,2026,vector_borne
doi:10.1016/j.ijid.2026.109084,junior-c,"Junior, Crispim Cerutti",5,0,0,,Brazil,,2,2026,vector_borne
doi:10.1016/j.ijid.2026.109084,ooi-e,"Ooi, Eng Eong",6,0,0,Duke-NUS Medical School,Singapore,university,1,2026,vector_borne
doi:10.1016/j.ijid.2026.109084,gobbi-s,"Gobbi, Stefano",7,0,0,,Brazil,,1,2026,vector_borne
doi:10.1016/j.ijid.2026.109084,luchdossantos-j,"Luch Dos Santos, Julia",8,0,0,,Brazil,,1,2026,vector_borne
doi:10.1016/j.ijid.2026.109084,miranda-a,"Miranda, Angelica Espinosa",9,0,0,,Brazil,,2,2026,vector_borne
doi:10.1016/j.ijid.2026.109084,chan-k,"Chan, Kuan Rong",10,0,1,Duke-NUS Medical School,Singapore,university,1,2026,vector_borne
doi:10.1186/s12889-026-28672-8,durrancebagale-a,"Durrance-Bagale, Anna",1,1,0,London School of Hygiene & Tropical Medicine,United Kingdom,university,1,2026,other_id
doi:10.1186/s12889-026-28672-8,basnet-h,"Basnet, Hari",2,0,0,,Nepal,,1,2026,other_id
doi:10.1186/s12889-026-28672-8,singh-n,"Singh, Nanda Bahadur",3,0,0,,Nepal,,1,2026,other_id
doi:10.1186/s12889-026-28672-8,belmain-s,"Belmain, Steven R",4,0,0,,United Kingdom,,1,2026,other_id
doi:10.1186/s12889-026-28672-8,rudge-j,"Rudge, James W",5,0,0,London School of Hygiene & Tropical Medicine,United Kingdom,university,2,2026,other_id
doi:10.1186/s12889-026-28672-8,howard-n,"Howard, Natasha",6,0,1,London School of Hygiene & Tropical Medicine,Singapore,university,2,2026,other_id
doi:10.3389/fpubh.2026.1785244,lien-v,"Lien, Victoria",1,1,0,,Singapore,,1,2026,rti
doi:10.3389/fpubh.2026.1785244,hao-y,"Hao, Ying",2,0,0,National Centre for Infectious Diseases,Singapore,hospital,1,2026,rti
doi:10.3389/fpubh.2026.1785244,toh-m,"Toh, Matthias Paul Han Sim",3,0,1,National Centre for Infectious Diseases,Singapore,hospital,3,2026,rti
doi:10.4103/singaporemedj.smj-2026-181,lim-b,"Lim, Bin",1,1,0,,Singapore,,1,2026,rti
doi:10.4103/singaporemedj.smj-2026-181,chua-s,"Chua, Sonja Cjh",2,0,0,,,,0,2026,rti
doi:10.4103/singaporemedj.smj-2026-181,xu-r,"Xu, Rujia",3,0,0,,,,0,2026,rti
doi:10.4103/singaporemedj.smj-2026-181,ricci-v,"Ricci, Valentina",4,0,0,,,,0,2026,rti
doi:10.4103/singaporemedj.smj-2026-181,kim-p,"Kim, Phyllis Al",5,0,0,,,,0,2026,rti
doi:10.4103/singaporemedj.smj-2026-181,,,6,0,1,,,,0,2026,rti
doi:10.4103/singaporemedj.smj-2026-182,goh-s,"Goh, Samuel Li Earn",1,1,0,,Singapore,,1,2026,rti
doi:10.4103/singaporemedj.smj-2026-182,yang-j,"Yang, Jing Xi",2,0,0,,,,0,2026,rti
doi:10.4103/singaporemedj.smj-2026-182,kan-s,"Kan, Shu Jun",3,0,0,,,,0,2026,rti
doi:10.4103/singaporemedj.smj-2026-182,ricci-v,"Ricci, Valentina",4,0,0,,,,0,2026,rti
doi:10.4103/singaporemedj.smj-2026-182,kim-p,"Kim, Phyllis Al",5,0,0,,,,0,2026,rti
doi:10.4103/singaporemedj.smj-2026-182,,,6,0,1,,,,0,2026,rti
doi:10.1016/j.oret.2026.06.023,janetos-t,"Janetos, Timothy M",1,1,0,,,,1,2026,tb
doi:10.1016/j.oret.2026.06.023,agarwal-a,"Agarwal, Aniruddha",2,0,0,,United Arab Emirates,,2,2026,tb
doi:10.1016/j.oret.2026.06.023,biswas-j,"Biswas, Jyotirmay",3,0,0,,India,,1,2026,tb
doi:10.1016/j.oret.2026.06.023,basu-s,"Basu, Soumyava",4,0,0,,India,,1,2026,tb
doi:10.1016/j.oret.2026.06.023,nguyen-q,"Nguyen, Quan Dong",5,0,0,,,,1,2026,tb
doi:10.1016/j.oret.2026.06.023,or-c,"Or, Christopher",6,0,0,,,,1,2026,tb
doi:10.1016/j.oret.2026.06.023,shoughy-s,"Shoughy, Samir",7,0,0,,Egypt,,2,2026,tb
doi:10.1016/j.oret.2026.06.023,invernizzi-a,"Invernizzi, Alessandro",8,0,0,,Australia,,2,2026,tb
doi:10.1016/j.oret.2026.06.023,ladistianora-r,"La Distia Nora, Rina",9,0,0,Universitas Indonesia,Indonesia,university,2,2026,tb
doi:10.1016/j.oret.2026.06.023,gangaputra-s,"Gangaputra, Sapna",10,0,0,,,,1,2026,tb
doi:10.1016/j.oret.2026.06.023,agrawal-r,"Agrawal, Rupesh",11,0,0,Duke-NUS Medical School,Singapore,hospital,5,2026,tb
doi:10.1016/j.oret.2026.06.023,jabs-d,"Jabs, Douglas A",12,0,0,Johns Hopkins University,United States,university,2,2026,tb
doi:10.1016/j.oret.2026.06.023,davis-j,"Davis, Janet L",13,0,0,,,,1,2026,tb
doi:10.1016/j.oret.2026.06.023,desmet-m,"de Smet, Marc D",14,0,0,,Belgium,,3,2026,tb
doi:10.1016/j.oret.2026.06.023,goldstein-d,"Goldstein, Debra A",15,0,0,,,,1,2026,tb
doi:10.1016/j.oret.2026.06.023,thorne-j,"Thorne, Jennifer E",16,0,0,Johns Hopkins University,United States,university,2,2026,tb
doi:10.1016/j.oret.2026.06.023,sarraf-d,"Sarraf, David",17,0,0,,,,1,2026,tb
doi:10.1016/j.oret.2026.06.023,gupta-v,"Gupta, Vishali",18,0,0,,India,,1,2026,tb
doi:10.1016/j.oret.2026.06.023,,,19,0,1,,,,0,2026,tb
doi:10.3390/ijms27125573,barahim-e,"Barahim, Eman Khalid",1,1,0,,Saudi Arabia,,2,2026,amr_hai
doi:10.3390/ijms27125573,smith-e,"Smith, Ella P",2,0,0,,United Kingdom,,1,2026,amr_hai
doi:10.3390/ijms27125573,yong-s,"Yong, Sheau Ting",3,0,0,,United Kingdom,,1,2026,amr_hai
doi:10.3390/ijms27125573,aung-t,"Aung, Thet Tun",4,0,0,Duke-NUS Medical School,Singapore,university,2,2026,amr_hai
doi:10.3390/ijms27125573,lakshminarayanan-r,"Lakshminarayanan, Rajamani",5,0,0,Duke-NUS Medical School,Singapore,university,3,2026,amr_hai
doi:10.3390/ijms27125573,mohammed-i,"Mohammed, Imran",6,0,0,,United Kingdom,,2,2026,amr_hai
doi:10.3390/ijms27125573,dua-h,"Dua, Harminder S",7,0,0,,United Kingdom,,2,2026,amr_hai
doi:10.3390/ijms27125573,wallace-g,"Wallace, Graham R",8,0,0,,United Kingdom,,1,2026,amr_hai
doi:10.3390/ijms27125573,hombrebueno-j,"Hombrebueno, Jose R",9,0,0,,United Kingdom,,1,2026,amr_hai
doi:10.3390/ijms27125573,rauz-s,"Rauz, Saaeha",10,0,0,,United Kingdom,,2,2026,amr_hai
doi:10.3390/ijms27125573,ting-d,"Ting, Darren S J",11,0,1,Duke-NUS Medical School,Singapore,university,4,2026,amr_hai
doi:10.1093/jac/dkag263,hardy-m,"Hardy, Melissa J",1,1,0,,Australia,,1,2026,amr_hai
doi:10.1093/jac/dkag263,harris-p,"Harris, Patrick N A",2,0,0,,Australia,,2,2026,amr_hai
doi:10.1093/jac/dkag263,wang-x,"Wang, Xiaofang",3,0,0,,Australia,,1,2026,amr_hai
doi:10.1093/jac/dkag263,mo-y,"Mo, Yin",4,0,0,Mahidol University,Singapore,hospital,5,2026,amr_hai
doi:10.1093/jac/dkag263,paterson-d,"Paterson, David L",5,0,1,National University of Singapore,Singapore,university,2,2026,amr_hai
doi:10.1186/s12889-026-26441-1,ren-h,"Ren, Hao",1,1,0,,China,,3,2026,sti
doi:10.1186/s12889-026-26441-1,jing-f,"Jing, Fengshi",2,0,0,,China,,1,2026,sti
doi:10.1186/s12889-026-26441-1,zhang-x,"Zhang, Xinyuan",3,0,0,,China,,2,2026,sti
doi:10.1186/s12889-026-26441-1,hu-s,"Hu, Siyue",4,0,0,,China,,1,2026,sti
doi:10.1186/s12889-026-26441-1,luo-z,"Luo, Zeyu",5,0,0,,China,,2,2026,sti
doi:10.1186/s12889-026-26441-1,li-r,"Li, Rongyan",6,0,0,,China,,2,2026,sti
doi:10.1186/s12889-026-26441-1,luo-j,"Luo, Jinsong",7,0,0,,China,,1,2026,sti
doi:10.1186/s12889-026-26441-1,han-y,"Han, Yuxin",8,0,0,,China,,1,2026,sti
doi:10.1186/s12889-026-26441-1,xie-y,"Xie, Yewei",9,0,0,Duke-NUS Medical School,Singapore,university,1,2026,sti
doi:10.1186/s12889-026-26441-1,cheng-w,"Cheng, Weibin",10,0,0,University of Hong Kong,China,university,3,2026,sti
doi:10.1186/s12889-026-26441-1,he-x,"He, Xi",11,0,0,,China,,1,2026,sti
doi:10.1186/s12889-026-26441-1,ye-y,"Ye, Yang",12,0,0,,United States,,1,2026,sti
doi:10.1186/s12889-026-26441-1,wang-c,"Wang, Cheng",13,0,0,,China,,1,2026,sti
doi:10.1186/s12889-026-26441-1,fan-j,"Fan, Jie",14,0,0,,China,,1,2026,sti
doi:10.1186/s12889-026-26441-1,wu-d,"Wu, Dan",15,0,0,London School of Hygiene & Tropical Medicine,China,university,3,2026,sti
doi:10.1186/s12889-026-26441-1,zhou-y,"Zhou, Yi",16,0,0,,China,,1,2026,sti
doi:10.1186/s12889-026-26441-1,tang-w,"Tang, Weiming",17,0,1,,China,,3,2026,sti
doi:10.1016/j.urolonc.2026.111091,tan-y,"Tan, Yu Guang",1,1,0,Singapore General Hospital,Singapore,hospital,2,2026,tb
doi:10.1016/j.urolonc.2026.111091,fong-k,"Fong, Khi Yung",2,0,0,Singapore General Hospital,Singapore,hospital,1,2026,tb
doi:10.1016/j.urolonc.2026.111091,abern-m,"Abern, Michael R",3,0,0,,,,1,2026,tb
doi:10.1016/j.urolonc.2026.111091,lim-b,"Lim, Benjamin Jia Han",4,0,0,Singapore General Hospital,Singapore,hospital,1,2026,tb
doi:10.1016/j.urolonc.2026.111091,leow-j,"Leow, Jeffrey Jj",5,0,0,Tan Tock Seng Hospital,Singapore,hospital,1,2026,tb
doi:10.1016/j.urolonc.2026.111091,chong-t,"Chong, Tsung Wen",6,0,0,Singapore General Hospital,Singapore,hospital,1,2026,tb
doi:10.1016/j.urolonc.2026.111091,tay-k,"Tay, Kae Jack",7,0,0,Singapore General Hospital,Singapore,hospital,1,2026,tb
doi:10.1016/j.urolonc.2026.111091,chen-k,"Chen, Kenneth",8,0,0,Singapore General Hospital,Singapore,hospital,1,2026,tb
doi:10.1016/j.urolonc.2026.111091,yuen-j,"Yuen, John Sp",9,0,0,Singapore General Hospital,Singapore,hospital,1,2026,tb
doi:10.1016/j.urolonc.2026.111091,chan-j,"Chan, Johan",10,0,0,National Cancer Centre Singapore,Singapore,hospital,1,2026,tb
doi:10.1016/j.urolonc.2026.111091,chan-j,"Chan, Jason Ys",11,0,0,National Cancer Centre Singapore,Singapore,hospital,1,2026,tb
doi:10.1016/j.urolonc.2026.111091,hussain-s,"Hussain, Syed A",12,0,0,,United Kingdom,,1,2026,tb
doi:10.1016/j.urolonc.2026.111091,teoh-j,"Teoh, Jeremy Yc",13,0,0,University of Hong Kong,Hong Kong SAR,university,1,2026,tb
doi:10.1016/j.urolonc.2026.111091,kamat-a,"Kamat, Ashish M",14,0,1,,,,1,2026,tb
doi:10.1007/s11673-026-10573-5,wild-v,"Wild, Verina",1,1,0,,Germany,,1,2026,rti
doi:10.1007/s11673-026-10573-5,agbih-s,"Agbih, Sylvia",2,0,0,,Germany,,1,2026,rti
doi:10.1007/s11673-026-10573-5,landsman-k,"Landsman, Keren",3,0,0,,Germany,,1,2026,rti
doi:10.1007/s11673-026-10573-5,sleumer-q,"Sleumer, Quintus",4,0,0,,Germany,,1,2026,rti
doi:10.1007/s11673-026-10573-5,dawson-a,"Dawson, Angus",5,0,0,National University of Singapore,Singapore,university,1,2026,rti
doi:10.1007/s11673-026-10573-5,heilinger-j,"Heilinger, Jan-Christoph",6,0,1,,Germany,,1,2026,rti
doi:10.3390/tropicalmed11070184,lim-y,"Lim, Yi-Jun",1,1,0,University of Malaya,Malaysia,university,1,2026,vector_borne
doi:10.3390/tropicalmed11070184,chong-g,"Chong, Gordon Xue-Zhen",2,0,0,University of Malaya,Malaysia,university,1,2026,vector_borne
doi:10.3390/tropicalmed11070184,chin-j,"Chin, Joo-Yie",3,0,0,University of Malaya,Malaysia,university,1,2026,vector_borne
doi:10.3390/tropicalmed11070184,mohammedsyafiei-m,"Mohammed-Syafiei, Muhammed-Nur-Iman",4,0,0,University of Malaya,Malaysia,university,1,2026,vector_borne
doi:10.3390/tropicalmed11070184,suhaimi-m,"Suhaimi, Muhammad-Nasreen",5,0,0,University of Malaya,Malaysia,university,1,2026,vector_borne
doi:10.3390/tropicalmed11070184,nordin-s,"Nordin, Siti-Nursyazziana",6,0,0,University of Malaya,Malaysia,university,1,2026,vector_borne
doi:10.3390/tropicalmed11070184,fung-s,"Fung, Shin-Yee",7,0,0,University of Malaya,Malaysia,university,1,2026,vector_borne
doi:10.3390/tropicalmed11070184,tabo-h,"Tabo, Hazel Anne",8,0,0,,Philippines,,1,2026,vector_borne
doi:10.3390/tropicalmed11070184,wilairatana-p,"Wilairatana, Polrat",9,0,0,Mahidol University,Thailand,university,1,2026,vector_borne
doi:10.3390/tropicalmed11070184,hailu-t,"Hailu, Tadesse",10,0,0,,Ethiopia,,1,2026,vector_borne
doi:10.3390/tropicalmed11070184,nissapatorn-v,"Nissapatorn, Veeranoot",11,0,0,,Thailand,,1,2026,vector_borne
doi:10.3390/tropicalmed11070184,lee-w,"Lee, Wenn-Chyau",12,0,1,A*STAR Infectious Diseases Labs,Malaysia,research_institute,2,2026,vector_borne
doi:10.1093/aje/kwag024,lahood-a,"LaHood, Allison",1,1,0,Harvard University,United States,university,2,2026,tb
doi:10.1093/aje/kwag024,robins-j,"Robins, James",2,0,0,Harvard University,United States,university,1,2026,tb
doi:10.1093/aje/kwag024,stagg-h,"Stagg, Helen R",3,0,0,London School of Hygiene & Tropical Medicine,United Kingdom,university,1,2026,tb
doi:10.1093/aje/kwag024,sauer-s,"Sauer, Sara",4,0,0,Harvard University,United States,university,1,2026,tb
doi:10.1093/aje/kwag024,ahmed-s,"Ahmed, Saman",5,0,0,,Pakistan,,1,2026,tb
doi:10.1093/aje/kwag024,bastard-m,"Bastard, Mathieu",6,0,0,,France,,1,2026,tb
doi:10.1093/aje/kwag024,guglielmetti-l,"Guglielmetti, Lorenzo",7,0,0,,Italy,,1,2026,tb
doi:10.1093/aje/kwag024,hewison-c,"Hewison, Catherine",8,0,0,,France,,1,2026,tb
doi:10.1093/aje/kwag024,huerga-h,"Huerga, Helena",9,0,0,,France,,1,2026,tb
doi:10.1093/aje/kwag024,isani-a,"Isani, Afshan K",10,0,0,US Centers for Disease Control and Prevention,Pakistan,government,1,2026,tb
doi:10.1093/aje/kwag024,khan-p,"Khan, Palwasha",11,0,0,London School of Hygiene & Tropical Medicine,Singapore,university,2,2026,tb
doi:10.1093/aje/kwag024,khan-u,"Khan, Uzma",12,0,0,,Canada,,1,2026,tb
doi:10.1093/aje/kwag024,lomtadze-n,"Lomtadze, Nino",13,0,0,,,,1,2026,tb
doi:10.1093/aje/kwag024,mamsa-s,"Mamsa, Shahid",14,0,0,,Pakistan,,1,2026,tb
doi:10.1093/aje/kwag024,melikyan-n,"Melikyan, Nara",15,0,0,,France,,1,2026,tb
doi:10.1093/aje/kwag024,mitnick-c,"Mitnick, Carole D",16,0,0,Harvard University,United States,university,3,2026,tb
doi:10.1093/aje/kwag024,rich-m,"Rich, Michael L",17,0,0,Harvard University,United States,university,3,2026,tb
doi:10.1093/aje/kwag024,seung-k,"Seung, Kwonjun",18,0,0,Harvard University,United States,university,3,2026,tb
doi:10.1093/aje/kwag024,siddiqui-m,"Siddiqui, Muhammad Rafi",19,0,0,,Pakistan,,1,2026,tb
doi:10.1093/aje/kwag024,skrahina-a,"Skrahina, Alena",20,0,0,,,,1,2026,tb
doi:10.1093/aje/kwag024,stambekova-a,"Stambekova, Assel",21,0,0,,,,1,2026,tb
doi:10.1093/aje/kwag024,tefera-g,"Tefera, Girum B",22,0,0,,,,1,2026,tb
doi:10.1093/aje/kwag024,franke-m,"Franke, Molly F",23,0,1,Harvard University,United States,university,2,2026,tb
doi:10.1371/journal.pntd.0014222,yu-h,"Yu, Hui-Ying",1,1,0,,Taiwan,,1,2026,vector_borne
doi:10.1371/journal.pntd.0014222,chen-b,"Chen, Bo-Yu",2,0,0,,Taiwan,,1,2026,vector_borne
doi:10.1371/journal.pntd.0014222,chen-y,"Chen, Ying-Tsong",3,0,0,,Taiwan,,2,2026,vector_borne
doi:10.1371/journal.pntd.0014222,huang-w,"Huang, Wei-Kang",4,0,0,,Taiwan,,1,2026,vector_borne
doi:10.1371/journal.pntd.0014222,yang-c,"Yang, Cheng-Hao",5,0,0,,Taiwan,,1,2026,vector_borne
doi:10.1371/journal.pntd.0014222,wu-y,"Wu, Yung-Chieh",6,0,0,,Taiwan,,1,2026,vector_borne
doi:10.1371/journal.pntd.0014222,wan-m,"Wan, Mei-Hsiu",7,0,0,,Taiwan,,1,2026,vector_borne
doi:10.1371/journal.pntd.0014222,yeh-w,"Yeh, Wen-Sheng",8,0,0,,Taiwan,,1,2026,vector_borne
doi:10.1371/journal.pntd.0014222,goh-f,"Goh, Feng-Guang",9,0,0,National University of Singapore,Singapore,university,2,2026,vector_borne
doi:10.1371/journal.pntd.0014222,hou-x,"Hou, Xinjun",10,0,0,National University of Singapore,Singapore,university,1,2026,vector_borne
doi:10.1371/journal.pntd.0014222,toh-p,"Toh, Pui-Kuan",11,0,0,National University of Singapore,Singapore,university,1,2026,vector_borne
doi:10.1371/journal.pntd.0014222,ng-s,"Ng, Sui-Hann",12,0,0,National University of Singapore,Singapore,university,1,2026,vector_borne
doi:10.1371/journal.pntd.0014222,cai-y,"Cai, Yu",13,0,0,National University of Singapore,Singapore,university,2,2026,vector_borne
doi:10.1371/journal.pntd.0014222,li-j,"Li, Jian-Chiuan",14,0,0,,Taiwan,,1,2026,vector_borne
doi:10.1371/journal.pntd.0014222,chen-c,"Chen, Chun-Hong",15,0,0,,Taiwan,,3,2026,vector_borne
doi:10.1371/journal.pntd.0014222,liu-w,"Liu, Wei-Liang",16,0,1,,Taiwan,,1,2026,vector_borne
doi:10.3892/br.2026.2154,pichitphorn-a,"Pichitphorn, Apisith",1,1,0,,Thailand,,1,2026,other_id
doi:10.3892/br.2026.2154,faksri-k,"Faksri, Kiatichai",2,0,0,,Thailand,,2,2026,other_id
doi:10.3892/br.2026.2154,kaewseekhao-b,"Kaewseekhao, Benjawan",3,0,0,,Thailand,,1,2026,other_id
doi:10.3892/br.2026.2154,potisap-c,"Potisap, Chotima",4,0,0,,Thailand,,1,2026,other_id
doi:10.3892/br.2026.2154,duongthai-t,"Duong Thai, Tran",5,0,0,,Thailand,,1,2026,other_id
doi:10.3892/br.2026.2154,eisiri-j,"Eisiri, Jukgarin",6,0,0,,Thailand,,1,2026,other_id
doi:10.3892/br.2026.2154,juntagran-c,"Juntagran, Chadatan",7,0,0,,Thailand,,1,2026,other_id
doi:10.3892/br.2026.2154,namwat-w,"Namwat, Wises",8,0,0,,Thailand,,2,2026,other_id
doi:10.3892/br.2026.2154,khwansirikul-p,"Khwansirikul, Priyakorn",9,0,0,,Thailand,,1,2026,other_id
doi:10.3892/br.2026.2154,salao-k,"Salao, Kanin",10,0,0,National University of Singapore,Singapore,university,1,2026,other_id
doi:10.3892/br.2026.2154,chaisri-s,"Chaisri, Suwit",11,0,0,,Thailand,,2,2026,other_id
doi:10.3892/br.2026.2154,phoksawat-w,"Phoksawat, Wisitsak",12,0,1,,Thailand,,2,2026,other_id
doi:10.1016/j.ajcnut.2026.101488,halliwell-b,"Halliwell, Barry",1,1,0,National University of Singapore,Singapore,university,2,2026,tb
doi:10.3390/v18050485,burner-d,"Burner, Danielle N",1,1,0,,United States,,1,2026,other_id
doi:10.3390/v18050485,lopez-g,"López, Giselle Y",2,0,0,,United States,,1,2026,other_id
doi:10.3390/v18050485,low-j,"Low, Justin T",3,0,0,,United States,,1,2026,other_id
doi:10.3390/v18050485,luftig-m,"Luftig, Micah A",4,0,1,Duke-NUS Medical School,Singapore,university,2,2026,other_id
doi:10.1093/jpids/piag047,seow-c,"Seow, Christopher Wen-Xing",1,1,0,Duke-NUS Medical School,Singapore,hospital,4,2026,amr_hai
doi:10.1093/jpids/piag047,kam-k,"Kam, Kai-Qian",2,0,0,Duke-NUS Medical School,Singapore,hospital,4,2026,amr_hai
doi:10.1093/jpids/piag047,seah-x,"Seah, Xue Fen Valerie",3,0,0,KK Women's and Children's Hospital,Singapore,hospital,1,2026,amr_hai
doi:10.1093/jpids/piag047,sng-l,"Sng, Li-Hwei",4,0,0,Duke-NUS Medical School,Singapore,hospital,2,2026,amr_hai
doi:10.1093/jpids/piag047,maiwald-m,"Maiwald, Matthias",5,0,0,Duke-NUS Medical School,Singapore,hospital,3,2026,amr_hai
doi:10.1093/jpids/piag047,nadua-k,"Nadua, Karen Donceras",6,0,0,Duke-NUS Medical School,Singapore,hospital,4,2026,amr_hai
doi:10.1093/jpids/piag047,yung-c,"Yung, Chee Fu",7,0,0,Duke-NUS Medical School,Singapore,hospital,3,2026,amr_hai
doi:10.1093/jpids/piag047,thoon-k,"Thoon, Koh Cheng",8,0,0,Duke-NUS Medical School,Singapore,hospital,4,2026,amr_hai
doi:10.1093/jpids/piag047,li-j,"Li, Jiahui",9,0,0,Duke-NUS Medical School,Singapore,hospital,4,2026,amr_hai
doi:10.1093/jpids/piag047,tan-n,"Tan, Natalie Woon Hui",10,0,0,Duke-NUS Medical School,Singapore,hospital,4,2026,amr_hai
doi:10.1093/jpids/piag047,chong-c,"Chong, Chia Yin",11,0,1,Duke-NUS Medical School,Singapore,hospital,4,2026,amr_hai
doi:10.1002/advs.75061,jiang-l,"Jiang, Li",1,1,0,,China,,3,2026,amr_hai
doi:10.1002/advs.75061,wei-y,"Wei, Yifeng",2,0,0,,Singapore,,1,2026,amr_hai
doi:10.1002/advs.75061,liu-x,"Liu, Xumei",3,0,0,,China,,1,2026,amr_hai
doi:10.1002/advs.75061,liu-d,"Liu, Dazhi",4,0,0,,China,,1,2026,amr_hai
doi:10.1002/advs.75061,liu-z,"Liu, Zhenyu",5,0,0,,China,,1,2026,amr_hai
doi:10.1002/advs.75061,tong-y,"Tong, Yang",6,0,0,,China,,1,2026,amr_hai
doi:10.1002/advs.75061,yin-j,"Yin, Jinyu",7,0,0,,China,,1,2026,amr_hai
doi:10.1002/advs.75061,urs-a,"Urs, Ankanahalli N Nanjaraj",8,0,0,,China,,1,2026,amr_hai
doi:10.1002/advs.75061,xing-m,"Xing, Meining",9,0,0,,China,,1,2026,amr_hai
doi:10.1002/advs.75061,harrison-m,"Harrison, Mark A",10,0,0,London School of Hygiene & Tropical Medicine,United Kingdom,university,1,2026,amr_hai
doi:10.1002/advs.75061,zhang-c,"Zhang, Chuyuan",11,0,0,,China,,1,2026,amr_hai
doi:10.1002/advs.75061,yang-s,"Yang, Sheng",12,0,0,,China,,1,2026,amr_hai
doi:10.1002/advs.75061,luo-y,"Luo, Yunzi",13,0,0,,China,,1,2026,amr_hai
doi:10.1002/advs.75061,ang-e,"Ang, Ee Lui",14,0,0,,Singapore,,1,2026,amr_hai
doi:10.1002/advs.75061,zhao-h,"Zhao, Huimin",15,0,0,,United States,,1,2026,amr_hai
doi:10.1002/advs.75061,zhang-y,"Zhang, Yan",16,0,1,,China,,5,2026,amr_hai
doi:10.1016/j.xcrm.2026.102714,lu-l,"Lu, Li",1,1,0,,China,,2,2026,amr_hai
doi:10.1016/j.xcrm.2026.102714,xiong-y,"Xiong, Yuan",2,0,0,,China,,1,2026,amr_hai
doi:10.1016/j.xcrm.2026.102714,liao-j,"Liao, Jiewen",3,0,0,,China,,1,2026,amr_hai
doi:10.1016/j.xcrm.2026.102714,zhou-j,"Zhou, Juan",4,0,0,,China,,1,2026,amr_hai
doi:10.1016/j.xcrm.2026.102714,wang-g,"Wang, Guangji",5,0,0,,China,,1,2026,amr_hai
doi:10.1016/j.xcrm.2026.102714,qin-y,"Qin, Yating",6,0,0,,China,,1,2026,amr_hai
doi:10.1016/j.xcrm.2026.102714,zhang-s,"Zhang, Shengming",7,0,0,,China,,1,2026,amr_hai
doi:10.1016/j.xcrm.2026.102714,zhao-y,"Zhao, Yanzhi",8,0,0,,China,,1,2026,amr_hai
doi:10.1016/j.xcrm.2026.102714,zhong-x,"Zhong, Xiaodan",9,0,0,,China,,1,2026,amr_hai
doi:10.1016/j.xcrm.2026.102714,wang-m,"Wang, Mengwen",10,0,0,,China,,1,2026,amr_hai
doi:10.1016/j.xcrm.2026.102714,zha-k,"Zha, Kangkang",11,0,0,,China,,1,2026,amr_hai
doi:10.1016/j.xcrm.2026.102714,alsmadi-f,"Al-Smadi, Fawwaz",12,0,0,,China,,1,2026,amr_hai
doi:10.1016/j.xcrm.2026.102714,liu-g,"Liu, Guohui",13,0,0,,China,,1,2026,amr_hai
doi:10.1016/j.xcrm.2026.102714,zhao-y,"Zhao, Yanli",14,0,0,Nanyang Technological University,Singapore,university,1,2026,amr_hai
doi:10.1016/j.xcrm.2026.102714,mi-b,"Mi, Bobin",15,0,1,Nanyang Technological University,China,university,2,2026,amr_hai
doi:10.3389/fpubh.2026.1857629,li-y,"Li, Yixuan",1,1,0,,China,,2,2026,sti
doi:10.3389/fpubh.2026.1857629,gao-y,"Gao, Yanxiao",2,0,0,,China,,1,2026,sti
doi:10.3389/fpubh.2026.1857629,reynolds-n,"Reynolds, Nancy",3,0,0,Johns Hopkins University,United States,university,1,2026,sti
doi:10.3389/fpubh.2026.1857629,lu-q,"Lu, Qiaoyue",4,0,0,,China,,1,2026,sti
doi:10.3389/fpubh.2026.1857629,qin-z,"Qin, Ziqi",5,0,0,,China,,1,2026,sti
doi:10.3389/fpubh.2026.1857629,duan-y,"Duan, Yuqiong",6,0,0,,China,,1,2026,sti
doi:10.3389/fpubh.2026.1857629,wang-p,"Wang, Pingwu",7,0,0,,China,,1,2026,sti
doi:10.3389/fpubh.2026.1857629,liu-t,"Liu, Tao",8,0,0,,China,,1,2026,sti
doi:10.3389/fpubh.2026.1857629,cheng-l,"Cheng, Ling Jie",9,0,0,National University of Singapore,Singapore,university,2,2026,sti
doi:10.3389/fpubh.2026.1857629,wang-w,"Wang, Wenru",10,0,0,National University of Singapore,Singapore,university,1,2026,sti
doi:10.3389/fpubh.2026.1857629,wang-h,"Wang, Honghong",11,0,0,,China,,2,2026,sti
doi:10.3389/fpubh.2026.1857629,xiao-x,"Xiao, Xueling",12,0,1,,China,,2,2026,sti
doi:10.1097/md.0000000000047358,yang-c,"Yang, Chia-Jui",1,1,0,,Taiwan,,2,2026,sti
doi:10.1097/md.0000000000047358,kim-y,"Kim, Yeon-Sook",2,0,0,,Republic of Korea,,1,2026,sti
doi:10.1097/md.0000000000047358,choi-j,"Choi, Jun Yong",3,0,0,,Republic of Korea,,1,2026,sti
doi:10.1097/md.0000000000047358,choy-c,"Choy, Chiaw Yee",4,0,0,National Centre for Infectious Diseases,Singapore,hospital,2,2026,sti
doi:10.1097/md.0000000000047358,lu-p,"Lu, Po-Liang",5,0,0,,Taiwan,,2,2026,sti
doi:10.1097/md.0000000000047358,tsai-h,"Tsai, Hung-Chin",6,0,0,,Taiwan,,2,2026,sti
doi:10.1097/md.0000000000047358,ryu-j,"Ryu, Julie",7,0,0,,,,1,2026,sti
doi:10.1097/md.0000000000047358,harrison-r,"Harrison, Rebecca",8,0,0,,United Kingdom,,1,2026,sti
doi:10.1097/md.0000000000047358,chang-j,"Chang, Jack",9,0,0,,Taiwan,,1,2026,sti
doi:10.1097/md.0000000000047358,mo-b,"Mo, Billy",10,0,0,,Hong Kong SAR,,1,2026,sti
doi:10.1097/md.0000000000047358,lee-s,"Lee, Sun Hee",11,0,0,National University Hospital,Republic of Korea,hospital,1,2026,sti
doi:10.1097/md.0000000000047358,hung-c,"Hung, Chien-Ching",12,0,1,,Taiwan,,3,2026,sti
doi:10.1016/j.cmi.2026.01.032,soo-j,"Soo, Joel Z Y",1,1,0,National University of Singapore,Singapore,hospital,2,2026,amr_hai
doi:10.1016/j.cmi.2026.01.032,lim-t,"Lim, Tze-Peng",2,0,0,SingHealth,Singapore,hospital,3,2026,amr_hai
doi:10.1016/j.cmi.2026.01.032,ho-j,"Ho, Jayden J Y",3,0,0,Singapore General Hospital,Singapore,hospital,1,2026,amr_hai
doi:10.1016/j.cmi.2026.01.032,tong-s,"Tong, Steven Y C",4,0,0,University of Melbourne,Australia,university,2,2026,amr_hai
doi:10.1016/j.cmi.2026.01.032,lye-d,"Lye, David C",5,0,0,Nanyang Technological University,Singapore,hospital,4,2026,amr_hai
doi:10.1016/j.cmi.2026.01.032,davis-j,"Davis, Joshua S",6,0,0,,Australia,,2,2026,amr_hai
doi:10.1016/j.cmi.2026.01.032,kwa-a,"Kwa, Andrea L H",7,0,0,National University of Singapore,Singapore,hospital,3,2026,amr_hai
doi:10.1016/j.cmi.2026.01.032,,,8,0,1,,,,0,2026,amr_hai
doi:10.1016/j.lanhl.2026.100870,zhao-w,"Zhao, Wenshuo",1,1,0,,China,,2,2026,rti
doi:10.1016/j.lanhl.2026.100870,lian-r,"Lian, Rongna",2,0,0,,China,,1,2026,rti
doi:10.1016/j.lanhl.2026.100870,zhao-y,"Zhao, Yunli",3,0,0,,China,,2,2026,rti
doi:10.1016/j.lanhl.2026.100870,li-z,"Li, Zhenran",4,0,0,,China,,2,2026,rti
doi:10.1016/j.lanhl.2026.100870,liu-m,"Liu, Ming",5,0,0,Nanyang Technological University,Singapore,university,1,2026,rti
doi:10.1016/j.lanhl.2026.100870,yang-f,"Yang, Fengwen",6,0,0,,China,,2,2026,rti
doi:10.1016/j.lanhl.2026.100870,zhang-j,"Zhang, Junhua",7,0,0,,China,,2,2026,rti
doi:10.1016/j.lanhl.2026.100870,tian-j,"Tian, Jinhui",8,0,0,,China,,2,2026,rti
doi:10.1016/j.lanhl.2026.100870,xue-f,"Xue, Fuzhong",9,0,0,,China,,3,2026,rti
doi:10.1016/j.lanhl.2026.100870,gao-y,"Gao, Ya",10,0,1,,China,,2,2026,rti
doi:10.1370/afm.250683,ng-x,"Ng, Xin Rong",1,1,0,Nanyang Technological University,Singapore,university,2,2026,sti
doi:10.1370/afm.250683,quek-i,"Quek, Imm Pin",2,0,0,,Singapore,,1,2026,sti
doi:10.1370/afm.250683,pereira-m,"Pereira, Michelle Jessica",3,0,0,,Singapore,,1,2026,sti
doi:10.1370/afm.250683,molina-j,"Molina, Joseph Antonio",4,0,0,Nanyang Technological University,Singapore,university,2,2026,sti
doi:10.1370/afm.250683,tan-k,"Tan, Khai Ee",5,0,0,,Singapore,,1,2026,sti
doi:10.1370/afm.250683,ngeow-j,"Ngeow, Joanne",6,0,0,Duke-NUS Medical School,Singapore,university,3,2026,sti
doi:10.1370/afm.250683,wong-s,"Wong, Sabrina Kay Wye",7,0,1,Nanyang Technological University,Singapore,university,3,2026,sti
doi:10.1016/j.nedt.2026.107368,nadarajah-n,"Nadarajah, Nandhini",1,1,0,Tan Tock Seng Hospital,Singapore,hospital,1,2026,rti
doi:10.1016/j.nedt.2026.107368,amanda-l,"Amanda, Lim Xiu Ming",2,0,0,Woodlands Health,Singapore,hospital,1,2026,rti
doi:10.1016/j.nedt.2026.107368,dempsey-k,"Dempsey, Kathy",3,0,0,,Australia,,1,2026,rti
doi:10.1016/j.nedt.2026.107368,ling-j,"Ling, Jolene Oon Ee",4,0,0,National University Hospital,Singapore,hospital,2,2026,rti
doi:10.1016/j.nedt.2026.107368,lim-s,"Lim, Siriwan",5,0,0,National University of Singapore,Singapore,university,1,2026,rti
doi:10.1016/j.nedt.2026.107368,seah-b,"Seah, Betsy",6,0,1,National University of Singapore,Singapore,university,1,2026,rti
doi:10.1007/s40273-026-01609-0,tranduy-a,"Tran-Duy, An",1,1,0,University of Melbourne,Australia,university,2,2026,amr_hai
doi:10.1007/s40273-026-01609-0,asbury-s,"Asbury, Sarah",2,0,0,,Australia,,2,2026,amr_hai
doi:10.1007/s40273-026-01609-0,spelman-t,"Spelman, Tim",3,0,0,University of Melbourne,Australia,university,3,2026,amr_hai
doi:10.1007/s40273-026-01609-0,paterson-d,"Paterson, David L",4,0,0,National University of Singapore,Singapore,university,2,2026,amr_hai
doi:10.1007/s40273-026-01609-0,buising-k,"Buising, Kirsty L",5,0,0,University of Melbourne,Australia,university,2,2026,amr_hai
doi:10.1007/s40273-026-01609-0,mcdougall-c,"McDougall, Catherine",6,0,0,,Australia,,1,2026,amr_hai
doi:10.1007/s40273-026-01609-0,solomon-m,"Solomon, Michael",7,0,0,,Australia,,2,2026,amr_hai
doi:10.1007/s40273-026-01609-0,crawford-r,"Crawford, Ross",8,0,0,,Australia,,2,2026,amr_hai
doi:10.1007/s40273-026-01609-0,adie-s,"Adie, Sam",9,0,0,,Australia,,1,2026,amr_hai
doi:10.1007/s40273-026-01609-0,molnar-r,"Molnar, Robert",10,0,0,,Australia,,1,2026,amr_hai
doi:10.1007/s40273-026-01609-0,mulford-j,"Mulford, Johnthan",11,0,0,,Australia,,1,2026,amr_hai
doi:10.1007/s40273-026-01609-0,harrisbrown-t,"Harris-Brown, Tiffany",12,0,0,,Australia,,1,2026,amr_hai
doi:10.1007/s40273-026-01609-0,roney-j,"Roney, Janine",13,0,0,,Australia,,1,2026,amr_hai
doi:10.1007/s40273-026-01609-0,desteiger-r,"de Steiger, Richard",14,0,0,University of Melbourne,Australia,university,1,2026,amr_hai
doi:10.1007/s40273-026-01609-0,peel-t,"Peel, Trisha N",15,0,0,,Australia,,2,2026,amr_hai
doi:10.1007/s40273-026-01609-0,,,16,0,1,,,,0,2026,amr_hai
doi:10.1371/journal.pcbi.1014313,carson-j,"Carson, Jake",1,1,0,,United Kingdom,,1,2026,sti
doi:10.1371/journal.pcbi.1014313,crellen-t,"Crellen, Thomas",2,0,0,National University of Singapore,Singapore,university,3,2026,sti
doi:10.1371/journal.pcbi.1014313,borlase-a,"Borlase, Anna",3,0,0,University of Oxford,United Kingdom,university,1,2026,sti
doi:10.1371/journal.pcbi.1014313,prada-j,"Prada, Joaquin M",4,0,0,,United Kingdom,,1,2026,sti
doi:10.1371/journal.pcbi.1014313,bailey-r,"Bailey, Robin",5,0,0,London School of Hygiene & Tropical Medicine,United Kingdom,university,1,2026,sti
doi:10.1371/journal.pcbi.1014313,hollingsworth-t,"Hollingsworth, T Déirdre",6,0,0,University of Oxford,United Kingdom,university,2,2026,sti
doi:10.1371/journal.pcbi.1014313,spencer-s,"Spencer, Simon E F",7,0,1,,United Kingdom,,1,2026,sti
doi:10.1038/s41467-026-71566-x,silcocks-m,"Silcocks, Matthew",1,1,0,University of Melbourne,Australia,university,1,2026,tb
doi:10.1038/s41467-026-71566-x,lingford-j,"Lingford, James P",2,0,0,,Australia,,1,2026,tb
doi:10.1038/s41467-026-71566-x,cheung-c,"Cheung, Chen-Yi",3,0,0,,New Zealand,,1,2026,tb
doi:10.1038/s41467-026-71566-x,jowsey-w,"Jowsey, William J",4,0,0,,New Zealand,,1,2026,tb
doi:10.1038/s41467-026-71566-x,mccall-r,"McCall, Rita M",5,0,0,,United States,,1,2026,tb
doi:10.1038/s41467-026-71566-x,rae-c,"Rae, Christopher D",6,0,0,,United States,,1,2026,tb
doi:10.1038/s41467-026-71566-x,harold-l,"Harold, Liam K",7,0,0,,New Zealand,,1,2026,tb
doi:10.1038/s41467-026-71566-x,edwards-d,"Edwards, David",8,0,0,,Australia,,1,2026,tb
doi:10.1038/s41467-026-71566-x,peppertunick-e,"Pepper-Tunick, Evan",9,0,0,,United States,,1,2026,tb
doi:10.1038/s41467-026-71566-x,neville-s,"Neville, Stephanie L",10,0,0,University of Melbourne,Australia,university,1,2026,tb
doi:10.1038/s41467-026-71566-x,maher-m,"Maher, Megan J",11,0,0,University of Melbourne,Australia,university,1,2026,tb
doi:10.1038/s41467-026-71566-x,canaldabaltrons-a,"Canalda-Baltrons, Aleix",12,0,0,University of Melbourne,Australia,university,1,2026,tb
doi:10.1038/s41467-026-71566-x,chang-x,"Chang, Xuling",13,0,0,National University Health System,Australia,hospital,3,2026,tb
doi:10.1038/s41467-026-71566-x,thai-p,"Thai, Phan Vuong Khac",14,0,0,,Viet Nam,,1,2026,tb
doi:10.1038/s41467-026-71566-x,holt-k,"Holt, Kathryn E",15,0,0,London School of Hygiene & Tropical Medicine,Australia,university,2,2026,tb
doi:10.1038/s41467-026-71566-x,baliga-n,"Baliga, Nitin S",16,0,0,,United States,,1,2026,tb
doi:10.1038/s41467-026-71566-x,cook-g,"Cook, Gregory M",17,0,0,,Australia,,2,2026,tb
doi:10.1038/s41467-026-71566-x,hawn-t,"Hawn, Thomas R",18,0,0,,United States,,1,2026,tb
doi:10.1038/s41467-026-71566-x,thuong-n,"Thuong, Nguyen Thuy Thuong",19,0,0,Oxford University Clinical Research Unit,United Kingdom,research_institute,2,2026,tb
doi:10.1038/s41467-026-71566-x,caws-m,"Caws, Maxine",20,0,0,,Nepal,,2,2026,tb
doi:10.1038/s41467-026-71566-x,greening-c,"Greening, Chris",21,0,0,,Australia,,1,2026,tb
doi:10.1038/s41467-026-71566-x,mcdevitt-c,"McDevitt, Christopher A",22,0,0,University of Melbourne,Australia,university,1,2026,tb
doi:10.1038/s41467-026-71566-x,cox-j,"Cox, Jeffery S",23,0,0,,United States,,1,2026,tb
doi:10.1038/s41467-026-71566-x,mcneil-m,"McNeil, Matthew B",24,0,0,,New Zealand,,2,2026,tb
doi:10.1038/s41467-026-71566-x,dunstan-s,"Dunstan, Sarah J",25,0,1,University of Melbourne,Australia,university,1,2026,tb
doi:10.1186/s12879-026-13946-8,jabbour-j,"Jabbour, Jean-Francois",1,1,0,,Lebanon,,1,2026,amr_hai
doi:10.1186/s12879-026-13946-8,kadri-h,"Kadri, Hind",2,0,0,,Lebanon,,1,2026,amr_hai
doi:10.1186/s12879-026-13946-8,jabra-e,"Jabra, Elio",3,0,0,,Lebanon,,1,2026,amr_hai
doi:10.1186/s12879-026-13946-8,hindy-j,"Hindy, Joya-Rita",4,0,0,,Lebanon,,1,2026,amr_hai
doi:10.1186/s12879-026-13946-8,haddad-s,"Haddad, Sara F",5,0,0,,Lebanon,,1,2026,amr_hai
doi:10.1186/s12879-026-13946-8,kanafani-z,"Kanafani, Zeina A",6,0,0,,Lebanon,,1,2026,amr_hai
doi:10.1186/s12879-026-13946-8,zahreddine-n,"Zahreddine, Nada K",7,0,0,,Lebanon,,1,2026,amr_hai
doi:10.1186/s12879-026-13946-8,aboufayad-a,"Abou Fayad, Antoine G",8,0,0,World Health Organization,Lebanon,government,1,2026,amr_hai
doi:10.1186/s12879-026-13946-8,komarow-l,"Komarow, Lauren",9,0,0,,United States,,1,2026,amr_hai
doi:10.1186/s12879-026-13946-8,li-y,"Li, Yixuan",10,0,0,,United States,,1,2026,amr_hai
doi:10.1186/s12879-026-13946-8,jiang-j,"Jiang, Jianping",11,0,0,,United States,,1,2026,amr_hai
doi:10.1186/s12879-026-13946-8,araj-g,"Araj, George F",12,0,0,,Lebanon,,1,2026,amr_hai
doi:10.1186/s12879-026-13946-8,matar-g,"Matar, Ghassan M",13,0,0,World Health Organization,Lebanon,government,1,2026,amr_hai
doi:10.1186/s12879-026-13946-8,doi-y,"Doi, Yohei",14,0,0,,United States,,1,2026,amr_hai
doi:10.1186/s12879-026-13946-8,fowler-v,"Fowler, Vance G",15,0,0,,United States,,2,2026,amr_hai
doi:10.1186/s12879-026-13946-8,paterson-d,"Paterson, David L",16,0,0,National University of Singapore,Singapore,university,1,2026,amr_hai
doi:10.1186/s12879-026-13946-8,satlin-m,"Satlin, Michael J",17,0,0,,United States,,1,2026,amr_hai
doi:10.1186/s12879-026-13946-8,vanduin-d,"van Duin, David",18,0,0,,United States,,1,2026,amr_hai
doi:10.1186/s12879-026-13946-8,kanj-s,"Kanj, Souha S",19,0,1,,Lebanon,,1,2026,amr_hai
doi:10.64898/2026.07.03.736289,tan-y,"Tan, Yaw Bia",1,1,0,Nanyang Technological University,Singapore,university,2,2026,vector_borne
doi:10.64898/2026.07.03.736289,luo-y,"Luo, Yongbo",2,0,0,Nanyang Technological University,Singapore,university,2,2026,vector_borne
doi:10.64898/2026.07.03.736289,liu-p,"Liu, Ping",3,0,0,Nanyang Technological University,Singapore,university,2,2026,vector_borne
doi:10.64898/2026.07.03.736289,mertis-a,"Mertis, Andres",4,0,0,,Estonia,,1,2026,vector_borne
doi:10.64898/2026.07.03.736289,luo-d,"Luo, Dahai",5,0,1,Nanyang Technological University,Singapore,hospital,3,2026,vector_borne
doi:10.1016/j.pt.2026.06.011,vythilingam-i,"Vythilingam, Indra",1,1,0,University of Malaya,Malaysia,university,1,2026,vector_borne
doi:10.1016/j.pt.2026.06.011,jeyaprakasam-n,"Jeyaprakasam, Nantha K",2,0,0,,Malaysia,,1,2026,vector_borne
doi:10.1016/j.pt.2026.06.011,irish-s,"Irish, Seth R",3,0,0,World Health Organization,Switzerland,government,1,2026,vector_borne
doi:10.1016/j.pt.2026.06.011,fornace-k,"Fornace, Kimberly",4,0,1,National University of Singapore,Singapore,university,2,2026,vector_borne
doi:10.1371/journal.ppat.1013609,chung-d,"Chung, Donghoon",1,1,0,,United States,,1,2026,vector_borne
doi:10.1371/journal.ppat.1013609,otsuka-y,"Otsuka, Yuka",2,0,0,,United States,,1,2026,vector_borne
doi:10.1371/journal.ppat.1013609,kim-e,"Kim, Eunjung",3,0,0,,United States,,1,2026,vector_borne
doi:10.1371/journal.ppat.1013609,ullah-s,"Ullah, Sultan",4,0,0,,United States,,1,2026,vector_borne
doi:10.1371/journal.ppat.1013609,kennedy-n,"Kennedy, Nicole M",5,0,0,,United States,,1,2026,vector_borne
doi:10.1371/journal.ppat.1013609,ngo-k,"Ngo, Khac Huy",6,0,0,Nanyang Technological University,Singapore,university,1,2026,vector_borne
doi:10.1371/journal.ppat.1013609,kang-j,"Kang, Jinjoo",7,0,0,,United States,,1,2026,vector_borne
doi:10.1371/journal.ppat.1013609,tomlinson-r,"Tomlinson, Reece",8,0,0,,United States,,1,2026,vector_borne
doi:10.1371/journal.ppat.1013609,alejandro-b,"Alejandro, Brian",9,0,0,,United States,,1,2026,vector_borne
doi:10.1371/journal.ppat.1013609,barnaby-k,"Barnaby, Koji",10,0,0,,United States,,1,2026,vector_borne
doi:10.1371/journal.ppat.1013609,miller-j,"Miller, Jeffrey",11,0,0,,United States,,1,2026,vector_borne
doi:10.1371/journal.ppat.1013609,shumate-j,"Shumate, Justin",12,0,0,,United States,,1,2026,vector_borne
doi:10.1371/journal.ppat.1013609,teo-c,"Teo, Chwee Fang",13,0,0,Nanyang Technological University,Singapore,university,1,2026,vector_borne
doi:10.1371/journal.ppat.1013609,tan-y,"Tan, Yaw Bia",14,0,0,Nanyang Technological University,Singapore,university,1,2026,vector_borne
doi:10.1371/journal.ppat.1013609,chew-c,"Chew, Che Shin",15,0,0,Nanyang Technological University,Singapore,university,1,2026,vector_borne
doi:10.1371/journal.ppat.1013609,kang-c,"Kang, CongBao",16,0,0,Experimental Drug Development Centre,Singapore,research_institute,1,2026,vector_borne
doi:10.1371/journal.ppat.1013609,luo-d,"Luo, Dahai",17,0,0,Nanyang Technological University,Singapore,hospital,3,2026,vector_borne
doi:10.1371/journal.ppat.1013609,scampavia-l,"Scampavia, Louis",18,0,0,,United States,,1,2026,vector_borne
doi:10.1371/journal.ppat.1013609,spicer-t,"Spicer, Timothy P",19,0,0,,United States,,1,2026,vector_borne
doi:10.1371/journal.ppat.1013609,bannister-t,"Bannister, Thomas D",20,0,1,,United States,,1,2026,vector_borne
doi:10.3389/fimmu.2026.1921846,chekamaruddin-n,"Che-Kamaruddin, Naim",1,1,0,University of Malaya,Malaysia,university,2,2026,rti
doi:10.3389/fimmu.2026.1921846,johari-j,"Johari, Jefree",2,0,0,University of Malaya,Malaysia,university,1,2026,rti
doi:10.3389/fimmu.2026.1921846,yahaya-h,"Yahaya, Hasmawati",3,0,0,University of Malaya,Malaysia,university,1,2026,rti
doi:10.3389/fimmu.2026.1921846,zainal-n,"Zainal, Nurhafiza",4,0,0,University of Malaya,Malaysia,university,1,2026,rti
doi:10.3389/fimmu.2026.1921846,nguyen-h,"Nguyen, Huy C",5,0,0,,Singapore,,1,2026,rti
doi:10.3389/fimmu.2026.1921846,hontz-r,"Hontz, Robert D",6,0,0,,Singapore,,1,2026,rti
doi:10.3389/fimmu.2026.1921846,letizia-a,"Letizia, Andrew G",7,0,0,,Singapore,,1,2026,rti
doi:10.3389/fimmu.2026.1921846,abubakar-s,"AbuBakar, Sazaly",8,0,1,University of Malaya,Malaysia,university,1,2026,rti
doi:10.2196/87328,sun-y,"Sun, Yan",1,1,0,University of Hong Kong,Hong Kong SAR,university,2,2026,rti
doi:10.2196/87328,ou-a,"Ou, Alison Yt",2,0,0,,Hong Kong SAR,,1,2026,rti
doi:10.2196/87328,shi-t,"Shi, Tony Lei",3,0,0,,China,,1,2026,rti
doi:10.2196/87328,gao-y,"Gao, Yang",4,0,0,,Hong Kong SAR,,1,2026,rti
doi:10.2196/87328,hagger-m,"Hagger, Martin S",5,0,0,,Australia,,4,2026,rti
doi:10.2196/87328,xiong-z,"Xiong, Zhennan",6,0,0,,Hong Kong SAR,,1,2026,rti
doi:10.2196/87328,chen-x,"Chen, Xiang-Yan",7,0,0,,Hong Kong SAR,,1,2026,rti
doi:10.2196/87328,fong-s,"Fong, Shirley Sm",8,0,0,University of Hong Kong,Hong Kong SAR,university,1,2026,rti
doi:10.2196/87328,zhong-l,"Zhong, Linda L D",9,0,0,Nanyang Technological University,Singapore,university,1,2026,rti
doi:10.2196/87328,xie-y,"Xie, Yao Jie",10,0,0,,Hong Kong SAR,,1,2026,rti
doi:10.2196/87328,baker-j,"Baker, Julien S",11,0,1,,China,,1,2026,rti
doi:10.1016/j.ebiom.2026.106447,thuy-n,"Thuy, Ngo Ngoc Phuong",1,1,0,Oxford University Clinical Research Unit,Viet Nam,research_institute,1,2026,other_id
doi:10.1016/j.ebiom.2026.106447,phat-v,"Phat, Voong Vinh",2,0,0,Oxford University Clinical Research Unit,Viet Nam,research_institute,1,2026,other_id
doi:10.1016/j.ebiom.2026.106447,dongol-s,"Dongol, Sabina",3,0,0,Oxford University Clinical Research Unit,Nepal,research_institute,1,2026,other_id
doi:10.1016/j.ebiom.2026.106447,trang-n,"Trang, Nguyen Hoang Thu",4,0,0,Oxford University Clinical Research Unit,Viet Nam,research_institute,1,2026,other_id
doi:10.1016/j.ebiom.2026.106447,bista-s,"Bista, Sumit",5,0,0,Oxford University Clinical Research Unit,Nepal,research_institute,1,2026,other_id
doi:10.1016/j.ebiom.2026.106447,nguyen-q,"Nguyen, Quynh",6,0,0,Oxford University Clinical Research Unit,Viet Nam,research_institute,1,2026,other_id
doi:10.1016/j.ebiom.2026.106447,vinh-c,"Vinh, Chau",7,0,0,Oxford University Clinical Research Unit,Viet Nam,research_institute,1,2026,other_id
doi:10.1016/j.ebiom.2026.106447,thwaites-g,"Thwaites, Guy E",8,0,0,Oxford University Clinical Research Unit,United Kingdom,research_institute,2,2026,other_id
doi:10.1016/j.ebiom.2026.106447,basnyat-b,"Basnyat, Buddha",9,0,0,Oxford University Clinical Research Unit,Nepal,research_institute,1,2026,other_id
doi:10.1016/j.ebiom.2026.106447,parry-c,"Parry, Christopher M",10,0,0,University of Oxford,United Kingdom,university,2,2026,other_id
doi:10.1016/j.ebiom.2026.106447,baker-s,"Baker, Stephen",11,0,0,A*STAR Infectious Diseases Labs,Singapore,research_institute,1,2026,other_id
doi:10.1016/j.ebiom.2026.106447,rabaa-m,"Rabaa, Maia A",12,0,0,Oxford University Clinical Research Unit,United Kingdom,research_institute,2,2026,other_id
doi:10.1016/j.ebiom.2026.106447,hinton-j,"Hinton, Jay C D",13,0,0,,United Kingdom,,1,2026,other_id
doi:10.1016/j.ebiom.2026.106447,karkey-a,"Karkey, Abhilasha",14,0,0,Oxford University Clinical Research Unit,Nepal,research_institute,1,2026,other_id
doi:10.1016/j.ebiom.2026.106447,duy-p,"Duy, Pham Thanh",15,0,1,Oxford University Clinical Research Unit,United Kingdom,research_institute,2,2026,other_id
doi:10.1371/journal.pone.0351023,vanhnollat-c,"Vanhnollat, Chittaphone",1,1,0,,Lao PDR,,1,2026,vector_borne
doi:10.1371/journal.pone.0351023,chonephetsarath-s,"Chonephetsarath, Somsanith",2,0,0,,Lao PDR,,1,2026,vector_borne
doi:10.1371/journal.pone.0351023,somlor-s,"Somlor, Somphavanh",3,0,0,,Lao PDR,,1,2026,vector_borne
doi:10.1371/journal.pone.0351023,vungkyly-v,"Vungkyly, Veaky",4,0,0,,Lao PDR,,1,2026,vector_borne
doi:10.1371/journal.pone.0351023,soulaphy-t,"Soulaphy, Tiger",5,0,0,,Lao PDR,,1,2026,vector_borne
doi:10.1371/journal.pone.0351023,vongsanga-s,"Vongsanga, Sopha",6,0,0,,Lao PDR,,1,2026,vector_borne
doi:10.1371/journal.pone.0351023,etobayeva-i,"Etobayeva, Irina V",7,0,0,,Singapore,,1,2026,vector_borne
doi:10.1371/journal.pone.0351023,bigot-t,"Bigot, Thomas",8,0,0,,France,,1,2026,vector_borne
doi:10.1371/journal.pone.0351023,wong-g,"Wong, Gary",9,0,0,,Lao PDR,,1,2026,vector_borne
doi:10.1371/journal.pone.0351023,letizia-a,"Letizia, Andrew G",10,0,0,,Singapore,,1,2026,vector_borne
doi:10.1371/journal.pone.0351023,brey-p,"Brey, Paul T",11,0,0,,Lao PDR,,1,2026,vector_borne
doi:10.1371/journal.pone.0351023,buchy-p,"Buchy, Philippe",12,0,0,,Lao PDR,,1,2026,vector_borne
doi:10.1371/journal.pone.0351023,vongphayloth-k,"Vongphayloth, Khamsing",13,0,1,,Lao PDR,,1,2026,vector_borne
doi:10.1016/j.ejmech.2026.119130,kiousis-d,"Kiousis, Dimitrios",1,1,0,,Greece,,1,2026,vector_borne
doi:10.1016/j.ejmech.2026.119130,kalyva-g,"Kalyva, Georgia",2,0,0,,Greece,,1,2026,vector_borne
doi:10.1016/j.ejmech.2026.119130,giannioti-d,"Giannioti, Despoina",3,0,0,,Greece,,1,2026,vector_borne
doi:10.1016/j.ejmech.2026.119130,katsigianni-k,"Katsigianni, Konstantina",4,0,0,,Greece,,1,2026,vector_borne
doi:10.1016/j.ejmech.2026.119130,zogali-v,"Zogali, Vasiliki",5,0,0,,Greece,,1,2026,vector_borne
doi:10.1016/j.ejmech.2026.119130,mahid-m,"Mahid, Maharah Binte Abdul",6,0,0,Duke-NUS Medical School,Singapore,university,1,2026,vector_borne
doi:10.1016/j.ejmech.2026.119130,chan-k,"Chan, Kitti Wing Ki",7,0,0,Duke-NUS Medical School,Singapore,university,1,2026,vector_borne
doi:10.1016/j.ejmech.2026.119130,matsoukas-m,"Matsoukas, Minos-Timotheos",8,0,0,,Greece,,1,2026,vector_borne
doi:10.1016/j.ejmech.2026.119130,vasudevan-s,"Vasudevan, Subhash G",9,0,0,Duke-NUS Medical School,Australia,university,3,2026,vector_borne
doi:10.1016/j.ejmech.2026.119130,rassias-g,"Rassias, Gerasimos",10,0,1,,Greece,,1,2026,vector_borne
doi:10.1002/biof.70105,silva-n,"Silva, Nelly M",1,1,0,,Portugal,,2,2026,vector_borne
doi:10.1002/biof.70105,martins-a,"Martins, Ana S",2,0,0,,Portugal,,2,2026,vector_borne
doi:10.1002/biof.70105,karguth-n,"Karguth, Nina E",3,0,0,,Portugal,,2,2026,vector_borne
doi:10.1002/biof.70105,sarmento-m,"Sarmento, Maria J",4,0,0,,Portugal,,2,2026,vector_borne
doi:10.1002/biof.70105,enguita-f,"Enguita, Francisco J",5,0,0,,Portugal,,1,2026,vector_borne
doi:10.1002/biof.70105,huber-r,"Huber, Roland G",6,0,0,Bioinformatics Institute,Singapore,research_institute,1,2026,vector_borne
doi:10.1002/biof.70105,martins-i,"Martins, Ivo C",7,0,0,,Portugal,,2,2026,vector_borne
doi:10.1002/biof.70105,santos-n,"Santos, Nuno C",8,0,1,,Portugal,,2,2026,vector_borne
doi:10.1056/nejmoa2503304,lim-j,"Lim, Jue Tao",1,1,0,Nanyang Technological University,Singapore,university,1,2026,vector_borne
doi:10.1056/nejmoa2503304,chong-c,"Chong, Chee-Seng",2,0,0,Environmental Health Institute,Singapore,government,1,2026,vector_borne
doi:10.1056/nejmoa2503304,chang-c,"Chang, Chia-Chen",3,0,0,Environmental Health Institute,Singapore,government,2,2026,vector_borne
doi:10.1056/nejmoa2503304,mailepessov-d,"Mailepessov, Diyar",4,0,0,Environmental Health Institute,Singapore,government,1,2026,vector_borne
doi:10.1056/nejmoa2503304,dickens-b,"Dickens, Borame",5,0,0,National University of Singapore,Singapore,university,1,2026,vector_borne
doi:10.1056/nejmoa2503304,lai-y,"Lai, Yee Ling",6,0,0,Environmental Health Institute,Singapore,government,1,2026,vector_borne
doi:10.1056/nejmoa2503304,deng-l,"Deng, Lu",7,0,0,Environmental Health Institute,Singapore,government,1,2026,vector_borne
doi:10.1056/nejmoa2503304,lee-c,"Lee, Caleb",8,0,0,Environmental Health Institute,Singapore,government,1,2026,vector_borne
doi:10.1056/nejmoa2503304,tan-l,"Tan, Li Yun",9,0,0,Environmental Health Institute,Singapore,government,1,2026,vector_borne
doi:10.1056/nejmoa2503304,chain-g,"Chain, Grace",10,0,0,Environmental Health Institute,Singapore,government,1,2026,vector_borne
doi:10.1056/nejmoa2503304,zulkifli-m,"Zulkifli, Muhammad Faizal",11,0,0,Environmental Health Institute,Singapore,government,1,2026,vector_borne
doi:10.1056/nejmoa2503304,liew-j,"Liew, Jonathan Wee Kent",12,0,0,Environmental Health Institute,Singapore,government,1,2026,vector_borne
doi:10.1056/nejmoa2503304,vasquez-k,"Vasquez, Kathryn",13,0,0,Environmental Health Institute,Singapore,government,1,2026,vector_borne
doi:10.1056/nejmoa2503304,chau-m,"Chau, Man Ling",14,0,0,Environmental Health Institute,Singapore,government,1,2026,vector_borne
doi:10.1056/nejmoa2503304,ng-y,"Ng, Youming",15,0,0,Environmental Health Institute,Singapore,government,1,2026,vector_borne
doi:10.1056/nejmoa2503304,lee-v,"Lee, Vernon",16,0,0,National University of Singapore,Singapore,university,2,2026,vector_borne
doi:10.1056/nejmoa2503304,wong-j,"Wong, Judith Chui Ching",17,0,0,Environmental Health Institute,Singapore,government,1,2026,vector_borne
doi:10.1056/nejmoa2503304,sim-s,"Sim, Shuzhen",18,0,0,Environmental Health Institute,Singapore,government,1,2026,vector_borne
doi:10.1056/nejmoa2503304,tan-c,"Tan, Cheong Huat",19,0,0,Environmental Health Institute,Singapore,government,1,2026,vector_borne
doi:10.1056/nejmoa2503304,ng-l,"Ng, Lee Ching",20,0,0,Environmental Health Institute,Singapore,government,3,2026,vector_borne
doi:10.1056/nejmoa2503304,,,21,0,1,,,,0,2026,vector_borne
doi:10.1111/jcmm.71353,paulin-o,"Paulin, Olivia K A",1,1,0,A*STAR Infectious Diseases Labs,Singapore,research_institute,2,2026,other_id
doi:10.1111/jcmm.71353,xu-x,"Xu, Xiaoli",2,0,0,A*STAR Infectious Diseases Labs,Singapore,research_institute,1,2026,other_id
doi:10.1111/jcmm.71353,chong-s,"Chong, Shu Chen",3,0,0,A*STAR Infectious Diseases Labs,Singapore,research_institute,1,2026,other_id
doi:10.1111/jcmm.71353,chow-e,"Chow, Eve W L",4,0,0,A*STAR Infectious Diseases Labs,Singapore,research_institute,1,2026,other_id
doi:10.1111/jcmm.71353,pang-l,"Pang, Li Mei",5,0,0,A*STAR Infectious Diseases Labs,Singapore,research_institute,1,2026,other_id
doi:10.1111/jcmm.71353,hernday-a,"Hernday, Aaron D",6,0,0,,United States,,1,2026,other_id
doi:10.1111/jcmm.71353,richardson-j,"Richardson, Jonathan P",7,0,0,,United Kingdom,,1,2026,other_id
doi:10.1111/jcmm.71353,wang-y,"Wang, Yue",8,0,0,A*STAR Infectious Diseases Labs,Singapore,research_institute,2,2026,other_id
doi:10.1111/jcmm.71353,naglik-j,"Naglik, Julian R",9,0,1,,United Kingdom,,1,2026,other_id
doi:10.1007/s10985-026-09690-5,wu-t,"Wu, Tong",1,1,0,National University of Singapore,Singapore,university,1,2026,sti
doi:10.1007/s10985-026-09690-5,hu-j,"Hu, Jiawen",2,0,0,,China,,1,2026,sti
doi:10.1007/s10985-026-09690-5,ye-z,"Ye, Zhi-Sheng",3,0,0,National University of Singapore,Singapore,university,1,2026,sti
doi:10.1007/s10985-026-09690-5,chen-n,"Chen, Nan",4,0,1,National University of Singapore,Singapore,university,1,2026,sti
doi:10.7759/cureus.114118,tee-w,"Tee, Wei Jie",1,1,0,Changi General Hospital,Singapore,hospital,1,2026,tb
doi:10.7759/cureus.114118,tunkuahmadyahaya-t,"Tunku Ahmad Yahaya, Tunku Sara",2,0,1,,,,1,2026,tb
doi:10.1371/journal.pone.0352661,chauhan-a,"Chauhan, Arohi",1,1,0,,India,,2,2026,tb
doi:10.1371/journal.pone.0352661,govani-k,"Govani, Kapil",2,0,0,,India,,1,2026,tb
doi:10.1371/journal.pone.0352661,kshatri-j,"Kshatri, Jaya Singh",3,0,0,,India,,1,2026,tb
doi:10.1371/journal.pone.0352661,chauhan-s,"Chauhan, Sandeep",4,0,0,World Health Organization,India,government,1,2026,tb
doi:10.1371/journal.pone.0352661,patel-p,"Patel, Punit",5,0,0,,India,,1,2026,tb
doi:10.1371/journal.pone.0352661,baluku-j,"Baluku, Joseph",6,0,0,,Uganda,,2,2026,tb
doi:10.1371/journal.pone.0352661,sinha-a,"Sinha, Abhinav",7,0,0,,India,,1,2026,tb
doi:10.1371/journal.pone.0352661,vandenakker-m,"Van Den Akker, Marjan",8,0,0,,Germany,,2,2026,tb
doi:10.1371/journal.pone.0352661,jansen-j,"Jansen, Jesse",9,0,0,,Netherlands,,1,2026,tb
doi:10.1371/journal.pone.0352661,valderas-j,"Valderas, Jose",10,0,0,National University of Singapore,Singapore,university,1,2026,tb
doi:10.1371/journal.pone.0352661,pati-s,"Pati, Sanghamitra",11,0,1,,India,,2,2026,tb
doi:10.4103/ijo.ijo_346_26,sanjay-s,"Sanjay, Srinivasan",1,1,0,,Singapore,,1,2026,tb
doi:10.1016/j.lanwpc.2026.101892,choi-h,"Choi, Horace Cheuk Wai",1,1,0,University of Hong Kong,China,university,2,2026,sti
doi:10.1016/j.lanwpc.2026.101892,leung-k,"Leung, Kathy",2,0,0,University of Hong Kong,China,university,5,2026,sti
doi:10.1016/j.lanwpc.2026.101892,jit-m,"Jit, Mark",3,0,0,London School of Hygiene & Tropical Medicine,China,university,6,2026,sti
doi:10.1016/j.lanwpc.2026.101892,wu-j,"Wu, Joseph T",4,0,1,University of Hong Kong,China,university,4,2026,sti
doi:10.2196/82143,shankar-r,"Shankar, Ravi",1,1,0,Tan Tock Seng Hospital,Singapore,hospital,1,2026,rti
doi:10.2196/82143,wang-l,"Wang, Linda",2,0,0,Alexandra Hospital,Singapore,hospital,1,2026,rti
doi:10.2196/82143,ho-s,"Ho, Soon Hoe",3,0,0,Alexandra Hospital,Singapore,hospital,1,2026,rti
doi:10.2196/82143,liew-m,"Liew, Mei Fong",4,0,0,National University Health System,Singapore,hospital,3,2026,rti
doi:10.2196/82143,kumargollamudi-s,"Kumar Gollamudi, Satya Pavan",5,0,0,Alexandra Hospital,Singapore,hospital,2,2026,rti
doi:10.2196/82143,wong-t,"Wong, Tze Chin",6,0,0,Alexandra Hospital,Singapore,hospital,1,2026,rti
doi:10.2196/82143,wong-s,"Wong, Serene",7,0,1,National University Health System,Singapore,hospital,3,2026,rti
doi:10.1017/ice.2026.10530,lin-x,"Lin, Xiqing",1,1,0,Institute of Mental Health,Singapore,hospital,1,2026,amr_hai
doi:10.1017/ice.2026.10530,shi-z,"Shi, Zhanpo",2,0,0,Institute of Mental Health,Singapore,hospital,1,2026,amr_hai
doi:10.1017/ice.2026.10530,marimuthu-k,"Marimuthu, Kalisvar",3,0,0,National Centre for Infectious Diseases,Singapore,hospital,1,2026,amr_hai
doi:10.1017/ice.2026.10530,lin-r,"Lin, Raymond Tzer Pin",4,0,0,National University of Singapore,Singapore,university,1,2026,amr_hai
doi:10.1017/ice.2026.10530,ang-m,"Ang, Michelle",5,0,0,National Public Health Laboratory,Singapore,government,1,2026,amr_hai
doi:10.1017/ice.2026.10530,lee-j,"Lee, Jonathan Jie",6,0,0,Institute of Mental Health,Singapore,hospital,1,2026,amr_hai
doi:10.1017/ice.2026.10530,liu-y,"Liu, Yehua",7,0,0,Institute of Mental Health,Singapore,hospital,1,2026,amr_hai
doi:10.1017/ice.2026.10530,feng-j,"Feng, Jinxian",8,0,0,Institute of Mental Health,Singapore,hospital,1,2026,amr_hai
doi:10.1017/ice.2026.10530,mok-c,"Mok, Cynthia Qi Yi",9,0,0,Institute of Mental Health,Singapore,hospital,1,2026,amr_hai
doi:10.1017/ice.2026.10530,lee-j,"Lee, Jason Kim Huat",10,0,1,Institute of Mental Health,Singapore,hospital,1,2026,amr_hai
doi:10.1128/spectrum.01906-25,li-j,"Li, Jun",1,1,0,,China,,1,2026,amr_hai
doi:10.1128/spectrum.01906-25,xue-s,"Xue, Siyan",2,0,0,,China,,1,2026,amr_hai
doi:10.1128/spectrum.01906-25,hou-l,"Hou, Lingxuan",3,0,0,National University of Singapore,Singapore,university,1,2026,amr_hai
doi:10.1128/spectrum.01906-25,zhang-z,"Zhang, Zhixuan",4,0,0,,China,,2,2026,amr_hai
doi:10.1128/spectrum.01906-25,yuan-k,"Yuan, Kaixuan",5,0,0,,China,,1,2026,amr_hai
doi:10.1128/spectrum.01906-25,chen-x,"Chen, Xiaozhong",6,0,0,,China,,1,2026,amr_hai
doi:10.1128/spectrum.01906-25,kong-c,"Kong, Chui",7,0,0,,China,,1,2026,amr_hai
doi:10.1128/spectrum.01906-25,wang-l,"Wang, Liyang",8,0,0,,China,,1,2026,amr_hai
doi:10.1128/spectrum.01906-25,gu-b,"Gu, Bing",9,0,0,,China,,2,2026,amr_hai
doi:10.1128/spectrum.01906-25,liu-x,"Liu, Xiaoxiao",10,0,1,,China,,2,2026,amr_hai
doi:10.1177/09564624261424560,whiley-d,"Whiley, David",1,1,0,,Australia,,1,2026,sti
doi:10.1177/09564624261424560,zaini-a,"Zaini, Adilahtul Bushro Binti",2,0,0,,Malaysia,,1,2026,sti
doi:10.1177/09564624261424560,azzato-f,"Azzato, Francesca",3,0,0,Peter Doherty Institute for Infection and Immunity,Australia,research_institute,1,2026,sti
doi:10.1177/09564624261424560,lee-g,"Lee, Gilho",4,0,0,,Republic of Korea,,1,2026,sti
doi:10.1177/09564624261424560,tsai-h,"Tsai, Hung-Chin",5,0,0,,Taiwan,,2,2026,sti
doi:10.1177/09564624261424560,putcharoen-o,"Putcharoen, Opass",6,0,0,,Thailand,,1,2026,sti
doi:10.1177/09564624261424560,ku-s,"Ku, Stephane Wen-Wei",7,0,0,,Taiwan,,1,2026,sti
doi:10.1177/09564624261424560,wee-b,"Wee, Benson Yeo Koon",8,0,0,National Skin Centre,Singapore,hospital,1,2026,sti
doi:10.1177/09564624261424560,ibrahim-n,"Ibrahim, Norliza",9,0,0,,Malaysia,,1,2026,sti
doi:10.1177/09564624261424560,hamasuna-r,"Hamasuna, Ryoichi",10,0,0,,Japan,,1,2026,sti
doi:10.1177/09564624261424560,trang-t,"Trang, Tran Thi Nhat Thien",11,0,0,,Viet Nam,,1,2026,sti
doi:10.1177/09564624261424560,sood-s,"Sood, Seema",12,0,0,,India,,1,2026,sti
doi:10.1177/09564624261424560,bradshaw-c,"Bradshaw, Catriona S",13,0,1,,Australia,,2,2026,sti
doi:10.1002/advs.76769,wang-j,"Wang, Junlan",1,1,0,National University of Singapore,Singapore,university,1,2026,vector_borne
doi:10.1002/advs.76769,wu-t,"Wu, Ting",2,0,0,,China,,1,2026,vector_borne
doi:10.1002/advs.76769,wang-f,"Wang, Feizuo",3,0,0,National University of Singapore,Singapore,university,1,2026,vector_borne
doi:10.1002/advs.76769,wang-b,"Wang, Boyang",4,0,0,,China,,1,2026,vector_borne
doi:10.1002/advs.76769,wong-x,"Wong, Xin Yu",5,0,0,National University of Singapore,Singapore,university,1,2026,vector_borne
doi:10.1002/advs.76769,zhang-s,"Zhang, Senfeng",6,0,0,National University of Singapore,Singapore,university,1,2026,vector_borne
doi:10.1002/advs.76769,ma-s,"Ma, Shengsheng",7,0,0,National University of Singapore,Singapore,university,1,2026,vector_borne
doi:10.1002/advs.76769,liu-y,"Liu, Yao",8,0,0,National University of Singapore,China,university,2,2026,vector_borne
doi:10.1002/advs.76769,yao-f,"Yao, Fangyao",9,0,0,National University of Singapore,Singapore,university,1,2026,vector_borne
doi:10.1002/advs.76769,zeng-z,"Zeng, Zhifeng",10,0,0,National University of Singapore,Singapore,university,1,2026,vector_borne
doi:10.1002/advs.76769,yang-s,"Yang, Siyuan",11,0,0,National University of Singapore,Singapore,university,1,2026,vector_borne
doi:10.1002/advs.76769,liu-k,"Liu, Kunming",12,0,0,National University of Singapore,Singapore,university,1,2026,vector_borne
doi:10.1002/advs.76769,wang-q,"Wang, Qi",13,0,0,National University of Singapore,Singapore,university,1,2026,vector_borne
doi:10.1002/advs.76769,wang-y,"Wang, Yilong",14,0,0,,China,,1,2026,vector_borne
doi:10.1002/advs.76769,zang-y,"Zang, Yunxiang",15,0,0,,China,,1,2026,vector_borne
doi:10.1002/advs.76769,wang-x,"Wang, Xiaolong",16,0,0,,China,,1,2026,vector_borne
doi:10.1002/advs.76769,huang-x,"Huang, Xingxu",17,0,0,,China,,1,2026,vector_borne
doi:10.1002/advs.76769,li-s,"Li, Shao",18,0,0,,China,,1,2026,vector_borne
doi:10.1002/advs.76769,ji-q,"Ji, Quanquan",19,0,0,National University of Singapore,Singapore,university,1,2026,vector_borne
doi:10.1002/advs.76769,hu-t,"Hu, Tao",20,0,0,National University of Singapore,China,university,2,2026,vector_borne
doi:10.1002/advs.76769,hu-c,"Hu, Chunyi",21,0,1,National University of Singapore,Singapore,university,3,2026,vector_borne
doi:10.1093/cid/ciag361,romo-m,"Romo, Matthew",1,1,0,Harvard University,United States,university,1,2026,tb
doi:10.1093/cid/ciag361,lahood-a,"LaHood, Allison",2,0,0,Harvard University,United States,university,1,2026,tb
doi:10.1093/cid/ciag361,mitnick-c,"Mitnick, Carole D",3,0,0,Harvard University,United States,university,3,2026,tb
doi:10.1093/cid/ciag361,rich-m,"Rich, Michael L",4,0,0,,United States,,2,2026,tb
doi:10.1093/cid/ciag361,trevisi-l,"Trevisi, Letizia",5,0,0,Harvard University,United States,university,1,2026,tb
doi:10.1093/cid/ciag361,skrahina-a,"Skrahina, Alena",6,0,0,,,,1,2026,tb
doi:10.1093/cid/ciag361,oyewusi-l,"Oyewusi, Lawrence",7,0,0,,,,2,2026,tb
doi:10.1093/cid/ciag361,bastard-m,"Bastard, Mathieu",8,0,0,,France,,1,2026,tb
doi:10.1093/cid/ciag361,khan-p,"Khan, Palwasha Y",9,0,0,London School of Hygiene & Tropical Medicine,Singapore,university,2,2026,tb
doi:10.1093/cid/ciag361,huerga-h,"Huerga, Helena",10,0,0,,France,,1,2026,tb
doi:10.1093/cid/ciag361,khan-u,"Khan, Uzma",11,0,0,,Canada,,2,2026,tb
doi:10.1093/cid/ciag361,herreraflores-e,"Herrera Flores, Edwin",12,0,0,,Peru,,1,2026,tb
doi:10.1093/cid/ciag361,atshemyan-h,"Atshemyan, Hakob",13,0,0,,,,1,2026,tb
doi:10.1093/cid/ciag361,hewison-c,"Hewison, Catherine",14,0,0,,France,,1,2026,tb
doi:10.1093/cid/ciag361,rashitov-m,"Rashitov, Mahmud",15,0,0,,,,1,2026,tb
doi:10.1093/cid/ciag361,samieva-n,"Samieva, Nazgul",16,0,0,,,,1,2026,tb
doi:10.1093/cid/ciag361,gomezrestrepo-c,"Gómez-Restrepo, Camilo",17,0,0,,Myanmar,,1,2026,tb
doi:10.1093/cid/ciag361,krisnanda-a,"Krisnanda, Aga",18,0,0,,Indonesia,,1,2026,tb
doi:10.1093/cid/ciag361,kotrikadze-t,"Kotrikadze, Tinatin",19,0,0,,,,1,2026,tb
doi:10.1093/cid/ciag361,siraj-f,"Siraj, Faisal",20,0,0,,Pakistan,,1,2026,tb
doi:10.1093/cid/ciag361,khan-a,"Khan, Abdul Wali",21,0,0,,Pakistan,,1,2026,tb
doi:10.1093/cid/ciag361,ndjeka-n,"Ndjeka, Norbert",22,0,0,,South Africa,,1,2026,tb
doi:10.1093/cid/ciag361,adenov-m,"Adenov, Malik",23,0,0,,,,1,2026,tb
doi:10.1093/cid/ciag361,seung-k,"Seung, Kwonjune J",24,0,0,,United States,,2,2026,tb
doi:10.1093/cid/ciag361,kumsa-a,"Kumsa, Andargachew",25,0,0,,Ethiopia,,1,2026,tb
doi:10.1093/cid/ciag361,franke-m,"Franke, Molly F",26,0,1,Harvard University,United States,university,1,2026,tb
doi:10.1016/j.vaccine.2026.129079,monoi-a,"Monoi, Ayaka",1,1,0,London School of Hygiene & Tropical Medicine,Germany,university,4,2026,rti
doi:10.1016/j.vaccine.2026.129079,endo-a,"Endo, Akira",2,0,0,National University of Singapore,Japan,university,2,2026,rti
doi:10.1016/j.vaccine.2026.129079,kriznar-m,"Kriznar, Matej",3,0,0,,Germany,,1,2026,rti
doi:10.1016/j.vaccine.2026.129079,suzuki-m,"Suzuki, Motoi",4,0,0,,Japan,,2,2026,rti
doi:10.1016/j.vaccine.2026.129079,flasche-s,"Flasche, Stefan",5,0,1,London School of Hygiene & Tropical Medicine,Germany,university,3,2026,rti
doi:10.1186/s12985-026-03231-0,marti-a,"Marti, Andrea",1,1,0,,Switzerland,,3,2026,vector_borne
doi:10.1186/s12985-026-03231-0,nater-a,"Nater, Alexander",2,0,0,,Switzerland,,1,2026,vector_borne
doi:10.1186/s12985-026-03231-0,magalhaes-j,"Magalhaes, Jenny Pego",3,0,0,,Switzerland,,1,2026,vector_borne
doi:10.1186/s12985-026-03231-0,donze-n,"Donzé, Noelle",4,0,0,,Switzerland,,1,2026,vector_borne
doi:10.1186/s12985-026-03231-0,gerber-m,"Gerber, Markus",5,0,0,,Switzerland,,1,2026,vector_borne
doi:10.1186/s12985-026-03231-0,almeida-l,"Almeida, Lea",6,0,0,,Switzerland,,1,2026,vector_borne
doi:10.1186/s12985-026-03231-0,liniger-m,"Liniger, Matthias",7,0,0,,Switzerland,,2,2026,vector_borne
doi:10.1186/s12985-026-03231-0,chenaux-s,"Chenaux, Sandra",8,0,0,,Switzerland,,1,2026,vector_borne
doi:10.1186/s12985-026-03231-0,ruggli-n,"Ruggli, Nicolas",9,0,0,,Switzerland,,2,2026,vector_borne
doi:10.1186/s12985-026-03231-0,alnaji-f,"Alnaji, Fadi G",10,0,0,A*STAR Infectious Diseases Labs,Singapore,research_institute,1,2026,vector_borne
doi:10.1186/s12985-026-03231-0,vignuzzi-m,"Vignuzzi, Marco",11,0,0,A*STAR Infectious Diseases Labs,Singapore,research_institute,2,2026,vector_borne
doi:10.1186/s12985-026-03231-0,garcianicolas-o,"Garcia-Nicolas, Obdulio",12,0,0,,Switzerland,,2,2026,vector_borne
doi:10.1186/s12985-026-03231-0,summerfield-a,"Summerfield, Artur",13,0,1,,Switzerland,,2,2026,vector_borne
doi:10.3390/cells15131146,lew-r,"Lew, Ryan Z Z",1,1,0,National University of Singapore,Singapore,university,3,2026,rti
doi:10.3390/cells15131146,tay-d,"Tay, Douglas J W",2,0,0,National University of Singapore,Singapore,university,3,2026,rti
doi:10.3390/cells15131146,ong-j,"Ong, Jocelyn W X",3,0,0,Singapore Immunology Network,Singapore,research_institute,1,2026,rti
doi:10.3390/cells15131146,low-j,"Low, Jing Hui",4,0,0,Singapore Immunology Network,Singapore,research_institute,1,2026,rti
doi:10.3390/cells15131146,liu-j,"Liu, Jing",5,0,0,National University of Singapore,Singapore,university,1,2026,rti
doi:10.3390/cells15131146,wang-d,"Wang, De Yun",6,0,0,National University of Singapore,Singapore,university,2,2026,rti
doi:10.3390/cells15131146,chu-j,"Chu, Justin J H",7,0,0,National University of Singapore,Singapore,university,3,2026,rti
doi:10.3390/cells15131146,andiappan-a,"Andiappan, Anand Kumar",8,0,0,Singapore Immunology Network,Singapore,research_institute,1,2026,rti
doi:10.3390/cells15131146,tan-k,"Tan, Kai Sen",9,0,0,National University of Singapore,Singapore,university,3,2026,rti
doi:10.3390/cells15131146,chow-v,"Chow, Vincent T K",10,0,1,National University of Singapore,Singapore,university,2,2026,rti
doi:10.1016/j.jare.2026.09.007,liu-j,"Liu, Jiayong",1,1,0,Nanyang Technological University,China,university,2,2026,amr_hai
doi:10.1016/j.jare.2026.09.007,lin-j,"Lin, Jia-Hui",2,0,0,,China,,1,2026,amr_hai
doi:10.1016/j.jare.2026.09.007,wang-w,"Wang, Wenyi",3,0,0,,China,,1,2026,amr_hai
doi:10.1016/j.jare.2026.09.007,li-h,"Li, Hongxia",4,0,0,Nanyang Technological University,China,university,2,2026,amr_hai
doi:10.1016/j.jare.2026.09.007,zhengyu-j,"Zhengyu, Jiahui",5,0,0,,China,,1,2026,amr_hai
doi:10.1016/j.jare.2026.09.007,zhang-y,"Zhang, Yuyan",6,0,0,,China,,1,2026,amr_hai
doi:10.1016/j.jare.2026.09.007,chen-m,"Chen, Mu",7,0,0,,China,,1,2026,amr_hai
doi:10.1016/j.jare.2026.09.007,zhong-r,"Zhong, Rongcui",8,0,0,,China,,1,2026,amr_hai
doi:10.1016/j.jare.2026.09.007,chong-x,"Chong, Xing",9,0,0,,China,,1,2026,amr_hai
doi:10.1016/j.jare.2026.09.007,dang-y,"Dang, Yuanye",10,0,0,,China,,1,2026,amr_hai
doi:10.1016/j.jare.2026.09.007,chang-h,"Chang, Huili",11,0,0,,China,,1,2026,amr_hai
doi:10.1016/j.jare.2026.09.007,liu-s,"Liu, Shouping",12,0,0,,China,,1,2026,amr_hai
doi:10.1016/j.jare.2026.09.007,lin-s,"Lin, Shuimu",13,0,1,,China,,2,2026,amr_hai
doi:10.5492/wjccm.v15.i1.110763,teo-e,"Teo, Elizabeth",1,1,0,National University of Singapore,Singapore,university,1,2026,tb
doi:10.5492/wjccm.v15.i1.110763,kung-k,"Kung, Karon",2,0,0,National University of Singapore,Singapore,university,1,2026,tb
doi:10.5492/wjccm.v15.i1.110763,chen-s,"Chen, Sarah",3,0,0,National University of Singapore,Singapore,university,1,2026,tb
doi:10.5492/wjccm.v15.i1.110763,see-k,"See, Kay C",4,0,1,National University Hospital,Singapore,hospital,1,2026,tb
doi:10.1038/s41598-026-59102-9,koh-m,"Koh, Matthew Chung Yi",1,1,0,National University Health System,Singapore,hospital,1,2026,other_id
doi:10.1038/s41598-026-59102-9,ngiam-j,"Ngiam, Jinghao Nicholas",2,0,0,National University Health System,Singapore,hospital,1,2026,other_id
doi:10.1038/s41598-026-59102-9,teo-j,"Teo, Jeanette",3,0,0,National University Hospital,Singapore,hospital,1,2026,other_id
doi:10.1038/s41598-026-59102-9,chew-k,"Chew, Ka Lip",4,0,1,National University Hospital,Singapore,hospital,1,2026,other_id
doi:10.1093/ehjqcco/qcaf145,philip-m,"Philip, Mary",1,1,0,,France,,1,2026,amr_hai
doi:10.1093/ehjqcco/qcaf145,dumonceau-r,"Dumonceau, Robinson Gravier",2,0,0,,France,,1,2026,amr_hai
doi:10.1093/ehjqcco/qcaf145,citro-r,"Citro, Rodolfo",3,0,0,,Italy,,1,2026,amr_hai
doi:10.1093/ehjqcco/qcaf145,cosyns-b,"Cosyns, Bernard",4,0,0,,Belgium,,1,2026,amr_hai
doi:10.1093/ehjqcco/qcaf145,donal-e,"Donal, Erwan",5,0,0,,France,,1,2026,amr_hai
doi:10.1093/ehjqcco/qcaf145,erba-p,"Erba, Paola Anna",6,0,0,,Italy,,1,2026,amr_hai
doi:10.1093/ehjqcco/qcaf145,gouriet-f,"Gouriet, Frédérique",7,0,0,,France,,1,2026,amr_hai
doi:10.1093/ehjqcco/qcaf145,iung-b,"Iung, Bernard",8,0,0,,France,,1,2026,amr_hai
doi:10.1093/ehjqcco/qcaf145,kong-w,"Kong, William K F",9,0,0,,Singapore,,1,2026,amr_hai
doi:10.1093/ehjqcco/qcaf145,lancellotti-p,"Lancellotti, Patrizio",10,0,0,,Belgium,,1,2026,amr_hai
doi:10.1093/ehjqcco/qcaf145,maggioni-a,"Maggioni, Aldo",11,0,0,,Italy,,1,2026,amr_hai
doi:10.1093/ehjqcco/qcaf145,mancini-j,"Mancini, Julien",12,0,0,,France,,1,2026,amr_hai
doi:10.1093/ehjqcco/qcaf145,popescu-b,"Popescu, Bogdan A",13,0,0,,Romania,,1,2026,amr_hai
doi:10.1093/ehjqcco/qcaf145,prendergast-b,"Prendergast, Bernard",14,0,0,,United Kingdom,,1,2026,amr_hai
doi:10.1093/ehjqcco/qcaf145,sambola-a,"Sambola, Antonia",15,0,0,,Spain,,1,2026,amr_hai
doi:10.1093/ehjqcco/qcaf145,sengupta-s,"Sengupta, Shantanu P",16,0,0,,India,,1,2026,amr_hai
doi:10.1093/ehjqcco/qcaf145,timoteo-a,"Timoteo, Ana",17,0,0,,Portugal,,1,2026,amr_hai
doi:10.1093/ehjqcco/qcaf145,tribouilloy-c,"Tribouilloy, Christophe",18,0,0,,France,,1,2026,amr_hai
doi:10.1093/ehjqcco/qcaf145,vanmelle-j,"van Melle, Joost P",19,0,0,,Netherlands,,1,2026,amr_hai
doi:10.1093/ehjqcco/qcaf145,giorgi-r,"Giorgi, Roch",20,0,0,,France,,1,2026,amr_hai
doi:10.1093/ehjqcco/qcaf145,habib-g,"Habib, Gilbert",21,0,0,,France,,1,2026,amr_hai
doi:10.1093/ehjqcco/qcaf145,,,22,0,1,,,,0,2026,amr_hai
doi:10.1371/journal.pone.0349232,ravindrarajah-r,"Ravindrarajah, Rathi",1,1,0,,United Kingdom,,1,2026,rti
doi:10.1371/journal.pone.0349232,gittins-m,"Gittins, Matthew",2,0,0,,United Kingdom,,1,2026,rti
doi:10.1371/journal.pone.0349232,paterson-l,"Paterson, Luke",3,0,0,,United Kingdom,,1,2026,rti
doi:10.1371/journal.pone.0349232,rogers-g,"Rogers, Gabriel",4,0,0,,United Kingdom,,1,2026,rti
doi:10.1371/journal.pone.0349232,tilson-g,"Tilson, George",5,0,0,,United Kingdom,,1,2026,rti
doi:10.1371/journal.pone.0349232,wake-d,"Wake, Deborah J",6,0,0,,United Kingdom,,2,2026,rti
doi:10.1371/journal.pone.0349232,brodie-d,"Brodie, Doogie",7,0,0,,United Kingdom,,1,2026,rti
doi:10.1371/journal.pone.0349232,cunningham-s,"Cunningham, Scott G",8,0,0,,United Kingdom,,2,2026,rti
doi:10.1371/journal.pone.0349232,kanumilli-n,"Kanumilli, Naresh",9,0,0,,United Kingdom,,2,2026,rti
doi:10.1371/journal.pone.0349232,jones-e,"Jones, Ewan",10,0,0,,United Kingdom,,1,2026,rti
doi:10.1371/journal.pone.0349232,elton-p,"Elton, Peter",11,0,0,,United Kingdom,,1,2026,rti
doi:10.1371/journal.pone.0349232,milne-n,"Milne, Nicola",12,0,0,,United Kingdom,,1,2026,rti
doi:10.1371/journal.pone.0349232,morgancurran-m,"Morgan-Curran, Michael",13,0,0,,United Kingdom,,2,2026,rti
doi:10.1371/journal.pone.0349232,kontopantelis-e,"Kontopantelis, Evangelos",14,0,0,National University of Singapore,Singapore,university,2,2026,rti
doi:10.1371/journal.pone.0349232,allen-t,"Allen, Thomas",15,0,0,,Denmark,,2,2026,rti
doi:10.1371/journal.pone.0349232,rutter-m,"Rutter, Martin K",16,0,1,,United Kingdom,,2,2026,rti
doi:10.3390/antibiotics15080715,yucel-e,"Yucel, Emre",1,1,0,,United States,,1,2026,amr_hai
doi:10.3390/antibiotics15080715,soriano-a,"Soriano, Alex",2,0,0,,Spain,,1,2026,amr_hai
doi:10.3390/antibiotics15080715,thalhammer-f,"Thalhammer, Florian",3,0,0,,Austria,,1,2026,amr_hai
doi:10.3390/antibiotics15080715,kluge-s,"Kluge, Stefan",4,0,0,,Germany,,1,2026,amr_hai
doi:10.3390/antibiotics15080715,allen-m,"Allen, Mike",5,0,0,,United Kingdom,,1,2026,amr_hai
doi:10.3390/antibiotics15080715,levy-j,"Levy, Jessica",6,0,0,,United States,,1,2026,amr_hai
doi:10.3390/antibiotics15080715,yang-h,"Yang, Huina",7,0,0,Tan Tock Seng Hospital,Singapore,hospital,1,2026,amr_hai
doi:10.3390/antibiotics15080715,kaul-s,"Kaul, Sunny",8,0,1,,United Kingdom,,1,2026,amr_hai
doi:10.3390/ani16152314,stott-c,"Stott, Christopher James",1,1,0,,Thailand,,2,2026,rti
doi:10.3390/ani16152314,mahawan-t,"Mahawan, Tanakamol",2,0,0,,Thailand,,2,2026,rti
doi:10.3390/ani16152314,pineyro-p,"Piñeyro, Pablo",3,0,0,,United States,,1,2026,rti
doi:10.3390/ani16152314,lin-h,"Lin, Hongyao",4,0,0,,Singapore,,1,2026,rti
doi:10.3390/ani16152314,tantituvanont-a,"Tantituvanont, Angkana",5,0,0,,Thailand,,1,2026,rti
doi:10.3390/ani16152314,nilubol-d,"Nilubol, Dachrit",6,0,1,,Thailand,,1,2026,rti
doi:10.7759/cureus.113372,liew-j,"Liew, Jason",1,1,0,Changi General Hospital,Singapore,hospital,1,2026,tb
doi:10.1039/d6sc00255b,zhou-l,"Zhou, Lirun",1,1,0,,China,,3,2026,amr_hai
doi:10.1039/d6sc00255b,zhang-y,"Zhang, Ying",2,0,0,,China,,2,2026,amr_hai
doi:10.1039/d6sc00255b,li-y,"Li, Yajian",3,0,0,,China,,1,2026,amr_hai
doi:10.1039/d6sc00255b,yang-t,"Yang, Tong",4,0,0,,China,,1,2026,amr_hai
doi:10.1039/d6sc00255b,chu-z,"Chu, Zheng",5,0,0,,China,,1,2026,amr_hai
doi:10.1039/d6sc00255b,zhang-q,"Zhang, Qianyu",6,0,0,,China,,1,2026,amr_hai
doi:10.1039/d6sc00255b,tang-h,"Tang, Hechen",7,0,0,,China,,1,2026,amr_hai
doi:10.1039/d6sc00255b,ma-a,"Ma, Ang",8,0,0,,China,,1,2026,amr_hai
doi:10.1039/d6sc00255b,gao-p,"Gao, Peng",9,0,0,,China,,1,2026,amr_hai
doi:10.1039/d6sc00255b,wang-c,"Wang, Chen",10,0,0,,China,,1,2026,amr_hai
doi:10.1039/d6sc00255b,wong-y,"Wong, Yin Kwan",11,0,0,National University of Singapore,Singapore,university,1,2026,amr_hai
doi:10.1039/d6sc00255b,liu-c,"Liu, Cui",12,0,0,,China,,1,2026,amr_hai
doi:10.1039/d6sc00255b,shen-s,"Shen, Shengnan",13,0,0,,China,,1,2026,amr_hai
doi:10.1039/d6sc00255b,zhang-j,"Zhang, Junzhe",14,0,0,,China,,1,2026,amr_hai
doi:10.1039/d6sc00255b,shi-q,"Shi, Qiaoli",15,0,0,,China,,1,2026,amr_hai
doi:10.1039/d6sc00255b,tang-h,"Tang, Huan",16,0,0,,China,,2,2026,amr_hai
doi:10.1039/d6sc00255b,wang-j,"Wang, Jigang",17,0,1,,China,,3,2026,amr_hai
doi:10.2196/67870,holt-h,"Holt, Hannah",1,1,0,London School of Hygiene & Tropical Medicine,United Kingdom,university,1,2026,rti
doi:10.2196/67870,hidano-a,"Hidano, Arata",2,0,0,London School of Hygiene & Tropical Medicine,United Kingdom,university,1,2026,rti
doi:10.2196/67870,leung-w,"Leung, William T M",3,0,0,London School of Hygiene & Tropical Medicine,United Kingdom,university,1,2026,rti
doi:10.2196/67870,chhour-m,"Chhour, Monivan",4,0,0,,Cambodia,,1,2026,rti
doi:10.2196/67870,yib-s,"Yib, Sokmony",5,0,0,,Cambodia,,1,2026,rti
doi:10.2196/67870,chou-m,"Chou, Monidarin",6,0,0,,Cambodia,,1,2026,rti
doi:10.2196/67870,saphonn-v,"Saphonn, Vonthanak",7,0,0,,Cambodia,,1,2026,rti
doi:10.2196/67870,phoeung-c,"Phoeung, Chan Leakhena",8,0,0,,Cambodia,,1,2026,rti
doi:10.2196/67870,chhay-t,"Chhay, Ty",9,0,0,,Cambodia,,1,2026,rti
doi:10.2196/67870,tum-s,"Tum, Sothyra",10,0,0,,Cambodia,,1,2026,rti
doi:10.2196/67870,vor-s,"Vor, Sina",11,0,0,,Cambodia,,1,2026,rti
doi:10.2196/67870,huy-s,"Huy, Sokchea",12,0,0,,Cambodia,,1,2026,rti
doi:10.2196/67870,sorn-s,"Sorn, San",13,0,0,,Cambodia,,1,2026,rti
doi:10.2196/67870,wong-f,"Wong, Foong Ying",14,0,0,Duke-NUS Medical School,Singapore,university,1,2026,rti
doi:10.2196/67870,zeller-m,"Zeller, Michael",15,0,0,Duke-NUS Medical School,Singapore,university,1,2026,rti
doi:10.2196/67870,smith-g,"Smith, Gavin J D",16,0,0,Duke-NUS Medical School,Singapore,university,1,2026,rti
doi:10.2196/67870,su-y,"Su, Yvonne C F",17,0,0,Duke-NUS Medical School,Singapore,university,1,2026,rti
doi:10.2196/67870,rudge-j,"Rudge, James W",18,0,1,London School of Hygiene & Tropical Medicine,United Kingdom,university,1,2026,rti
doi:10.1093/cid/ciaf467,law-s,"Law, Stephanie",1,1,0,,Canada,,1,2026,tb
doi:10.1093/cid/ciaf467,fulcher-i,"Fulcher, Isabel",2,0,0,,United States,,1,2026,tb
doi:10.1093/cid/ciaf467,ashraf-s,"Ashraf, Samreen",3,0,0,,Pakistan,,1,2026,tb
doi:10.1093/cid/ciaf467,bastard-m,"Bastard, Mathieu",4,0,0,World Health Organization,Switzerland,government,1,2026,tb
doi:10.1093/cid/ciaf467,docteur-w,"Docteur, Wisny",5,0,0,,Haiti,,1,2026,tb
doi:10.1093/cid/ciaf467,franke-m,"Franke, Molly F",6,0,0,Harvard University,United States,university,2,2026,tb
doi:10.1093/cid/ciaf467,guerra-d,"Guerra, Dalia",7,0,0,,Peru,,1,2026,tb
doi:10.1093/cid/ciaf467,hewison-c,"Hewison, Catherine",8,0,0,,France,,1,2026,tb
doi:10.1093/cid/ciaf467,huerga-h,"Huerga, Helena",9,0,0,,France,,1,2026,tb
doi:10.1093/cid/ciaf467,khan-m,"Khan, Munira",10,0,0,,South Africa,,1,2026,tb
doi:10.1093/cid/ciaf467,khan-p,"Khan, Palwasha",11,0,0,London School of Hygiene & Tropical Medicine,Singapore,university,2,2026,tb
doi:10.1093/cid/ciaf467,khan-u,"Khan, Uzma",12,0,0,,Canada,,2,2026,tb
doi:10.1093/cid/ciaf467,kliescikova-j,"Kliescikova, Jarmila",13,0,0,,,,1,2026,tb
doi:10.1093/cid/ciaf467,kumsa-a,"Kumsa, Andargachew",14,0,0,,Ethiopia,,1,2026,tb
doi:10.1093/cid/ciaf467,lomtadze-n,"Lomtadze, Nino",15,0,0,,,,3,2026,tb
doi:10.1093/cid/ciaf467,putri-f,"Putri, Fauziah Asnely",16,0,0,,Indonesia,,1,2026,tb
doi:10.1093/cid/ciaf467,rich-m,"Rich, Michael L",17,0,0,,United States,,2,2026,tb
doi:10.1093/cid/ciaf467,seung-k,"Seung, Kwonjun",18,0,0,,United States,,1,2026,tb
doi:10.1093/cid/ciaf467,skrahina-a,"Skrahina, Alena",19,0,0,World Health Organization,Denmark,government,1,2026,tb
doi:10.1093/cid/ciaf467,tamirat-m,"Tamirat, Meseret",20,0,0,,United States,,2,2026,tb
doi:10.1093/cid/ciaf467,vo-l,"Vo, Luan Nguyen Quang",21,0,0,,Viet Nam,,1,2026,tb
doi:10.1093/cid/ciaf467,mitnick-c,"Mitnick, Carole D",22,0,1,Harvard University,United States,university,2,2026,tb
doi:10.1016/j.vaccine.2026.128917,tricou-v,"Tricou, Vianney",1,1,0,Takeda Pharmaceuticals,Switzerland,industry,1,2026,vector_borne
doi:10.1016/j.vaccine.2026.128917,saezllorens-x,"Saez-Llorens, Xavier",2,0,0,,Panama,,3,2026,vector_borne
doi:10.1016/j.vaccine.2026.128917,kosalaraksa-p,"Kosalaraksa, Pope",3,0,0,,Thailand,,1,2026,vector_borne
doi:10.1016/j.vaccine.2026.128917,reynales-h,"Reynales, Humberto",4,0,0,,Colombia,,1,2026,vector_borne
doi:10.1016/j.vaccine.2026.128917,sirivichayakul-c,"Sirivichayakul, Chukiat",5,0,0,Mahidol University,Thailand,university,1,2026,vector_borne
doi:10.1016/j.vaccine.2026.128917,borjatabora-c,"Borja-Tabora, Charissa",6,0,0,,Philippines,,1,2026,vector_borne
doi:10.1016/j.vaccine.2026.128917,low-j,"Low, Jenny G",7,0,0,Singapore General Hospital,Singapore,hospital,1,2026,vector_borne
doi:10.1016/j.vaccine.2026.128917,messer-w,"Messer, William B",8,0,0,,United States,,2,2026,vector_borne
doi:10.1016/j.vaccine.2026.128917,moss-k,"Moss, Kelley J",9,0,0,Takeda Pharmaceuticals,United States,industry,1,2026,vector_borne
doi:10.1016/j.vaccine.2026.128917,mandaric-s,"Mandaric, Sanja",10,0,0,Takeda Pharmaceuticals,Switzerland,industry,1,2026,vector_borne
doi:10.1016/j.vaccine.2026.128917,roubinis-n,"Roubinis, Nicholas",11,0,0,Takeda Pharmaceuticals,Switzerland,industry,1,2026,vector_borne
doi:10.1016/j.vaccine.2026.128917,sharma-m,"Sharma, Mayuri",12,0,0,Takeda Pharmaceuticals,United States,industry,1,2026,vector_borne
doi:10.1016/j.vaccine.2026.128917,livengood-j,"Livengood, Jill",13,0,0,Takeda Pharmaceuticals,United States,industry,1,2026,vector_borne
doi:10.1016/j.vaccine.2026.128917,pang-h,"Pang, Hang",14,0,0,Takeda Pharmaceuticals,United States,industry,1,2026,vector_borne
doi:10.1016/j.vaccine.2026.128917,rauscher-m,"Rauscher, Martina",15,0,0,Takeda Pharmaceuticals,Switzerland,industry,1,2026,vector_borne
doi:10.1016/j.vaccine.2026.128917,biswal-s,"Biswal, Shibadas",16,0,1,Takeda Pharmaceuticals,United States,industry,1,2026,vector_borne
doi:10.1038/s41467-026-75954-1,ou-t,"Ou, Tey Putita",1,1,0,,Cambodia,,3,2026,rti
doi:10.1038/s41467-026-75954-1,guillebaud-j,"Guillebaud, Julia",2,0,0,,Cambodia,,1,2026,rti
doi:10.1038/s41467-026-75954-1,baidaliuk-a,"Baidaliuk, Artem",3,0,0,,France,,2,2026,rti
doi:10.1038/s41467-026-75954-1,tum-s,"Tum, Sothyra",4,0,0,,Cambodia,,1,2026,rti
doi:10.1038/s41467-026-75954-1,chheang-d,"Chheang, Dany",5,0,0,,Cambodia,,1,2026,rti
doi:10.1038/s41467-026-75954-1,delaune-d,"Delaune, Deborah",6,0,0,,France,,1,2026,rti
doi:10.1038/s41467-026-75954-1,prot-m,"Prot, Matthieu",7,0,0,,France,,1,2026,rti
doi:10.1038/s41467-026-75954-1,bruder-e,"Bruder, Elise",8,0,0,,France,,1,2026,rti
doi:10.1038/s41467-026-75954-1,machado-r,"Machado, Rafael Rahal Guaragna",9,0,0,,France,,1,2026,rti
doi:10.1038/s41467-026-75954-1,pum-l,"Pum, Leakhena",10,0,0,,Cambodia,,1,2026,rti
doi:10.1038/s41467-026-75954-1,hul-v,"Hul, Vibol",11,0,0,,Cambodia,,1,2026,rti
doi:10.1038/s41467-026-75954-1,hoem-t,"Hoem, Thavry",12,0,0,,Cambodia,,1,2026,rti
doi:10.1038/s41467-026-75954-1,ly-s,"Ly, Sovann",13,0,0,,Cambodia,,1,2026,rti
doi:10.1038/s41467-026-75954-1,auerswald-h,"Auerswald, Heidi",14,0,0,,Cambodia,,1,2026,rti
doi:10.1038/s41467-026-75954-1,arnaud-f,"Arnaud, Frederick",15,0,0,,France,,1,2026,rti
doi:10.1038/s41467-026-75954-1,sato-k,"Sato, Kei",16,0,0,Duke-NUS Medical School,Japan,university,2,2026,rti
doi:10.1038/s41467-026-75954-1,smith-g,"Smith, Gavin Jd",17,0,0,Duke-NUS Medical School,Singapore,university,1,2026,rti
doi:10.1038/s41467-026-75954-1,dussart-p,"Dussart, Philippe",18,0,0,,Madagascar,,1,2026,rti
doi:10.1038/s41467-026-75954-1,karlsson-e,"Karlsson, Erik A",19,0,0,,Cambodia,,1,2026,rti
doi:10.1038/s41467-026-75954-1,chevalier-v,"Chevalier, Véronique",20,0,0,,France,,3,2026,rti
doi:10.1038/s41467-026-75954-1,cappelle-j,"Cappelle, Julien",21,0,0,,France,,2,2026,rti
doi:10.1038/s41467-026-75954-1,duong-v,"Duong, Veasna",22,0,0,,Cambodia,,1,2026,rti
doi:10.1038/s41467-026-75954-1,simonloriere-e,"Simon-Loriere, Etienne",23,0,1,,France,,1,2026,rti
doi:10.1016/j.ijid.2026.109080,wagatsuma-k,"Wagatsuma, Keita",1,1,0,,Japan,,1,2026,rti
doi:10.1016/j.ijid.2026.109080,song-z,"Song, Zoe",2,0,0,University of Hong Kong,China,university,1,2026,rti
doi:10.1016/j.ijid.2026.109080,lam-t,"Lam, Tommy T Y",3,0,0,University of Hong Kong,China,university,1,2026,rti
doi:10.1016/j.ijid.2026.109080,kwok-k,"Kwok, Kin On",4,0,0,University of Hong Kong,China,university,1,2026,rti
doi:10.1016/j.ijid.2026.109080,chong-m,"Chong, Marc K C",5,0,0,University of Hong Kong,China,university,1,2026,rti
doi:10.1016/j.ijid.2026.109080,ip-m,"Ip, Margaret",6,0,0,University of Hong Kong,China,university,1,2026,rti
doi:10.1016/j.ijid.2026.109080,vanbeek-j,"van Beek, Janko",7,0,0,,Netherlands,,1,2026,rti
doi:10.1016/j.ijid.2026.109080,dilcher-m,"Dilcher, Meik",8,0,0,,New Zealand,,1,2026,rti
doi:10.1016/j.ijid.2026.109080,jennings-l,"Jennings, Lance C",9,0,0,,New Zealand,,1,2026,rti
doi:10.1016/j.ijid.2026.109080,foley-d,"Foley, David A",10,0,0,,Australia,,1,2026,rti
doi:10.1016/j.ijid.2026.109080,levy-a,"Levy, Avram",11,0,0,,Australia,,1,2026,rti
doi:10.1016/j.ijid.2026.109080,dwyer-d,"Dwyer, Dominic E",12,0,0,,Australia,,2,2026,rti
doi:10.1016/j.ijid.2026.109080,kok-j,"Kok, Jen",13,0,0,,Australia,,1,2026,rti
doi:10.1016/j.ijid.2026.109080,lee-c,"Lee, Chun Kiat",14,0,0,National University Health System,Singapore,hospital,1,2026,rti
doi:10.1016/j.ijid.2026.109080,bialasiewicz-s,"Bialasiewicz, Seweryn",15,0,0,,Australia,,1,2026,rti
doi:10.1016/j.ijid.2026.109080,koopmans-m,"Koopmans, Marion P G",16,0,0,,Netherlands,,1,2026,rti
doi:10.1016/j.ijid.2026.109080,saito-r,"Saito, Reiko",17,0,0,,Japan,,1,2026,rti
doi:10.1016/j.ijid.2026.109080,bird-p,"Bird, Paul W",18,0,0,,United Kingdom,,1,2026,rti
doi:10.1016/j.ijid.2026.109080,tang-j,"Tang, Julian W",19,0,1,,United Kingdom,,1,2026,rti
doi:10.1097/jnr.0000000000000757,kung-p,"Kung, Po-Jen",1,1,0,National University of Singapore,Singapore,university,1,2026,rti
doi:10.1097/jnr.0000000000000757,chen-k,"Chen, Kuei-Min",2,0,0,,Taiwan,,1,2026,rti
doi:10.1097/jnr.0000000000000757,chang-y,"Chang, Ying-Ying",3,0,0,,Taiwan,,1,2026,rti
doi:10.1097/jnr.0000000000000757,chang-l,"Chang, Li-Yin",4,0,0,,Taiwan,,2,2026,rti
doi:10.1097/jnr.0000000000000757,chen-c,"Chen, Ching-Min",5,0,0,,Taiwan,,2,2026,rti
doi:10.1097/jnr.0000000000000757,wang-j,"Wang, Jing-Jy",6,0,1,,Taiwan,,1,2026,rti
doi:10.1177/09564624261440693,tsai-r,"Tsai, Ren Jie",1,1,0,National Skin Centre,Singapore,hospital,1,2026,sti
doi:10.1177/09564624261440693,cheng-l,"Cheng, Linus",2,0,0,National Skin Centre,Singapore,hospital,1,2026,sti
doi:10.1177/09564624261440693,tan-a,"Tan, Ai Ling",3,0,0,Singapore General Hospital,Singapore,hospital,1,2026,sti
doi:10.1177/09564624261440693,yeo-b,"Yeo, Benson Koon Wee",4,0,1,National Skin Centre,Singapore,hospital,1,2026,sti
doi:10.1371/journal.pone.0351209,rohan-h,"Rohan, Hana",1,1,0,,United States,,1,2026,rti
doi:10.1371/journal.pone.0351209,bochner-a,"Bochner, Aaron F",2,0,0,,United States,,1,2026,rti
doi:10.1371/journal.pone.0351209,brown-l,"Brown, Lauren",3,0,0,,United States,,1,2026,rti
doi:10.1371/journal.pone.0351209,ortiz-e,"Ortiz, Elizabeth M",4,0,0,,United States,,1,2026,rti
doi:10.1371/journal.pone.0351209,mcclelland-a,"McClelland, Amanda",5,0,1,,United States,,1,2026,rti
doi:10.1111/imcb.70135,hudson-a,"Hudson, Andrew",1,1,0,,United States,,1,2026,other_id
doi:10.1111/imcb.70135,wong-m,"Wong, Melissa Xin Yu",2,0,0,Duke-NUS Medical School,Singapore,university,1,2026,other_id
doi:10.1111/imcb.70135,verdolin-m,"Verdolin, Michael",3,0,0,,United States,,1,2026,other_id
doi:10.1111/imcb.70135,reeves-r,"Reeves, R Keith",4,0,0,,United States,,2,2026,other_id
doi:10.1111/imcb.70135,manickam-c,"Manickam, Cordelia",5,0,1,,United States,,1,2026,other_id
doi:10.3389/fimmu.2026.1824198,tan-z,"Tan, Zhaohong",1,1,0,National University Health System,Singapore,hospital,1,2026,other_id
doi:10.3389/fimmu.2026.1824198,shin-a,"Shin, Areum",2,0,0,,Republic of Korea,,1,2026,other_id
doi:10.3389/fimmu.2026.1824198,tan-r,"Tan, Rachel Ying Min",3,0,0,National University Health System,Singapore,hospital,1,2026,other_id
doi:10.3389/fimmu.2026.1824198,wang-d,"Wang, Dongling",4,0,0,DSO National Laboratories,Singapore,research_institute,1,2026,other_id
doi:10.3389/fimmu.2026.1824198,huang-c,"Huang, Chiung-Hui",5,0,0,,Singapore,,1,2026,other_id
doi:10.3389/fimmu.2026.1824198,ravikumar-s,"Ravikumar, Sharada",6,0,0,National University Health System,Singapore,hospital,1,2026,other_id
doi:10.3389/fimmu.2026.1824198,wee-l,"Wee, Liang En",7,0,0,Singapore General Hospital,Singapore,hospital,1,2026,other_id
doi:10.3389/fimmu.2026.1824198,chan-y,"Chan, Yvonne Fu Zi",8,0,0,Singapore General Hospital,Singapore,hospital,1,2026,other_id
doi:10.3389/fimmu.2026.1824198,chua-y,"Chua, Ying Ying",9,0,0,Singapore General Hospital,Singapore,hospital,1,2026,other_id
doi:10.3389/fimmu.2026.1824198,tay-s,"Tay, Sen Hee",10,0,0,National University Health System,Singapore,hospital,2,2026,other_id
doi:10.3389/fimmu.2026.1824198,santosa-a,"Santosa, Anindita",11,0,0,Changi General Hospital,Singapore,hospital,1,2026,other_id
doi:10.3389/fimmu.2026.1824198,tan-g,"Tan, Gladys Gek Yen",12,0,0,DSO National Laboratories,Singapore,research_institute,1,2026,other_id
doi:10.3389/fimmu.2026.1824198,kim-d,"Kim, Doo Ri",13,0,0,,Republic of Korea,,1,2026,other_id
doi:10.3389/fimmu.2026.1824198,gil-h,"Gil, Hyun-Il",14,0,0,,Republic of Korea,,1,2026,other_id
doi:10.3389/fimmu.2026.1824198,ko-j,"Ko, Jae-Hoon",15,0,0,,Republic of Korea,,1,2026,other_id
doi:10.3389/fimmu.2026.1824198,shin-s,"Shin, Sun Hye",16,0,0,,Republic of Korea,,1,2026,other_id
doi:10.3389/fimmu.2026.1824198,jhun-b,"Jhun, Byung Woo",17,0,0,,Republic of Korea,,1,2026,other_id
doi:10.3389/fimmu.2026.1824198,sim-s,"Sim, Siew Hoon",18,0,0,DSO National Laboratories,Singapore,research_institute,1,2026,other_id
doi:10.3389/fimmu.2026.1824198,kim-y,"Kim, Yae-Jean",19,0,0,,Republic of Korea,,1,2026,other_id
doi:10.3389/fimmu.2026.1824198,chai-l,"Chai, Louis Yi Ann",20,0,1,National University Health System,Singapore,hospital,2,2026,other_id
doi:10.1016/j.immuni.2026.07.006,mauel-k,"Mauel, Katharina",1,1,0,Peter Doherty Institute for Infection and Immunity,Australia,research_institute,2,2026,vector_borne
doi:10.1016/j.immuni.2026.07.006,hirschmann-d,"Hirschmann, Daria",2,0,0,Peter Doherty Institute for Infection and Immunity,Australia,research_institute,2,2026,vector_borne
doi:10.1016/j.immuni.2026.07.006,blankstein-n,"Blank-Stein, Nelli",3,0,0,,Germany,,1,2026,vector_borne
doi:10.1016/j.immuni.2026.07.006,diefenbachwilke-m,"Diefenbach-Wilke, Marie-Louise",4,0,0,,Germany,,1,2026,vector_borne
doi:10.1016/j.immuni.2026.07.006,eulgem-t,"Eulgem, Theresa",5,0,0,,Germany,,1,2026,vector_borne
doi:10.1016/j.immuni.2026.07.006,le-s,"Le, Shirley",6,0,0,Peter Doherty Institute for Infection and Immunity,Australia,research_institute,1,2026,vector_borne
doi:10.1016/j.immuni.2026.07.006,breit-s,"Breit, Samuel N",7,0,0,,Australia,,1,2026,vector_borne
doi:10.1016/j.immuni.2026.07.006,soares-m,"Soares, Miguel P",8,0,0,,Portugal,,1,2026,vector_borne
doi:10.1016/j.immuni.2026.07.006,tsai-v,"Tsai, Vicky Wang-Wei",9,0,0,,Australia,,1,2026,vector_borne
doi:10.1016/j.immuni.2026.07.006,ginhoux-f,"Ginhoux, Florent",10,0,0,SingHealth,China,hospital,4,2026,vector_borne
doi:10.1016/j.immuni.2026.07.006,heath-w,"Heath, William R",11,0,0,Peter Doherty Institute for Infection and Immunity,Australia,research_institute,1,2026,vector_borne
doi:10.1016/j.immuni.2026.07.006,beattie-l,"Beattie, Lynette",12,0,0,Peter Doherty Institute for Infection and Immunity,Australia,research_institute,1,2026,vector_borne
doi:10.1016/j.immuni.2026.07.006,mass-e,"Mass, Elvira",13,0,1,,Germany,,1,2026,vector_borne
doi:10.4269/ajtmh.25-0311,rusu-r,"Rusu, Rada",1,1,0,,Canada,,1,2026,vector_borne
doi:10.4269/ajtmh.25-0311,durbin-a,"Durbin, Anna",2,0,0,,United States,,1,2026,vector_borne
doi:10.4269/ajtmh.25-0311,clements-i,"Clements, Isabella",3,0,0,,United Kingdom,,1,2026,vector_borne
doi:10.4269/ajtmh.25-0311,frost-h,"Frost, Hannah",4,0,0,,United Kingdom,,1,2026,vector_borne
doi:10.4269/ajtmh.25-0311,marinergoff-d,"Mariner-Goff, Danielle",5,0,0,,United Kingdom,,1,2026,vector_borne
doi:10.4269/ajtmh.25-0311,massey-k,"Massey, Katherine",6,0,0,,Singapore,,1,2026,vector_borne
doi:10.4269/ajtmh.25-0311,murton-m,"Murton, Molly",7,0,0,,United Kingdom,,1,2026,vector_borne
doi:10.4269/ajtmh.25-0311,sylvester-s,"Sylvester, Shirley V",8,0,1,,Switzerland,,1,2026,vector_borne
doi:10.1097/qai.0000000000003852,schmidt-h,"Schmidt, Heather-Marie A",1,1,0,World Health Organization,Switzerland,government,2,2026,sti
doi:10.1097/qai.0000000000003852,chan-c,"Chan, Curtis",2,0,0,,Australia,,1,2026,sti
doi:10.1097/qai.0000000000003852,ong-j,"Ong, Jason J",3,0,0,,Australia,,2,2026,sti
doi:10.1097/qai.0000000000003852,tieosapjaroen-w,"Tieosapjaroen, Warittha",4,0,0,,Australia,,3,2026,sti
doi:10.1097/qai.0000000000003852,phanuphak-n,"Phanuphak, Nittaya",5,0,0,,Thailand,,1,2026,sti
doi:10.1097/qai.0000000000003852,green-k,"Green, Kimberly E",6,0,0,,Viet Nam,,1,2026,sti
doi:10.1097/qai.0000000000003852,cassell-m,"Cassell, Michael M",7,0,0,,,,1,2026,sti
doi:10.1097/qai.0000000000003852,poonkasetwattana-m,"Poonkasetwattana, Midnight",8,0,0,,Thailand,,1,2026,sti
doi:10.1097/qai.0000000000003852,boonyapisomparn-h,"Boonyapisomparn, Hua",9,0,0,,Thailand,,1,2026,sti
doi:10.1097/qai.0000000000003852,suwandi-n,"Suwandi, Nicky",10,0,0,,Thailand,,1,2026,sti
doi:10.1097/qai.0000000000003852,zhang-l,"Zhang, Lei",11,0,0,,Australia,,5,2026,sti
doi:10.1097/qai.0000000000003852,bavinton-b,"Bavinton, Benjamin R",12,0,1,,Australia,,1,2026,sti
doi:10.1038/s44321-026-00502-9,chen-z,"Chen, Zhenfeng",1,1,0,,China,,1,2026,other_id
doi:10.1038/s44321-026-00502-9,qin-y,"Qin, Yueying",2,0,0,,China,,1,2026,other_id
doi:10.1038/s44321-026-00502-9,lin-b,"Lin, Bingqi",3,0,0,,China,,1,2026,other_id
doi:10.1038/s44321-026-00502-9,jiang-l,"Jiang, Linle",4,0,0,,China,,2,2026,other_id
doi:10.1038/s44321-026-00502-9,feng-z,"Feng, Zhencheng",5,0,0,,China,,1,2026,other_id
doi:10.1038/s44321-026-00502-9,chen-s,"Chen, Shiying",6,0,0,,China,,1,2026,other_id
doi:10.1038/s44321-026-00502-9,ye-z,"Ye, Zuodong",7,0,0,,China,,1,2026,other_id
doi:10.1038/s44321-026-00502-9,zhou-m,"Zhou, Min",8,0,0,,China,,1,2026,other_id
doi:10.1038/s44321-026-00502-9,li-j,"Li, Jia",9,0,0,,China,,2,2026,other_id
doi:10.1038/s44321-026-00502-9,wang-d,"Wang, De Yun",10,0,0,National University of Singapore,Singapore,university,1,2026,other_id
doi:10.1038/s44321-026-00502-9,zhong-n,"Zhong, Nanshan",11,0,0,,China,,2,2026,other_id
doi:10.1038/s44321-026-00502-9,hou-p,"Hou, Panpan",12,0,0,,China,,1,2026,other_id
doi:10.1038/s44321-026-00502-9,zhou-z,"Zhou, Ziqing",13,0,0,,China,,1,2026,other_id
doi:10.1038/s44321-026-00502-9,wang-l,"Wang, Lei",14,0,0,,China,,2,2026,other_id
doi:10.1038/s44321-026-00502-9,peng-y,"Peng, Yang",15,0,1,,China,,1,2026,other_id
doi:10.1016/j.lanwpc.2026.101917,singh-s,"Singh, Shweta R",1,1,0,National University of Singapore,Singapore,university,1,2026,amr_hai
doi:10.1016/j.lanwpc.2026.101917,blancoarevalo-a,"Blanco-Arévalo, Alejandro",2,0,0,National University of Singapore,Singapore,university,3,2026,amr_hai
doi:10.1016/j.lanwpc.2026.101917,gupta-a,"Gupta, Atharvi",3,0,0,National University of Singapore,Singapore,university,1,2026,amr_hai
doi:10.1016/j.lanwpc.2026.101917,chee-j,"Chee, Jia Yi",4,0,0,National University of Singapore,Singapore,university,1,2026,amr_hai
doi:10.1016/j.lanwpc.2026.101917,aligui-a,"Aligui, Alec Ann Alissa F",5,0,0,National University of Singapore,Philippines,university,2,2026,amr_hai
doi:10.1016/j.lanwpc.2026.101917,hor-s,"Hor, Stanton Winter",6,0,0,,United States,,1,2026,amr_hai
doi:10.1016/j.lanwpc.2026.101917,shou-y,"Shou, Yiyun",7,0,0,National University of Singapore,Australia,university,2,2026,amr_hai
doi:10.1016/j.lanwpc.2026.101917,saravanan-r,"Saravanan, Rathi",8,0,0,Duke-NUS Medical School,Singapore,university,1,2026,amr_hai
doi:10.1016/j.lanwpc.2026.101917,leong-j,"Leong, James",9,0,0,Duke-NUS Medical School,Singapore,university,1,2026,amr_hai
doi:10.1016/j.lanwpc.2026.101917,charani-e,"Charani, Esmita",10,0,0,,South Africa,,2,2026,amr_hai
doi:10.1016/j.lanwpc.2026.101917,mo-y,"Mo, Yin",11,0,1,Mahidol University,Singapore,university,4,2026,amr_hai
doi:10.1136/bjo-2026-329771,low-s,"Low, Shermaine W Y",1,1,0,Nanyang Technological University,Singapore,university,2,2026,amr_hai
doi:10.1136/bjo-2026-329771,tunaung-t,"Tun Aung, Thet",2,0,0,,Singapore,,1,2026,amr_hai
doi:10.1136/bjo-2026-329771,venkatesh-m,"Venkatesh, Mayandi",3,0,0,,Singapore,,1,2026,amr_hai
doi:10.1136/bjo-2026-329771,chikkamadiah-r,"Chikkamadiah, Ravisha",4,0,0,,India,,1,2026,amr_hai
doi:10.1136/bjo-2026-329771,yong-h,"Yong, Hoi Cheng",5,0,0,,Singapore,,1,2026,amr_hai
doi:10.1136/bjo-2026-329771,goh-e,"Goh, Eunice TzeLeng",6,0,0,,Singapore,,1,2026,amr_hai
doi:10.1136/bjo-2026-329771,barathi-v,"Barathi, Veluchamy A",7,0,0,Duke-NUS Medical School,Singapore,university,2,2026,amr_hai
doi:10.1136/bjo-2026-329771,sriram-b,"Sriram, Bharathi",8,0,0,,India,,1,2026,amr_hai
doi:10.1136/bjo-2026-329771,tan-d,"Tan, Donald Tiang-Hwee",9,0,0,,Singapore,,3,2026,amr_hai
doi:10.1136/bjo-2026-329771,verma-n,"Verma, Navin Kumar",10,0,0,Nanyang Technological University,Singapore,university,2,2026,amr_hai
doi:10.1136/bjo-2026-329771,rajamani-l,"Rajamani, Lakshminarayanan",11,0,1,Duke-NUS Medical School,Singapore,university,3,2026,amr_hai
doi:10.21037/jtd-2025-aw-2166,yong-g,"Yong, Glenn Khai Wern",1,1,0,Tan Tock Seng Hospital,Singapore,hospital,1,2026,tb
doi:10.21037/jtd-2025-aw-2166,wong-j,"Wong, Jonathan Jia Jun",2,0,0,Khoo Teck Puat Hospital,Singapore,hospital,1,2026,tb
doi:10.21037/jtd-2025-aw-2166,zhang-x,"Zhang, Xiaoe",3,0,0,Tan Tock Seng Hospital,Singapore,hospital,1,2026,tb
doi:10.21037/jtd-2025-aw-2166,lim-q,"Lim, Qishan",4,0,0,Tan Tock Seng Hospital,Singapore,hospital,1,2026,tb
doi:10.21037/jtd-2025-aw-2166,lee-h,"Lee, Haiquan",5,0,0,Tan Tock Seng Hospital,Singapore,hospital,1,2026,tb
doi:10.21037/jtd-2025-aw-2166,goh-y,"Goh, Yvonne Si Hua",6,0,1,Tan Tock Seng Hospital,Singapore,hospital,1,2026,tb
doi:10.1002/cpz1.70454,pang-s,"Pang, Sean Jia Le",1,1,0,Nanyang Technological University,Singapore,university,2,2026,amr_hai
doi:10.1002/cpz1.70454,wee-s,"Wee, Soon Keong",2,0,0,Nanyang Technological University,Singapore,university,2,2026,amr_hai
doi:10.1002/cpz1.70454,lee-b,"Lee, Bobby Guo Wei",3,0,0,Nanyang Technological University,Singapore,university,1,2026,amr_hai
doi:10.1002/cpz1.70454,yap-o,"Yap, Odelia",4,0,0,Nanyang Technological University,Singapore,university,1,2026,amr_hai
doi:10.1002/cpz1.70454,yap-e,"Yap, Eric Peng Huat",5,0,1,Nanyang Technological University,Singapore,hospital,3,2026,amr_hai
doi:10.1128/spectrum.03617-25,peri-a,"Peri, Anna Maria",1,1,0,,Australia,,3,2026,amr_hai
doi:10.1128/spectrum.03617-25,greenslade-j,"Greenslade, Jaimi H",2,0,0,,Australia,,2,2026,amr_hai
doi:10.1128/spectrum.03617-25,hills-a,"Hills, Angela Z",3,0,0,,Australia,,1,2026,amr_hai
doi:10.1128/spectrum.03617-25,ray-m,"Ray, Mercedes T",4,0,0,,Australia,,1,2026,amr_hai
doi:10.1128/spectrum.03617-25,harris-p,"Harris, Patrick N A",5,0,0,,Australia,,4,2026,amr_hai
doi:10.1128/spectrum.03617-25,paterson-d,"Paterson, David L",6,0,0,National University of Singapore,Australia,university,3,2026,amr_hai
doi:10.1128/spectrum.03617-25,williams-j,"Williams, Julian M",7,0,1,,Australia,,3,2026,amr_hai
doi:10.1186/s13046-026-03708-4,sun-r,"Sun, Rui-Ming",1,1,0,,China,,2,2026,tb
doi:10.1186/s13046-026-03708-4,yang-y,"Yang, Yi",2,0,0,,China,,1,2026,tb
doi:10.1186/s13046-026-03708-4,lai-y,"Lai, Yang-Dian",3,0,0,,China,,1,2026,tb
doi:10.1186/s13046-026-03708-4,wang-h,"Wang, Hai-Ning",4,0,0,,China,,1,2026,tb
doi:10.1186/s13046-026-03708-4,yang-x,"Yang, Xiao-Xu",5,0,0,,China,,1,2026,tb
doi:10.1186/s13046-026-03708-4,ji-p,"Ji, Ping",6,0,0,,China,,1,2026,tb
doi:10.1186/s13046-026-03708-4,chen-y,"Chen, Ying-Ying",7,0,0,,China,,1,2026,tb
doi:10.1186/s13046-026-03708-4,liu-z,"Liu, Zhao-Yuan",8,0,0,,China,,1,2026,tb
doi:10.1186/s13046-026-03708-4,ginhoux-f,"Ginhoux, Florent",9,0,0,SingHealth,China,hospital,2,2026,tb
doi:10.1186/s13046-026-03708-4,fan-x,"Fan, Xiao-Yong",10,0,0,,China,,1,2026,tb
doi:10.1186/s13046-026-03708-4,duan-h,"Duan, Huang-Qi",11,0,0,,China,,1,2026,tb
doi:10.1186/s13046-026-03708-4,shen-h,"Shen, Hai-Bo",12,0,0,,China,,1,2026,tb
doi:10.1186/s13046-026-03708-4,ye-d,"Ye, Dan",13,0,0,,China,,1,2026,tb
doi:10.1186/s13046-026-03708-4,lu-s,"Lu, Shun",14,0,0,,China,,1,2026,tb
doi:10.1186/s13046-026-03708-4,wang-y,"Wang, Ying",15,0,0,,China,,2,2026,tb
doi:10.1186/s13046-026-03708-4,li-z,"Li, Zi-Ming",16,0,1,,China,,1,2026,tb
doi:10.1371/journal.pgph.0006151,guo-l,"Guo, Lei",1,1,0,,China,,1,2026,sti
doi:10.1371/journal.pgph.0006151,guo-f,"Guo, Feng",2,0,0,,China,,1,2026,sti
doi:10.1371/journal.pgph.0006151,jiang-w,"Jiang, Weixi",3,0,0,,China,,1,2026,sti
doi:10.1371/journal.pgph.0006151,zhang-x,"Zhang, Xinyu",4,0,0,,China,,1,2026,sti
doi:10.1371/journal.pgph.0006151,dong-d,"Dong, Di",5,0,0,,,,1,2026,sti
doi:10.1371/journal.pgph.0006151,chen-s,"Chen, Shu",6,0,0,,United States,,1,2026,sti
doi:10.1371/journal.pgph.0006151,wan-q,"Wan, Quan",7,0,0,,China,,1,2026,sti
doi:10.1371/journal.pgph.0006151,tang-s,"Tang, Shenglan",8,0,1,SingHealth,China,hospital,3,2026,sti
doi:10.1038/s41564-026-02439-8,paris-v,"Paris, Véronique",1,1,0,University of Melbourne,Australia,university,1,2026,vector_borne
doi:10.1038/s41564-026-02439-8,buultjens-a,"Buultjens, Andrew H",2,0,0,University of Melbourne,Australia,university,1,2026,vector_borne
doi:10.1038/s41564-026-02439-8,bell-n,"Bell, Nicholas",3,0,0,University of Melbourne,Australia,university,1,2026,vector_borne
doi:10.1038/s41564-026-02439-8,schmidt-t,"Schmidt, Thomas L",4,0,0,,Australia,,1,2026,vector_borne
doi:10.1038/s41564-026-02439-8,bamberg-w,"Bamberg, Wendy M",5,0,0,,Australia,,1,2026,vector_borne
doi:10.1038/s41564-026-02439-8,birrell-m,"Birrell, Michael T",6,0,0,,Australia,,1,2026,vector_borne
doi:10.1038/s41564-026-02439-8,romanes-f,"Romanes, Finn",7,0,0,,Australia,,1,2026,vector_borne
doi:10.1038/s41564-026-02439-8,antao-c,"Antao, Catarina A",8,0,0,,Australia,,1,2026,vector_borne
doi:10.1038/s41564-026-02439-8,globan-m,"Globan, Maria",9,0,0,Peter Doherty Institute for Infection and Immunity,Australia,research_institute,2,2026,vector_borne
doi:10.1038/s41564-026-02439-8,lavender-c,"Lavender, Caroline",10,0,0,Peter Doherty Institute for Infection and Immunity,Australia,research_institute,1,2026,vector_borne
doi:10.1038/s41564-026-02439-8,bond-k,"Bond, Katherine",11,0,0,Peter Doherty Institute for Infection and Immunity,Australia,research_institute,2,2026,vector_borne
doi:10.1038/s41564-026-02439-8,dougall-s,"Dougall, Sally",12,0,0,University of Melbourne,Australia,university,2,2026,vector_borne
doi:10.1038/s41564-026-02439-8,lacey-j,"Lacey, Jake A",13,0,0,University of Melbourne,Australia,university,2,2026,vector_borne
doi:10.1038/s41564-026-02439-8,zhai-y,"Zhai, Yichen",14,0,0,Nanyang Technological University,Singapore,university,1,2026,vector_borne
doi:10.1038/s41564-026-02439-8,guo-p,"Guo, Peihong",15,0,0,Nanyang Technological University,Singapore,university,1,2026,vector_borne
doi:10.1038/s41564-026-02439-8,sherry-n,"Sherry, Norelle L",16,0,0,University of Melbourne,Australia,university,4,2026,vector_borne
doi:10.1038/s41564-026-02439-8,gibney-k,"Gibney, Katherine B",17,0,0,Peter Doherty Institute for Infection and Immunity,Australia,research_institute,3,2026,vector_borne
doi:10.1038/s41564-026-02439-8,lim-j,"Lim, Jue Tao",18,0,0,Nanyang Technological University,Singapore,university,1,2026,vector_borne
doi:10.1038/s41564-026-02439-8,johnson-p,"Johnson, Paul D R",19,0,0,University of Melbourne,Australia,university,2,2026,vector_borne
doi:10.1038/s41564-026-02439-8,stinear-t,"Stinear, Timothy P",20,0,0,Peter Doherty Institute for Infection and Immunity,Australia,research_institute,3,2026,vector_borne
doi:10.1038/s41564-026-02439-8,hoffmann-a,"Hoffmann, Ary A",21,0,1,University of Melbourne,Australia,university,1,2026,vector_borne
doi:10.1093/ajrccm/aamag444,jingteo-a,"Jing Teo, Alvin Kuo",1,1,0,National University of Singapore,Australia,university,3,2026,tb
doi:10.1093/ajrccm/aamag444,nguyen-t,"Nguyen, Thanh Van",2,0,0,,Australia,,3,2026,tb
doi:10.1093/ajrccm/aamag444,maclean-e,"MacLean, Emily L",3,0,0,,Australia,,2,2026,tb
doi:10.1093/ajrccm/aamag444,nguyen-t,"Nguyen, Thu Anh",4,0,0,,Viet Nam,,1,2026,tb
doi:10.1093/ajrccm/aamag444,fox-g,"Fox, Greg J",5,0,0,,Australia,,2,2026,tb
doi:10.1093/ajrccm/aamag444,marais-b,"Marais, Ben J",6,0,1,,Australia,,2,2026,tb
doi:10.1136/bmjresp-2026-004413,eng-s,"Eng, Sothearith",1,1,0,,Japan,,1,2026,tb
doi:10.1136/bmjresp-2026-004413,prem-k,"Prem, Kiesha",2,0,0,London School of Hygiene & Tropical Medicine,Singapore,university,2,2026,tb
doi:10.1136/bmjresp-2026-004413,teo-a,"Teo, Alvin Kuo Jing",3,0,0,National University of Singapore,Australia,university,2,2026,tb
doi:10.1136/bmjresp-2026-004413,tuot-s,"Tuot, Sovannary",4,0,0,,Cambodia,,2,2026,tb
doi:10.1136/bmjresp-2026-004413,pall-c,"Pall, Chamroen",5,0,0,,Cambodia,,1,2026,tb
doi:10.1136/bmjresp-2026-004413,tep-s,"Tep, Sovanvorleak",6,0,0,,Cambodia,,1,2026,tb
doi:10.1136/bmjresp-2026-004413,yi-s,"Yi, Siyan",7,0,0,National University of Singapore,Cambodia,university,2,2026,tb
doi:10.1136/bmjresp-2026-004413,ichikawa-m,"Ichikawa, Masao",8,0,1,,Japan,,1,2026,tb
doi:10.1186/s12879-026-14123-7,wang-j,"Wang, Jianguo",1,1,0,,China,,1,2026,other_id
doi:10.1186/s12879-026-14123-7,lin-z,"Lin, Zhenyi",2,0,0,National University of Singapore,China,university,2,2026,other_id
doi:10.1186/s12879-026-14123-7,chen-l,"Chen, Lintao",3,0,0,,China,,2,2026,other_id
doi:10.1186/s12879-026-14123-7,yang-z,"Yang, Zi",4,0,0,,China,,1,2026,other_id
doi:10.1186/s12879-026-14123-7,li-d,"Li, Daqing",5,0,0,,China,,2,2026,other_id
doi:10.1186/s12879-026-14123-7,wan-y,"Wan, Yanxin",6,0,0,,China,,2,2026,other_id
doi:10.1186/s12879-026-14123-7,wu-r,"Wu, Rongqian",7,0,0,,China,,1,2026,other_id
doi:10.1186/s12879-026-14123-7,zhang-y,"Zhang, Yu",8,0,0,,China,,1,2026,other_id
doi:10.1186/s12879-026-14123-7,du-z,"Du, Zhaoqing",9,0,1,,China,,2,2026,other_id
doi:10.1017/s0950268826101411,wang-c,"Wang, Chi-Chuan",1,1,0,,Taiwan,,3,2026,rti
doi:10.1017/s0950268826101411,yen-t,"Yen, Ting-An",2,0,0,,Taiwan,,1,2026,rti
doi:10.1017/s0950268826101411,wu-j,"Wu, Jhong-Lin",3,0,0,,Taiwan,,1,2026,rti
doi:10.1017/s0950268826101411,huang-l,"Huang, Ling-Ya",4,0,0,,Taiwan,,1,2026,rti
doi:10.1017/s0950268826101411,yeo-s,"Yeo, See-Hwee",5,0,0,,Singapore,,1,2026,rti
doi:10.1017/s0950268826101411,patel-d,"Patel, Dony",6,0,0,,United Kingdom,,1,2026,rti
doi:10.1017/s0950268826101411,lim-c,"Lim, Cindy",7,0,0,,Singapore,,1,2026,rti
doi:10.1017/s0950268826101411,lin-h,"Lin, Hung-Wei",8,0,0,,Taiwan,,1,2026,rti
doi:10.1017/s0950268826101411,yamada-e,"Yamada, Eriko",9,0,0,,Singapore,,1,2026,rti
doi:10.1017/s0950268826101411,sukarom-i,"Sukarom, Isaya",10,0,1,,Thailand,,1,2026,rti
doi:10.2147/opth.s614679,puthanveettil-h,"Puthanveettil, Harsha",1,1,0,,India,,1,2026,tb
doi:10.2147/opth.s614679,balamurugan-s,"Bala Murugan, Siva Raman",2,0,0,,India,,1,2026,tb
doi:10.2147/opth.s614679,gurnani-b,"Gurnani, Bharat",3,0,0,,India,,1,2026,tb
doi:10.2147/opth.s614679,kaur-k,"Kaur, Kirandeep",4,0,0,,India,,1,2026,tb
doi:10.2147/opth.s614679,sanjay-s,"Sanjay, Srinivasan",5,0,1,,Singapore,,1,2026,tb
doi:10.1038/s41598-026-56516-3,guo-y,"Guo, Yuan",1,1,0,National University of Singapore,Singapore,university,1,2026,amr_hai
doi:10.1038/s41598-026-56516-3,fang-q,"Fang, Qian",2,0,0,,China,,1,2026,amr_hai
doi:10.1038/s41598-026-56516-3,li-d,"Li, Dan",3,0,1,National University of Singapore,Singapore,university,1,2026,amr_hai
doi:10.1016/j.actatropica.2026.108314,ong-y,"Ong, Yin Jie",1,1,0,University of Malaya,Malaysia,university,1,2026,vector_borne
doi:10.1016/j.actatropica.2026.108314,chan-y,"Chan, Yoke Fun",2,0,0,University of Malaya,Malaysia,university,1,2026,vector_borne
doi:10.1016/j.actatropica.2026.108314,lee-w,"Lee, Wenn-Chyau",3,0,0,A*STAR Infectious Diseases Labs,Malaysia,research_institute,2,2026,vector_borne
doi:10.1016/j.actatropica.2026.108314,sam-i,"Sam, I-Ching",4,0,1,University of Malaya,Malaysia,university,1,2026,vector_borne
doi:10.1111/irv.70269,ngiam-j,"Ngiam, Jinghao Nicholas",1,1,0,National University Health System,Singapore,hospital,1,2026,rti
doi:10.1111/irv.70269,koh-m,"Koh, Matthew Chung Yi",2,0,0,National University Health System,Singapore,hospital,1,2026,rti
doi:10.1111/irv.70269,hayden-f,"Hayden, Frederick G",3,0,1,,United States,,1,2026,rti
doi:10.1039/d6nr00924g,dou-x,"Dou, Xinyue",1,1,0,,Malaysia,,1,2026,amr_hai
doi:10.1039/d6nr00924g,saalah-s,"Saalah, Sariah",2,0,0,,Malaysia,,1,2026,amr_hai
doi:10.1039/d6nr00924g,chiam-c,"Chiam, Chel-Ken",3,0,0,,Malaysia,,1,2026,amr_hai
doi:10.1039/d6nr00924g,xie-j,"Xie, Jianping",4,0,0,National University of Singapore,Singapore,university,1,2026,amr_hai
doi:10.1039/d6nr00924g,sipaut-c,"Sipaut, Coswald Stephen",5,0,1,,Malaysia,,1,2026,amr_hai
doi:10.3389/fimmu.2026.1828107,kang-s,"Kang, Su Yeon",1,1,0,,Republic of Korea,,1,2026,rti
doi:10.3389/fimmu.2026.1828107,yoo-j,"Yoo, Jeong Rae",2,0,0,,Republic of Korea,,1,2026,rti
doi:10.3389/fimmu.2026.1828107,bae-e,"Bae, EunJin",3,0,0,,Republic of Korea,,1,2026,rti
doi:10.3389/fimmu.2026.1828107,kim-j,"Kim, Joowan",4,0,0,,Republic of Korea,,1,2026,rti
doi:10.3389/fimmu.2026.1828107,park-y,"Park, Yejin",5,0,0,,Republic of Korea,,1,2026,rti
doi:10.3389/fimmu.2026.1828107,kim-m,"Kim, Misun",6,0,0,,Republic of Korea,,1,2026,rti
doi:10.3389/fimmu.2026.1828107,kim-m,"Kim, Miyeon",7,0,0,,Republic of Korea,,1,2026,rti
doi:10.3389/fimmu.2026.1828107,ro-h,"Ro, Hyo-Jin",8,0,0,,Republic of Korea,,1,2026,rti
doi:10.3389/fimmu.2026.1828107,hwang-d,"Hwang, Daehee",9,0,0,,Republic of Korea,,1,2026,rti
doi:10.3389/fimmu.2026.1828107,lee-j,"Lee, Jeong-Yeon",10,0,0,,Republic of Korea,,1,2026,rti
doi:10.3389/fimmu.2026.1828107,cho-d,"Cho, Dongcharn",11,0,0,,Republic of Korea,,1,2026,rti
doi:10.3389/fimmu.2026.1828107,nguyen-h,"Nguyen, Huy Chau",12,0,0,,Singapore,,1,2026,rti
doi:10.3389/fimmu.2026.1828107,hallam-h,"Hallam, Hoai Jaclyn",13,0,0,,Singapore,,1,2026,rti
doi:10.3389/fimmu.2026.1828107,heo-s,"Heo, Sang Taek",14,0,0,,Republic of Korea,,1,2026,rti
doi:10.3389/fimmu.2026.1828107,cho-n,"Cho, Nam-Hyuk",15,0,0,,Republic of Korea,,1,2026,rti
doi:10.3389/fimmu.2026.1828107,lee-k,"Lee, Kyung-Mi",16,0,0,,Republic of Korea,,1,2026,rti
doi:10.3389/fimmu.2026.1828107,letizia-a,"Letizia, Andrew G",17,0,0,,Singapore,,1,2026,rti
doi:10.3389/fimmu.2026.1828107,lee-k,"Lee, Keun Hwa",18,0,1,,Republic of Korea,,1,2026,rti
doi:10.1038/s41467-026-76186-z,manesh-a,"Manesh, Abi",1,1,0,,India,,1,2026,other_id
doi:10.1038/s41467-026-76186-z,walia-k,"Walia, Kamini",2,0,0,,India,,1,2026,other_id
doi:10.1038/s41467-026-76186-z,saiyed-t,"Saiyed, Taslimarif",3,0,0,,India,,1,2026,other_id
doi:10.1038/s41467-026-76186-z,veeraraghavan-b,"Veeraraghavan, Balaji",4,0,0,,India,,1,2026,other_id
doi:10.1038/s41467-026-76186-z,paterson-d,"Paterson, David L",5,0,1,National University of Singapore,Singapore,university,1,2026,other_id
doi:10.1016/j.ijid.2026.108860,ren-d,"Ren, Dongdong",1,1,0,Singapore General Hospital,Singapore,hospital,2,2026,tb
doi:10.1016/j.ijid.2026.108860,wee-l,"Wee, Liang En Ian",2,0,0,Singapore General Hospital,Singapore,hospital,1,2026,tb
doi:10.1016/j.ijid.2026.108860,lee-s,"Lee, Samuel Shang Ming",3,0,0,Tan Tock Seng Hospital,Singapore,hospital,1,2026,tb
doi:10.1016/j.ijid.2026.108860,sampath-v,"Sampath, Venkata Sreekanth",4,0,0,Tan Tock Seng Hospital,Singapore,hospital,1,2026,tb
doi:10.1016/j.ijid.2026.108860,tan-y,"Tan, Ya Hwee",5,0,0,National Cancer Centre Singapore,Singapore,hospital,1,2026,tb
doi:10.1016/j.ijid.2026.108860,chan-m,"Chan, Monica",6,0,1,National Centre for Infectious Diseases,Singapore,hospital,2,2026,tb
doi:10.1136/fmch-2026-004076,lee-c,"Lee, Cia Sin",1,1,0,SingHealth,Singapore,hospital,2,2026,rti
doi:10.1136/fmch-2026-004076,gong-p,"Gong, Pei Pei",2,0,0,SingHealth,Singapore,hospital,1,2026,rti
doi:10.1136/fmch-2026-004076,koh-g,"Koh, Gerald Choon Huat",3,0,0,National University of Singapore,Singapore,university,2,2026,rti
doi:10.1136/fmch-2026-004076,tan-n,"Tan, Ngiap Chuan",4,0,1,SingHealth,Singapore,hospital,2,2026,rti
doi:10.1016/j.ijid.2026.108586,pei-z,"Pei, Zhongfei",1,1,0,,China,,2,2026,tb
doi:10.1016/j.ijid.2026.108586,ong-s,"Ong, Sok King",2,0,0,,Brunei Darussalam,,1,2026,tb
doi:10.1016/j.ijid.2026.108586,yi-s,"Yi, Siyan",3,0,0,National University of Singapore,Cambodia,university,3,2026,tb
doi:10.1016/j.ijid.2026.108586,hon-c,"Hon, Chitin",4,0,0,,China,,1,2026,tb
doi:10.1016/j.ijid.2026.108586,xu-m,"Xu, Ming",5,0,1,,China,,2,2026,tb
doi:10.1371/journal.ppat.1014190,borrenberghs-d,"Borrenberghs, Doortje",1,1,0,,Belgium,,1,2026,vector_borne
doi:10.1371/journal.ppat.1014190,chan-k,"Chan, Kitti Wing Ki",2,0,0,Duke-NUS Medical School,Singapore,university,1,2026,vector_borne
doi:10.1371/journal.ppat.1014190,vanbrandt-s,"Van Brandt, Sven",3,0,0,,Belgium,,1,2026,vector_borne
doi:10.1371/journal.ppat.1014190,jaensch-s,"Jaensch, Steffen",4,0,0,,Belgium,,1,2026,vector_borne
doi:10.1371/journal.ppat.1014190,choy-m,"Choy, Milly Ming Ju",5,0,0,Duke-NUS Medical School,Singapore,university,1,2026,vector_borne
doi:10.1371/journal.ppat.1014190,geluykens-p,"Geluykens, Peggy",6,0,0,,Belgium,,1,2026,vector_borne
doi:10.1371/journal.ppat.1014190,bouayadi-a,"Bouayadi, Asmae El",7,0,0,,Belgium,,1,2026,vector_borne
doi:10.1371/journal.ppat.1014190,lauwers-d,"Lauwers, Dax",8,0,0,,Belgium,,1,2026,vector_borne
doi:10.1371/journal.ppat.1014190,bist-p,"Bist, Pradeep",9,0,0,Duke-NUS Medical School,Singapore,university,1,2026,vector_borne
doi:10.1371/journal.ppat.1014190,stoops-b,"Stoops, Bart",10,0,0,,Belgium,,1,2026,vector_borne
doi:10.1371/journal.ppat.1014190,vandeven-j,"Van de Ven, Jeroen",11,0,0,,Belgium,,1,2026,vector_borne
doi:10.1371/journal.ppat.1014190,vermeulen-p,"Vermeulen, Peter",12,0,0,,Belgium,,1,2026,vector_borne
doi:10.1371/journal.ppat.1014190,megens-s,"Megens, Sarah",13,0,0,,Belgium,,1,2026,vector_borne
doi:10.1371/journal.ppat.1014190,thys-k,"Thys, Kim",14,0,0,,Belgium,,1,2026,vector_borne
doi:10.1371/journal.ppat.1014190,peeters-d,"Peeters, Daniëlle",15,0,0,,Belgium,,1,2026,vector_borne
doi:10.1371/journal.ppat.1014190,kaptein-s,"Kaptein, Suzanne J F",16,0,0,,Belgium,,1,2026,vector_borne
doi:10.1371/journal.ppat.1014190,neyts-j,"Neyts, Johan",17,0,0,,Belgium,,1,2026,vector_borne
doi:10.1371/journal.ppat.1014190,vasudevan-s,"Vasudevan, Subhash G",18,0,0,Duke-NUS Medical School,Australia,university,2,2026,vector_borne
doi:10.1371/journal.ppat.1014190,koul-a,"Koul, Anil",19,0,0,,Belgium,,1,2026,vector_borne
doi:10.1371/journal.ppat.1014190,goethals-o,"Goethals, Olivia",20,0,1,,Belgium,,1,2026,vector_borne
doi:10.1016/j.jsb.2026.108314,ngo-k,"Ngo, Khac Huy",1,1,0,Nanyang Technological University,Singapore,university,1,2026,vector_borne
doi:10.1016/j.jsb.2026.108314,lattmann-s,"Lattmann, Simon",2,0,0,Nanyang Technological University,Singapore,university,1,2026,vector_borne
doi:10.1016/j.jsb.2026.108314,anindita-p,"Anindita, Paulina Duhita",3,0,0,Nanyang Technological University,Singapore,university,1,2026,vector_borne
doi:10.1016/j.jsb.2026.108314,liew-c,"Liew, Chong Wai",4,0,0,Experimental Drug Development Centre,Singapore,research_institute,1,2026,vector_borne
doi:10.1016/j.jsb.2026.108314,harris-r,"Harris, Reuben S",5,0,0,,United States,,2,2026,vector_borne
doi:10.1016/j.jsb.2026.108314,luo-d,"Luo, Dahai",6,0,0,Nanyang Technological University,Singapore,university,2,2026,vector_borne
doi:10.1016/j.jsb.2026.108314,kang-c,"Kang, CongBao",7,0,1,Experimental Drug Development Centre,Singapore,research_institute,1,2026,vector_borne
doi:10.1007/978-1-0716-5328-9_7,sundaresan-a,"Sundaresan, Ajitha",1,1,0,Temasek Life Sciences Laboratory,Singapore,research_institute,1,2026,amr_hai
doi:10.1007/978-1-0716-5328-9_7,cheong-i,"Cheong, Ian",2,0,1,National University of Singapore,Singapore,research_institute,2,2026,amr_hai
doi:10.1038/s43856-026-01678-4,sivanandam-p,"Sivanandam, Punitha",1,1,0,Duke-NUS Medical School,Singapore,university,1,2026,other_id
doi:10.1038/s43856-026-01678-4,syenina-a,"Syenina, Ayesa",2,0,0,Duke-NUS Medical School,Singapore,hospital,2,2026,other_id
doi:10.1038/s43856-026-01678-4,chan-y,"Chan, Yvonne Fz",3,0,0,Singapore General Hospital,Singapore,hospital,1,2026,other_id
doi:10.1038/s43856-026-01678-4,ng-d,"Ng, Dorothy Hl",4,0,0,Singapore General Hospital,Singapore,hospital,1,2026,other_id
doi:10.1038/s43856-026-01678-4,gan-e,"Gan, Esther S",5,0,0,Duke-NUS Medical School,Singapore,university,1,2026,other_id
doi:10.1038/s43856-026-01678-4,yee-j,"Yee, Jia Xin",6,0,0,Duke-NUS Medical School,Singapore,hospital,2,2026,other_id
doi:10.1038/s43856-026-01678-4,tham-c,"Tham, Christine Yl",7,0,0,Duke-NUS Medical School,Singapore,hospital,2,2026,other_id
doi:10.1038/s43856-026-01678-4,tan-h,"Tan, Hwee Cheng",8,0,0,Duke-NUS Medical School,Singapore,university,1,2026,other_id
doi:10.1038/s43856-026-01678-4,ong-e,"Ong, Eugenia Z",9,0,0,Duke-NUS Medical School,Singapore,hospital,2,2026,other_id
doi:10.1038/s43856-026-01678-4,ooi-e,"Ooi, Eng Eong",10,0,0,Duke-NUS Medical School,Singapore,hospital,4,2026,other_id
doi:10.1038/s43856-026-01678-4,kalimuddin-s,"Kalimuddin, Shirin",11,0,1,Duke-NUS Medical School,Singapore,hospital,2,2026,other_id
doi:10.1093/oxfimm/iqag010,green-t,"Green, Tessa D",1,1,0,Harvard University,United States,university,2,2026,rti
doi:10.1093/oxfimm/iqag010,mcwilliams-c,"McWilliams, Chris",2,0,0,,United Kingdom,,2,2026,rti
doi:10.1093/oxfimm/iqag010,defigueiredo-l,"de Figueiredo, Leonardo",3,0,0,,United States,,1,2026,rti
doi:10.1093/oxfimm/iqag010,soares-l,"Soares, Letícia",4,0,0,,United States,,1,2026,rti
doi:10.1093/oxfimm/iqag010,pollack-b,"Pollack, Beth",5,0,0,,United States,,2,2026,rti
doi:10.1093/oxfimm/iqag010,cohen-a,"Cohen, Alison K",6,0,0,,United States,,2,2026,rti
doi:10.1093/oxfimm/iqag010,zhixuan-t,"Zhi-Xuan, Tan",7,0,0,National University of Singapore,Singapore,university,2,2026,rti
doi:10.1093/oxfimm/iqag010,falor-t,"Falor, Tess",8,0,0,,United States,,1,2026,rti
doi:10.1093/oxfimm/iqag010,davis-h,"Davis, Hannah E",9,0,1,,United States,,1,2026,rti
doi:10.7189/jogh.16.04100,boretsky-a,"Boretsky, Allison",1,1,0,,United States,,1,2026,tb
doi:10.7189/jogh.16.04100,amanullah-f,"Amanullah, Farhana",2,0,0,,Singapore,,2,2026,tb
doi:10.7189/jogh.16.04100,hussain-h,"Hussain, Hamidah",3,0,0,,Singapore,,1,2026,tb
doi:10.7189/jogh.16.04100,malik-a,"Malik, Amyn A",4,0,0,,Singapore,,2,2026,tb
doi:10.7189/jogh.16.04100,brooks-m,"Brooks, Meredith B",5,0,1,,United States,,1,2026,tb
doi:10.1155/carm/1612186,ng-i,"Ng, Isaac Kah Siang",1,1,0,National University Hospital,Singapore,hospital,1,2026,rti
doi:10.1155/carm/1612186,loh-c,"Loh, Charisse Wan Ning",2,0,0,National University Hospital,Singapore,hospital,1,2026,rti
doi:10.1155/carm/1612186,goh-w,"Goh, Wilson Guo Wei",3,0,0,National University Hospital,Singapore,hospital,1,2026,rti
doi:10.1155/carm/1612186,lo-e,"Lo, Elaine Ah Gi",4,0,0,National University Hospital,Singapore,hospital,2,2026,rti
doi:10.1155/carm/1612186,phang-k,"Phang, Kee Fong",5,0,0,Alexandra Hospital,Singapore,hospital,2,2026,rti
doi:10.1155/carm/1612186,cho-j,"Cho, Jiacai",6,0,0,National University Hospital,Singapore,hospital,1,2026,rti
doi:10.1155/carm/1612186,tan-k,"Tan, Kong Bing",7,0,0,National University Hospital,Singapore,hospital,1,2026,rti
doi:10.1155/carm/1612186,tang-m,"Tang, May Shuen",8,0,1,National University Hospital,Singapore,hospital,1,2026,rti
doi:10.1016/j.ijid.2026.108932,quek-a,"Quek, Amy May Lin",1,1,0,National University Hospital,Singapore,hospital,2,2026,rti
doi:10.1016/j.ijid.2026.108932,ooi-d,"Ooi, Delicia Shu Qin",2,0,0,National University Health System,Singapore,hospital,2,2026,rti
doi:10.1016/j.ijid.2026.108932,teng-o,"Teng, Ooiean",3,0,0,National University of Singapore,Singapore,university,1,2026,rti
doi:10.1016/j.ijid.2026.108932,foon-c,"Foon, Chin Han",4,0,0,National University of Singapore,Singapore,university,1,2026,rti
doi:10.1016/j.ijid.2026.108932,li-p,"Li, Ping Ping",5,0,0,National University of Singapore,Singapore,university,1,2026,rti
doi:10.1016/j.ijid.2026.108932,er-b,"Er, Bernadette Guek Cheng",6,0,0,National University of Singapore,Singapore,university,1,2026,rti
doi:10.1016/j.ijid.2026.108932,mahmud-n,"Mahmud, Nor Fa'izah Binte",7,0,0,National University of Singapore,Singapore,university,1,2026,rti
doi:10.1016/j.ijid.2026.108932,shunmuganathan-b,"Shunmuganathan, Bhuvaneshwari",8,0,0,National University of Singapore,Singapore,university,2,2026,rti
doi:10.1016/j.ijid.2026.108932,macary-p,"MacAry, Paul A",9,0,0,National University of Singapore,Singapore,university,3,2026,rti
doi:10.1016/j.ijid.2026.108932,lim-e,"Lim, Erle Chuen Hian",10,0,0,National University Hospital,Singapore,hospital,2,2026,rti
doi:10.1016/j.ijid.2026.108932,seet-r,"Seet, Raymond Chee Seong",11,0,1,National University Hospital,Singapore,hospital,2,2026,rti
doi:10.1371/journal.pmed.1005205,chansamouth-v,"Chansamouth, Vilada",1,1,0,University of Oxford,Lao PDR,university,3,2026,amr_hai
doi:10.1371/journal.pmed.1005205,chommanam-d,"Chommanam, Danoy",2,0,0,,Lao PDR,,1,2026,amr_hai
doi:10.1371/journal.pmed.1005205,lee-s,"Lee, Sue J",3,0,0,Mahidol University,Australia,university,3,2026,amr_hai
doi:10.1371/journal.pmed.1005205,vongphachanh-s,"Vongphachanh, Susath",4,0,0,,Lao PDR,,1,2026,amr_hai
doi:10.1371/journal.pmed.1005205,vongsouvath-m,"Vongsouvath, Manivanh",5,0,0,,Lao PDR,,3,2026,amr_hai
doi:10.1371/journal.pmed.1005205,keomany-s,"Keomany, Sommay",6,0,0,,Lao PDR,,1,2026,amr_hai
doi:10.1371/journal.pmed.1005205,paphasiri-v,"Paphasiri, Viladeth",7,0,0,,Lao PDR,,1,2026,amr_hai
doi:10.1371/journal.pmed.1005205,phamisith-c,"Phamisith, Chanthala",8,0,0,,Lao PDR,,1,2026,amr_hai
doi:10.1371/journal.pmed.1005205,sengsavang-s,"Sengsavang, Siho",9,0,0,,Lao PDR,,1,2026,amr_hai
doi:10.1371/journal.pmed.1005205,douangdala-p,"Douangdala, Phouvieng",10,0,0,,Lao PDR,,1,2026,amr_hai
doi:10.1371/journal.pmed.1005205,detleuxay-k,"Detleuxay, Khamsay",11,0,0,,Lao PDR,,1,2026,amr_hai
doi:10.1371/journal.pmed.1005205,rattana-s,"Rattana, Sommana",12,0,0,,Lao PDR,,1,2026,amr_hai
doi:10.1371/journal.pmed.1005205,soumphonphakdy-b,"Soumphonphakdy, Bandith",13,0,0,,Lao PDR,,1,2026,amr_hai
doi:10.1371/journal.pmed.1005205,keoluangkhot-v,"Keoluangkhot, Valy",14,0,0,,Lao PDR,,1,2026,amr_hai
doi:10.1371/journal.pmed.1005205,mukaka-m,"Mukaka, Mavuto",15,0,0,Mahidol University,Thailand,university,2,2026,amr_hai
doi:10.1371/journal.pmed.1005205,day-n,"Day, Nicholas P J",16,0,0,Mahidol University,Thailand,university,2,2026,amr_hai
doi:10.1371/journal.pmed.1005205,vandoorn-h,"van Doorn, H Rogier",17,0,0,Oxford University Clinical Research Unit,United Kingdom,research_institute,2,2026,amr_hai
doi:10.1371/journal.pmed.1005205,turner-p,"Turner, Paul",18,0,0,University of Oxford,Cambodia,university,2,2026,amr_hai
doi:10.1371/journal.pmed.1005205,mayxay-m,"Mayxay, Mayfong",19,0,0,National University of Singapore,Lao PDR,university,4,2026,amr_hai
doi:10.1371/journal.pmed.1005205,newton-p,"Newton, Paul N",20,0,0,London School of Hygiene & Tropical Medicine,Lao PDR,university,4,2026,amr_hai
doi:10.1371/journal.pmed.1005205,ashley-e,"Ashley, Elizabeth A",21,0,1,University of Oxford,Lao PDR,university,2,2026,amr_hai
doi:10.1093/pnasnexus/pgag273,wang-p,"Wang, Peter",1,1,0,National University of Singapore,Singapore,university,3,2026,amr_hai
doi:10.1093/pnasnexus/pgag273,hsiung-a,"Hsiung, Alton",2,0,0,National University of Singapore,Singapore,university,2,2026,amr_hai
doi:10.1093/pnasnexus/pgag273,fraise-c,"Fraise, Christiana",3,0,0,National University of Singapore,Singapore,university,2,2026,amr_hai
doi:10.1093/pnasnexus/pgag273,seres-g,"Seres, Gyula",4,0,0,National University of Singapore,Singapore,university,2,2026,amr_hai
doi:10.1093/pnasnexus/pgag273,chong-l,"Chong, Li Ming",5,0,0,National University of Singapore,Singapore,university,3,2026,amr_hai
doi:10.1093/pnasnexus/pgag273,you-k,"You, Kui",6,0,0,National University of Singapore,Singapore,university,3,2026,amr_hai
doi:10.1093/pnasnexus/pgag273,moh-a,"Moh, Angelina",7,0,0,National University of Singapore,Singapore,university,2,2026,amr_hai
doi:10.1093/pnasnexus/pgag273,su-c,"Su, Chengxun",8,0,0,National University of Singapore,Singapore,university,2,2026,amr_hai
doi:10.1093/pnasnexus/pgag273,sapanel-y,"Sapanel, Yoann",9,0,0,National University of Singapore,Singapore,university,2,2026,amr_hai
doi:10.1093/pnasnexus/pgag273,zhuang-i,"Zhuang, Isaiah",10,0,0,National University of Singapore,Singapore,university,3,2026,amr_hai
doi:10.1093/pnasnexus/pgag273,hooi-l,"Hooi, Lissa",11,0,0,National University of Singapore,Singapore,university,3,2026,amr_hai
doi:10.1093/pnasnexus/pgag273,ng-o,"Ng, Oon Tek",12,0,0,National Centre for Infectious Diseases,Singapore,hospital,1,2026,amr_hai
doi:10.1093/pnasnexus/pgag273,vasoo-s,"Vasoo, Shawn",13,0,0,National Centre for Infectious Diseases,Singapore,hospital,1,2026,amr_hai
doi:10.1093/pnasnexus/pgag273,ho-d,"Ho, Dean",14,0,1,National University of Singapore,Singapore,university,5,2026,amr_hai
doi:10.1093/ofid/ofag422,phimolsannousith-v,"Phimolsannousith, Vilayouth",1,1,0,,,,1,2026,vector_borne
doi:10.1093/ofid/ofag422,sibounheuang-b,"Sibounheuang, Bountoy",2,0,0,,,,1,2026,vector_borne
doi:10.1093/ofid/ofag422,chanthongthip-a,"Chanthongthip, Anisone",3,0,0,,,,1,2026,vector_borne
doi:10.1093/ofid/ofag422,vongsouvath-m,"Vongsouvath, Manivanh",4,0,0,,,,1,2026,vector_borne
doi:10.1093/ofid/ofag422,mayxay-m,"Mayxay, Mayfong",5,0,0,National University of Singapore,Singapore,university,4,2026,vector_borne
doi:10.1093/ofid/ofag422,mukaka-m,"Mukaka, Mavuto",6,0,0,Mahidol University,Thailand,university,2,2026,vector_borne
doi:10.1093/ofid/ofag422,luangraj-m,"Luangraj, Manophab",7,0,0,,,,1,2026,vector_borne
doi:10.1093/ofid/ofag422,newton-p,"Newton, Paul N",8,0,0,London School of Hygiene & Tropical Medicine,Thailand,university,4,2026,vector_borne
doi:10.1093/ofid/ofag422,ashley-e,"Ashley, Elizabeth A",9,0,0,University of Oxford,United Kingdom,university,2,2026,vector_borne
doi:10.1093/ofid/ofag422,hopkins-h,"Hopkins, Heidi",10,0,0,London School of Hygiene & Tropical Medicine,United Kingdom,university,1,2026,vector_borne
doi:10.1093/ofid/ofag422,dubotperes-a,"Dubot-Pérès, Audrey",11,0,1,University of Oxford,France,university,3,2026,vector_borne
doi:10.3390/pathogens15050511,malleret-b,"Malleret, Benoit",1,1,0,National University of Singapore,Singapore,university,1,2026,vector_borne
doi:10.3390/pathogens15050511,kwak-m,"Kwak, Mackenzie L",2,0,0,,Japan,,1,2026,vector_borne
doi:10.3390/pathogens15050511,chavatte-j,"Chavatte, Jean-Marc",3,0,1,National Public Health Laboratory,Singapore,government,1,2026,vector_borne
doi:10.1017/ash.2026.10298,ling-m,"Ling, Moi Lin",1,1,0,Singapore General Hospital,Singapore,hospital,1,2026,amr_hai
doi:10.1017/ash.2026.10298,apisarnthanarak-a,"Apisarnthanarak, Anucha",2,0,0,,Thailand,,1,2026,amr_hai
doi:10.1017/ash.2026.10298,ching-p,"Ching, Patricia",3,0,0,University of Hong Kong,Hong Kong SAR,university,1,2026,amr_hai
doi:10.1017/ash.2026.10298,chen-y,"Chen, Yee-Chun",4,0,0,,Taiwan,,1,2026,amr_hai
doi:10.1017/ash.2026.10298,harrington-g,"Harrington, Glenys",5,0,0,,Australia,,1,2026,amr_hai
doi:10.1017/ash.2026.10298,huh-j,"Huh, Jin-Won",6,0,0,,Republic of Korea,,1,2026,amr_hai
doi:10.1017/ash.2026.10298,jaggi-n,"Jaggi, Namita",7,0,0,,India,,1,2026,amr_hai
doi:10.1017/ash.2026.10298,morikane-k,"Morikane, Keita",8,0,0,,Japan,,1,2026,amr_hai
doi:10.1017/ash.2026.10298,poonyathawon-s,"Poonyathawon, Sahadol",9,0,1,,Thailand,,1,2026,amr_hai
doi:10.1371/journal.pntd.0014382,huyen-t,"Huyen, Tran Bang",1,1,0,Oxford University Clinical Research Unit,United Kingdom,research_institute,2,2026,vector_borne
doi:10.1371/journal.pntd.0014382,mcbride-a,"McBride, Angela",2,0,0,University of Oxford,United Kingdom,university,1,2026,vector_borne
doi:10.1371/journal.pntd.0014382,thein-t,"Thein, Tun-Linn",3,0,0,National Centre for Infectious Diseases,Singapore,hospital,1,2026,vector_borne
doi:10.1371/journal.pntd.0014382,le-k,"Le, Khoi Minh",4,0,0,Oxford University Clinical Research Unit,Viet Nam,research_institute,1,2026,vector_borne
doi:10.1371/journal.pntd.0014382,luu-t,"Luu, Tran",5,0,0,Oxford University Clinical Research Unit,Viet Nam,research_institute,1,2026,vector_borne
doi:10.1371/journal.pntd.0014382,huy-n,"Huy, Nguyen Quang",6,0,0,Oxford University Clinical Research Unit,Viet Nam,research_institute,1,2026,vector_borne
doi:10.1371/journal.pntd.0014382,harriss-e,"Harriss, Eli",7,0,0,University of Oxford,United Kingdom,university,1,2026,vector_borne
doi:10.1371/journal.pntd.0014382,kain-m,"Kain, Matthew J W",8,0,0,,United Kingdom,,2,2026,vector_borne
doi:10.1371/journal.pntd.0014382,cattrall-j,"Cattrall, Jonathan",9,0,0,University of Oxford,United Kingdom,university,1,2026,vector_borne
doi:10.1371/journal.pntd.0014382,naylor-c,"Naylor, Caitlin",10,0,0,University of Oxford,United Kingdom,university,2,2026,vector_borne
doi:10.1371/journal.pntd.0014382,chanh-h,"Chanh, Ho Quang",11,0,0,Oxford University Clinical Research Unit,United Kingdom,research_institute,2,2026,vector_borne
doi:10.1371/journal.pntd.0014382,vuong-n,"Vuong, Nguyen Lam",12,0,0,Oxford University Clinical Research Unit,Viet Nam,research_institute,2,2026,vector_borne
doi:10.1371/journal.pntd.0014382,munblit-d,"Munblit, Daniel",13,0,0,,Russian Federation,,2,2026,vector_borne
doi:10.1371/journal.pntd.0014382,chia-p,"Chia, Po-Ying",14,0,0,Nanyang Technological University,Singapore,hospital,2,2026,vector_borne
doi:10.1371/journal.pntd.0014382,lam-p,"Lam, Phung Khanh",15,0,0,National University of Singapore,Singapore,university,1,2026,vector_borne
doi:10.1371/journal.pntd.0014382,watson-j,"Watson, James A",16,0,0,University of Oxford,United Kingdom,university,2,2026,vector_borne
doi:10.1371/journal.pntd.0014382,yacoub-s,"Yacoub, Sophie",17,0,1,Oxford University Clinical Research Unit,United Kingdom,research_institute,2,2026,vector_borne
doi:10.1038/s41598-026-57407-3,chan-k,"Chan, Ken Ka Pang",1,1,0,University of Hong Kong,China,university,2,2026,tb
doi:10.1038/s41598-026-57407-3,niu-h,"Niu, Hongtao",2,0,0,,China,,4,2026,tb
doi:10.1038/s41598-026-57407-3,shu-c,"Shu, Chin Chung",3,0,0,,Taiwan,,1,2026,tb
doi:10.1038/s41598-026-57407-3,chien-y,"Chien, Ying-Chun",4,0,0,,Taiwan,,1,2026,tb
doi:10.1038/s41598-026-57407-3,nyanti-l,"Nyanti, Larry Ellee",5,0,0,,Malaysia,,1,2026,tb
doi:10.1038/s41598-026-57407-3,huan-n,"Huan, Nai-Chien",6,0,0,,Malaysia,,1,2026,tb
doi:10.1038/s41598-026-57407-3,villanueva-c,"Villanueva, Cary Amiel G",7,0,0,,Philippines,,1,2026,tb
doi:10.1038/s41598-026-57407-3,chatterjee-a,"Chatterjee, Aparna",8,0,0,,India,,1,2026,tb
doi:10.1038/s41598-026-57407-3,jash-d,"Jash, Debraj",9,0,0,,India,,1,2026,tb
doi:10.1038/s41598-026-57407-3,ng-j,"Ng, Jack Kit Chung",10,0,0,University of Hong Kong,China,university,2,2026,tb
doi:10.1038/s41598-026-57407-3,ling-k,"Ling, Kwun Cheung",11,0,0,University of Hong Kong,China,university,1,2026,tb
doi:10.1038/s41598-026-57407-3,leung-r,"Leung, Roland",12,0,0,University of Hong Kong,China,university,1,2026,tb
doi:10.1038/s41598-026-57407-3,hui-d,"Hui, David Shu Cheong",13,0,0,University of Hong Kong,China,university,1,2026,tb
doi:10.1038/s41598-026-57407-3,lee-p,"Lee, Pyng",14,0,1,National University of Singapore,Singapore,university,1,2026,tb
doi:10.1016/j.actatropica.2026.108305,teo-e,"Teo, Ernest Jm",1,1,0,National University of Singapore,Japan,university,2,2026,vector_borne
doi:10.1016/j.actatropica.2026.108305,kwak-m,"Kwak, Mackenzie L",2,0,0,,Japan,,1,2026,vector_borne
doi:10.1016/j.actatropica.2026.108305,cleary-n,"Cleary, Nora G",3,0,0,,United States,,1,2026,vector_borne
doi:10.1016/j.actatropica.2026.108305,low-v,"Low, Van Lun",4,0,0,University of Malaya,Malaysia,university,1,2026,vector_borne
doi:10.1016/j.actatropica.2026.108305,soe-b,"Soe, Babi Kyi",5,0,0,,Myanmar,,1,2026,vector_borne
doi:10.1016/j.actatropica.2026.108305,vonfricken-m,"von Fricken, Michael E",6,0,0,,United States,,1,2026,vector_borne
doi:10.1016/j.actatropica.2026.108305,letizia-a,"Letizia, Andrew G",7,0,0,,United States,,1,2026,vector_borne
doi:10.1016/j.actatropica.2026.108305,matsuno-k,"Matsuno, Keita",8,0,0,,Japan,,4,2026,vector_borne
doi:10.1016/j.actatropica.2026.108305,fornace-k,"Fornace, Kimberly M",9,0,0,National University of Singapore,Malaysia,university,3,2026,vector_borne
doi:10.1016/j.actatropica.2026.108305,malleret-b,"Malleret, Benoit",10,0,0,National University of Singapore,Singapore,university,1,2026,vector_borne
doi:10.1016/j.actatropica.2026.108305,nakao-r,"Nakao, Ryo",11,0,0,,Japan,,3,2026,vector_borne
doi:10.1016/j.actatropica.2026.108305,,,12,0,1,,,,0,2026,vector_borne
doi:10.1093/jac/dkag215,goodman-a,"Goodman, Anna L",1,1,0,,United Kingdom,,3,2026,amr_hai
doi:10.1093/jac/dkag215,easom-n,"Easom, Nicholas",2,0,0,,United Kingdom,,1,2026,amr_hai
doi:10.1093/jac/dkag215,bielopolski-d,"Bielopolski, Dana",3,0,0,,United Kingdom,,1,2026,amr_hai
doi:10.1093/jac/dkag215,sutherland-r,"Sutherland, Rebecca K",4,0,0,,United Kingdom,,1,2026,amr_hai
doi:10.1093/jac/dkag215,marks-m,"Marks, Michael",5,0,0,London School of Hygiene & Tropical Medicine,United Kingdom,university,2,2026,amr_hai
doi:10.1093/jac/dkag215,hensgens-m,"Hensgens, Marjolein P M",6,0,0,,Netherlands,,2,2026,amr_hai
doi:10.1093/jac/dkag215,bonten-m,"Bonten, Marc",7,0,0,,Netherlands,,1,2026,amr_hai
doi:10.1093/jac/dkag215,bostock-j,"Bostock, Jennifer",8,0,0,,United Kingdom,,1,2026,amr_hai
doi:10.1093/jac/dkag215,walls-g,"Walls, Genevieve",9,0,0,,New Zealand,,1,2026,amr_hai
doi:10.1093/jac/dkag215,lye-d,"Lye, David",10,0,0,Nanyang Technological University,Singapore,hospital,4,2026,amr_hai
doi:10.1093/jac/dkag215,boyles-t,"Boyles, Tom",11,0,0,,South Africa,,1,2026,amr_hai
doi:10.1093/jac/dkag215,yahav-d,"Yahav, Dafna",12,0,0,,Israel,,1,2026,amr_hai
doi:10.1093/jac/dkag215,cheng-m,"Cheng, Matthew P",13,0,0,,Canada,,1,2026,amr_hai
doi:10.1093/jac/dkag215,legg-a,"Legg, Amy",14,0,0,,Australia,,1,2026,amr_hai
doi:10.1093/jac/dkag215,paul-m,"Paul, Mical",15,0,0,,Israel,,2,2026,amr_hai
doi:10.1093/jac/dkag215,lescure-f,"Lescure, François-Xavier",16,0,0,,France,,1,2026,amr_hai
doi:10.1093/jac/dkag215,lee-t,"Lee, Todd C",17,0,0,,Canada,,1,2026,amr_hai
doi:10.1093/jac/dkag215,tong-s,"Tong, Steven Y C",18,0,0,Peter Doherty Institute for Infection and Immunity,Australia,research_institute,3,2026,amr_hai
doi:10.1093/jac/dkag215,davis-j,"Davis, Joshua S",19,0,1,,Australia,,3,2026,amr_hai
doi:10.1093/cid/ciag538,hardy-m,"Hardy, Melissa J",1,1,0,,Australia,,1,2026,other_id
doi:10.1093/cid/ciag538,harris-p,"Harris, Patrick N A",2,0,0,,Australia,,3,2026,other_id
doi:10.1093/cid/ciag538,mo-y,"Mo, Yin",3,0,0,Mahidol University,Singapore,hospital,5,2026,other_id
doi:10.1093/cid/ciag538,chatfield-m,"Chatfield, Mark D",4,0,0,,Australia,,1,2026,other_id
doi:10.1093/cid/ciag538,sulaiman-h,"Sulaiman, Helmi",5,0,0,University of Malaya,Malaysia,university,1,2026,other_id
doi:10.1093/cid/ciag538,liu-p,"Liu, Po-Yu",6,0,0,,Taiwan,,1,2026,other_id
doi:10.1093/cid/ciag538,yilmaz-m,"Yilmaz, Mesut",7,0,0,,Türkiye,,2,2026,other_id
doi:10.1093/cid/ciag538,salmuna-z,"Salmuna, Zeti Norfidiyati",8,0,0,,Malaysia,,1,2026,other_id
doi:10.1093/cid/ciag538,mazlan-m,"Mazlan, Mohd Zulfakar",9,0,0,,Malaysia,,1,2026,other_id
doi:10.1093/cid/ciag538,anunnatsiri-s,"Anunnatsiri, Siriluck",10,0,0,,Thailand,,1,2026,other_id
doi:10.1093/cid/ciag538,sirijatuphat-r,"Sirijatuphat, Rujipas",11,0,0,Mahidol University,Thailand,university,1,2026,other_id
doi:10.1093/cid/ciag538,chotiprasitsakul-d,"Chotiprasitsakul, Darunee",12,0,0,Mahidol University,Thailand,university,2,2026,other_id
doi:10.1093/cid/ciag538,lye-d,"Lye, David C",13,0,0,Communicable Diseases Agency,Singapore,government,5,2026,other_id
doi:10.1093/cid/ciag538,somani-j,"Somani, Jyoti",14,0,0,National University Hospital,Singapore,hospital,2,2026,other_id
doi:10.1093/cid/ciag538,kalimuddin-s,"Kalimuddin, Shirin",15,0,0,Duke-NUS Medical School,Singapore,hospital,2,2026,other_id
doi:10.1093/cid/ciag538,aslan-a,"Aslan, Abdullah T",16,0,0,,Australia,,1,2026,other_id
doi:10.1093/cid/ciag538,thamlikitkul-v,"Thamlikitkul, Visanu",17,0,0,Mahidol University,Thailand,university,1,2026,other_id
doi:10.1093/cid/ciag538,lee-y,"Lee, Yi-Tzu",18,0,0,,Taiwan,,2,2026,other_id
doi:10.1093/cid/ciag538,yang-y,"Yang, Ya-Sung",19,0,0,,Taiwan,,2,2026,other_id
doi:10.1093/cid/ciag538,lin-y,"Lin, Yi-Tsung",20,0,0,,Taiwan,,2,2026,other_id
doi:10.1093/cid/ciag538,cheng-o,"Cheng, Ong Hang",21,0,0,University of Malaya,Malaysia,university,1,2026,other_id
doi:10.1093/cid/ciag538,tseng-c,"Tseng, Chien-Hao",22,0,0,,Taiwan,,1,2026,other_id
doi:10.1093/cid/ciag538,archuleta-s,"Archuleta, Sophia",23,0,0,National University Hospital,Singapore,hospital,2,2026,other_id
doi:10.1093/cid/ciag538,chan-y,"Chan, Yvonne Fu Zi",24,0,0,Singapore General Hospital,Singapore,hospital,1,2026,other_id
doi:10.1093/cid/ciag538,colaco-c,"Colaco, Clinton M G",25,0,0,,Australia,,3,2026,other_id
doi:10.1093/cid/ciag538,paterson-d,"Paterson, David L",26,0,0,National University of Singapore,Australia,university,3,2026,other_id
doi:10.1093/cid/ciag538,,,27,0,1,,,,0,2026,other_id
doi:10.1080/22221751.2026.2665001,hu-l,"Hu, Li-Fen",1,1,0,National University of Singapore,China,university,4,2026,other_id
doi:10.1080/22221751.2026.2665001,tu-m,"Tu, Meng-Ya",2,0,0,,China,,1,2026,other_id
doi:10.1080/22221751.2026.2665001,zhang-d,"Zhang, Ding-Ye",3,0,0,,China,,1,2026,other_id
doi:10.1080/22221751.2026.2665001,sun-m,"Sun, Meng-Rui",4,0,0,,China,,1,2026,other_id
doi:10.1080/22221751.2026.2665001,liu-s,"Liu, Si-Yang",5,0,0,,China,,1,2026,other_id
doi:10.1080/22221751.2026.2665001,li-y,"Li, Yu-Yao",6,0,0,,China,,1,2026,other_id
doi:10.1080/22221751.2026.2665001,liu-m,"Liu, Meng-Yu",7,0,0,,China,,1,2026,other_id
doi:10.1080/22221751.2026.2665001,wang-y,"Wang, Yidan",8,0,0,National University of Singapore,China,university,2,2026,other_id
doi:10.1080/22221751.2026.2665001,lim-b,"Lim, Beng-Lee",9,0,0,National University of Singapore,Singapore,university,1,2026,other_id
doi:10.1080/22221751.2026.2665001,li-j,"Li, Jia-Bin",10,0,0,,China,,3,2026,other_id
doi:10.1080/22221751.2026.2665001,tan-c,"Tan, Chee Wah",11,0,0,National University of Singapore,Singapore,university,2,2026,other_id
doi:10.1080/22221751.2026.2665001,wang-l,"Wang, Lin-Fa",12,0,1,National University of Singapore,Singapore,university,1,2026,other_id
doi:10.1136/bmjgh-2025-019100,thay-s,"Thay, Sovannara",1,1,0,,Singapore,,1,2026,sti
doi:10.1136/bmjgh-2025-019100,vantha-t,"Vantha, Te",2,0,0,,Cambodia,,1,2026,sti
doi:10.1136/bmjgh-2025-019100,norman-j,"Norman, Judy",3,0,0,,Cambodia,,1,2026,sti
doi:10.1136/bmjgh-2025-019100,vanthanax-c,"Vanthanax, Chhut",4,0,0,,Cambodia,,1,2026,sti
doi:10.1136/bmjgh-2025-019100,eav-f,"Eav, Fanine",5,0,0,,Cambodia,,2,2026,sti
doi:10.1136/bmjgh-2025-019100,goldstein-a,"Goldstein, Amelia R",6,0,0,,United States,,1,2026,sti
doi:10.1136/bmjgh-2025-019100,skovronsky-g,"Skovronsky, Gabriella",7,0,0,,United States,,1,2026,sti
doi:10.1136/bmjgh-2025-019100,gersh-m,"Gersh, Mallory",8,0,0,,United States,,1,2026,sti
doi:10.1136/bmjgh-2025-019100,kopits-i,"Kopits, Isabella",9,0,0,,United States,,1,2026,sti
doi:10.1136/bmjgh-2025-019100,okeefe-k,"O'Keefe, Karen",10,0,0,,United States,,1,2026,sti
doi:10.1136/bmjgh-2025-019100,okeefe-c,"O'Keefe, Casey",11,0,0,,United States,,1,2026,sti
doi:10.1136/bmjgh-2025-019100,bedell-s,"Bedell, Sarah",12,0,0,,United States,,1,2026,sti
doi:10.1136/bmjgh-2025-019100,goldstein-g,"Goldstein, Gail",13,0,0,,United States,,1,2026,sti
doi:10.1136/bmjgh-2025-019100,guillen-d,"Guillén, Diego",14,0,0,,Costa Rica,,1,2026,sti
doi:10.1136/bmjgh-2025-019100,moss-c,"Moss, Chailee",15,0,0,,United States,,3,2026,sti
doi:10.1136/bmjgh-2025-019100,cigna-s,"Cigna, Sarah",16,0,0,,United States,,2,2026,sti
doi:10.1136/bmjgh-2025-019100,goldstein-a,"Goldstein, Andrew T",17,0,1,,United States,,3,2026,sti
doi:10.47102/annals-acadmedsg.2026237,sun-l,"Sun, Louisa",1,1,0,Alexandra Hospital,Singapore,hospital,2,2026,amr_hai
doi:10.47102/annals-acadmedsg.2026237,smitasin-n,"Smitasin, Nares",2,0,0,National University Hospital,Singapore,hospital,2,2026,amr_hai
doi:10.47102/annals-acadmedsg.2026237,salada-b,"Salada, Brenda Mae Alferez",3,0,0,National University Hospital,Singapore,hospital,1,2026,amr_hai
doi:10.47102/annals-acadmedsg.2026237,teo-c,"Teo, Cathrine",4,0,0,National University Hospital,Singapore,hospital,1,2026,amr_hai
doi:10.47102/annals-acadmedsg.2026237,pandya-g,"Pandya, Garvi",5,0,0,National University Hospital,Singapore,hospital,1,2026,amr_hai
doi:10.47102/annals-acadmedsg.2026237,hu-x,"Hu, Xin",6,0,0,National University Hospital,Singapore,hospital,1,2026,amr_hai
doi:10.47102/annals-acadmedsg.2026237,fisher-d,"Fisher, Dale Andrew",7,0,1,National University Hospital,Singapore,hospital,2,2026,amr_hai
doi:10.4103/tp.tp_51_25,abdulqader-a,"Abdulqader, Ali",1,1,0,,Iraq,,1,2026,vector_borne
doi:10.4103/tp.tp_51_25,arkah-z,"Arkah, Zinah Mohsin",2,0,0,,Iraq,,1,2026,vector_borne
doi:10.4103/tp.tp_51_25,ali-f,"Ali, Faisal",3,0,0,,Singapore,,3,2026,vector_borne
doi:10.4103/tp.tp_51_25,shamsir-m,"Shamsir, Mohd Shahir",4,0,1,,Malaysia,,1,2026,vector_borne
doi:10.1038/s41598-026-55917-8,pinton-p,"Pinton, Philippe",1,1,0,,Denmark,,2,2026,tb
doi:10.1038/s41598-026-55917-8,kawano-h,"Kawano, Haruna",2,0,0,,Japan,,1,2026,tb
doi:10.1038/s41598-026-55917-8,patschan-o,"Patschan, Oliver",3,0,0,,Denmark,,1,2026,tb
doi:10.1038/s41598-026-55917-8,ravi-a,"Ravi, Arjun",4,0,0,,Denmark,,1,2026,tb
doi:10.1038/s41598-026-55917-8,nakano-a,"Nakano, Atsushi",5,0,0,,Japan,,1,2026,tb
doi:10.1038/s41598-026-55917-8,auvaro-p,"Auvaro, Philippe",6,0,0,,Japan,,1,2026,tb
doi:10.1038/s41598-026-55917-8,mukherjee-a,"Mukherjee, Apurba",7,0,1,,Singapore,,1,2026,tb
doi:10.1016/j.celrep.2026.117311,singh-s,"Singh, Samsher",1,1,0,Nanyang Technological University,Singapore,university,1,2026,tb
doi:10.1016/j.celrep.2026.117311,sorayah-r,"Sorayah, Ria",2,0,0,Nanyang Technological University,Singapore,university,1,2026,tb
doi:10.1016/j.celrep.2026.117311,chen-y,"Chen, Yushu",3,0,0,National University of Singapore,Singapore,university,1,2026,tb
doi:10.1016/j.celrep.2026.117311,mulholland-c,"Mulholland, Claire V",4,0,0,,United States,,1,2026,tb
doi:10.1016/j.celrep.2026.117311,daher-w,"Daher, Wassim",5,0,0,,France,,2,2026,tb
doi:10.1016/j.celrep.2026.117311,pee-c,"Pee, Carmen J E",6,0,0,Nanyang Technological University,Singapore,university,2,2026,tb
doi:10.1016/j.celrep.2026.117311,tan-c,"Tan, Casandra Ai Zhu",7,0,0,Nanyang Technological University,Singapore,university,1,2026,tb
doi:10.1016/j.celrep.2026.117311,wee-d,"Wee, Denise",8,0,0,A*STAR Infectious Diseases Labs,Singapore,research_institute,1,2026,tb
doi:10.1016/j.celrep.2026.117311,chen-z,"Chen, Zhuoyan",9,0,0,,France,,1,2026,tb
doi:10.1016/j.celrep.2026.117311,oehlers-s,"Oehlers, Stefan H",10,0,0,A*STAR Infectious Diseases Labs,Singapore,research_institute,2,2026,tb
doi:10.1016/j.celrep.2026.117311,kline-k,"Kline, Kimberly A",11,0,0,,Switzerland,,1,2026,tb
doi:10.1016/j.celrep.2026.117311,chng-s,"Chng, Shu Sin",12,0,0,Nanyang Technological University,Singapore,university,2,2026,tb
doi:10.1016/j.celrep.2026.117311,berney-m,"Berney, Michael",13,0,0,,Switzerland,,2,2026,tb
doi:10.1016/j.celrep.2026.117311,kremer-l,"Kremer, Laurent",14,0,0,,France,,2,2026,tb
doi:10.1016/j.celrep.2026.117311,moraski-g,"Moraski, Garrett",15,0,0,,United States,,1,2026,tb
doi:10.1016/j.celrep.2026.117311,pethe-k,"Pethe, Kevin",16,0,1,A*STAR Infectious Diseases Labs,Singapore,research_institute,4,2026,tb
doi:10.1038/s44321-026-00378-9,rahman-n,"Rahman, Nurlilah Ab",1,1,0,Nanyang Technological University,Singapore,university,1,2026,tb
doi:10.1038/s44321-026-00378-9,singh-s,"Singh, Samsher",2,0,0,Nanyang Technological University,Singapore,university,1,2026,tb
doi:10.1038/s44321-026-00378-9,wiggins-t,"Wiggins, Thomas",3,0,0,,United States,,1,2026,tb
doi:10.1038/s44321-026-00378-9,santos-m,"Santos, May Delos",4,0,0,,Singapore,,1,2026,tb
doi:10.1038/s44321-026-00378-9,moraski-g,"Moraski, Garrett C",5,0,0,,United States,,1,2026,tb
doi:10.1038/s44321-026-00378-9,miller-m,"Miller, Marvin J",6,0,0,,United States,,1,2026,tb
doi:10.1038/s44321-026-00378-9,berney-m,"Berney, Michael",7,0,0,,Switzerland,,2,2026,tb
doi:10.1038/s44321-026-00378-9,pethe-k,"Pethe, Kevin",8,0,1,Nanyang Technological University,Singapore,hospital,5,2026,tb
doi:10.1128/mbio.03518-25,kawai-a,"Kawai, Akito",1,1,0,,Japan,,1,2026,amr_hai
doi:10.1128/mbio.03518-25,mcelheny-c,"McElheny, Christi L",2,0,0,,United States,,1,2026,amr_hai
doi:10.1128/mbio.03518-25,shields-r,"Shields, Ryan K",3,0,0,,United States,,1,2026,amr_hai
doi:10.1128/mbio.03518-25,arias-c,"Arias, Cesar A",4,0,0,,United States,,3,2026,amr_hai
doi:10.1128/mbio.03518-25,paterson-d,"Paterson, David L",5,0,0,National University of Singapore,Singapore,university,2,2026,amr_hai
doi:10.1128/mbio.03518-25,patel-r,"Patel, Robin",6,0,0,,United States,,1,2026,amr_hai
doi:10.1128/mbio.03518-25,bonomo-r,"Bonomo, Robert A",7,0,0,,United States,,2,2026,amr_hai
doi:10.1128/mbio.03518-25,fowler-v,"Fowler, Vance G",8,0,0,,United States,,1,2026,amr_hai
doi:10.1128/mbio.03518-25,vanduin-d,"van Duin, David",9,0,0,,United States,,1,2026,amr_hai
doi:10.1128/mbio.03518-25,doi-y,"Doi, Yohei",10,0,1,,Japan,,3,2026,amr_hai
doi:10.3390/insects17070716,chiang-s,"Chiang, Suzanna",1,1,0,Environmental Health Institute,Singapore,government,1,2026,vector_borne
doi:10.3390/insects17070716,pang-s,"Pang, Sook-Cheng",2,0,0,Environmental Health Institute,Singapore,government,1,2026,vector_borne
doi:10.3390/insects17070716,koou-s,"Koou, Sin-Ying",3,0,0,Environmental Health Institute,Singapore,government,1,2026,vector_borne
doi:10.3390/insects17070716,abdolrahman-m,"Abdol Rahman, Mohd Zulkefli",4,0,0,National Environment Agency,Singapore,government,1,2026,vector_borne
doi:10.3390/insects17070716,ng-l,"Ng, Lee-Ching",5,0,0,Environmental Health Institute,Singapore,government,3,2026,vector_borne
doi:10.3390/insects17070716,tan-c,"Tan, Cheong-Huat",6,0,1,Environmental Health Institute,Singapore,government,1,2026,vector_borne
doi:10.1021/acs.jmedchem.5c01616,singh-s,"Singh, Samsher",1,1,0,Nanyang Technological University,Singapore,university,1,2026,tb
doi:10.1021/acs.jmedchem.5c01616,ng-p,"Ng, Pearly Shuyi",2,0,0,Experimental Drug Development Centre,Singapore,research_institute,1,2026,tb
doi:10.1021/acs.jmedchem.5c01616,lakshmanan-u,"Lakshmanan, Umayal",3,0,0,Experimental Drug Development Centre,Singapore,research_institute,1,2026,tb
doi:10.1021/acs.jmedchem.5c01616,mathiyazakan-v,"Mathiyazakan, Vikneswaran",4,0,0,Nanyang Technological University,Singapore,university,2,2026,tb
doi:10.1021/acs.jmedchem.5c01616,wiggins-t,"Wiggins, Thomas",5,0,0,,United States,,1,2026,tb
doi:10.1021/acs.jmedchem.5c01616,lee-b,"Lee, Bei Shi",6,0,0,Nanyang Technological University,Singapore,university,2,2026,tb
doi:10.1021/acs.jmedchem.5c01616,ang-s,"Ang, Shi Hua",7,0,0,Experimental Drug Development Centre,Singapore,research_institute,1,2026,tb
doi:10.1021/acs.jmedchem.5c01616,linsim-s,"Lin Sim, Sandra Wei",8,0,0,Experimental Drug Development Centre,Singapore,research_institute,1,2026,tb
doi:10.1021/acs.jmedchem.5c01616,santos-m,"Santos, May Delos",9,0,0,,Singapore,,1,2026,tb
doi:10.1021/acs.jmedchem.5c01616,moraski-g,"Moraski, Garrett",10,0,0,,United States,,1,2026,tb
doi:10.1021/acs.jmedchem.5c01616,miller-m,"Miller, Marvin",11,0,0,,United States,,1,2026,tb
doi:10.1021/acs.jmedchem.5c01616,berney-m,"Berney, Michael",12,0,0,,Switzerland,,2,2026,tb
doi:10.1021/acs.jmedchem.5c01616,gruber-g,"Grüber, Gerhard",13,0,0,Nanyang Technological University,Singapore,university,1,2026,tb
doi:10.1021/acs.jmedchem.5c01616,pethe-k,"Pethe, Kevin",14,0,1,Nanyang Technological University,Singapore,hospital,4,2026,tb
pmid:42525700,davidson-s,"Davidson, Silas",1,1,0,,,,1,2026,vector_borne
pmid:42525700,lindroth-e,"Lindroth, Erica",2,0,0,,Thailand,,1,2026,vector_borne
pmid:42525700,rigby-l,"Rigby, Lisa",3,0,0,,,,1,2026,vector_borne
pmid:42525700,mann-a,"Mann, Alyssa",4,0,0,,Thailand,,1,2026,vector_borne
pmid:42525700,chow-w,"Chow, Weng",5,0,0,,,,1,2026,vector_borne
pmid:42525700,salyer-a,"Salyer, Adam",6,0,0,,Singapore,,1,2026,vector_borne
pmid:42525700,petousisharris-d,"Petousis-Harris, Danyon",7,0,0,,New Zealand,,1,2026,vector_borne
pmid:42525700,hunn-s,"Hunn, Steve",8,0,0,,New Zealand,,1,2026,vector_borne
pmid:42525700,buekerman-c,"Buekerman, Christopher",9,0,0,,New Zealand,,1,2026,vector_borne
pmid:42525700,frances-s,"Frances, Stephen",10,0,0,,,,1,2026,vector_borne
pmid:42525700,debboun-m,"Debboun, Mustapha",11,0,1,,,,1,2026,vector_borne
doi:10.1021/acssensors.6c00688,adams-a,"Adams, Alexandra M",1,1,0,,United States,,1,2026,rti
doi:10.1021/acssensors.6c00688,pimentel-e,"Pimentel, Edward B",2,0,0,,United States,,1,2026,rti
doi:10.1021/acssensors.6c00688,loh-n,"Loh, N Duane",3,0,0,National University of Singapore,Singapore,university,3,2026,rti
doi:10.1021/acssensors.6c00688,gidi-y,"Gidi, Yasser",4,0,0,,United States,,1,2026,rti
doi:10.1021/acssensors.6c00688,hein-l,"Hein, Linus A",5,0,0,,United States,,1,2026,rti
doi:10.1021/acssensors.6c00688,eisenstein-m,"Eisenstein, Michael",6,0,0,,United States,,2,2026,rti
doi:10.1021/acssensors.6c00688,soh-h,"Soh, H Tom",7,0,1,,United States,,3,2026,rti
doi:10.7759/cureus.101901,cheong-t,"Cheong, Teddy",1,1,0,Changi General Hospital,Singapore,hospital,1,2026,sti
doi:10.7759/cureus.101901,mehta-k,"Mehta, Kinjal",2,0,1,Changi General Hospital,Singapore,hospital,1,2026,sti
doi:10.1021/acs.est.6c03391,alvarezfraga-l,"Álvarez-Fraga, Laura",1,1,0,,France,,1,2026,amr_hai
doi:10.1021/acs.est.6c03391,amarasiri-m,"Amarasiri, Mohan",2,0,0,,Japan,,1,2026,amr_hai
doi:10.1021/acs.est.6c03391,arnal-c,"Arnal, Charlotte",3,0,0,,France,,1,2026,amr_hai
doi:10.1021/acs.est.6c03391,bellanger-x,"Bellanger, Xavier",4,0,0,,France,,1,2026,amr_hai
doi:10.1021/acs.est.6c03391,benoit-p,"Benoit, Pierre",5,0,0,,France,,1,2026,amr_hai
doi:10.1021/acs.est.6c03391,berendonk-t,"Berendonk, Thomas",6,0,0,,Germany,,1,2026,amr_hai
doi:10.1021/acs.est.6c03391,bourdin-t,"Bourdin, Thibault",7,0,0,,France,,1,2026,amr_hai
doi:10.1021/acs.est.6c03391,carson-c,"Carson, Carolee Anne",8,0,0,,Canada,,1,2026,amr_hai
doi:10.1021/acs.est.6c03391,cytryn-e,"Cytryn, Eddie",9,0,0,,Israel,,1,2026,amr_hai
doi:10.1021/acs.est.6c03391,dellanegra-o,"Della-Negra, Oriane",10,0,0,,France,,1,2026,amr_hai
doi:10.1021/acs.est.6c03391,dicesare-a,"Di Cesare, Andrea",11,0,0,,Italy,,1,2026,amr_hai
doi:10.1021/acs.est.6c03391,djordjevic-s,"Djordjevic, Steven P",12,0,0,,Australia,,1,2026,amr_hai
doi:10.1021/acs.est.6c03391,drigo-b,"Drigo, Barbara",13,0,0,,Australia,,2,2026,amr_hai
doi:10.1021/acs.est.6c03391,donner-e,"Donner, Erica",14,0,0,,Australia,,2,2026,amr_hai
doi:10.1021/acs.est.6c03391,drei-p,"Drei, Pietro",15,0,0,,Italy,,1,2026,amr_hai
doi:10.1021/acs.est.6c03391,frigon-d,"Frigon, Dominic",16,0,0,,Canada,,1,2026,amr_hai
doi:10.1021/acs.est.6c03391,gagoferrero-p,"Gago-Ferrero, Pablo",17,0,0,,Spain,,1,2026,amr_hai
doi:10.1021/acs.est.6c03391,gaze-w,"Gaze, William H",18,0,0,,United Kingdom,,1,2026,amr_hai
doi:10.1021/acs.est.6c03391,yewhoonggin-k,"Yew-Hoong Gin, Karina",19,0,0,National University of Singapore,Singapore,university,1,2026,amr_hai
doi:10.1021/acs.est.6c03391,greenwald-d,"Greenwald, Danny",20,0,0,,Israel,,1,2026,amr_hai
doi:10.1021/acs.est.6c03391,guo-b,"Guo, Bing",21,0,0,,United Kingdom,,1,2026,amr_hai
doi:10.1021/acs.est.6c03391,hocquet-d,"Hocquet, Didier",22,0,0,,France,,1,2026,amr_hai
doi:10.1021/acs.est.6c03391,honda-r,"Honda, Ryo",23,0,0,,Japan,,1,2026,amr_hai
doi:10.1021/acs.est.6c03391,lejeune-j,"LeJeune, Jeffrey",24,0,0,,Italy,,1,2026,amr_hai
doi:10.1021/acs.est.6c03391,lemarechal-c,"Le Maréchal, Caroline",25,0,0,,France,,1,2026,amr_hai
doi:10.1021/acs.est.6c03391,maffettone-r,"Maffettone, Roberta",26,0,0,,Italy,,1,2026,amr_hai
doi:10.1021/acs.est.6c03391,manaia-c,"Manaia, Célia M",27,0,0,,Portugal,,1,2026,amr_hai
doi:10.1021/acs.est.6c03391,martak-d,"Martak, Daniel",28,0,0,,France,,1,2026,amr_hai
doi:10.1021/acs.est.6c03391,martinlaurent-f,"Martin-Laurent, Fabrice",29,0,0,,France,,1,2026,amr_hai
doi:10.1021/acs.est.6c03391,merlin-c,"Merlin, Christophe",30,0,0,,France,,1,2026,amr_hai
doi:10.1021/acs.est.6c03391,mrozinski-a,"Mrozinski, Alexandre",31,0,0,,France,,2,2026,amr_hai
doi:10.1021/acs.est.6c03391,patureau-d,"Patureau, Dominique",32,0,0,,France,,1,2026,amr_hai
doi:10.1021/acs.est.6c03391,pollice-a,"Pollice, Alfieri",33,0,0,,Italy,,1,2026,amr_hai
doi:10.1021/acs.est.6c03391,pruden-a,"Pruden, Amy",34,0,0,,United States,,1,2026,amr_hai
doi:10.1021/acs.est.6c03391,vandenakker-b,"van den Akker, Ben",35,0,0,,Australia,,1,2026,amr_hai
doi:10.1021/acs.est.6c03391,vasileiadis-s,"Vasileiadis, Sotirios",36,0,0,,Greece,,1,2026,amr_hai
doi:10.1021/acs.est.6c03391,wery-n,"Wéry, Nathalie",37,0,0,,France,,1,2026,amr_hai
doi:10.1021/acs.est.6c03391,topp-e,"Topp, Edward",38,0,1,,Canada,,2,2026,amr_hai
doi:10.1021/acssensors.5c04309,perezramirez-i,"Pérez-Ramírez, Ian",1,1,0,,Chile,,2,2026,amr_hai
doi:10.1021/acssensors.5c04309,galvezsilva-m,"Gálvez-Silva, Matías",2,0,0,,Chile,,1,2026,amr_hai
doi:10.1021/acssensors.5c04309,rojas-d,"Rojas, Diego",3,0,0,,Chile,,1,2026,amr_hai
doi:10.1021/acssensors.5c04309,ramos-a,"Ramos, Antonia",4,0,0,,Chile,,1,2026,amr_hai
doi:10.1021/acssensors.5c04309,bravo-m,"Bravo, Miranda",5,0,0,,Chile,,1,2026,amr_hai
doi:10.1021/acssensors.5c04309,chen-y,"Chen, Yahua",6,0,0,National University of Singapore,Singapore,university,1,2026,amr_hai
doi:10.1021/acssensors.5c04309,gan-y,"Gan, Yunn-Hwen",7,0,0,National University of Singapore,Singapore,university,1,2026,amr_hai
doi:10.1021/acssensors.5c04309,chavez-f,"Chávez, Francisco P",8,0,0,,Chile,,1,2026,amr_hai
doi:10.1021/acssensors.5c04309,marcoleta-a,"Marcoleta, Andrés E",9,0,1,,Chile,,1,2026,amr_hai
doi:10.1016/j.mtbio.2026.103530,song-y,"Song, Yongteng",1,1,0,Nanyang Technological University,China,university,3,2026,other_id
doi:10.1016/j.mtbio.2026.103530,zhang-h,"Zhang, Haiguang",2,0,0,,China,,3,2026,other_id
doi:10.1016/j.mtbio.2026.103530,tang-y,"Tang, Yuxuan",3,0,0,Nanyang Technological University,Singapore,university,1,2026,other_id
doi:10.1016/j.mtbio.2026.103530,wang-j,"Wang, Jie",4,0,0,Nanyang Technological University,China,university,2,2026,other_id
doi:10.1016/j.mtbio.2026.103530,zhang-s,"Zhang, Shujun",5,0,0,Nanyang Technological University,China,university,2,2026,other_id
doi:10.1016/j.mtbio.2026.103530,gao-x,"Gao, Xinchao",6,0,0,Nanyang Technological University,Singapore,university,1,2026,other_id
doi:10.1016/j.mtbio.2026.103530,yang-y,"Yang, Yuanhang",7,0,0,Nanyang Technological University,Singapore,university,1,2026,other_id
doi:10.1016/j.mtbio.2026.103530,hu-q,"Hu, Qingxi",8,0,0,,China,,3,2026,other_id
doi:10.1016/j.mtbio.2026.103530,huang-c,"Huang, Changjin",9,0,1,Nanyang Technological University,Singapore,university,1,2026,other_id
doi:10.1016/j.socscimed.2026.119146,mu-r,"Mu, Rong",1,1,0,National University of Singapore,Singapore,university,2,2026,sti
doi:10.1016/j.socscimed.2026.119146,ho-v,"Ho, Vanessa",2,0,0,,Singapore,,1,2026,sti
doi:10.1016/j.socscimed.2026.119146,toh-s,"Toh, Sook Lin",3,0,0,,Singapore,,2,2026,sti
doi:10.1016/j.socscimed.2026.119146,koh-s,"Koh, Shermaine",4,0,0,,Singapore,,1,2026,sti
doi:10.1016/j.socscimed.2026.119146,pancadarma-n,"Pancadarma, Nur Binte Sarah",5,0,0,,Singapore,,1,2026,sti
doi:10.1016/j.socscimed.2026.119146,kang-a,"Kang, Audrey",6,0,0,,Singapore,,1,2026,sti
doi:10.1016/j.socscimed.2026.119146,tan-r,"Tan, Rayner Kay Jin",7,0,0,National University of Singapore,Singapore,university,2,2026,sti
doi:10.1016/j.socscimed.2026.119146,howard-n,"Howard, Natasha",8,0,1,London School of Hygiene & Tropical Medicine,Singapore,university,2,2026,sti
doi:10.3390/insects17080770,zulkifli-m,"Zulkifli, Muhammad Faizal",1,1,0,Environmental Health Institute,Singapore,government,1,2026,vector_borne
doi:10.3390/insects17080770,liew-j,"Liew, Jonathan Wee Kent",2,0,0,Environmental Health Institute,Singapore,government,1,2026,vector_borne
doi:10.3390/insects17080770,wong-m,"Wong, Meng Li",3,0,0,Environmental Health Institute,Singapore,government,1,2026,vector_borne
doi:10.3390/insects17080770,deng-l,"Deng, Lu",4,0,0,Environmental Health Institute,Singapore,government,1,2026,vector_borne
doi:10.3390/insects17080770,tan-c,"Tan, Cheong-Huat",5,0,1,Environmental Health Institute,Singapore,government,1,2026,vector_borne
doi:10.1080/21505594.2025.2580163,loh-s,"Loh, Su Ning",1,1,0,National University of Singapore,Singapore,university,1,2025,vector_borne
doi:10.1080/21505594.2025.2580163,liao-d,"Liao, Dan",2,0,0,National University of Singapore,Singapore,university,1,2025,vector_borne
doi:10.1080/21505594.2025.2580163,lee-r,"Lee, Regina Ching Hua",3,0,0,National University Health System,Singapore,hospital,1,2025,vector_borne
doi:10.1080/21505594.2025.2580163,chu-j,"Chu, Justin Jang Hann",4,0,0,National University Health System,Singapore,hospital,1,2025,vector_borne
doi:10.1080/21505594.2025.2580163,kini-r,"Kini, R Manjunatha",5,0,0,National University of Singapore,Singapore,university,2,2025,vector_borne
doi:10.1080/21505594.2025.2580163,mok-y,"Mok, Yu Keung",6,0,0,National University of Singapore,Singapore,university,1,2025,vector_borne
doi:10.1080/21505594.2025.2580163,koh-c,"Koh, Cho Yeow",7,0,0,National University of Singapore,Singapore,university,2,2025,vector_borne
doi:10.1080/21505594.2025.2580163,sivaraman-j,"Sivaraman, J",8,0,1,National University of Singapore,Singapore,university,1,2025,vector_borne
doi:10.1016/s1473-3099(24)00794-1,lackritz-e,"Lackritz, Eve M",1,1,0,,United States,,1,2025,vector_borne
doi:10.1016/s1473-3099(24)00794-1,ng-l,"Ng, Lee-Ching",2,0,0,National University of Singapore,Singapore,university,1,2025,vector_borne
doi:10.1016/s1473-3099(24)00794-1,marques-e,"Marques, Ernesto T A",3,0,0,,Brazil,,2,2025,vector_borne
doi:10.1016/s1473-3099(24)00794-1,rabe-i,"Rabe, Ingrid B",4,0,0,World Health Organization,Switzerland,government,1,2025,vector_borne
doi:10.1016/s1473-3099(24)00794-1,bourne-n,"Bourne, Nigel",5,0,0,,United States,,2,2025,vector_borne
doi:10.1016/s1473-3099(24)00794-1,staples-j,"Staples, J Erin",6,0,0,US Centers for Disease Control and Prevention,United States,government,1,2025,vector_borne
doi:10.1016/s1473-3099(24)00794-1,mendezrico-j,"Méndez-Rico, Jairo A",7,0,0,World Health Organization,United States,government,1,2025,vector_borne
doi:10.1016/s1473-3099(24)00794-1,harris-e,"Harris, Eva",8,0,0,,United States,,1,2025,vector_borne
doi:10.1016/s1473-3099(24)00794-1,brault-a,"Brault, Aaron C",9,0,0,US Centers for Disease Control and Prevention,United States,government,1,2025,vector_borne
doi:10.1016/s1473-3099(24)00794-1,ko-a,"Ko, Albert I",10,0,0,,Brazil,,3,2025,vector_borne
doi:10.1016/s1473-3099(24)00794-1,beasley-d,"Beasley, David W C",11,0,0,,United States,,2,2025,vector_borne
doi:10.1016/s1473-3099(24)00794-1,leighton-t,"Leighton, Tabitha",12,0,0,,United States,,1,2025,vector_borne
doi:10.1016/s1473-3099(24)00794-1,wildersmith-a,"Wilder-Smith, Annelies",13,0,0,World Health Organization,Switzerland,government,1,2025,vector_borne
doi:10.1016/s1473-3099(24)00794-1,ostrowsky-j,"Ostrowsky, Julia T",14,0,0,,United States,,1,2025,vector_borne
doi:10.1016/s1473-3099(24)00794-1,mehr-a,"Mehr, Angela J",15,0,0,,United States,,1,2025,vector_borne
doi:10.1016/s1473-3099(24)00794-1,ulrich-a,"Ulrich, Angela K",16,0,0,,United States,,1,2025,vector_borne
doi:10.1016/s1473-3099(24)00794-1,velayudhan-r,"Velayudhan, Raman",17,0,0,World Health Organization,Switzerland,government,1,2025,vector_borne
doi:10.1016/s1473-3099(24)00794-1,golding-j,"Golding, Josephine P",18,0,0,,United Kingdom,,1,2025,vector_borne
doi:10.1016/s1473-3099(24)00794-1,fay-p,"Fay, Petra C",19,0,0,,United Kingdom,,1,2025,vector_borne
doi:10.1016/s1473-3099(24)00794-1,cehovin-a,"Cehovin, Ana",20,0,0,,United Kingdom,,1,2025,vector_borne
doi:10.1016/s1473-3099(24)00794-1,moua-n,"Moua, Nicolina M",21,0,0,,United States,,1,2025,vector_borne
doi:10.1016/s1473-3099(24)00794-1,moore-k,"Moore, Kristine A",22,0,0,,United States,,1,2025,vector_borne
doi:10.1016/s1473-3099(24)00794-1,osterholm-m,"Osterholm, Michael T",23,0,0,,United States,,1,2025,vector_borne
doi:10.1016/s1473-3099(24)00794-1,barrett-a,"Barrett, Alan D T",24,0,0,,United States,,2,2025,vector_borne
doi:10.1016/s1473-3099(24)00794-1,,,25,0,1,,,,0,2025,vector_borne
doi:10.1016/j.survophthal.2025.09.011,cifuentesgonzalez-c,"Cifuentes-González, Carlos",1,1,0,Tan Tock Seng Hospital,Colombia,hospital,3,2025,tb
doi:10.1016/j.survophthal.2025.09.011,putera-i,"Putera, Ikhwanuliman",2,0,0,,Netherlands,,1,2025,tb
doi:10.1016/j.survophthal.2025.09.011,walter-c,"Walter, Cheong Fu Yuan",3,0,0,National University of Singapore,Singapore,university,1,2025,tb
doi:10.1016/j.survophthal.2025.09.011,mejiasalgado-g,"Mejía-Salgado, Germán",4,0,0,,Colombia,,1,2025,tb
doi:10.1016/j.survophthal.2025.09.011,letong-y,"Le Tong, Yong",5,0,0,Universitas Indonesia,Indonesia,university,1,2025,tb
doi:10.1016/j.survophthal.2025.09.011,chan-r,"Chan, Reo",6,0,0,Universitas Indonesia,Indonesia,university,1,2025,tb
doi:10.1016/j.survophthal.2025.09.011,rojascarabali-w,"Rojas-Carabali, William",7,0,0,Nanyang Technological University,Singapore,hospital,3,2025,tb
doi:10.1016/j.survophthal.2025.09.011,song-x,"Song, Xin Ying Rachel",8,0,0,Tan Tock Seng Hospital,Singapore,hospital,1,2025,tb
doi:10.1016/j.survophthal.2025.09.011,mobasserian-a,"Mobasserian, Azadeh",9,0,0,,United States,,1,2025,tb
doi:10.1016/j.survophthal.2025.09.011,nora-r,"Nora, Rina La Distia",10,0,0,,Netherlands,,1,2025,tb
doi:10.1016/j.survophthal.2025.09.011,biswas-j,"Biswas, Jyotirmay",11,0,0,,India,,1,2025,tb
doi:10.1016/j.survophthal.2025.09.011,gangaputra-s,"Gangaputra, Sapna",12,0,0,,United States,,1,2025,tb
doi:10.1016/j.survophthal.2025.09.011,pulido-j,"Pulido, Jose S",13,0,0,,United States,,2,2025,tb
doi:10.1016/j.survophthal.2025.09.011,kempen-j,"Kempen, John H",14,0,0,Harvard University,Ethiopia,university,5,2025,tb
doi:10.1016/j.survophthal.2025.09.011,nguyen-q,"Nguyen, Quan Dong",15,0,0,,United States,,1,2025,tb
doi:10.1016/j.survophthal.2025.09.011,delatorre-a,"de-la-Torre, Alejandra",16,0,0,,Colombia,,1,2025,tb
doi:10.1016/j.survophthal.2025.09.011,gupta-v,"Gupta, Vishali",17,0,0,,India,,1,2025,tb
doi:10.1016/j.survophthal.2025.09.011,rosenbaum-j,"Rosenbaum, James T",18,0,0,,United States,,1,2025,tb
doi:10.1016/j.survophthal.2025.09.011,agrawal-r,"Agrawal, Rupesh",19,0,0,Duke-NUS Medical School,Singapore,hospital,6,2025,tb
doi:10.1016/j.survophthal.2025.09.011,,,20,0,1,,,,0,2025,tb
doi:10.1016/j.ajic.2025.11.002,elangovan-s,"Elangovan, Shalini",1,1,0,Duke-NUS Medical School,Singapore,university,1,2025,rti
doi:10.1016/j.ajic.2025.11.002,graves-n,"Graves, Nicholas",2,0,1,Duke-NUS Medical School,Singapore,university,1,2025,rti
doi:10.1186/s13063-025-08887-7,tsogt-b,"Tsogt, Bazarragchaa",1,1,0,,Mongolia,,2,2025,tb
doi:10.1186/s13063-025-08887-7,gurumurthy-m,"Gurumurthy, Meera",2,0,0,,Singapore,,1,2025,tb
doi:10.1186/s13063-025-08887-7,giallongo-e,"Giallongo, Elisa",3,0,0,,United Kingdom,,1,2025,tb
doi:10.1186/s13063-025-08887-7,sanders-k,"Sanders, Karen",4,0,0,,United Kingdom,,1,2025,tb
doi:10.1186/s13063-025-08887-7,munkhjargal-g,"Munkhjargal, Ganzorig",5,0,0,,Mongolia,,2,2025,tb
doi:10.1186/s13063-025-08887-7,khukhuukhen-z,"Khukhuukhen, Zayakhuu",6,0,0,,Mongolia,,1,2025,tb
doi:10.1186/s13063-025-08887-7,bolormaa-e,"Bolormaa, Enkhjin",7,0,0,,Mongolia,,1,2025,tb
doi:10.1186/s13063-025-08887-7,raash-e,"Raash, Enkhtuvshin",8,0,0,,Mongolia,,1,2025,tb
doi:10.1186/s13063-025-08887-7,nyamdavaa-n,"Nyamdavaa, Naranbat",9,0,0,,Mongolia,,1,2025,tb
doi:10.1186/s13063-025-08887-7,bronson-g,"Bronson, Gay",10,0,1,,United States,,1,2025,tb
doi:10.1007/s10461-025-04964-9,naidu-k,"Naidu, Kuhanesan N C",1,1,0,National University Health System,Singapore,hospital,2,2025,sti
doi:10.1007/s10461-025-04964-9,ong-c,"Ong, Clarence",2,0,0,National University of Singapore,Singapore,university,1,2025,sti
doi:10.1007/s10461-025-04964-9,tan-r,"Tan, Rayner Kay Jin",3,0,0,National University of Singapore,Singapore,university,1,2025,sti
doi:10.1007/s10461-025-04964-9,le-t,"Le, Tiane",4,0,0,National University Health System,Singapore,hospital,1,2025,sti
doi:10.1007/s10461-025-04964-9,ching-c,"Ching, Chia Siok",5,0,0,National University Health System,Singapore,hospital,1,2025,sti
doi:10.1007/s10461-025-04964-9,chia-t,"Chia, Timothy Pang Chern",6,0,0,National University Health System,Singapore,hospital,1,2025,sti
doi:10.1007/s10461-025-04964-9,archuleta-s,"Archuleta, Sophia",7,0,0,National University Health System,Singapore,hospital,2,2025,sti
doi:10.1007/s10461-025-04964-9,olszyna-d,"Olszyna, Dariusz",8,0,1,National University Health System,Singapore,hospital,1,2025,sti
doi:10.1093/cid/ciae601,khan-u,"Khan, Uzma",1,1,0,,Canada,,2,2025,tb
doi:10.1093/cid/ciae601,rich-m,"Rich, Michael",2,0,0,,United States,,2,2025,tb
doi:10.1093/cid/ciae601,franke-m,"Franke, Molly F",3,0,0,Harvard University,United States,university,2,2025,tb
doi:10.1093/cid/ciae601,lachenal-n,"Lachenal, Nathalie",4,0,0,,Switzerland,,1,2025,tb
doi:10.1093/cid/ciae601,ahmed-s,"Ahmed, Saman",5,0,0,,Pakistan,,1,2025,tb
doi:10.1093/cid/ciae601,bekele-a,"Bekele, Amsalu",6,0,0,,Ethiopia,,1,2025,tb
doi:10.1093/cid/ciae601,isani-a,"Isani, Afshan K",7,0,0,,Pakistan,,1,2025,tb
doi:10.1093/cid/ciae601,hewison-c,"Hewison, Catherine",8,0,0,,France,,1,2025,tb
doi:10.1093/cid/ciae601,sari-c,"Sari, Cut Yulia Indah",9,0,0,,Indonesia,,1,2025,tb
doi:10.1093/cid/ciae601,tan-c,"Tan, Cecilio L",10,0,0,,,,1,2025,tb
doi:10.1093/cid/ciae601,varaine-f,"Varaine, Francis",11,0,0,,France,,1,2025,tb
doi:10.1093/cid/ciae601,flores-e,"Flores, Edwin Herrera",12,0,0,,Peru,,1,2025,tb
doi:10.1093/cid/ciae601,putri-f,"Putri, Fauziah Asnely",13,0,0,,Indonesia,,1,2025,tb
doi:10.1093/cid/ciae601,faqirzai-j,"Faqirzai, Jamil",14,0,0,,,,1,2025,tb
doi:10.1093/cid/ciae601,beauchamp-j,"Beauchamp, Jude",15,0,0,,Haiti,,1,2025,tb
doi:10.1093/cid/ciae601,vo-l,"Vo, Luan Nguyen Quang",16,0,0,World Health Organization,Sweden,government,2,2025,tb
doi:10.1093/cid/ciae601,siddiqui-m,"Siddiqui, Muhammad Rafi",17,0,0,,Pakistan,,1,2025,tb
doi:10.1093/cid/ciae601,seung-k,"Seung, Kwonjune",18,0,0,,United States,,2,2025,tb
doi:10.1093/cid/ciae601,bastard-m,"Bastard, Mathieu",19,0,0,,France,,1,2025,tb
doi:10.1093/cid/ciae601,nkunkanyirazo-p,"Nkunkanyirazo, Patrick",20,0,0,,,,1,2025,tb
doi:10.1093/cid/ciae601,kiria-n,"Kiria, Nana",21,0,0,,,,1,2025,tb
doi:10.1093/cid/ciae601,khan-m,"Khan, Munira",22,0,0,,South Africa,,1,2025,tb
doi:10.1093/cid/ciae601,algozhin-y,"Algozhin, Yerkebulan",23,0,0,,,,1,2025,tb
doi:10.1093/cid/ciae601,melikyan-n,"Melikyan, Nara",24,0,0,,France,,1,2025,tb
doi:10.1093/cid/ciae601,saki-n,"Saki, Nazis Arefin",25,0,0,,Bangladesh,,1,2025,tb
doi:10.1093/cid/ciae601,vilbrun-s,"Vilbrun, Stalz C",26,0,0,,Haiti,,1,2025,tb
doi:10.1093/cid/ciae601,fatima-r,"Fatima, Razia",27,0,0,,Pakistan,,1,2025,tb
doi:10.1093/cid/ciae601,naing-y,"Naing, Ye Yint",28,0,0,,Myanmar,,1,2025,tb
doi:10.1093/cid/ciae601,islam-s,"Islam, Shirajul",29,0,0,,Bangladesh,,1,2025,tb
doi:10.1093/cid/ciae601,mamsa-s,"Mamsa, Shahid",30,0,0,,Pakistan,,1,2025,tb
doi:10.1093/cid/ciae601,mitnick-c,"Mitnick, Carole D",31,0,0,Harvard University,United States,university,2,2025,tb
doi:10.1093/cid/ciae601,huerga-h,"Huerga, Helena",32,0,0,,France,,1,2025,tb
doi:10.1093/cid/ciae601,khan-p,"Khan, Palwasha Y",33,0,1,London School of Hygiene & Tropical Medicine,Singapore,university,2,2025,tb
doi:10.1186/s13756-025-01656-w,elangovan-s,"Elangovan, Shalini",1,1,0,Duke-NUS Medical School,Singapore,university,1,2025,amr_hai
doi:10.1186/s13756-025-01656-w,murali-s,"Murali, Shravya",2,0,0,Duke-NUS Medical School,Singapore,university,1,2025,amr_hai
doi:10.1186/s13756-025-01656-w,aravindhan-a,"Aravindhan, Amudha",3,0,0,Duke-NUS Medical School,Singapore,university,1,2025,amr_hai
doi:10.1186/s13756-025-01656-w,seow-c,"Seow, Choon Sheong",4,0,0,Ng Teng Fong General Hospital,Singapore,hospital,1,2025,amr_hai
doi:10.1186/s13756-025-01656-w,graves-n,"Graves, Nicholas",5,0,1,Duke-NUS Medical School,Singapore,university,1,2025,amr_hai
doi:10.1038/s41598-025-86139-z,wong-w,"Wong, Wei Jian",1,1,0,Environmental Health Institute,Singapore,government,1,2025,vector_borne
doi:10.1038/s41598-025-86139-z,tan-c,"Tan, Cheong Huat",2,0,0,Environmental Health Institute,Singapore,government,1,2025,vector_borne
doi:10.1038/s41598-025-86139-z,verkaik-m,"Verkaik, Matthew Gregory",3,0,0,Environmental Health Institute,Singapore,government,1,2025,vector_borne
doi:10.1038/s41598-025-86139-z,ng-l,"Ng, Lee Ching",4,0,0,Environmental Health Institute,Singapore,government,3,2025,vector_borne
doi:10.1038/s41598-025-86139-z,hoffmann-a,"Hoffmann, Ary Anthony",5,0,0,University of Melbourne,Australia,university,1,2025,vector_borne
doi:10.1038/s41598-025-86139-z,chong-c,"Chong, Chee-Seng",6,0,1,Environmental Health Institute,Singapore,government,1,2025,vector_borne
doi:10.1093/ofid/ofaf610,permana-b,"Permana, Budi",1,1,0,,Australia,,3,2025,amr_hai
doi:10.1093/ofid/ofaf610,falconer-c,"Falconer, Caitlin",2,0,0,,Australia,,1,2025,amr_hai
doi:10.1093/ofid/ofaf610,mayercoverdale-j,"Mayer-Coverdale, Johanna",3,0,0,,Australia,,1,2025,amr_hai
doi:10.1093/ofid/ofaf610,robson-j,"Robson, Jennifer",4,0,0,,Australia,,1,2025,amr_hai
doi:10.1093/ofid/ofaf610,cuddihy-t,"Cuddihy, Thom",5,0,0,,Australia,,1,2025,amr_hai
doi:10.1093/ofid/ofaf610,schembri-m,"Schembri, Mark A",6,0,0,,Australia,,2,2025,amr_hai
doi:10.1093/ofid/ofaf610,paterson-d,"Paterson, David L",7,0,0,National University of Singapore,Singapore,university,2,2025,amr_hai
doi:10.1093/ofid/ofaf610,harris-p,"Harris, Patrick N A",8,0,0,,Australia,,4,2025,amr_hai
doi:10.1093/ofid/ofaf610,forde-b,"Forde, Brian M",9,0,1,,Australia,,3,2025,amr_hai
doi:10.1128/jvi.01597-25,shi-m,"Shi, Minjuan",1,1,0,,China,,2,2025,sti
doi:10.1128/jvi.01597-25,chen-r,"Chen, Rongfeng",2,0,0,,China,,1,2025,sti
doi:10.1128/jvi.01597-25,wu-t,"Wu, Tongjin",3,0,0,National University of Singapore,China,university,2,2025,sti
doi:10.1128/jvi.01597-25,liao-y,"Liao, Yu",4,0,0,,China,,1,2025,sti
doi:10.1128/jvi.01597-25,qin-t,"Qin, Tongxue",5,0,0,,China,,2,2025,sti
doi:10.1128/jvi.01597-25,wen-z,"Wen, Ziyu",6,0,0,,China,,1,2025,sti
doi:10.1128/jvi.01597-25,liu-j,"Liu, Junqi",7,0,0,,China,,1,2025,sti
doi:10.1128/jvi.01597-25,chen-x,"Chen, Xiu",8,0,0,,China,,1,2025,sti
doi:10.1128/jvi.01597-25,lu-b,"Lu, Beibei",9,0,0,,China,,1,2025,sti
doi:10.1128/jvi.01597-25,yi-c,"Yi, Chunxing",10,0,0,,China,,1,2025,sti
doi:10.1128/jvi.01597-25,ye-l,"Ye, Li",11,0,0,,China,,2,2025,sti
doi:10.1128/jvi.01597-25,liang-h,"Liang, Hao",12,0,0,,China,,2,2025,sti
doi:10.1128/jvi.01597-25,sun-c,"Sun, Caijun",13,0,0,,China,,3,2025,sti
doi:10.1128/jvi.01597-25,jiang-j,"Jiang, Junjun",14,0,1,,China,,2,2025,sti
doi:10.1016/j.infpip.2025.100492,bousfield-r,"Bousfield, Rachel",1,1,0,,United Kingdom,,1,2025,rti
doi:10.1016/j.infpip.2025.100492,kappeler-r,"Kappeler, Ruth",2,0,0,,United Kingdom,,1,2025,rti
doi:10.1016/j.infpip.2025.100492,pai-s,"Pai, Sumita",3,0,0,,United Kingdom,,1,2025,rti
doi:10.1016/j.infpip.2025.100492,allen-o,"Allen, Olly",4,0,0,,United Kingdom,,1,2025,rti
doi:10.1016/j.infpip.2025.100492,randall-k,"Randall, Kathy",5,0,0,,United Kingdom,,1,2025,rti
doi:10.1016/j.infpip.2025.100492,keane-j,"Keane, Jacqueline",6,0,0,,United Kingdom,,1,2025,rti
doi:10.1016/j.infpip.2025.100492,baker-s,"Baker, Stephen",7,0,1,,Singapore,,1,2025,rti
doi:10.47102/annals-acadmedsg.2025246,chong-k,"Chong, Kar Mun",1,1,0,National University Hospital,Singapore,hospital,2,2025,tb
doi:10.47102/annals-acadmedsg.2025246,lai-y,"Lai, Yi Wye",2,0,0,Tan Tock Seng Hospital,Singapore,hospital,1,2025,tb
doi:10.47102/annals-acadmedsg.2025246,angkodjojo-s,"Angkodjojo, Stanley",3,0,0,Sengkang General Hospital,Singapore,hospital,1,2025,tb
doi:10.47102/annals-acadmedsg.2025246,cheung-p,"Cheung, Peter Pak Moon",4,0,0,National University Hospital,Singapore,hospital,2,2025,tb
doi:10.47102/annals-acadmedsg.2025246,chew-l,"Chew, Li-Ching",5,0,0,Singapore General Hospital,Singapore,hospital,1,2025,tb
doi:10.47102/annals-acadmedsg.2025246,choong-c,"Choong, Caroline Victoria",6,0,0,Tan Tock Seng Hospital,Singapore,hospital,2,2025,tb
doi:10.47102/annals-acadmedsg.2025246,fong-w,"Fong, Warren",7,0,0,Singapore General Hospital,Singapore,hospital,1,2025,tb
doi:10.47102/annals-acadmedsg.2025246,hsu-l,"Hsu, Li Yang",8,0,0,National University of Singapore,Singapore,university,1,2025,tb
doi:10.47102/annals-acadmedsg.2025246,law-w,"Law, Weng Giap",9,0,0,,Singapore,,1,2025,tb
doi:10.47102/annals-acadmedsg.2025246,manghani-m,"Manghani, Mona",10,0,0,Tan Tock Seng Hospital,Singapore,hospital,1,2025,tb
doi:10.47102/annals-acadmedsg.2025246,santosa-a,"Santosa, Amelia",11,0,0,National University Hospital,Singapore,hospital,2,2025,tb
doi:10.47102/annals-acadmedsg.2025246,tan-c,"Tan, Charlotte Su-Lin",12,0,0,National University Hospital,Singapore,hospital,2,2025,tb
doi:10.47102/annals-acadmedsg.2025246,tan-t,"Tan, Teck Choon",13,0,0,,Singapore,,1,2025,tb
doi:10.47102/annals-acadmedsg.2025246,teng-g,"Teng, Gim Gee",14,0,0,Alexandra Hospital,Singapore,hospital,2,2025,tb
doi:10.47102/annals-acadmedsg.2025246,lahiri-m,"Lahiri, Manjari",15,0,1,National University Hospital,Singapore,hospital,2,2025,tb
doi:10.1128/spectrum.01353-25,chee-c,"Chee, Cynthia Bin-Eng",1,1,0,Tan Tock Seng Hospital,Singapore,hospital,1,2025,tb
doi:10.1128/spectrum.01353-25,kyiwin-k,"Kyi-Win, KhinMar",2,0,0,National Centre for Infectious Diseases,Singapore,hospital,1,2025,tb
doi:10.1128/spectrum.01353-25,tan-s,"Tan, Shera",3,0,0,Tan Tock Seng Hospital,Singapore,hospital,1,2025,tb
doi:10.1128/spectrum.01353-25,wang-y,"Wang, Yee-Tang",4,0,1,Tan Tock Seng Hospital,Singapore,hospital,1,2025,tb
doi:10.1186/s41182-025-00846-x,teo-a,"Teo, Alvin Kuo Jing",1,1,0,National University of Singapore,Australia,university,3,2025,tb
doi:10.1186/s41182-025-00846-x,oh-k,"Oh, Kyung Hyun",2,0,0,World Health Organization,Philippines,government,1,2025,tb
doi:10.1186/s41182-025-00846-x,yanagawa-m,"Yanagawa, Manami",3,0,0,World Health Organization,Philippines,government,1,2025,tb
doi:10.1186/s41182-025-00846-x,miller-c,"Miller, Cecily",4,0,0,World Health Organization,Switzerland,government,1,2025,tb
doi:10.1186/s41182-025-00846-x,falzon-d,"Falzon, Dennis",5,0,0,World Health Organization,Switzerland,government,1,2025,tb
doi:10.1186/s41182-025-00846-x,kanchar-a,"Kanchar, Avinash",6,0,0,World Health Organization,Switzerland,government,1,2025,tb
doi:10.1186/s41182-025-00846-x,choi-y,"Choi, Youngeun",7,0,0,,Republic of Korea,,1,2025,tb
doi:10.1186/s41182-025-00846-x,lee-g,"Lee, Gyeong In",8,0,0,,Republic of Korea,,1,2025,tb
doi:10.1186/s41182-025-00846-x,morishita-f,"Morishita, Fukushi",9,0,0,World Health Organization,Philippines,government,1,2025,tb
doi:10.1186/s41182-025-00846-x,rahevar-k,"Rahevar, Kalpeshsinh",10,0,0,World Health Organization,Philippines,government,1,2025,tb
doi:10.1186/s41182-025-00846-x,yadav-r,"Yadav, Rajendra Prasad Hubraj",11,0,0,World Health Organization,Philippines,government,1,2025,tb
doi:10.1186/s41182-025-00846-x,tran-h,"Tran, Huong Thi Giang",12,0,0,World Health Organization,Philippines,government,1,2025,tb
doi:10.1186/s41182-025-00846-x,,,13,0,1,,,,0,2025,tb
doi:10.1016/s2214-109x(25)00105-6,ratnakumar-s,"Ratnakumar, Sharina",1,1,0,,United Kingdom,,2,2025,tb
doi:10.1016/s2214-109x(25)00105-6,hayward-s,"Hayward, Sally E",2,0,0,,United Kingdom,,1,2025,tb
doi:10.1016/s2214-109x(25)00105-6,denneny-e,"Denneny, Emma K",3,0,0,,United Kingdom,,1,2025,tb
doi:10.1016/s2214-109x(25)00105-6,goldsmith-l,"Goldsmith, Lucy P",4,0,0,,United Kingdom,,2,2025,tb
doi:10.1016/s2214-109x(25)00105-6,evans-r,"Evans, Rebecca",5,0,0,,United Kingdom,,1,2025,tb
doi:10.1016/s2214-109x(25)00105-6,checkley-w,"Checkley, William",6,0,0,Johns Hopkins University,United States,university,2,2025,tb
doi:10.1016/s2214-109x(25)00105-6,goletti-d,"Goletti, Delia",7,0,0,,Italy,,1,2025,tb
doi:10.1016/s2214-109x(25)00105-6,ong-c,"Ong, Catherine W M",8,0,0,National University Hospital,Singapore,hospital,3,2025,tb
doi:10.1016/s2214-109x(25)00105-6,gotowiec-m,"Gotowiec, Mateusz",9,0,0,,Poland,,2,2025,tb
doi:10.1016/s2214-109x(25)00105-6,zhu-j,"Zhu, Junkai",10,0,0,,United Kingdom,,1,2025,tb
doi:10.1016/s2214-109x(25)00105-6,friedland-j,"Friedland, Jon S",11,0,0,,United Kingdom,,1,2025,tb
doi:10.1016/s2214-109x(25)00105-6,porter-j,"Porter, Joanna C",12,0,1,,United Kingdom,,1,2025,tb
doi:10.1038/s41467-025-65976-6,xuan-q,"Xuan, Qize",1,1,0,,China,,2,2025,amr_hai
doi:10.1038/s41467-025-65976-6,li-h,"Li, Hui",2,0,0,,China,,1,2025,amr_hai
doi:10.1038/s41467-025-65976-6,gao-y,"Gao, Yuan",3,0,0,,China,,1,2025,amr_hai
doi:10.1038/s41467-025-65976-6,qiao-x,"Qiao, Xinchi",4,0,0,,China,,1,2025,amr_hai
doi:10.1038/s41467-025-65976-6,feng-y,"Feng, Yifan",5,0,0,,China,,1,2025,amr_hai
doi:10.1038/s41467-025-65976-6,yu-x,"Yu, Xinyu",6,0,0,,China,,1,2025,amr_hai
doi:10.1038/s41467-025-65976-6,cai-j,"Cai, Jiazhe",7,0,0,,China,,1,2025,amr_hai
doi:10.1038/s41467-025-65976-6,jin-t,"Jin, Tonghui",8,0,0,,Switzerland,,1,2025,amr_hai
doi:10.1038/s41467-025-65976-6,liu-b,"Liu, Bin",9,0,0,,Switzerland,,1,2025,amr_hai
doi:10.1038/s41467-025-65976-6,peydayesh-m,"Peydayesh, Mohammad",10,0,0,,Switzerland,,1,2025,amr_hai
doi:10.1038/s41467-025-65976-6,su-j,"Su, Jiaqi",11,0,0,,Switzerland,,1,2025,amr_hai
doi:10.1038/s41467-025-65976-6,fischer-p,"Fischer, Peter",12,0,0,,Switzerland,,1,2025,amr_hai
doi:10.1038/s41467-025-65976-6,wang-p,"Wang, Ping",13,0,0,,United States,,1,2025,amr_hai
doi:10.1038/s41467-025-65976-6,chen-c,"Chen, Chao",14,0,0,,China,,1,2025,amr_hai
doi:10.1038/s41467-025-65976-6,zhou-j,"Zhou, Jiangtao",15,0,0,National University of Singapore,China,university,4,2025,amr_hai
doi:10.1038/s41467-025-65976-6,mezzenga-r,"Mezzenga, Raffaele",16,0,1,,Switzerland,,2,2025,amr_hai
doi:10.47102/annals-acadmedsg.2025240,yeo-b,"Yeo, Benson Koon Wee",1,1,0,National Skin Centre,Singapore,hospital,1,2025,sti
doi:10.47102/annals-acadmedsg.2025240,tan-f,"Tan, Faith",2,0,0,National Skin Centre,Singapore,hospital,1,2025,sti
doi:10.47102/annals-acadmedsg.2025240,cheng-l,"Cheng, Linus",3,0,1,National Skin Centre,Singapore,hospital,1,2025,sti
doi:10.1016/j.vaccine.2025.126728,song-h,"Song, Haolong",1,1,0,National University of Singapore,Singapore,university,1,2025,vector_borne
doi:10.1016/j.vaccine.2025.126728,jin-s,"Jin, Shihui",2,0,0,National University of Singapore,Singapore,university,1,2025,vector_borne
doi:10.1016/j.vaccine.2025.126728,yang-g,"Yang, Guo Jing",3,0,0,National University of Singapore,Singapore,university,1,2025,vector_borne
doi:10.1016/j.vaccine.2025.126728,lim-n,"Lim, Nigel W H",4,0,0,National University of Singapore,Singapore,university,1,2025,vector_borne
doi:10.1016/j.vaccine.2025.126728,lim-j,"Lim, Jue Tao",5,0,0,Nanyang Technological University,Singapore,university,1,2025,vector_borne
doi:10.1016/j.vaccine.2025.126728,dickens-b,"Dickens, Borame L",6,0,1,National University of Singapore,Singapore,university,1,2025,vector_borne
doi:10.1016/s1473-3099(25)00157-4,seddon-j,"Seddon, James A",1,1,0,Imperial College London,South Africa,university,2,2025,tb
doi:10.1016/s1473-3099(25)00157-4,achar-j,"Achar, Jay",2,0,0,,South Africa,,2,2025,tb
doi:10.1016/s1473-3099(25)00157-4,malik-a,"Malik, Amyn A",3,0,0,,United States,,1,2025,tb
doi:10.1016/s1473-3099(25)00157-4,hughes-j,"Hughes, Jennifer",4,0,0,,South Africa,,1,2025,tb
doi:10.1016/s1473-3099(25)00157-4,burzynski-j,"Burzynski, Joseph",5,0,0,,United States,,1,2025,tb
doi:10.1016/s1473-3099(25)00157-4,chen-c,"Chen, Cheng",6,0,0,,China,,1,2025,tb
doi:10.1016/s1473-3099(25)00157-4,denholm-j,"Denholm, Justin T",7,0,0,University of Melbourne,Australia,university,2,2025,tb
doi:10.1016/s1473-3099(25)00157-4,dravniece-g,"Dravniece, Gunta",8,0,0,,Ukraine,,1,2025,tb
doi:10.1016/s1473-3099(25)00157-4,fox-g,"Fox, Greg J",9,0,0,,Australia,,1,2025,tb
doi:10.1016/s1473-3099(25)00157-4,furin-j,"Furin, Jennifer",10,0,0,Harvard University,United States,university,1,2025,tb
doi:10.1016/s1473-3099(25)00157-4,geliukh-e,"Geliukh, Evgenia",11,0,0,,Ukraine,,1,2025,tb
doi:10.1016/s1473-3099(25)00157-4,goncharova-o,"Goncharova, Olga",12,0,0,,,,1,2025,tb
doi:10.1016/s1473-3099(25)00157-4,guglielmetti-l,"Guglielmetti, Lorenzo",13,0,0,,France,,2,2025,tb
doi:10.1016/s1473-3099(25)00157-4,harries-a,"Harries, Anthony D",14,0,0,London School of Hygiene & Tropical Medicine,France,university,2,2025,tb
doi:10.1016/s1473-3099(25)00157-4,hesseling-a,"Hesseling, Anneke C",15,0,0,,South Africa,,1,2025,tb
doi:10.1016/s1473-3099(25)00157-4,nguyen-b,"Nguyen, Binh Hoa",16,0,0,,Viet Nam,,2,2025,tb
doi:10.1016/s1473-3099(25)00157-4,kavenga-f,"Kavenga, Fungai",17,0,0,,Zimbabwe,,1,2025,tb
doi:10.1016/s1473-3099(25)00157-4,khan-u,"Khan, Uzma",18,0,0,,Canada,,2,2025,tb
doi:10.1016/s1473-3099(25)00157-4,kherabi-y,"Kherabi, Yousra",19,0,0,,France,,2,2025,tb
doi:10.1016/s1473-3099(25)00157-4,kiria-n,"Kiria, Nana",20,0,0,,,,1,2025,tb
doi:10.1016/s1473-3099(25)00157-4,kock-y,"Kock, Yulene",21,0,0,,South Africa,,1,2025,tb
doi:10.1016/s1473-3099(25)00157-4,liu-q,"Liu, Qiao",22,0,0,,China,,1,2025,tb
doi:10.1016/s1473-3099(25)00157-4,mesic-a,"Mesic, Anita",23,0,0,,Belgium,,2,2025,tb
doi:10.1016/s1473-3099(25)00157-4,moore-d,"Moore, David A J",24,0,0,London School of Hygiene & Tropical Medicine,United Kingdom,university,1,2025,tb
doi:10.1016/s1473-3099(25)00157-4,mubanga-a,"Mubanga, Angel",25,0,0,,Zambia,,1,2025,tb
doi:10.1016/s1473-3099(25)00157-4,naidoo-l,"Naidoo, Lenny",26,0,0,,South Africa,,1,2025,tb
doi:10.1016/s1473-3099(25)00157-4,nilsen-d,"Nilsen, Diana",27,0,0,,United States,,1,2025,tb
doi:10.1016/s1473-3099(25)00157-4,piubello-a,"Piubello, Alberto",28,0,0,,Belgium,,1,2025,tb
doi:10.1016/s1473-3099(25)00157-4,reuter-a,"Reuter, Anja",29,0,0,,South Africa,,1,2025,tb
doi:10.1016/s1473-3099(25)00157-4,rich-m,"Rich, Michael L",30,0,0,,United States,,2,2025,tb
doi:10.1016/s1473-3099(25)00157-4,satyanarayana-s,"Satyanarayana, Srinath",31,0,0,,France,,2,2025,tb
doi:10.1016/s1473-3099(25)00157-4,schaaf-h,"Schaaf, H Simon",32,0,0,,South Africa,,1,2025,tb
doi:10.1016/s1473-3099(25)00157-4,schoeman-i,"Schoeman, Ingrid",33,0,0,,South Africa,,1,2025,tb
doi:10.1016/s1473-3099(25)00157-4,skrahina-a,"Skrahina, Alena",34,0,0,World Health Organization,Denmark,government,1,2025,tb
doi:10.1016/s1473-3099(25)00157-4,udwadia-z,"Udwadia, Zarir",35,0,0,,India,,1,2025,tb
doi:10.1016/s1473-3099(25)00157-4,khan-p,"Khan, Palwasha Y",36,0,0,London School of Hygiene & Tropical Medicine,United Kingdom,university,1,2025,tb
doi:10.1016/s1473-3099(25)00157-4,esmail-h,"Esmail, Hanif",37,0,0,World Health Organization,United Kingdom,government,2,2025,tb
doi:10.1016/s1473-3099(25)00157-4,martinez-l,"Martinez, Leonardo",38,0,1,,United States,,1,2025,tb
doi:10.1016/j.ijid.2025.108054,pereira-j,"Pereira, Jarett Vanz-Brian",1,1,0,Singapore General Hospital,Singapore,hospital,1,2025,tb
doi:10.1016/j.ijid.2025.108054,wong-c,"Wong, Cassandra Yong Xin",2,0,0,Singapore General Hospital,Singapore,hospital,1,2025,tb
doi:10.1016/j.ijid.2025.108054,sng-l,"Sng, Li Hwei",3,0,0,Singapore General Hospital,Singapore,hospital,1,2025,tb
doi:10.1016/j.ijid.2025.108054,low-j,"Low, Jenny Guek Hong",4,0,0,Duke-NUS Medical School,Singapore,hospital,2,2025,tb
doi:10.1016/j.ijid.2025.108054,ng-d,"Ng, Dorothy Hui Lin",5,0,1,Duke-NUS Medical School,Singapore,hospital,2,2025,tb
doi:10.1016/j.intf.2025.100335,pandey-d,"Pandey, Divya",1,1,0,KK Women's and Children's Hospital,Singapore,hospital,1,2025,other_id
doi:10.1016/j.intf.2025.100335,logarajah-v,"Logarajah, Veena",2,0,0,KK Women's and Children's Hospital,Singapore,hospital,1,2025,other_id
doi:10.1016/j.intf.2025.100335,ng-l,"Ng, Lay Queen",3,0,0,KK Women's and Children's Hospital,Singapore,hospital,1,2025,other_id
doi:10.1016/j.intf.2025.100335,goh-l,"Goh, Lynette",4,0,0,KK Women's and Children's Hospital,Singapore,hospital,1,2025,other_id
doi:10.1016/j.intf.2025.100335,ho-c,"Ho, Christopher Wen Wei",5,0,0,KK Women's and Children's Hospital,Singapore,hospital,1,2025,other_id
doi:10.1016/j.intf.2025.100335,choo-j,"Choo, Jonathan",6,0,0,KK Women's and Children's Hospital,Singapore,hospital,1,2025,other_id
doi:10.1016/j.intf.2025.100335,wai-p,"Wai, Pui Ling",7,0,0,KK Women's and Children's Hospital,Singapore,hospital,1,2025,other_id
doi:10.1016/j.intf.2025.100335,chiou-f,"Chiou, Fang Kuan",8,0,1,KK Women's and Children's Hospital,Singapore,hospital,1,2025,other_id
doi:10.1016/j.infpip.2025.100495,li-j,"Li, Jie",1,1,0,Changi General Hospital,Singapore,hospital,1,2025,amr_hai
doi:10.1016/j.infpip.2025.100495,cabahug-m,"Cabahug, Maria Theresa",2,0,0,Changi General Hospital,Singapore,hospital,1,2025,amr_hai
doi:10.1016/j.infpip.2025.100495,wu-t,"Wu, Tuodi",3,0,0,Changi General Hospital,Singapore,hospital,1,2025,amr_hai
doi:10.1016/j.infpip.2025.100495,chai-h,"Chai, Hairu",4,0,0,Changi General Hospital,Singapore,hospital,1,2025,amr_hai
doi:10.1016/j.infpip.2025.100495,an-r,"An, Rongyan",5,0,0,Changi General Hospital,Singapore,hospital,1,2025,amr_hai
doi:10.1016/j.infpip.2025.100495,teoh-n,"Teoh, Nicole Shu Ning",6,0,0,Changi General Hospital,Singapore,hospital,1,2025,amr_hai
doi:10.1016/j.infpip.2025.100495,yu-l,"Yu, Liang Fang",7,0,0,Changi General Hospital,Singapore,hospital,1,2025,amr_hai
doi:10.1016/j.infpip.2025.100495,alias-z,"Alias, Zaleha Binte",8,0,0,Changi General Hospital,Singapore,hospital,1,2025,amr_hai
doi:10.1016/j.infpip.2025.100495,foo-s,"Foo, Shi Yun",9,0,0,Sengkang General Hospital,Singapore,hospital,1,2025,amr_hai
doi:10.1016/j.infpip.2025.100495,nasir-s,"Nasir, Suhailah Binte",10,0,0,Changi General Hospital,Singapore,hospital,1,2025,amr_hai
doi:10.1016/j.infpip.2025.100495,seow-w,"Seow, Wenyi",11,0,0,Changi General Hospital,Singapore,hospital,1,2025,amr_hai
doi:10.1016/j.infpip.2025.100495,liew-p,"Liew, Philomena",12,0,0,Changi General Hospital,Singapore,hospital,1,2025,amr_hai
doi:10.1016/j.infpip.2025.100495,tan-t,"Tan, Thean Yen",13,0,1,Changi General Hospital,Singapore,hospital,1,2025,amr_hai
doi:10.1038/s41467-025-66606-x,tian-z,"Tian, Ziya",1,1,0,National University of Singapore,Singapore,university,1,2025,sti
doi:10.1038/s41467-025-66606-x,chhoun-p,"Chhoun, Pheak",2,0,0,,Cambodia,,1,2025,sti
doi:10.1038/s41467-025-66606-x,tuot-s,"Tuot, Sovannary",3,0,0,,Cambodia,,3,2025,sti
doi:10.1038/s41467-025-66606-x,yam-l,"Yam, Lo Yan Esabelle",4,0,0,National University of Singapore,Singapore,university,1,2025,sti
doi:10.1038/s41467-025-66606-x,nagashimahayashi-m,"Nagashima-Hayashi, Michiko",5,0,0,National University of Singapore,Singapore,university,1,2025,sti
doi:10.1038/s41467-025-66606-x,zahari-m,"Zahari, Marina",6,0,0,National University of Singapore,Singapore,university,1,2025,sti
doi:10.1038/s41467-025-66606-x,choub-s,"Choub, Sok Chamreun",7,0,0,,Cambodia,,1,2025,sti
doi:10.1038/s41467-025-66606-x,sameth-s,"Sameth, Sovannarith",8,0,0,,Cambodia,,1,2025,sti
doi:10.1038/s41467-025-66606-x,ngauv-b,"Ngauv, Bora",9,0,0,,Cambodia,,1,2025,sti
doi:10.1038/s41467-025-66606-x,ouk-v,"Ouk, Vichea",10,0,0,,Cambodia,,1,2025,sti
doi:10.1038/s41467-025-66606-x,teo-a,"Teo, Alvin Kuo Jing",11,0,0,National University of Singapore,Australia,university,2,2025,sti
doi:10.1038/s41467-025-66606-x,prem-k,"Prem, Kiesha",12,0,0,London School of Hygiene & Tropical Medicine,Singapore,university,2,2025,sti
doi:10.1038/s41467-025-66606-x,yi-s,"Yi, Siyan",13,0,1,National University of Singapore,Cambodia,university,3,2025,sti
doi:10.1016/j.celrep.2025.116098,grinyoescuer-a,"Grinyo-Escuer, Ariadna",1,1,0,,United States,,1,2025,vector_borne
doi:10.1016/j.celrep.2025.116098,reddy-s,"Reddy, Srikar",2,0,0,,United States,,1,2025,vector_borne
doi:10.1016/j.celrep.2025.116098,chenine-a,"Chenine, Agnes L",3,0,0,,United States,,1,2025,vector_borne
doi:10.1016/j.celrep.2025.116098,whitbeck-j,"Whitbeck, J Charles",4,0,0,,United States,,1,2025,vector_borne
doi:10.1016/j.celrep.2025.116098,jacobsen-s,"Jacobsen, Sonya",5,0,0,,United States,,1,2025,vector_borne
doi:10.1016/j.celrep.2025.116098,sheetz-a,"Sheetz, Allison",6,0,0,,United States,,1,2025,vector_borne
doi:10.1016/j.celrep.2025.116098,doolan-k,"Doolan, Kyle",7,0,0,,United States,,1,2025,vector_borne
doi:10.1016/j.celrep.2025.116098,norden-d,"Norden, Diana M",8,0,0,,United States,,1,2025,vector_borne
doi:10.1016/j.celrep.2025.116098,frey-n,"Frey, Nolan",9,0,0,,United States,,1,2025,vector_borne
doi:10.1016/j.celrep.2025.116098,holtsberg-f,"Holtsberg, Frederick W",10,0,0,,United States,,1,2025,vector_borne
doi:10.1016/j.celrep.2025.116098,aman-m,"Aman, M Javad",11,0,0,,United States,,1,2025,vector_borne
doi:10.1016/j.celrep.2025.116098,fink-k,"Fink, Katja",12,0,0,"Agency for Science, Technology and Research",Singapore,research_institute,1,2025,vector_borne
doi:10.1016/j.celrep.2025.116098,diamond-m,"Diamond, Michael S",13,0,0,,United States,,1,2025,vector_borne
doi:10.1016/j.celrep.2025.116098,schieffelin-j,"Schieffelin, John S",14,0,0,,United States,,1,2025,vector_borne
doi:10.1016/j.celrep.2025.116098,crowe-j,"Crowe, James E",15,0,0,,United States,,1,2025,vector_borne
doi:10.1016/j.celrep.2025.116098,davidson-e,"Davidson, Edgar",16,0,0,,United States,,1,2025,vector_borne
doi:10.1016/j.celrep.2025.116098,doranz-b,"Doranz, Benjamin J",17,0,1,,United States,,1,2025,vector_borne
doi:10.47102/annals-acadmedsg.2025336,nandakumar-v,"Nandakumar, Vivekanathan",1,1,0,,Singapore,,1,2025,sti
doi:10.47102/annals-acadmedsg.2025336,krishnan-s,"Krishnan, Satheeskumar",2,0,0,,Singapore,,1,2025,sti
doi:10.47102/annals-acadmedsg.2025336,chang-c,"Chang, Chia-Pin",3,0,0,,Singapore,,1,2025,sti
doi:10.47102/annals-acadmedsg.2025336,yee-s,"Yee, Sidney",4,0,0,,Singapore,,1,2025,sti
doi:10.47102/annals-acadmedsg.2025336,ho-s,"Ho, Sherry Sze Yee",5,0,1,,Singapore,,1,2025,sti
doi:10.3390/ijms262411784,pholpong-c,"Pholpong, Chavis",1,1,0,,Thailand,,2,2025,sti
doi:10.3390/ijms262411784,phanuphak-n,"Phanuphak, Nittaya",2,0,0,,Thailand,,1,2025,sti
doi:10.3390/ijms262411784,pankam-t,"Pankam, Tippawan",3,0,0,,Thailand,,2,2025,sti
doi:10.3390/ijms262411784,buranapraditkun-s,"Buranapraditkun, Supranee",4,0,0,,Thailand,,3,2025,sti
doi:10.3390/ijms262411784,kitkumthorn-n,"Kitkumthorn, Nakarin",5,0,0,,Thailand,,1,2025,sti
doi:10.3390/ijms262411784,lee-b,"Lee, Bernett",6,0,0,Nanyang Technological University,Singapore,university,1,2025,sti
doi:10.3390/ijms262411784,bhattarakosol-p,"Bhattarakosol, Parvapan",7,0,0,,Thailand,,2,2025,sti
doi:10.3390/ijms262411784,chaiwongkot-a,"Chaiwongkot, Arkom",8,0,1,,Thailand,,2,2025,sti
doi:10.1186/s12889-025-25357-6,saenjun-p,"Saenjun, Pairin",1,1,0,Mahidol University,Thailand,university,1,2025,sti
doi:10.1186/s12889-025-25357-6,vongsirimas-n,"Vongsirimas, Nopporn",2,0,0,Mahidol University,Thailand,university,1,2025,sti
doi:10.1186/s12889-025-25357-6,klaininyobas-p,"Klainin-Yobas, Piyanee",3,0,1,National University of Singapore,Singapore,university,1,2025,sti
doi:10.3390/pathogens14030285,moretti-r,"Moretti, Riccardo",1,1,0,,Italy,,1,2025,vector_borne
doi:10.3390/pathogens14030285,lim-j,"Lim, Jue Tao",2,0,0,Nanyang Technological University,Singapore,university,1,2025,vector_borne
doi:10.3390/pathogens14030285,ferreira-a,"Ferreira, Alvaro Gil Araujo",3,0,0,,Brazil,,1,2025,vector_borne
doi:10.3390/pathogens14030285,ponti-l,"Ponti, Luigi",4,0,0,,Italy,,2,2025,vector_borne
doi:10.3390/pathogens14030285,giovanetti-m,"Giovanetti, Marta",5,0,0,,Brazil,,2,2025,vector_borne
doi:10.3390/pathogens14030285,yi-c,"Yi, Chow Jo",6,0,0,Nanyang Technological University,Singapore,university,1,2025,vector_borne
doi:10.3390/pathogens14030285,tewari-p,"Tewari, Pranav",7,0,0,Nanyang Technological University,Singapore,university,1,2025,vector_borne
doi:10.3390/pathogens14030285,cholvi-m,"Cholvi, Maria",8,0,0,,Spain,,1,2025,vector_borne
doi:10.3390/pathogens14030285,crawford-j,"Crawford, Jacob",9,0,0,,United States,,1,2025,vector_borne
doi:10.3390/pathogens14030285,gutierrez-a,"Gutierrez, Andrew Paul",10,0,0,,United States,,2,2025,vector_borne
doi:10.3390/pathogens14030285,dobson-s,"Dobson, Stephen L",11,0,0,,United States,,2,2025,vector_borne
doi:10.3390/pathogens14030285,ross-p,"Ross, Perran A",12,0,1,University of Melbourne,Australia,university,1,2025,vector_borne
doi:10.1186/s12889-025-24934-z,getchell-m,"Getchell, Marya",1,1,0,Duke-NUS Medical School,Singapore,university,1,2025,tb
doi:10.1186/s12889-025-24934-z,ansah-j,"Ansah, John Pastor",2,0,0,,United States,,1,2025,tb
doi:10.1186/s12889-025-24934-z,lim-d,"Lim, Dodge",3,0,0,,Philippines,,1,2025,tb
doi:10.1186/s12889-025-24934-z,basilio-r,"Basilio, Ramon",4,0,0,,Philippines,,1,2025,tb
doi:10.1186/s12889-025-24934-z,tablizo-f,"Tablizo, Francis",5,0,0,,Philippines,,1,2025,tb
doi:10.1186/s12889-025-24934-z,corpuz-c,"Corpuz, Carmen",6,0,0,,Philippines,,1,2025,tb
doi:10.1186/s12889-025-24934-z,matchar-d,"Matchar, David",7,0,1,Duke-NUS Medical School,Singapore,university,2,2025,tb
doi:10.1128/spectrum.02725-25,keng-b,"Keng, Bryan M H",1,1,0,National University of Singapore,Singapore,university,1,2025,other_id
doi:10.1128/spectrum.02725-25,han-p,"Han, Pandora",2,0,0,Singapore Food Agency,Singapore,government,1,2025,other_id
doi:10.1128/spectrum.02725-25,low-a,"Low, Adrian",3,0,0,National University of Singapore,Singapore,university,1,2025,other_id
doi:10.1128/spectrum.02725-25,aung-k,"Aung, Kyaw Thu",4,0,0,Nanyang Technological University,Singapore,government,3,2025,other_id
doi:10.1128/spectrum.02725-25,khor-w,"Khor, Wei Ching",5,0,0,Singapore Food Agency,Singapore,government,1,2025,other_id
doi:10.1128/spectrum.02725-25,maiwald-m,"Maiwald, Matthias",6,0,0,KK Women's and Children's Hospital,Singapore,hospital,3,2025,other_id
doi:10.1128/spectrum.02725-25,loo-l,"Loo, Liat Hui",7,0,0,KK Women's and Children's Hospital,Singapore,hospital,2,2025,other_id
doi:10.1128/spectrum.02725-25,oon-l,"Oon, Lynette",8,0,0,National University of Singapore,Singapore,hospital,2,2025,other_id
doi:10.1128/spectrum.02725-25,koh-t,"Koh, Tse Hsien",9,0,0,National University of Singapore,Singapore,hospital,2,2025,other_id
doi:10.1128/spectrum.02725-25,chew-k,"Chew, Ka Lip",10,0,0,National University Hospital,Singapore,hospital,1,2025,other_id
doi:10.1128/spectrum.02725-25,wong-c,"Wong, Crystal",11,0,0,Changi General Hospital,Singapore,hospital,1,2025,other_id
doi:10.1128/spectrum.02725-25,seow-w,"Seow, Wei Jie",12,0,0,National University of Singapore,Singapore,university,1,2025,other_id
doi:10.1128/spectrum.02725-25,boucher-y,"Boucher, Yann Felix",13,0,1,National University of Singapore,Singapore,university,3,2025,other_id
doi:10.1016/j.jhin.2025.11.043,ji-x,"Ji, X",1,1,0,Singapore General Hospital,Singapore,hospital,1,2025,amr_hai
doi:10.1016/j.jhin.2025.11.043,jin-p,"Jin, P",2,0,0,Singapore General Hospital,Singapore,hospital,1,2025,amr_hai
doi:10.1016/j.jhin.2025.11.043,zhang-z,"Zhang, Z",3,0,0,Singapore General Hospital,Singapore,hospital,1,2025,amr_hai
doi:10.1016/j.jhin.2025.11.043,aung-m,"Aung, M O",4,0,0,Singapore General Hospital,Singapore,hospital,1,2025,amr_hai
doi:10.1016/j.jhin.2025.11.043,ong-s,"Ong, S J M",5,0,0,Singapore General Hospital,Singapore,hospital,1,2025,amr_hai
doi:10.1016/j.jhin.2025.11.043,toh-h,"Toh, H X",6,0,0,Singapore General Hospital,Singapore,hospital,1,2025,amr_hai
doi:10.1016/j.jhin.2025.11.043,lee-l,"Lee, L C",7,0,0,Singapore General Hospital,Singapore,hospital,1,2025,amr_hai
doi:10.1016/j.jhin.2025.11.043,tan-k,"Tan, K Y",8,0,0,Singapore General Hospital,Singapore,hospital,1,2025,amr_hai
doi:10.1016/j.jhin.2025.11.043,how-m,"How, M K B",9,0,0,Singapore General Hospital,Singapore,hospital,1,2025,amr_hai
doi:10.1016/j.jhin.2025.11.043,seah-j,"Seah, J H",10,0,0,Singapore General Hospital,Singapore,hospital,1,2025,amr_hai
doi:10.1016/j.jhin.2025.11.043,ismail-b,"Ismail, B S",11,0,0,Singapore General Hospital,Singapore,hospital,1,2025,amr_hai
doi:10.1016/j.jhin.2025.11.043,venkatachalam-i,"Venkatachalam, I",12,0,0,Singapore General Hospital,Singapore,hospital,2,2025,amr_hai
doi:10.1016/j.jhin.2025.11.043,lai-d,"Lai, D C M",13,0,0,Singapore General Hospital,Singapore,hospital,2,2025,amr_hai
doi:10.1016/j.jhin.2025.11.043,ling-m,"Ling, M L",14,0,1,Singapore General Hospital,Singapore,hospital,1,2025,amr_hai
doi:10.1016/s1473-3099(25)00151-3,paton-n,"Paton, Nicholas I",1,1,0,London School of Hygiene & Tropical Medicine,Singapore,university,2,2025,tb
doi:10.1016/s1473-3099(25)00151-3,cousins-c,"Cousins, Christopher",2,0,0,National University of Singapore,Singapore,university,1,2025,tb
doi:10.1016/s1473-3099(25)00151-3,sari-i,"Sari, Intan P",3,0,0,National University Hospital,Singapore,hospital,1,2025,tb
doi:10.1016/s1473-3099(25)00151-3,burhan-e,"Burhan, Erlina",4,0,0,,Indonesia,,1,2025,tb
doi:10.1016/s1473-3099(25)00151-3,ng-n,"Ng, Nan-Kai",5,0,0,National University of Singapore,Singapore,university,1,2025,tb
doi:10.1016/s1473-3099(25)00151-3,dalay-v,"Dalay, Victoria B",6,0,0,,Philippines,,1,2025,tb
doi:10.1016/s1473-3099(25)00151-3,suresh-c,"Suresh, Celina",7,0,0,National University of Singapore,Singapore,university,1,2025,tb
doi:10.1016/s1473-3099(25)00151-3,kusmiati-t,"Kusmiati, Tutik",8,0,0,,Indonesia,,1,2025,tb
doi:10.1016/s1473-3099(25)00151-3,chew-k,"Chew, Ka Lip",9,0,0,National University Hospital,Singapore,hospital,1,2025,tb
doi:10.1016/s1473-3099(25)00151-3,balanag-v,"Balanag, Vincent M",10,0,0,,Philippines,,1,2025,tb
doi:10.1016/s1473-3099(25)00151-3,lu-q,"Lu, Qingshu",11,0,0,,Singapore,,2,2025,tb
doi:10.1016/s1473-3099(25)00151-3,ruslami-r,"Ruslami, Rovina",12,0,0,,Indonesia,,1,2025,tb
doi:10.1016/s1473-3099(25)00151-3,djaharuddin-i,"Djaharuddin, Irawaty",13,0,0,,Indonesia,,1,2025,tb
doi:10.1016/s1473-3099(25)00151-3,sugiri-j,"Sugiri, Jani J R",14,0,0,,Indonesia,,1,2025,tb
doi:10.1016/s1473-3099(25)00151-3,veto-r,"Veto, Rholine S",15,0,0,,Philippines,,1,2025,tb
doi:10.1016/s1473-3099(25)00151-3,sekaggyawiltshire-c,"Sekaggya-Wiltshire, Christine",16,0,0,,Uganda,,1,2025,tb
doi:10.1016/s1473-3099(25)00151-3,avihingsanon-a,"Avihingsanon, Anchalee",17,0,0,,Thailand,,1,2025,tb
doi:10.1016/s1473-3099(25)00151-3,saini-j,"Saini, Jitendra Kumar",18,0,0,,India,,1,2025,tb
doi:10.1016/s1473-3099(25)00151-3,papineni-p,"Papineni, Padmasayee",19,0,0,National University of Singapore,Singapore,university,1,2025,tb
doi:10.1016/s1473-3099(25)00151-3,nunn-a,"Nunn, Andrew J",20,0,0,,United Kingdom,,1,2025,tb
doi:10.1016/s1473-3099(25)00151-3,crook-a,"Crook, Angela M",21,0,0,,United Kingdom,,1,2025,tb
doi:10.1016/s1473-3099(25)00151-3,,,22,0,1,,,,0,2025,tb
doi:10.1136/bmjresp-2025-003777,romo-m,"Romo, Matthew L",1,1,0,Harvard University,United States,university,1,2025,tb
doi:10.1136/bmjresp-2025-003777,lahood-a,"LaHood, Allison",2,0,0,Harvard University,United States,university,1,2025,tb
doi:10.1136/bmjresp-2025-003777,stagg-h,"Stagg, Helen R",3,0,0,London School of Hygiene & Tropical Medicine,United Kingdom,university,1,2025,tb
doi:10.1136/bmjresp-2025-003777,mitnick-c,"Mitnick, Carole D",4,0,0,Harvard University,United States,university,3,2025,tb
doi:10.1136/bmjresp-2025-003777,trevisi-l,"Trevisi, Letizia",5,0,0,Harvard University,United States,university,1,2025,tb
doi:10.1136/bmjresp-2025-003777,hewison-c,"Hewison, Cathy",6,0,0,,France,,1,2025,tb
doi:10.1136/bmjresp-2025-003777,padayachee-s,"Padayachee, Shrivani",7,0,0,,South Africa,,1,2025,tb
doi:10.1136/bmjresp-2025-003777,herreraflores-e,"Herrera Flores, Edwin",8,0,0,,Peru,,1,2025,tb
doi:10.1136/bmjresp-2025-003777,oyewusi-l,"Oyewusi, Lawrence",9,0,0,,,,1,2025,tb
doi:10.1136/bmjresp-2025-003777,khan-p,"Khan, Palwasha Y",10,0,0,London School of Hygiene & Tropical Medicine,Singapore,university,2,2025,tb
doi:10.1136/bmjresp-2025-003777,huerga-h,"Huerga, Helena",11,0,0,,France,,1,2025,tb
doi:10.1136/bmjresp-2025-003777,bastard-m,"Bastard, Mathieu",12,0,0,,France,,1,2025,tb
doi:10.1136/bmjresp-2025-003777,rich-m,"Rich, Michael L",13,0,0,,United States,,2,2025,tb
doi:10.1136/bmjresp-2025-003777,tefera-g,"Tefera, Girum Bayissa",14,0,0,,Ethiopia,,1,2025,tb
doi:10.1136/bmjresp-2025-003777,rashitov-m,"Rashitov, Mahmud",15,0,0,,,,1,2025,tb
doi:10.1136/bmjresp-2025-003777,kirakosyan-o,"Kirakosyan, Ohanna",16,0,0,,,,1,2025,tb
doi:10.1136/bmjresp-2025-003777,krisnanda-a,"Krisnanda, Aga",17,0,0,,Indonesia,,1,2025,tb
doi:10.1136/bmjresp-2025-003777,toktogonova-a,"Toktogonova, Atyrkul",18,0,0,,,,1,2025,tb
doi:10.1136/bmjresp-2025-003777,siddiqui-m,"Siddiqui, Muhammad Rafi",19,0,0,,Pakistan,,1,2025,tb
doi:10.1136/bmjresp-2025-003777,gomezrestrepo-c,"Gómez-Restrepo, Camilo",20,0,0,,Myanmar,,1,2025,tb
doi:10.1136/bmjresp-2025-003777,kotrikadze-t,"Kotrikadze, Tina",21,0,0,,,,1,2025,tb
doi:10.1136/bmjresp-2025-003777,franke-m,"Franke, Molly F",22,0,0,Harvard University,United States,university,1,2025,tb
doi:10.1136/bmjresp-2025-003777,,,23,0,1,,,,0,2025,tb
doi:10.1101/2025.08.20.25334077,romo-m,"Romo, Matthew L",1,1,0,Harvard University,United States,university,1,2025,tb
doi:10.1101/2025.08.20.25334077,lahood-a,"LaHood, Allison",2,0,0,Harvard University,United States,university,1,2025,tb
doi:10.1101/2025.08.20.25334077,stagg-h,"Stagg, Helen R",3,0,0,London School of Hygiene & Tropical Medicine,United Kingdom,university,1,2025,tb
doi:10.1101/2025.08.20.25334077,mitnick-c,"Mitnick, Carole D",4,0,0,Harvard University,United States,university,3,2025,tb
doi:10.1101/2025.08.20.25334077,trevisi-l,"Trevisi, Letizia",5,0,0,Harvard University,United States,university,1,2025,tb
doi:10.1101/2025.08.20.25334077,hewison-c,"Hewison, Cathy",6,0,0,,France,,1,2025,tb
doi:10.1101/2025.08.20.25334077,padayachee-s,"Padayachee, Shrivani",7,0,0,,South Africa,,1,2025,tb
doi:10.1101/2025.08.20.25334077,flores-e,"Flores, Edwin Herrera",8,0,0,,Peru,,1,2025,tb
doi:10.1101/2025.08.20.25334077,oyewusi-l,"Oyewusi, Lawrence",9,0,0,,,,1,2025,tb
doi:10.1101/2025.08.20.25334077,khan-p,"Khan, Palwasha Y",10,0,0,London School of Hygiene & Tropical Medicine,Singapore,university,2,2025,tb
doi:10.1101/2025.08.20.25334077,huerga-h,"Huerga, Helena",11,0,0,,France,,1,2025,tb
doi:10.1101/2025.08.20.25334077,bastard-m,"Bastard, Mathieu",12,0,0,,France,,1,2025,tb
doi:10.1101/2025.08.20.25334077,rich-m,"Rich, Michael L",13,0,0,,United States,,2,2025,tb
doi:10.1101/2025.08.20.25334077,tefera-g,"Tefera, Girum Bayissa",14,0,0,,Ethiopia,,1,2025,tb
doi:10.1101/2025.08.20.25334077,rashitov-m,"Rashitov, Mahmud",15,0,0,,,,1,2025,tb
doi:10.1101/2025.08.20.25334077,kirakosyan-o,"Kirakosyan, Ohanna",16,0,0,,,,1,2025,tb
doi:10.1101/2025.08.20.25334077,krisnanda-a,"Krisnanda, Aga",17,0,0,,Indonesia,,1,2025,tb
doi:10.1101/2025.08.20.25334077,toktogonova-a,"Toktogonova, Atyrkul",18,0,0,,,,1,2025,tb
doi:10.1101/2025.08.20.25334077,siddiqui-m,"Siddiqui, Muhammad Rafi",19,0,0,,Pakistan,,1,2025,tb
doi:10.1101/2025.08.20.25334077,gomezrestrepo-c,"Gómez-Restrepo, Camilo",20,0,0,,Myanmar,,1,2025,tb
doi:10.1101/2025.08.20.25334077,kotrikadze-t,"Kotrikadze, Tina",21,0,0,,,,1,2025,tb
doi:10.1101/2025.08.20.25334077,franke-m,"Franke, Molly F",22,0,0,Harvard University,United Kingdom,university,3,2025,tb
doi:10.1101/2025.08.20.25334077,,,23,0,1,,,,0,2025,tb
doi:10.1073/pnas.2421573122,qiao-w,"Qiao, Wenjie",1,1,0,,,,1,2025,vector_borne
doi:10.1073/pnas.2421573122,xie-x,"Xie, Xuping",2,0,0,,,,1,2025,vector_borne
doi:10.1073/pnas.2421573122,shi-p,"Shi, Pei-Yong",3,0,0,,,,1,2025,vector_borne
doi:10.1073/pnas.2421573122,ooi-y,"Ooi, Yaw Shin",4,0,0,A*STAR Infectious Diseases Labs,Singapore,research_institute,2,2025,vector_borne
doi:10.1073/pnas.2421573122,carette-j,"Carette, Jan E",5,0,1,,,,1,2025,vector_borne
doi:10.1038/s41467-025-66413-4,yong-m,"Yong, Melvin",1,1,0,National University of Singapore,Singapore,university,1,2025,amr_hai
doi:10.1038/s41467-025-66413-4,low-w,"Low, Wen Wen",2,0,0,National University of Singapore,Singapore,university,1,2025,amr_hai
doi:10.1038/s41467-025-66413-4,mishra-s,"Mishra, Swapnil",3,0,0,National University of Singapore,Singapore,university,1,2025,amr_hai
doi:10.1038/s41467-025-66413-4,williams-g,"Williams, Galain",4,0,0,,Australia,,1,2025,amr_hai
doi:10.1038/s41467-025-66413-4,mileto-s,"Mileto, Steven",5,0,0,,Australia,,1,2025,amr_hai
doi:10.1038/s41467-025-66413-4,lim-c,"Lim, Carey",6,0,0,National University of Singapore,Singapore,university,1,2025,amr_hai
doi:10.1038/s41467-025-66413-4,chwa-c,"Chwa, Channe",7,0,0,National University of Singapore,Singapore,university,1,2025,amr_hai
doi:10.1038/s41467-025-66413-4,oo-g,"Oo, Guodong",8,0,0,National University of Singapore,Singapore,university,1,2025,amr_hai
doi:10.1038/s41467-025-66413-4,cheam-g,"Cheam, Guoxiang",9,0,0,National University of Singapore,Singapore,university,1,2025,amr_hai
doi:10.1038/s41467-025-66413-4,chen-y,"Chen, Yahua",10,0,0,National University of Singapore,Singapore,university,1,2025,amr_hai
doi:10.1038/s41467-025-66413-4,chungthe-h,"Chung The, Hao",11,0,0,National University of Singapore,Singapore,research_institute,2,2025,amr_hai
doi:10.1038/s41467-025-66413-4,pham-t,"Pham, Thanh Duy",12,0,0,Oxford University Clinical Research Unit,Viet Nam,research_institute,1,2025,amr_hai
doi:10.1038/s41467-025-66413-4,lyras-d,"Lyras, Dena",13,0,0,,Australia,,1,2025,amr_hai
doi:10.1038/s41467-025-66413-4,gan-y,"Gan, Yunn-Hwen",14,0,1,National University of Singapore,Singapore,university,1,2025,amr_hai
doi:10.1007/s00408-024-00779-y,chew-n,"Chew, Natalie",1,1,0,National University Hospital,Singapore,hospital,2,2025,tb
doi:10.1007/s00408-024-00779-y,yun-s,"Yun, Sean",2,0,0,National University of Singapore,Singapore,university,1,2025,tb
doi:10.1007/s00408-024-00779-y,see-k,"See, Kay Choong",3,0,1,National University Hospital,Singapore,hospital,2,2025,tb
doi:10.1016/j.idc.2025.11.009,ngiam-j,"Ngiam, Jinghao Nicholas",1,1,0,National University Health System,Singapore,hospital,1,2025,amr_hai
doi:10.1016/j.idc.2025.11.009,koh-m,"Koh, Matthew Chung Yi",2,0,0,National University Health System,Singapore,hospital,1,2025,amr_hai
doi:10.1016/j.idc.2025.11.009,tung-g,"Tung, Grace",3,0,0,National University Health System,Singapore,hospital,1,2025,amr_hai
doi:10.1016/j.idc.2025.11.009,yin-m,"Yin, Mo",4,0,1,Mahidol University,Singapore,hospital,5,2025,amr_hai
doi:10.1016/j.idc.2025.11.005,s-a,"S, Abi Manesh",1,1,0,National University of Singapore,India,university,2,2025,amr_hai
doi:10.1016/j.idc.2025.11.003,ngiam-j,"Ngiam, Jinghao Nicholas",1,1,0,Communicable Diseases Agency,Singapore,government,2,2025,amr_hai
doi:10.1016/j.idc.2025.11.003,koh-m,"Koh, Matthew Chung Yi",2,0,0,National University Health System,Singapore,hospital,1,2025,amr_hai
doi:10.1016/j.idc.2025.11.003,harris-p,"Harris, Patrick N A",3,0,0,,Australia,,2,2025,amr_hai
doi:10.1016/j.idc.2025.11.003,lye-d,"Lye, David Chien Boon",4,0,1,Communicable Diseases Agency,Singapore,government,5,2025,amr_hai
doi:10.1186/s12964-025-02588-z,choo-y,"Choo, Yun Ying",1,1,0,National University of Singapore,Singapore,university,3,2025,vector_borne
doi:10.1186/s12964-025-02588-z,tan-t,"Tan, Tuan Zea",2,0,0,National University of Singapore,Singapore,university,1,2025,vector_borne
doi:10.1186/s12964-025-02588-z,zhang-s,"Zhang, Summer Lixin",3,0,0,National University of Singapore,Singapore,university,1,2025,vector_borne
doi:10.1186/s12964-025-02588-z,tan-h,"Tan, Hwee Cheng",4,0,0,National University of Singapore,Singapore,university,1,2025,vector_borne
doi:10.1186/s12964-025-02588-z,ooi-e,"Ooi, Eng Eong",5,0,0,National University of Singapore,Singapore,university,1,2025,vector_borne
doi:10.1186/s12964-025-02588-z,chua-j,"Chua, John Jia En",6,0,1,National University of Singapore,Singapore,university,3,2025,vector_borne
doi:10.1016/j.ajic.2025.10.025,foo-m,"Foo, Mabel Zhi Qi",1,1,0,Singapore General Hospital,Singapore,hospital,1,2025,amr_hai
doi:10.1016/j.ajic.2025.10.025,yong-y,"Yong, Yang",2,0,0,Singapore General Hospital,Singapore,hospital,1,2025,amr_hai
doi:10.1016/j.ajic.2025.10.025,lai-d,"Lai, Deborah Chooi Mun",3,0,0,Singapore General Hospital,Singapore,hospital,1,2025,amr_hai
doi:10.1016/j.ajic.2025.10.025,arora-s,"Arora, Shalvi",4,0,0,Singapore General Hospital,Singapore,hospital,1,2025,amr_hai
doi:10.1016/j.ajic.2025.10.025,aung-m,"Aung, May Kyawt",5,0,0,Singapore General Hospital,Singapore,hospital,1,2025,amr_hai
doi:10.1016/j.ajic.2025.10.025,oo-a,"Oo, Aung Myat",6,0,0,Singapore General Hospital,Singapore,hospital,1,2025,amr_hai
doi:10.1016/j.ajic.2025.10.025,chan-d,"Chan, Darius Yak Weng",7,0,0,Singapore General Hospital,Singapore,hospital,1,2025,amr_hai
doi:10.1016/j.ajic.2025.10.025,sim-j,"Sim, Jean Xiang Ying",8,0,0,Singapore General Hospital,Singapore,hospital,2,2025,amr_hai
doi:10.1016/j.ajic.2025.10.025,wee-l,"Wee, Liang En",9,0,0,Singapore General Hospital,Singapore,hospital,2,2025,amr_hai
doi:10.1016/j.ajic.2025.10.025,ling-m,"Ling, Moi Lin",10,0,0,Singapore General Hospital,Singapore,hospital,1,2025,amr_hai
doi:10.1016/j.ajic.2025.10.025,venkatachalam-i,"Venkatachalam, Indumathi",11,0,1,Singapore General Hospital,Singapore,hospital,2,2025,amr_hai
doi:10.1002/jia2.70052,lui-g,"Lui, Grace",1,1,0,University of Hong Kong,Hong Kong SAR,university,2,2025,sti
doi:10.1002/jia2.70052,chen-y,"Chen, Yaokai",2,0,0,,China,,1,2025,sti
doi:10.1002/jia2.70052,hung-c,"Hung, Chien-Ching",3,0,0,National University Hospital,Taiwan,hospital,3,2025,sti
doi:10.1002/jia2.70052,wong-p,"Wong, Pui Li",4,0,0,University of Malaya,Malaysia,university,2,2025,sti
doi:10.1002/jia2.70052,wong-c,"Wong, Chen Seong",5,0,0,National Centre for Infectious Diseases,Singapore,hospital,1,2025,sti
doi:10.1002/jia2.70052,leung-j,"Leung, Jason",6,0,0,University of Hong Kong,Hong Kong SAR,university,1,2025,sti
doi:10.1002/jia2.70052,xu-x,"Xu, Xiaolei",7,0,0,,China,,1,2025,sti
doi:10.1002/jia2.70052,cheung-c,"Cheung, Catherine",8,0,0,University of Hong Kong,Hong Kong SAR,university,1,2025,sti
doi:10.1002/jia2.70052,li-g,"Li, Guanlin",9,0,0,University of Hong Kong,Hong Kong SAR,university,1,2025,sti
doi:10.1002/jia2.70052,wong-v,"Wong, Vivian",10,0,0,University of Hong Kong,Hong Kong SAR,university,1,2025,sti
doi:10.1002/jia2.70052,shanlee-s,"Shan Lee, Shui",11,0,0,University of Hong Kong,Hong Kong SAR,university,1,2025,sti
doi:10.1002/jia2.70052,kwok-t,"Kwok, Timothy",12,0,0,University of Hong Kong,Hong Kong SAR,university,1,2025,sti
doi:10.1002/jia2.70052,rajasuriar-r,"Rajasuriar, Reena",13,0,1,University of Malaya,Malaysia,university,1,2025,sti
doi:10.1038/s41467-025-66411-6,finch-e,"Finch, Emilie",1,1,0,London School of Hygiene & Tropical Medicine,United Kingdom,university,2,2025,vector_borne
doi:10.1038/s41467-025-66411-6,chang-c,"Chang, Chia-Chen",2,0,0,National Environment Agency,Singapore,government,2,2025,vector_borne
doi:10.1038/s41467-025-66411-6,kucharski-a,"Kucharski, Adam",3,0,0,London School of Hygiene & Tropical Medicine,United Kingdom,university,1,2025,vector_borne
doi:10.1038/s41467-025-66411-6,sim-s,"Sim, Shuzhen",4,0,0,National Environment Agency,Singapore,government,1,2025,vector_borne
doi:10.1038/s41467-025-66411-6,ng-l,"Ng, Lee-Ching",5,0,0,Nanyang Technological University,Singapore,government,3,2025,vector_borne
doi:10.1038/s41467-025-66411-6,lowe-r,"Lowe, Rachel",6,0,1,London School of Hygiene & Tropical Medicine,Singapore,university,5,2025,vector_borne
doi:10.1016/j.arbres.2025.09.017,thu-w,"Thu, Win Pa Pa",1,1,0,National University of Singapore,Singapore,university,1,2025,tb
doi:10.1016/j.arbres.2025.09.017,hu-t,"Hu, Ting Huey",2,0,0,National University of Singapore,Singapore,university,1,2025,tb
doi:10.1016/j.arbres.2025.09.017,dambrosio-l,"D'Ambrosio, Lia",3,0,0,,Switzerland,,1,2025,tb
doi:10.1016/j.arbres.2025.09.017,centis-r,"Centis, Rosella",4,0,0,,Italy,,1,2025,tb
doi:10.1016/j.arbres.2025.09.017,ong-c,"Ong, Catherine W M",5,0,0,National University Hospital,Singapore,hospital,3,2025,tb
doi:10.1016/j.arbres.2025.09.017,migliori-g,"Migliori, Giovanni Battista",6,0,1,,Italy,,1,2025,tb
doi:10.1038/s41591-025-04041-7,kityo-c,"Kityo, Cissy",1,1,0,,Uganda,,1,2025,sti
doi:10.1038/s41591-025-04041-7,mambule-i,"Mambule, Ivan K",2,0,0,,Uganda,,1,2025,sti
doi:10.1038/s41591-025-04041-7,musaazi-j,"Musaazi, Joseph",3,0,0,,Uganda,,1,2025,sti
doi:10.1038/s41591-025-04041-7,sokhela-s,"Sokhela, Simiso",4,0,0,,South Africa,,1,2025,sti
doi:10.1038/s41591-025-04041-7,mugerwa-h,"Mugerwa, Henry",5,0,0,,Uganda,,1,2025,sti
doi:10.1038/s41591-025-04041-7,yawe-i,"Yawe, Ibrahim",6,0,0,,Uganda,,1,2025,sti
doi:10.1038/s41591-025-04041-7,cresswell-f,"Cresswell, Fiona",7,0,0,London School of Hygiene & Tropical Medicine,Uganda,university,3,2025,sti
doi:10.1038/s41591-025-04041-7,siika-a,"Siika, Abraham",8,0,0,,Kenya,,1,2025,sti
doi:10.1038/s41591-025-04041-7,kosgei-j,"Kosgei, Josphat",9,0,0,,Kenya,,1,2025,sti
doi:10.1038/s41591-025-04041-7,shah-r,"Shah, Reena",10,0,0,,Kenya,,1,2025,sti
doi:10.1038/s41591-025-04041-7,naidoo-l,"Naidoo, Logashvari",11,0,0,,South Africa,,1,2025,sti
doi:10.1038/s41591-025-04041-7,opiyo-k,"Opiyo, Kimton",12,0,0,,Uganda,,1,2025,sti
doi:10.1038/s41591-025-04041-7,otike-c,"Otike, Caroline",13,0,0,,Uganda,,1,2025,sti
doi:10.1038/s41591-025-04041-7,moller-k,"Möller, Karlien",14,0,0,,South Africa,,1,2025,sti
doi:10.1038/s41591-025-04041-7,okwero-m,"Okwero, Max",15,0,0,,Uganda,,1,2025,sti
doi:10.1038/s41591-025-04041-7,wambui-c,"Wambui, Charity",16,0,0,,Kenya,,1,2025,sti
doi:10.1038/s41591-025-04041-7,vaneygen-v,"Van Eygen, Veerle",17,0,0,,Belgium,,1,2025,sti
doi:10.1038/s41591-025-04041-7,mohammed-p,"Mohammed, Perry",18,0,0,,United Kingdom,,2,2025,sti
doi:10.1038/s41591-025-04041-7,addoboateng-f,"Addo Boateng, Fafa",19,0,0,,Ghana,,1,2025,sti
doi:10.1038/s41591-025-04041-7,paton-n,"Paton, Nicholas I",20,0,0,London School of Hygiene & Tropical Medicine,Singapore,university,2,2025,sti
doi:10.1038/s41591-025-04041-7,,,21,0,1,,,,0,2025,sti
doi:10.7759/cureus.100362,ong-h,"Ong, How Ting",1,1,0,Tan Tock Seng Hospital,Singapore,hospital,1,2025,tb
doi:10.7759/cureus.100362,leong-r,"Leong, Rachel W",2,0,0,Tan Tock Seng Hospital,Singapore,hospital,1,2025,tb
doi:10.7759/cureus.100362,gan-j,"Gan, Jereme Y",3,0,1,Tan Tock Seng Hospital,Singapore,hospital,1,2025,tb
doi:10.1016/s2213-2600(25)00194-8,guglielmetti-l,"Guglielmetti, Lorenzo",1,1,0,,France,,2,2025,tb
doi:10.1016/s2213-2600(25)00194-8,khan-u,"Khan, Uzma",2,0,0,,Canada,,2,2025,tb
doi:10.1016/s2213-2600(25)00194-8,velasquez-g,"Velásquez, Gustavo E",3,0,0,,United States,,2,2025,tb
doi:10.1016/s2213-2600(25)00194-8,gouillou-m,"Gouillou, Maelenn",4,0,0,,France,,1,2025,tb
doi:10.1016/s2213-2600(25)00194-8,ali-m,"Ali, Muhammad Hammad",5,0,0,,Pakistan,,1,2025,tb
doi:10.1016/s2213-2600(25)00194-8,amjad-s,"Amjad, Samreen",6,0,0,,Pakistan,,1,2025,tb
doi:10.1016/s2213-2600(25)00194-8,kamal-f,"Kamal, Farees",7,0,0,,Pakistan,,1,2025,tb
doi:10.1016/s2213-2600(25)00194-8,abubakirov-a,"Abubakirov, Amanzhan",8,0,0,,,,1,2025,tb
doi:10.1016/s2213-2600(25)00194-8,ardizzoni-e,"Ardizzoni, Elisa",9,0,0,,Belgium,,1,2025,tb
doi:10.1016/s2213-2600(25)00194-8,baudin-e,"Baudin, Elisabeth",10,0,0,,France,,1,2025,tb
doi:10.1016/s2213-2600(25)00194-8,bektassov-s,"Bektassov, Sagit",11,0,0,,,,1,2025,tb
doi:10.1016/s2213-2600(25)00194-8,berry-c,"Berry, Catherine",12,0,0,,United Kingdom,,1,2025,tb
doi:10.1016/s2213-2600(25)00194-8,bonnet-m,"Bonnet, Maryline",13,0,0,,France,,1,2025,tb
doi:10.1016/s2213-2600(25)00194-8,chavan-v,"Chavan, Vijay",14,0,0,,India,,1,2025,tb
doi:10.1016/s2213-2600(25)00194-8,coutisson-s,"Coutisson, Sylvine",15,0,0,,Switzerland,,1,2025,tb
doi:10.1016/s2213-2600(25)00194-8,dakenova-z,"Dakenova, Zhanna",16,0,0,,,,1,2025,tb
doi:10.1016/s2213-2600(25)00194-8,dejong-b,"de Jong, Bouke Catherine",17,0,0,,Belgium,,1,2025,tb
doi:10.1016/s2213-2600(25)00194-8,dinh-l,"Dinh, Luong Van",18,0,0,,Viet Nam,,1,2025,tb
doi:10.1016/s2213-2600(25)00194-8,ferlazzo-g,"Ferlazzo, Gabriella",19,0,0,,Switzerland,,1,2025,tb
doi:10.1016/s2213-2600(25)00194-8,kirakosyan-o,"Kirakosyan, Ohanna",20,0,0,,Germany,,1,2025,tb
doi:10.1016/s2213-2600(25)00194-8,lachenal-n,"Lachenal, Nathalie",21,0,0,,Switzerland,,1,2025,tb
doi:10.1016/s2213-2600(25)00194-8,lecca-l,"Lecca, Leonid",22,0,0,Harvard University,Peru,university,2,2025,tb
doi:10.1016/s2213-2600(25)00194-8,mcilleron-h,"McIlleron, Helen",23,0,0,,South Africa,,1,2025,tb
doi:10.1016/s2213-2600(25)00194-8,mikanda-k,"Mikanda, Kwabisha Kunda",24,0,0,,,,1,2025,tb
doi:10.1016/s2213-2600(25)00194-8,mucchingtoscano-s,"Mucching-Toscano, Sergio",25,0,0,,Peru,,1,2025,tb
doi:10.1016/s2213-2600(25)00194-8,mulders-w,"Mulders, Wim",26,0,0,,Belgium,,1,2025,tb
doi:10.1016/s2213-2600(25)00194-8,mushtaque-h,"Mushtaque, Hebah",27,0,0,,Pakistan,,1,2025,tb
doi:10.1016/s2213-2600(25)00194-8,nahid-p,"Nahid, Payam",28,0,0,,United States,,1,2025,tb
doi:10.1016/s2213-2600(25)00194-8,nguyen-d,"Nguyen, Dong Van",29,0,0,,Viet Nam,,1,2025,tb
doi:10.1016/s2213-2600(25)00194-8,nguyen-n,"Nguyen, Nhung Viet",30,0,0,,Viet Nam,,1,2025,tb
doi:10.1016/s2213-2600(25)00194-8,oyewusi-l,"Oyewusi, Lawrence",31,0,0,,,,1,2025,tb
doi:10.1016/s2213-2600(25)00194-8,motta-i,"Motta, Ilaria",32,0,0,,Switzerland,,2,2025,tb
doi:10.1016/s2213-2600(25)00194-8,panda-s,"Panda, Samiran",33,0,0,,India,,1,2025,tb
doi:10.1016/s2213-2600(25)00194-8,patil-s,"Patil, Sandip",34,0,0,,India,,1,2025,tb
doi:10.1016/s2213-2600(25)00194-8,pham-t,"Pham, Thuong Huu",35,0,0,,Viet Nam,,1,2025,tb
doi:10.1016/s2213-2600(25)00194-8,phan-d,"Phan, Dat Thuong",36,0,0,,Viet Nam,,1,2025,tb
doi:10.1016/s2213-2600(25)00194-8,phan-h,"Phan, Ha Thi Thu",37,0,0,,United States,,3,2025,tb
doi:10.1016/s2213-2600(25)00194-8,phillips-p,"Phillips, Patrick P J",38,0,0,,United States,,1,2025,tb
doi:10.1016/s2213-2600(25)00194-8,ruiz-j,"Ruiz, Jimena",39,0,0,,Peru,,1,2025,tb
doi:10.1016/s2213-2600(25)00194-8,rupasinghe-p,"Rupasinghe, Praharshinie",40,0,0,,Belgium,,1,2025,tb
doi:10.1016/s2213-2600(25)00194-8,salahuddin-n,"Salahuddin, Naseem",41,0,0,,Pakistan,,1,2025,tb
doi:10.1016/s2213-2600(25)00194-8,sanchezgaravito-e,"Sanchez-Garavito, Epifanio",42,0,0,,Peru,,2,2025,tb
doi:10.1016/s2213-2600(25)00194-8,seung-k,"Seung, Kwonjune J",43,0,0,,United States,,1,2025,tb
doi:10.1016/s2213-2600(25)00194-8,asfaw-m,"Asfaw, Meseret Tamirat",44,0,0,,,,1,2025,tb
doi:10.1016/s2213-2600(25)00194-8,vargasvasquez-d,"Vargas Vasquez, Dante",45,0,0,,Peru,,2,2025,tb
doi:10.1016/s2213-2600(25)00194-8,rich-m,"Rich, Michael L",46,0,0,,United States,,2,2025,tb
doi:10.1016/s2213-2600(25)00194-8,varaine-f,"Varaine, Francis",47,0,0,,France,,1,2025,tb
doi:10.1016/s2213-2600(25)00194-8,mitnick-c,"Mitnick, Carole D",48,0,0,Harvard University,United States,university,3,2025,tb
doi:10.1016/s2213-2600(25)00194-8,,,49,0,1,,,,0,2025,tb
doi:10.3389/fmicb.2025.1711400,ng-c,"Ng, Charmaine",1,1,0,,Philippines,,1,2025,amr_hai
doi:10.3389/fmicb.2025.1711400,abrazaldo-j,"Abrazaldo, Josephine",2,0,0,,Philippines,,1,2025,amr_hai
doi:10.3389/fmicb.2025.1711400,devera-p,"de Vera, Patrick",3,0,0,,Philippines,,1,2025,amr_hai
doi:10.3389/fmicb.2025.1711400,goh-s,"Goh, Shin Giek",4,0,0,Environmental Health Institute,Singapore,government,1,2025,amr_hai
doi:10.3389/fmicb.2025.1711400,tan-b,"Tan, Boonfei",5,0,1,,Philippines,,1,2025,amr_hai
doi:10.1073/pnas.2502522122,shu-b,"Shu, Bo",1,1,0,National University of Singapore,Singapore,university,2,2025,vector_borne
doi:10.1073/pnas.2502522122,ng-t,"Ng, Thiam-Seng",2,0,0,National University of Singapore,Singapore,university,2,2025,vector_borne
doi:10.1073/pnas.2502522122,lim-x,"Lim, Xin-Ni",3,0,0,National University of Singapore,Singapore,university,2,2025,vector_borne
doi:10.1073/pnas.2502522122,zhang-s,"Zhang, Shuijun",4,0,0,National University of Singapore,Singapore,university,2,2025,vector_borne
doi:10.1073/pnas.2502522122,kostyuchenko-v,"Kostyuchenko, Victor A",5,0,0,National University of Singapore,Singapore,university,2,2025,vector_borne
doi:10.1073/pnas.2502522122,fibriansah-g,"Fibriansah, Guntur",6,0,0,National University of Singapore,Singapore,university,2,2025,vector_borne
doi:10.1073/pnas.2502522122,mcelvany-b,"McElvany, Benjamin D",7,0,0,,,,1,2025,vector_borne
doi:10.1073/pnas.2502522122,chew-v,"Chew, Valerie Shyn-Yun",8,0,0,National University of Singapore,Singapore,university,2,2025,vector_borne
doi:10.1073/pnas.2502522122,desilva-a,"de Silva, Aravinda M",9,0,0,,,,1,2025,vector_borne
doi:10.1073/pnas.2502522122,diehl-s,"Diehl, Sean A",10,0,0,,,,1,2025,vector_borne
doi:10.1073/pnas.2502522122,lok-s,"Lok, Shee-Mei",11,0,1,National University of Singapore,Singapore,university,2,2025,vector_borne
doi:10.1021/acs.analchem.5c05609,wang-s,"Wang, Shouming",1,1,0,Nanyang Technological University,China,university,2,2025,amr_hai
doi:10.1021/acs.analchem.5c05609,niu-h,"Niu, Hongyang",2,0,0,Nanyang Technological University,China,university,2,2025,amr_hai
doi:10.1021/acs.analchem.5c05609,huang-l,"Huang, Lijuan",3,0,0,,China,,1,2025,amr_hai
doi:10.1021/acs.analchem.5c05609,liu-j,"Liu, Ji",4,0,0,,China,,1,2025,amr_hai
doi:10.1021/acs.analchem.5c05609,wang-c,"Wang, Chunyan",5,0,0,,China,,1,2025,amr_hai
doi:10.1021/acs.analchem.5c05609,hu-b,"Hu, Bingtao",6,0,0,,China,,1,2025,amr_hai
doi:10.1021/acs.analchem.5c05609,yuan-j,"Yuan, Jing",7,0,0,,China,,1,2025,amr_hai
doi:10.1021/acs.analchem.5c05609,liu-x,"Liu, Xue",8,0,1,Nanyang Technological University,China,university,2,2025,amr_hai
doi:10.3390/pathogens14080741,wali-a,"Wali, Ahmad",1,1,0,,Norway,,2,2025,tb
doi:10.3390/pathogens14080741,safdar-n,"Safdar, Nauman",2,0,0,,Singapore,,1,2025,tb
doi:10.3390/pathogens14080741,ambreen-a,"Ambreen, Atiqa",3,0,0,,Pakistan,,1,2025,tb
doi:10.3390/pathogens14080741,loya-a,"Loya, Asif",4,0,0,,Pakistan,,1,2025,tb
doi:10.3390/pathogens14080741,mustafa-t,"Mustafa, Tehmina",5,0,1,,Norway,,2,2025,tb
doi:10.1186/s12916-025-03941-2,lim-j,"Lim, Jue Tao",1,1,0,Environmental Health Institute,Singapore,government,2,2025,vector_borne
doi:10.1186/s12916-025-03941-2,mailepessov-d,"Mailepessov, Diyar",2,0,0,Environmental Health Institute,Singapore,government,1,2025,vector_borne
doi:10.1186/s12916-025-03941-2,chong-c,"Chong, Chee Seng",3,0,0,Environmental Health Institute,Singapore,government,1,2025,vector_borne
doi:10.1186/s12916-025-03941-2,dickens-b,"Dickens, Borame",4,0,0,National University of Singapore,Singapore,university,1,2025,vector_borne
doi:10.1186/s12916-025-03941-2,lai-y,"Lai, Yee Ling",5,0,0,Environmental Health Institute,Singapore,government,1,2025,vector_borne
doi:10.1186/s12916-025-03941-2,ng-y,"Ng, Youming",6,0,0,Environmental Health Institute,Singapore,government,1,2025,vector_borne
doi:10.1186/s12916-025-03941-2,lu-d,"Lu, Deng",7,0,0,Environmental Health Institute,Singapore,government,1,2025,vector_borne
doi:10.1186/s12916-025-03941-2,lee-c,"Lee, Caleb",8,0,0,Environmental Health Institute,Singapore,government,1,2025,vector_borne
doi:10.1186/s12916-025-03941-2,tan-l,"Tan, Li Yun",9,0,0,Environmental Health Institute,Singapore,government,1,2025,vector_borne
doi:10.1186/s12916-025-03941-2,chain-g,"Chain, Grace",10,0,0,Environmental Health Institute,Singapore,government,1,2025,vector_borne
doi:10.1186/s12916-025-03941-2,ho-s,"Ho, Soon Hoe",11,0,0,Environmental Health Institute,Singapore,government,1,2025,vector_borne
doi:10.1186/s12916-025-03941-2,chang-c,"Chang, Chia-Chen",12,0,0,Environmental Health Institute,Singapore,government,1,2025,vector_borne
doi:10.1186/s12916-025-03941-2,ma-p,"Ma, Pei",13,0,0,National University of Singapore,Singapore,university,1,2025,vector_borne
doi:10.1186/s12916-025-03941-2,bansal-s,"Bansal, Somya",14,0,0,National University of Singapore,Singapore,university,1,2025,vector_borne
doi:10.1186/s12916-025-03941-2,lee-v,"Lee, Vernon",15,0,0,,Singapore,,1,2025,vector_borne
doi:10.1186/s12916-025-03941-2,sim-s,"Sim, Shuzhen",16,0,0,Environmental Health Institute,Singapore,government,1,2025,vector_borne
doi:10.1186/s12916-025-03941-2,tan-c,"Tan, Cheong Huat",17,0,0,Environmental Health Institute,Singapore,government,1,2025,vector_borne
doi:10.1186/s12916-025-03941-2,ng-l,"Ng, Lee Ching",18,0,1,Environmental Health Institute,Singapore,government,3,2025,vector_borne
doi:10.1101/2025.10.26.684512,singh-s,"Singh, Samsher",1,1,0,Nanyang Technological University,Singapore,university,1,2025,other_id
doi:10.1101/2025.10.26.684512,sorayah-r,"Sorayah, Ria",2,0,0,Nanyang Technological University,Singapore,university,1,2025,other_id
doi:10.1101/2025.10.26.684512,chen-y,"Chen, Yushu",3,0,0,National University of Singapore,Singapore,university,1,2025,other_id
doi:10.1101/2025.10.26.684512,mulholland-c,"Mulholland, Claire V",4,0,0,,United States,,1,2025,other_id
doi:10.1101/2025.10.26.684512,daher-w,"Daher, Wassim",5,0,0,,France,,2,2025,other_id
doi:10.1101/2025.10.26.684512,pee-c,"Pee, Carmen J E",6,0,0,Nanyang Technological University,Singapore,university,2,2025,other_id
doi:10.1101/2025.10.26.684512,casandra-t,"Casandra, Tan Ai Zhu",7,0,0,Nanyang Technological University,Singapore,university,1,2025,other_id
doi:10.1101/2025.10.26.684512,wee-d,"Wee, Denise",8,0,0,A*STAR Infectious Diseases Labs,Singapore,research_institute,1,2025,other_id
doi:10.1101/2025.10.26.684512,oehlers-s,"Oehlers, Stefan H",9,0,0,A*STAR Infectious Diseases Labs,Singapore,research_institute,2,2025,other_id
doi:10.1101/2025.10.26.684512,kline-k,"Kline, Kimberly A",10,0,0,,Switzerland,,1,2025,other_id
doi:10.1101/2025.10.26.684512,chng-s,"Chng, Shu Sin",11,0,0,Nanyang Technological University,Singapore,university,2,2025,other_id
doi:10.1101/2025.10.26.684512,berney-m,"Berney, Michael",12,0,0,,Switzerland,,2,2025,other_id
doi:10.1101/2025.10.26.684512,kremer-l,"Kremer, Laurent",13,0,0,,France,,2,2025,other_id
doi:10.1101/2025.10.26.684512,moraski-g,"Moraski, Garrett",14,0,0,,United States,,1,2025,other_id
doi:10.1101/2025.10.26.684512,pethe-k,"Pethe, Kevin",15,0,1,A*STAR Infectious Diseases Labs,Singapore,hospital,5,2025,other_id
doi:10.1002/pro.5142,martins-a,"Martins, Ana S",1,1,0,,Portugal,,1,2024,vector_borne
doi:10.1002/pro.5142,carvalho-f,"Carvalho, Filomena A",2,0,0,,Portugal,,1,2024,vector_borne
doi:10.1002/pro.5142,nascimento-a,"Nascimento, André R",3,0,0,,Portugal,,1,2024,vector_borne
doi:10.1002/pro.5142,silva-n,"Silva, Nelly M",4,0,0,,Portugal,,1,2024,vector_borne
doi:10.1002/pro.5142,rebelo-t,"Rebelo, Teresa V",5,0,0,,Portugal,,1,2024,vector_borne
doi:10.1002/pro.5142,faustino-a,"Faustino, André F",6,0,0,,Portugal,,1,2024,vector_borne
doi:10.1002/pro.5142,enguita-f,"Enguita, Francisco J",7,0,0,,Portugal,,1,2024,vector_borne
doi:10.1002/pro.5142,huber-r,"Huber, Roland G",8,0,0,Bioinformatics Institute,Singapore,research_institute,1,2024,vector_borne
doi:10.1002/pro.5142,santos-n,"Santos, Nuno C",9,0,0,,Portugal,,1,2024,vector_borne
doi:10.1002/pro.5142,martins-i,"Martins, Ivo C",10,0,1,,Portugal,,1,2024,vector_borne
doi:10.1186/s12915-024-02070-1,lim-p,"Lim, Preston Lj",1,1,0,National University of Singapore,Singapore,university,1,2024,vector_borne
doi:10.1186/s12915-024-02070-1,cook-a,"Cook, Alex R",2,0,0,National University of Singapore,Singapore,university,1,2024,vector_borne
doi:10.1186/s12915-024-02070-1,bansal-s,"Bansal, Somya",3,0,0,National University of Singapore,Singapore,university,1,2024,vector_borne
doi:10.1186/s12915-024-02070-1,chow-j,"Chow, Jo Yi",4,0,0,Nanyang Technological University,Singapore,university,1,2024,vector_borne
doi:10.1186/s12915-024-02070-1,lim-j,"Lim, Jue Tao",5,0,1,Nanyang Technological University,Singapore,university,1,2024,vector_borne
doi:10.1183/16000617.0208-2023,teo-a,"Teo, Alvin Kuo Jing",1,1,0,National University of Singapore,Australia,university,3,2024,tb
doi:10.1183/16000617.0208-2023,maclean-e,"MacLean, Emily Lai-Ho",2,0,0,,Australia,,2,2024,tb
doi:10.1183/16000617.0208-2023,fox-g,"Fox, Greg J",3,0,1,,Australia,,1,2024,tb
doi:10.1016/j.ijid.2024.107768,chew-y,"Chew, Yi Rong",1,1,0,National Centre for Infectious Diseases,Singapore,hospital,2,2024,tb
doi:10.1016/j.ijid.2024.107768,tay-j,"Tay, Jun Yang",2,0,0,National Centre for Infectious Diseases,Singapore,hospital,2,2024,tb
doi:10.1016/j.ijid.2024.107768,kyaw-w,"Kyaw, Win Mar",3,0,0,National Centre for Infectious Diseases,Singapore,hospital,1,2024,tb
doi:10.1016/j.ijid.2024.107768,chia-p,"Chia, Po Ying",4,0,0,Nanyang Technological University,Singapore,hospital,3,2024,tb
doi:10.1016/j.ijid.2024.107768,ng-d,"Ng, Deborah Hee Ling",5,0,1,National Centre for Infectious Diseases,Singapore,hospital,2,2024,tb
doi:10.1038/s41467-024-48077-8,kho-s,"Kho, Sooyeon",1,1,0,,United States,,1,2024,tb
doi:10.1038/s41467-024-48077-8,seung-k,"Seung, Kwonjune J",2,0,0,,United States,,2,2024,tb
doi:10.1038/s41467-024-48077-8,huerga-h,"Huerga, Helena",3,0,0,,France,,1,2024,tb
doi:10.1038/s41467-024-48077-8,bastard-m,"Bastard, Mathieu",4,0,0,,France,,1,2024,tb
doi:10.1038/s41467-024-48077-8,khan-p,"Khan, Palwasha Y",5,0,0,London School of Hygiene & Tropical Medicine,Singapore,university,2,2024,tb
doi:10.1038/s41467-024-48077-8,mitnick-c,"Mitnick, Carole D",6,0,0,Harvard University,United States,university,3,2024,tb
doi:10.1038/s41467-024-48077-8,rich-m,"Rich, Michael L",7,0,0,,United States,,2,2024,tb
doi:10.1038/s41467-024-48077-8,islam-s,"Islam, Shirajul",8,0,0,,Bangladesh,,1,2024,tb
doi:10.1038/s41467-024-48077-8,zhizhilashvili-d,"Zhizhilashvili, Dali",9,0,0,,,,1,2024,tb
doi:10.1038/s41467-024-48077-8,yeghiazaryan-l,"Yeghiazaryan, Lusine",10,0,0,,,,1,2024,tb
doi:10.1038/s41467-024-48077-8,nikolenko-e,"Nikolenko, Elena Nikolaevna",11,0,0,,,,1,2024,tb
doi:10.1038/s41467-024-48077-8,zarli-k,"Zarli, Khin",12,0,0,,Myanmar,,1,2024,tb
doi:10.1038/s41467-024-48077-8,adnan-s,"Adnan, Sana",13,0,0,,Pakistan,,1,2024,tb
doi:10.1038/s41467-024-48077-8,salahuddin-n,"Salahuddin, Naseem",14,0,0,,Pakistan,,1,2024,tb
doi:10.1038/s41467-024-48077-8,ahmed-s,"Ahmed, Saman",15,0,0,,Pakistan,,1,2024,tb
doi:10.1038/s41467-024-48077-8,vargas-z,"Vargas, Zully Haydee Ruíz",16,0,0,,Peru,,1,2024,tb
doi:10.1038/s41467-024-48077-8,bekele-a,"Bekele, Amsalu",17,0,0,,Ethiopia,,1,2024,tb
doi:10.1038/s41467-024-48077-8,shaimerdenova-a,"Shaimerdenova, Aiman",18,0,0,,,,1,2024,tb
doi:10.1038/s41467-024-48077-8,tamirat-m,"Tamirat, Meseret",19,0,0,,,,1,2024,tb
doi:10.1038/s41467-024-48077-8,gelin-a,"Gelin, Alain",20,0,0,,Haiti,,1,2024,tb
doi:10.1038/s41467-024-48077-8,vilbrun-s,"Vilbrun, Stalz Charles",21,0,0,,Haiti,,1,2024,tb
doi:10.1038/s41467-024-48077-8,hewison-c,"Hewison, Catherine",22,0,0,,France,,1,2024,tb
doi:10.1038/s41467-024-48077-8,khan-u,"Khan, Uzma",23,0,0,,Singapore,,1,2024,tb
doi:10.1038/s41467-024-48077-8,franke-m,"Franke, Molly",24,0,1,Harvard University,United States,university,2,2024,tb
doi:10.47102/annals-acadmedsg.2023391,ang-m,"Ang, Michelle Lay Teng",1,1,0,National Centre for Infectious Diseases,Singapore,hospital,1,2024,tb
doi:10.47102/annals-acadmedsg.2023391,chan-s,"Chan, Si Min",2,0,0,National University Hospital,Singapore,hospital,2,2024,tb
doi:10.47102/annals-acadmedsg.2023391,cheng-l,"Cheng, Lionel Tim-Ee",3,0,0,Singapore General Hospital,Singapore,hospital,1,2024,tb
doi:10.47102/annals-acadmedsg.2023391,cheong-h,"Cheong, Hau Yiang",4,0,0,Changi General Hospital,Singapore,hospital,1,2024,tb
doi:10.47102/annals-acadmedsg.2023391,chew-k,"Chew, Ka Lip",5,0,0,National University Hospital,Singapore,hospital,1,2024,tb
doi:10.47102/annals-acadmedsg.2023391,chlebicki-p,"Chlebicki, Piotr Maciej",6,0,0,Singapore General Hospital,Singapore,hospital,1,2024,tb
doi:10.47102/annals-acadmedsg.2023391,hsu-l,"Hsu, Li Yang",7,0,0,National University of Singapore,Singapore,university,2,2024,tb
doi:10.47102/annals-acadmedsg.2023391,kaw-g,"Kaw, Gregory Jon Leng",8,0,0,Tan Tock Seng Hospital,Singapore,hospital,1,2024,tb
doi:10.47102/annals-acadmedsg.2023391,kee-a,"Kee, Adrian Chin Leong",9,0,0,National University Hospital,Singapore,hospital,2,2024,tb
doi:10.47102/annals-acadmedsg.2023391,ng-m,"Ng, Mark Chung Wai",10,0,0,SingHealth,Singapore,hospital,1,2024,tb
doi:10.47102/annals-acadmedsg.2023391,ong-r,"Ong, Rick Twee Hee",11,0,0,National University of Singapore,Singapore,university,1,2024,tb
doi:10.47102/annals-acadmedsg.2023391,ong-c,"Ong, Catherine Wei Min",12,0,0,National University Hospital,Singapore,hospital,2,2024,tb
doi:10.47102/annals-acadmedsg.2023391,quah-j,"Quah, Jessica Lishan",13,0,0,Changi General Hospital,Singapore,hospital,1,2024,tb
doi:10.47102/annals-acadmedsg.2023391,selvamani-d,"Selvamani, D/O Balasubramaniam",14,0,0,,Singapore,,1,2024,tb
doi:10.47102/annals-acadmedsg.2023391,sng-l,"Sng, Li Hwei",15,0,0,Singapore General Hospital,Singapore,hospital,1,2024,tb
doi:10.47102/annals-acadmedsg.2023391,tan-j,"Tan, Jamie Bee Xian",16,0,0,Singapore General Hospital,Singapore,hospital,1,2024,tb
doi:10.47102/annals-acadmedsg.2023391,tan-c,"Tan, Cher Heng",17,0,0,Tan Tock Seng Hospital,Singapore,hospital,1,2024,tb
doi:10.47102/annals-acadmedsg.2023391,tay-j,"Tay, Jun Yang",18,0,0,National Centre for Infectious Diseases,Singapore,hospital,1,2024,tb
doi:10.47102/annals-acadmedsg.2023391,teo-l,"Teo, Lynette Li San",19,0,0,National University Hospital,Singapore,hospital,2,2024,tb
doi:10.47102/annals-acadmedsg.2023391,thoon-k,"Thoon, Koh Cheng",20,0,0,KK Women's and Children's Hospital,Singapore,hospital,1,2024,tb
doi:10.47102/annals-acadmedsg.2023391,yan-g,"Yan, Gabriel Zherong",21,0,0,National University Hospital,Singapore,hospital,1,2024,tb
doi:10.47102/annals-acadmedsg.2023391,chen-j,"Chen, Jacinta I-Pei",22,0,0,National University of Singapore,Singapore,university,1,2024,tb
doi:10.47102/annals-acadmedsg.2023391,hud-b,"Hud, Bin Mohammed Helmi",23,0,0,National University of Singapore,Singapore,university,1,2024,tb
doi:10.47102/annals-acadmedsg.2023391,khoo-b,"Khoo, Benjamin Bing Jie",24,0,0,National University of Singapore,Singapore,university,1,2024,tb
doi:10.47102/annals-acadmedsg.2023391,lee-d,"Lee, Dawn Yi Xin",25,0,0,National University of Singapore,Singapore,university,1,2024,tb
doi:10.47102/annals-acadmedsg.2023391,ng-b,"Ng, Bob Xian Yi",26,0,0,National University of Singapore,Singapore,university,1,2024,tb
doi:10.47102/annals-acadmedsg.2023391,park-j,"Park, Jia Ying",27,0,0,National University of Singapore,Singapore,university,1,2024,tb
doi:10.47102/annals-acadmedsg.2023391,tan-b,"Tan, Belinda Ying Ting",28,0,0,National University of Singapore,Singapore,university,1,2024,tb
doi:10.47102/annals-acadmedsg.2023391,yang-q,"Yang, Qian",29,0,1,National University of Singapore,Singapore,university,1,2024,tb
doi:10.1038/s41467-024-54419-3,cross-g,"Cross, Gail B",1,1,0,National University Hospital,Australia,hospital,4,2024,tb
doi:10.1038/s41467-024-54419-3,sari-i,"Sari, Intan P",2,0,0,National University Hospital,Singapore,hospital,1,2024,tb
doi:10.1038/s41467-024-54419-3,burkill-s,"Burkill, Sarah M",3,0,0,,Singapore,,1,2024,tb
doi:10.1038/s41467-024-54419-3,yap-c,"Yap, Chee Woei",4,0,0,,Singapore,,1,2024,tb
doi:10.1038/s41467-024-54419-3,nguyen-h,"Nguyen, Han",5,0,0,,Sweden,,2,2024,tb
doi:10.1038/s41467-024-54419-3,quyet-d,"Quyet, Do",6,0,0,,Viet Nam,,1,2024,tb
doi:10.1038/s41467-024-54419-3,dalay-v,"Dalay, Victoria B",7,0,0,,Philippines,,1,2024,tb
doi:10.1038/s41467-024-54419-3,gutierrez-e,"Gutierrez, Emmanuel",8,0,0,,Philippines,,1,2024,tb
doi:10.1038/s41467-024-54419-3,balanag-v,"Balanag, Vincent M",9,0,0,,Philippines,,1,2024,tb
doi:10.1038/s41467-024-54419-3,castillo-r,"Castillo, Randy J",10,0,0,,Philippines,,1,2024,tb
doi:10.1038/s41467-024-54419-3,chang-c,"Chang, Christina C",11,0,0,,Australia,,1,2024,tb
doi:10.1038/s41467-024-54419-3,kelleher-a,"Kelleher, Anthony D",12,0,0,,Australia,,1,2024,tb
doi:10.1038/s41467-024-54419-3,odoherty-j,"O'Doherty, Jim",13,0,0,National University of Singapore,Singapore,university,2,2024,tb
doi:10.1038/s41467-024-54419-3,paton-n,"Paton, Nicholas I",14,0,1,London School of Hygiene & Tropical Medicine,Singapore,hospital,3,2024,tb
doi:10.1016/s2213-2600(24)00186-3,goodall-r,"Goodall, Ruth L",1,1,0,,United Kingdom,,1,2024,tb
doi:10.1016/s2213-2600(24)00186-3,nunn-a,"Nunn, Andrew J",2,0,0,,United Kingdom,,1,2024,tb
doi:10.1016/s2213-2600(24)00186-3,meredith-s,"Meredith, Sarah K",3,0,0,,United Kingdom,,1,2024,tb
doi:10.1016/s2213-2600(24)00186-3,bayissa-a,"Bayissa, Adamu",4,0,0,,Ethiopia,,1,2024,tb
doi:10.1016/s2213-2600(24)00186-3,bhatnagar-a,"Bhatnagar, Anuj K",5,0,0,,India,,1,2024,tb
doi:10.1016/s2213-2600(24)00186-3,chiang-c,"Chiang, Chen-Yuan",6,0,0,,France,,3,2024,tb
doi:10.1016/s2213-2600(24)00186-3,conradie-f,"Conradie, Francesca",7,0,0,,South Africa,,1,2024,tb
doi:10.1016/s2213-2600(24)00186-3,gopalan-n,"Gopalan, Narendran",8,0,0,,India,,1,2024,tb
doi:10.1016/s2213-2600(24)00186-3,gurumurthy-m,"Gurumurthy, Meera",9,0,0,,Singapore,,1,2024,tb
doi:10.1016/s2213-2600(24)00186-3,kirenga-b,"Kirenga, Bruce",10,0,0,,Uganda,,1,2024,tb
doi:10.1016/s2213-2600(24)00186-3,kiria-n,"Kiria, Nana",11,0,0,,,,1,2024,tb
doi:10.1016/s2213-2600(24)00186-3,meressa-d,"Meressa, Daniel",12,0,0,,Ethiopia,,1,2024,tb
doi:10.1016/s2213-2600(24)00186-3,moodliar-r,"Moodliar, Ronelle",13,0,0,,South Africa,,1,2024,tb
doi:10.1016/s2213-2600(24)00186-3,ngubane-n,"Ngubane, Nosipho",14,0,0,,South Africa,,1,2024,tb
doi:10.1016/s2213-2600(24)00186-3,rassool-m,"Rassool, Mohammed",15,0,0,,South Africa,,1,2024,tb
doi:10.1016/s2213-2600(24)00186-3,sanders-k,"Sanders, Karen",16,0,0,,United Kingdom,,1,2024,tb
doi:10.1016/s2213-2600(24)00186-3,solanki-r,"Solanki, Rajesh",17,0,0,,India,,1,2024,tb
doi:10.1016/s2213-2600(24)00186-3,squire-s,"Squire, S Bertel",18,0,0,,United Kingdom,,1,2024,tb
doi:10.1016/s2213-2600(24)00186-3,teferi-m,"Teferi, Mekonnen",19,0,0,,Ethiopia,,1,2024,tb
doi:10.1016/s2213-2600(24)00186-3,torrea-g,"Torrea, Gabriela",20,0,0,,Belgium,,1,2024,tb
doi:10.1016/s2213-2600(24)00186-3,tsogt-b,"Tsogt, Bazarragchaa",21,0,0,,Mongolia,,1,2024,tb
doi:10.1016/s2213-2600(24)00186-3,tudor-e,"Tudor, Elena",22,0,0,,,,1,2024,tb
doi:10.1016/s2213-2600(24)00186-3,vandeun-a,"Van Deun, Armand",23,0,0,,Belgium,,1,2024,tb
doi:10.1016/s2213-2600(24)00186-3,rusen-i,"Rusen, I D",24,0,0,,United States,,1,2024,tb
doi:10.1016/s2213-2600(24)00186-3,,,25,0,1,,,,0,2024,tb
doi:10.1007/s12104-024-10208-z,li-y,"Li, Yan",1,1,0,Experimental Drug Development Centre,China,research_institute,2,2024,vector_borne
doi:10.1007/s12104-024-10208-z,loh-y,"Loh, Ying Ru",2,0,0,Experimental Drug Development Centre,Singapore,research_institute,1,2024,vector_borne
doi:10.1007/s12104-024-10208-z,li-q,"Li, Qingxin",3,0,0,,China,,1,2024,vector_borne
doi:10.1007/s12104-024-10208-z,luo-d,"Luo, Dahai",4,0,0,Nanyang Technological University,Singapore,hospital,3,2024,vector_borne
doi:10.1007/s12104-024-10208-z,kang-c,"Kang, CongBao",5,0,1,Experimental Drug Development Centre,Singapore,research_institute,1,2024,vector_borne
doi:10.1186/s12874-024-02291-6,chow-j,"Chow, Jo Yi",1,1,0,Nanyang Technological University,Singapore,university,1,2024,vector_borne
doi:10.1186/s12874-024-02291-6,geng-l,"Geng, Lin",2,0,0,Nanyang Technological University,Singapore,university,1,2024,vector_borne
doi:10.1186/s12874-024-02291-6,bansal-s,"Bansal, Somya",3,0,0,National University of Singapore,Singapore,university,1,2024,vector_borne
doi:10.1186/s12874-024-02291-6,dickens-b,"Dickens, Borame Sue Lee",4,0,0,National University of Singapore,Singapore,university,1,2024,vector_borne
doi:10.1186/s12874-024-02291-6,ng-l,"Ng, Lee Ching",5,0,0,National Environment Agency,Singapore,government,1,2024,vector_borne
doi:10.1186/s12874-024-02291-6,hoffmann-a,"Hoffmann, Ary Anthony",6,0,0,University of Melbourne,Australia,university,1,2024,vector_borne
doi:10.1186/s12874-024-02291-6,lim-j,"Lim, Jue Tao",7,0,1,Nanyang Technological University,Singapore,university,1,2024,vector_borne
doi:10.1016/s2542-5196(24)00169-4,bansal-s,"Bansal, Somya",1,1,0,National University of Singapore,Singapore,university,1,2024,vector_borne
doi:10.1016/s2542-5196(24)00169-4,lim-j,"Lim, Jue Tao",2,0,0,Environmental Health Institute,Singapore,government,2,2024,vector_borne
doi:10.1016/s2542-5196(24)00169-4,chong-c,"Chong, Chee-Seng",3,0,0,Environmental Health Institute,Singapore,government,1,2024,vector_borne
doi:10.1016/s2542-5196(24)00169-4,dickens-b,"Dickens, Borame",4,0,0,National University of Singapore,Singapore,university,1,2024,vector_borne
doi:10.1016/s2542-5196(24)00169-4,ng-y,"Ng, Youming",5,0,0,Environmental Health Institute,Singapore,government,1,2024,vector_borne
doi:10.1016/s2542-5196(24)00169-4,deng-l,"Deng, Lu",6,0,0,Environmental Health Institute,Singapore,government,1,2024,vector_borne
doi:10.1016/s2542-5196(24)00169-4,lee-c,"Lee, Caleb",7,0,0,Environmental Health Institute,Singapore,government,1,2024,vector_borne
doi:10.1016/s2542-5196(24)00169-4,tan-l,"Tan, Li Yun",8,0,0,Environmental Health Institute,Singapore,government,1,2024,vector_borne
doi:10.1016/s2542-5196(24)00169-4,kakani-e,"Kakani, Evdoxia G",9,0,0,,Singapore,,1,2024,vector_borne
doi:10.1016/s2542-5196(24)00169-4,yoong-y,"Yoong, Yanni",10,0,0,,Singapore,,1,2024,vector_borne
doi:10.1016/s2542-5196(24)00169-4,duyu-d,"Du Yu, David",11,0,0,,Singapore,,1,2024,vector_borne
doi:10.1016/s2542-5196(24)00169-4,chain-g,"Chain, Grace",12,0,0,Environmental Health Institute,Singapore,government,1,2024,vector_borne
doi:10.1016/s2542-5196(24)00169-4,ma-p,"Ma, Pei",13,0,0,National University of Singapore,Singapore,university,1,2024,vector_borne
doi:10.1016/s2542-5196(24)00169-4,sim-s,"Sim, Shuzhen",14,0,0,Environmental Health Institute,Singapore,government,1,2024,vector_borne
doi:10.1016/s2542-5196(24)00169-4,ng-l,"Ng, Lee Ching",15,0,0,Environmental Health Institute,Singapore,government,2,2024,vector_borne
doi:10.1016/s2542-5196(24)00169-4,tan-c,"Tan, Cheong Huat",16,0,1,Environmental Health Institute,Singapore,government,1,2024,vector_borne
doi:10.1186/s12879-024-10027-6,getchell-m,"Getchell, Marya",1,1,0,Duke-NUS Medical School,Singapore,university,1,2024,tb
doi:10.1186/s12879-024-10027-6,ansah-j,"Ansah, John Pastor",2,0,0,,United States,,1,2024,tb
doi:10.1186/s12879-024-10027-6,lim-d,"Lim, Dodge",3,0,0,,Philippines,,1,2024,tb
doi:10.1186/s12879-024-10027-6,basilio-r,"Basilio, Ramon",4,0,0,,Philippines,,1,2024,tb
doi:10.1186/s12879-024-10027-6,tablizo-f,"Tablizo, Francis",5,0,0,,Philippines,,1,2024,tb
doi:10.1186/s12879-024-10027-6,mahasirimongkol-s,"Mahasirimongkol, Surakameth",6,0,0,,Thailand,,1,2024,tb
doi:10.1186/s12879-024-10027-6,sawaengdee-w,"Sawaengdee, Waritta",7,0,0,,Thailand,,1,2024,tb
doi:10.1186/s12879-024-10027-6,matchar-d,"Matchar, David",8,0,1,Duke-NUS Medical School,Singapore,university,2,2024,tb
doi:10.1016/j.cell.2024.10.028,abdelbasset-m,"Abdelbasset, Muhammad",1,1,0,National University of Singapore,Singapore,university,2,2024,vector_borne
doi:10.1016/j.cell.2024.10.028,saron-w,"Saron, Wilfried A A",2,0,0,National University of Singapore,Singapore,university,1,2024,vector_borne
doi:10.1016/j.cell.2024.10.028,ma-d,"Ma, Dongliang",3,0,0,National University of Singapore,Singapore,university,1,2024,vector_borne
doi:10.1016/j.cell.2024.10.028,rathore-a,"Rathore, Abhay P S",4,0,0,National University of Singapore,Singapore,university,2,2024,vector_borne
doi:10.1016/j.cell.2024.10.028,kozaki-t,"Kozaki, Tatsuya",5,0,0,Singapore Immunology Network,Singapore,research_institute,1,2024,vector_borne
doi:10.1016/j.cell.2024.10.028,zhong-c,"Zhong, Chengwei",6,0,0,Singapore Immunology Network,Singapore,research_institute,1,2024,vector_borne
doi:10.1016/j.cell.2024.10.028,mantri-c,"Mantri, Chinmay Kumar",7,0,0,National University of Singapore,Singapore,university,1,2024,vector_borne
doi:10.1016/j.cell.2024.10.028,tan-y,"Tan, Yingrou",8,0,0,National Skin Centre,Singapore,hospital,2,2024,vector_borne
doi:10.1016/j.cell.2024.10.028,tung-c,"Tung, Chi-Ching",9,0,0,National University of Singapore,Singapore,university,1,2024,vector_borne
doi:10.1016/j.cell.2024.10.028,tey-h,"Tey, Hong Liang",10,0,0,National Skin Centre,Singapore,hospital,1,2024,vector_borne
doi:10.1016/j.cell.2024.10.028,chu-j,"Chu, Justin Jang Hann",11,0,0,National University of Singapore,Singapore,university,2,2024,vector_borne
doi:10.1016/j.cell.2024.10.028,chen-j,"Chen, Jinmiao",12,0,0,Singapore Immunology Network,Singapore,research_institute,1,2024,vector_borne
doi:10.1016/j.cell.2024.10.028,ng-l,"Ng, Lai Guan",13,0,0,,China,,1,2024,vector_borne
doi:10.1016/j.cell.2024.10.028,wang-h,"Wang, Hongyan",14,0,0,National University of Singapore,Singapore,university,3,2024,vector_borne
doi:10.1016/j.cell.2024.10.028,ginhoux-f,"Ginhoux, Florent",15,0,0,SingHealth,China,hospital,4,2024,vector_borne
doi:10.1016/j.cell.2024.10.028,stjohn-a,"St John, Ashley L",16,0,1,National University of Singapore,Singapore,hospital,4,2024,vector_borne
doi:10.1016/j.ijid.2024.107221,geric-c,"Geric, Coralie",1,1,0,,Canada,,3,2024,tb
doi:10.1016/j.ijid.2024.107221,tavaziva-g,"Tavaziva, Gamuchirai",2,0,0,,Canada,,2,2024,tb
doi:10.1016/j.ijid.2024.107221,breuninger-m,"Breuninger, Marianne",3,0,0,,Germany,,1,2024,tb
doi:10.1016/j.ijid.2024.107221,dheda-k,"Dheda, Keertan",4,0,0,London School of Hygiene & Tropical Medicine,South Africa,university,2,2024,tb
doi:10.1016/j.ijid.2024.107221,esmail-a,"Esmail, Ali",5,0,0,,South Africa,,1,2024,tb
doi:10.1016/j.ijid.2024.107221,scott-a,"Scott, Alex",6,0,0,,South Africa,,1,2024,tb
doi:10.1016/j.ijid.2024.107221,kagujje-m,"Kagujje, Mary",7,0,0,,Zambia,,1,2024,tb
doi:10.1016/j.ijid.2024.107221,muyoyeta-m,"Muyoyeta, Monde",8,0,0,,Zambia,,2,2024,tb
doi:10.1016/j.ijid.2024.107221,reither-k,"Reither, Klaus",9,0,0,,Switzerland,,2,2024,tb
doi:10.1016/j.ijid.2024.107221,khan-a,"Khan, Aamir J",10,0,0,,Singapore,,1,2024,tb
doi:10.1016/j.ijid.2024.107221,benedetti-a,"Benedetti, Andrea",11,0,0,,Canada,,3,2024,tb
doi:10.1016/j.ijid.2024.107221,ahmadkhan-f,"Ahmad Khan, Faiz",12,0,1,,Canada,,3,2024,tb
doi:10.1016/s2666-5247(24)00149-6,shaw-e,"Shaw, Emily S",1,1,0,,United Kingdom,,1,2024,tb
doi:10.1016/s2666-5247(24)00149-6,stoker-n,"Stoker, Neil G",2,0,0,,United Kingdom,,1,2024,tb
doi:10.1016/s2666-5247(24)00149-6,potter-j,"Potter, Jessica L",3,0,0,,United Kingdom,,2,2024,tb
doi:10.1016/s2666-5247(24)00149-6,claassen-h,"Claassen, Helgard",4,0,0,,South Africa,,1,2024,tb
doi:10.1016/s2666-5247(24)00149-6,leslie-a,"Leslie, Alasdair",5,0,0,,South Africa,,2,2024,tb
doi:10.1016/s2666-5247(24)00149-6,tweed-c,"Tweed, Conor D",6,0,0,,United Kingdom,,1,2024,tb
doi:10.1016/s2666-5247(24)00149-6,chiang-c,"Chiang, Chen-Yuan",7,0,0,,France,,3,2024,tb
doi:10.1016/s2666-5247(24)00149-6,conradie-f,"Conradie, Francesca",8,0,0,,South Africa,,1,2024,tb
doi:10.1016/s2666-5247(24)00149-6,esmail-h,"Esmail, Hanif",9,0,0,,South Africa,,3,2024,tb
doi:10.1016/s2666-5247(24)00149-6,lange-c,"Lange, Christoph",10,0,0,,Germany,,3,2024,tb
doi:10.1016/s2666-5247(24)00149-6,pinto-l,"Pinto, Lancelot",11,0,0,,India,,1,2024,tb
doi:10.1016/s2666-5247(24)00149-6,rucsineanu-o,"Rucsineanu, Oxana",12,0,0,,,,1,2024,tb
doi:10.1016/s2666-5247(24)00149-6,sloan-d,"Sloan, Derek J",13,0,0,,United Kingdom,,1,2024,tb
doi:10.1016/s2666-5247(24)00149-6,theron-g,"Theron, Grant",14,0,0,,South Africa,,1,2024,tb
doi:10.1016/s2666-5247(24)00149-6,tisile-p,"Tisile, Phumeza",15,0,0,,South Africa,,1,2024,tb
doi:10.1016/s2666-5247(24)00149-6,voo-t,"Voo, Teck Chuan",16,0,0,SingHealth,Singapore,hospital,1,2024,tb
doi:10.1016/s2666-5247(24)00149-6,warren-r,"Warren, Robin M",17,0,0,,South Africa,,2,2024,tb
doi:10.1016/s2666-5247(24)00149-6,lebina-l,"Lebina, Limakatso",18,0,0,,South Africa,,1,2024,tb
doi:10.1016/s2666-5247(24)00149-6,lipman-m,"Lipman, Marc",19,0,1,,United Kingdom,,2,2024,tb
doi:10.1016/j.ebiom.2024.105456,chow-j,"Chow, Jo Yi",1,1,0,Nanyang Technological University,Singapore,university,1,2024,vector_borne
doi:10.1016/j.ebiom.2024.105456,bansal-s,"Bansal, Somya",2,0,0,National University of Singapore,Singapore,university,1,2024,vector_borne
doi:10.1016/j.ebiom.2024.105456,dickens-b,"Dickens, Borame S L",3,0,0,National University of Singapore,Singapore,university,1,2024,vector_borne
doi:10.1016/j.ebiom.2024.105456,ma-p,"Ma, Pei",4,0,0,National University of Singapore,Singapore,university,1,2024,vector_borne
doi:10.1016/j.ebiom.2024.105456,hoffmann-a,"Hoffmann, Ary",5,0,0,University of Melbourne,Australia,university,1,2024,vector_borne
doi:10.1016/j.ebiom.2024.105456,cheong-y,"Cheong, Yoon Ling",6,0,0,,Malaysia,,1,2024,vector_borne
doi:10.1016/j.ebiom.2024.105456,ahmad-n,"Ahmad, Nazni Wasi",7,0,0,,Malaysia,,1,2024,vector_borne
doi:10.1016/j.ebiom.2024.105456,lim-j,"Lim, Jue Tao",8,0,1,Nanyang Technological University,Singapore,university,1,2024,vector_borne
doi:10.1093/jtm/taae103,lim-j,"Lim, Jue Tao",1,1,0,Environmental Health Institute,Singapore,government,2,2024,vector_borne
doi:10.1093/jtm/taae103,mailepessov-d,"Mailepessov, Diyar",2,0,0,Environmental Health Institute,Singapore,government,1,2024,vector_borne
doi:10.1093/jtm/taae103,chong-c,"Chong, Chee-Seng",3,0,0,Environmental Health Institute,Singapore,government,1,2024,vector_borne
doi:10.1093/jtm/taae103,dickens-b,"Dickens, Borame",4,0,0,National University of Singapore,Singapore,university,1,2024,vector_borne
doi:10.1093/jtm/taae103,lai-y,"Lai, Yee Ling",5,0,0,Environmental Health Institute,Singapore,government,1,2024,vector_borne
doi:10.1093/jtm/taae103,ng-y,"Ng, Youming",6,0,0,Environmental Health Institute,Singapore,government,1,2024,vector_borne
doi:10.1093/jtm/taae103,deng-l,"Deng, Lu",7,0,0,Environmental Health Institute,Singapore,government,1,2024,vector_borne
doi:10.1093/jtm/taae103,lee-c,"Lee, Caleb",8,0,0,Environmental Health Institute,Singapore,government,1,2024,vector_borne
doi:10.1093/jtm/taae103,tan-l,"Tan, Li Yun",9,0,0,Environmental Health Institute,Singapore,government,1,2024,vector_borne
doi:10.1093/jtm/taae103,chain-g,"Chain, Grace",10,0,0,Environmental Health Institute,Singapore,government,1,2024,vector_borne
doi:10.1093/jtm/taae103,ho-s,"Ho, Soon Hoe",11,0,0,Environmental Health Institute,Singapore,government,1,2024,vector_borne
doi:10.1093/jtm/taae103,chang-c,"Chang, Chia-Chen",12,0,0,Environmental Health Institute,Singapore,government,1,2024,vector_borne
doi:10.1093/jtm/taae103,ma-p,"Ma, Pei",13,0,0,National University of Singapore,Singapore,university,1,2024,vector_borne
doi:10.1093/jtm/taae103,bansal-s,"Bansal, Somya",14,0,0,National University of Singapore,Singapore,university,1,2024,vector_borne
doi:10.1093/jtm/taae103,lee-v,"Lee, Vernon",15,0,0,,Singapore,,1,2024,vector_borne
doi:10.1093/jtm/taae103,sim-s,"Sim, Shuzhen",16,0,0,Environmental Health Institute,Singapore,government,1,2024,vector_borne
doi:10.1093/jtm/taae103,tan-c,"Tan, Cheong Huat",17,0,0,Environmental Health Institute,Singapore,government,1,2024,vector_borne
doi:10.1093/jtm/taae103,ng-l,"Ng, Lee Ching",18,0,1,Environmental Health Institute,Singapore,government,3,2024,vector_borne
doi:10.1093/infdis/jiae104,paton-n,"Paton, Nicholas I",1,1,0,London School of Hygiene & Tropical Medicine,Singapore,university,3,2024,tb
doi:10.1093/infdis/jiae104,gurumurthy-m,"Gurumurthy, Meera",2,0,0,National University of Singapore,Singapore,university,1,2024,tb
doi:10.1093/infdis/jiae104,lu-q,"Lu, Qingshu",3,0,0,,Singapore,,1,2024,tb
doi:10.1093/infdis/jiae104,leek-f,"Leek, Francesca",4,0,0,National University of Singapore,Singapore,university,1,2024,tb
doi:10.1093/infdis/jiae104,kwan-p,"Kwan, Philip",5,0,0,National University of Singapore,Singapore,university,1,2024,tb
doi:10.1093/infdis/jiae104,koh-h,"Koh, Hiromi W L",6,0,0,National University of Singapore,Singapore,university,1,2024,tb
doi:10.1093/infdis/jiae104,molton-j,"Molton, James",7,0,0,National University of Singapore,Singapore,university,1,2024,tb
doi:10.1093/infdis/jiae104,mortera-l,"Mortera, Lalaine",8,0,0,,Philippines,,1,2024,tb
doi:10.1093/infdis/jiae104,naval-s,"Naval, Sullian",9,0,0,,Philippines,,1,2024,tb
doi:10.1093/infdis/jiae104,bakar-z,"Bakar, Zamzurina Abu",10,0,0,,Malaysia,,1,2024,tb
doi:10.1093/infdis/jiae104,pang-y,"Pang, Yong-Kek",11,0,0,University of Malaya,Malaysia,university,1,2024,tb
doi:10.1093/infdis/jiae104,lum-l,"Lum, Lionel",12,0,0,National University of Singapore,Singapore,university,1,2024,tb
doi:10.1093/infdis/jiae104,lim-t,"Lim, Tow Keang",13,0,0,National University of Singapore,Singapore,university,1,2024,tb
doi:10.1093/infdis/jiae104,cross-g,"Cross, Gail B",14,0,0,National University of Singapore,Singapore,university,1,2024,tb
doi:10.1093/infdis/jiae104,lekurwale-g,"Lekurwale, Ganesh",15,0,0,,Singapore,,1,2024,tb
doi:10.1093/infdis/jiae104,choi-h,"Choi, Hyungwon",16,0,0,National University of Singapore,Singapore,university,1,2024,tb
doi:10.1093/infdis/jiae104,au-v,"Au, Veonice",17,0,0,,Singapore,,1,2024,tb
doi:10.1093/infdis/jiae104,connolly-j,"Connolly, John",18,0,0,,Singapore,,1,2024,tb
doi:10.1093/infdis/jiae104,hibberd-m,"Hibberd, Martin",19,0,0,London School of Hygiene & Tropical Medicine,Singapore,university,2,2024,tb
doi:10.1093/infdis/jiae104,green-j,"Green, Justin A",20,0,0,GlaxoSmithKline,United Kingdom,industry,1,2024,tb
doi:10.1093/infdis/jiae104,,,21,0,1,,,,0,2024,tb
doi:10.1038/s42003-024-06822-1,putera-i,"Putera, Ikhwanuliman",1,1,0,Universitas Indonesia,Indonesia,university,4,2024,tb
doi:10.1038/s42003-024-06822-1,schrijver-b,"Schrijver, Benjamin",2,0,0,,Netherlands,,1,2024,tb
doi:10.1038/s42003-024-06822-1,kolijn-p,"Kolijn, P Martijn",3,0,0,,Netherlands,,1,2024,tb
doi:10.1038/s42003-024-06822-1,vanstigt-a,"van Stigt, Astrid C",4,0,0,,Netherlands,,3,2024,tb
doi:10.1038/s42003-024-06822-1,tenberge-j,"Ten Berge, Josianne C E M",5,0,0,,Netherlands,,1,2024,tb
doi:10.1038/s42003-024-06822-1,ijspeert-h,"IJspeert, Hanna",6,0,0,,Netherlands,,2,2024,tb
doi:10.1038/s42003-024-06822-1,nagtzaam-n,"Nagtzaam, Nicole M A",7,0,0,,Netherlands,,1,2024,tb
doi:10.1038/s42003-024-06822-1,swagemakers-s,"Swagemakers, Sigrid M A",8,0,0,,Netherlands,,1,2024,tb
doi:10.1038/s42003-024-06822-1,vanlaar-j,"van Laar, Jan A M",9,0,0,,Netherlands,,1,2024,tb
doi:10.1038/s42003-024-06822-1,agrawal-r,"Agrawal, Rupesh",10,0,0,Duke-NUS Medical School,Singapore,hospital,5,2024,tb
doi:10.1038/s42003-024-06822-1,rombach-s,"Rombach, Saskia M",11,0,0,,Netherlands,,1,2024,tb
doi:10.1038/s42003-024-06822-1,vanhagen-p,"van Hagen, P Martin",12,0,0,,Netherlands,,2,2024,tb
doi:10.1038/s42003-024-06822-1,ladistianora-r,"La Distia Nora, Rina",13,0,0,Universitas Indonesia,Indonesia,university,1,2024,tb
doi:10.1038/s42003-024-06822-1,dik-w,"Dik, Willem A",14,0,1,,Netherlands,,1,2024,tb
