uid,pmid,pmc,doi,url,title,journal,journal_abbrev,year,pub_date,language,article_types,n_authors,n_institutions,n_countries,primary_domain,primary_domain_label,domains,is_multi_domain,primary_subdomain,subdomains,research_types,n_research_types,singapore_led,is_international,first_author,last_author,first_author_country,last_author_country,sg_institutions,countries,institutions,topic_id,topic_label,topic_terms,topic_map_x,topic_map_y,screening_decision,screening_decided_by,screening_rules,screening_flags,sources,query_ids,needs_manual_metadata
doi:10.1093/jambio/lxag031,41604208,,10.1093/jambio/lxag031,https://pubmed.ncbi.nlm.nih.gov/41604208/,bla TEM-1 and blaTEM-176 overexpression underlies atypical ampicillin/sulbactam resistance in non-ESBL Salmonella from raw chicken.,Journal of applied microbiology,J Appl Microbiol,2026,2026-Feb-02,eng,Journal Article,2,2,2,amr_hai,AMR and healthcare-associated infections,amr_hai,0,Anti-Bacterial Agents,Anti-Bacterial Agents|Microbial Sensitivity Tests|Escherichia coli|beta-Lactamases,,0,1,1,"Zwe, Ye Htut","Yuk, Hyun-Gyun",Singapore,Republic of Korea,National University of Singapore|Singapore Food Agency,Republic of Korea|Singapore,National University of Singapore|Singapore Food Agency,amr_hai_t2,"agents, tests, activity, sensitivity","agents, tests, activity, sensitivity, antibacterial, anti-bacterial, animals, microbial",0.572293,0.157243,include,mechanical,INC-GEO-01,,pubmed,geo_amr_hai_2|geo_amr_hai_5,0
doi:10.1128/spectrum.00627-26,42148585,PMC13339808,10.1128/spectrum.00627-26,https://pubmed.ncbi.nlm.nih.gov/42148585/,antimicrobial resistance properties of rifapentine and rifampicin are indistinguishable.,Microbiology spectrum,Microbiol Spectr,2026,2026-05-18,eng,Journal Article,5,3,1,tb,Tuberculosis,tb|amr_hai,1,Antitubercular Agents,Antitubercular Agents|Mycobacterium tuberculosis|Rifampin|Microbial Sensitivity Tests,Genomics,1,1,0,"Barcelli, Valeria","Bifani, Pablo",Singapore,Singapore,A*STAR Infectious Diseases Labs|Nanyang Technological University|National University of Singapore,Singapore,A*STAR Infectious Diseases Labs|Nanyang Technological University|National University of Singapore,tb_t1,"antitubercular, drug, agents, multidrug-resistant","antitubercular, drug, agents, multidrug-resistant, treatment, rifampin, drugs, mycobacterium",0.884525,0.391925,include,mechanical,INC-GEO-01,,pubmed,geo_tb_1|geo_tb_2|geo_tb_3,0
doi:10.1371/journal.pntd.0014584,42531271,PMC13422884,10.1371/journal.pntd.0014584,https://pubmed.ncbi.nlm.nih.gov/42531271/,Zoonotic neglected tropical diseases at the animal-human interface in the Greater Mekong Subregion: Two decades of surveillance in Laos and Cambodia.,PLoS neglected tropical diseases,PLoS Negl Trop Dis,2026,2026-07-30,eng,Journal Article|Review,25,4,7,vector_borne,Vector-borne diseases,vector_borne,0,Other/unspecified,,Surveillance and epidemiology|Transmission,2,0,1,"Blacksell, Stuart D","Day, Nicholas P J",Australia,Thailand,National University of Singapore,Australia|Cambodia|Malaysia|Singapore|Switzerland|Thailand|United Kingdom,Mahidol University|National University of Singapore|University of Oxford|World Health Organization,vector_borne_t2,"surveillance, including, diversity, health","surveillance, including, diversity, health, capacity, research, evidence, integrated",0.43937,0.730355,include,mechanical,INC-GEO-01,regional_participation,pubmed,geo_vector_borne_2,0
doi:10.3390/ijms27031504,41683925,PMC12897963,10.3390/ijms27031504,https://pubmed.ncbi.nlm.nih.gov/41683925/,Zika NS2B Protein: In Vitro Formation of Large Multimeric Networks.,International journal of molecular sciences,Int J Mol Sci,2026,2026-02-03,eng,Journal Article,3,1,1,vector_borne,Vector-borne diseases,vector_borne,0,Zika Virus,Zika Virus|Viral Nonstructural Proteins,Basic research,1,1,0,"Ponniah, Caleb","Torres, Jaume",Singapore,Singapore,Nanyang Technological University,Singapore,Nanyang Technological University,vector_borne_t3,"malaria, plasmodium, cell, cells","malaria, plasmodium, cell, cells, responsible, parasite, erythrocytes, binding",0.039372,0.226084,include,mechanical,INC-GEO-01,,pubmed,geo_vector_borne_5,0
doi:10.1186/s12889-026-26979-0,41840620,PMC13107881,10.1186/s12889-026-26979-0,https://pubmed.ncbi.nlm.nih.gov/41840620/,Whole genome sequencing for Mycobacterium tuberculosis in public health responses: a review of current practice and enablers in select low-incidence jurisdictions.,BMC public health,BMC Public Health,2026,2026-03-17,eng,Journal Article|Review,16,2,6,tb,Tuberculosis,tb,0,Mycobacterium tuberculosis,Mycobacterium tuberculosis|Tuberculosis,Genomics|Surveillance and epidemiology|Transmission,3,0,1,"Denholm, Justin T","Donnan, Ellen J",Australia,Australia,National Centre for Infectious Diseases,Australia|Canada|Netherlands|Singapore|United Kingdom|United States,National Centre for Infectious Diseases|University of Melbourne,tb_t1,"antitubercular, drug, agents, multidrug-resistant","antitubercular, drug, agents, multidrug-resistant, treatment, rifampin, drugs, mycobacterium",0.681736,0.771893,include,mechanical,INC-GEO-01,regional_participation,pubmed,geo_tb_3,0
doi:10.1016/j.avsg.2025.12.042,41525985,,10.1016/j.avsg.2025.12.042,https://pubmed.ncbi.nlm.nih.gov/41525985/,When Infections Hurt More: Black Patients Experience More Severe Surgical Site Infections Following Lower Extremity Bypass.,Annals of vascular surgery,Ann Vasc Surg,2026,2026-01-10,eng,Journal Article|Comparative Study,4,1,1,amr_hai,AMR and healthcare-associated infections,amr_hai,0,Surgical Wound Infection,Surgical Wound Infection,Treatment|Surveillance and epidemiology,2,0,0,"Eze, Anthony N","Kim, Young",,,Duke-NUS Medical School,Singapore,Duke-NUS Medical School,amr_hai_t1,"infection, hospital, included, prevention","infection, hospital, included, prevention, conducted, outcomes, january, interventions",0.154769,0.916112,include,mechanical,INC-GEO-01,,pubmed,geo_amr_hai_5,0
doi:10.1001/jamanetworkopen.2026.28389,42579278,PMC13463173,10.1001/jamanetworkopen.2026.28389,https://pubmed.ncbi.nlm.nih.gov/42579278/,Vertical Vaccination Against Infant Influenza Hospitalization in a Tropical Setting.,JAMA network open,JAMA Netw Open,2026,2026-08-03,eng,Journal Article,15,9,1,rti,Respiratory-tract infections,rti,0,"Influenza, Human","Influenza, Human",Vaccine|Clinical studies,2,1,0,"Wee, Liang En","Tan, Kelvin Bryan",Singapore,Singapore,Communicable Diseases Agency|KK Women's and Children's Hospital|Nanyang Technological University|National Centre for Infectious Diseases|National University Health System|National University Hospital|National University of Singapore|Singapore General Hospital|Tan Tock Seng Hospital,Singapore,Communicable Diseases Agency|KK Women's and Children's Hospital|Nanyang Technological University|National Centre for Infectious Diseases|National University Health System|National University Hospital|National University of Singapore|Singapore General Hospital|Tan Tock Seng Hospital,rti_t1,"incidence, months, remained, maternal","incidence, months, remained, maternal, infants, retrospective, database, april",0.703822,0.520258,include,mechanical,INC-GEO-01,,pubmed,geo_rti_2|geo_rti_4|geo_rti_5,0
doi:10.1002/anie.202517460,41937098,,10.1002/anie.202517460,https://pubmed.ncbi.nlm.nih.gov/41937098/,Varying Carbene Persistence in Membrane as a Mechanism for Modulating Antibacterial Carbon Acid Oligomer Killing Efficacy.,Angewandte Chemie (International ed. in English),Angew Chem Int Ed Engl,2026,2026-04-05,eng,"Journal Article|Research Support, Non-U.S. Gov't",10,1,1,amr_hai,AMR and healthcare-associated infections,amr_hai,0,Anti-Bacterial Agents,Anti-Bacterial Agents|Microbial Sensitivity Tests|Klebsiella pneumoniae,,0,1,0,"Vu, Quang Huy Nhat","Chan-Park, Mary B",Singapore,Singapore,Nanyang Technological University,Singapore,Nanyang Technological University,amr_hai_t2,"agents, tests, activity, sensitivity","agents, tests, activity, sensitivity, antibacterial, anti-bacterial, animals, microbial",0.457372,0.0,include,mechanical,INC-GEO-01,,pubmed,geo_amr_hai_2|geo_amr_hai_5,0
doi:10.1136/bmjopen-2025-103987,42601098,PMC13479489,10.1136/bmjopen-2025-103987,https://pubmed.ncbi.nlm.nih.gov/42601098/,Validation of the Postpartum Sleep Quality Scale and assessment of postpartum sleep quality in Vietnam during the COVID-19 pandemic.,BMJ open,BMJ Open,2026,2026-08-14,eng,Journal Article|Validation Study|Observational Study,16,1,5,rti,Respiratory-tract infections,rti,0,COVID-19,COVID-19|SARS-CoV-2,,0,1,1,"Nguyen, Ha Thu Thi","Ho, Cyrus S H",Viet Nam,Singapore,National University of Singapore,China|France|Republic of Korea|Singapore|Viet Nam,National University of Singapore,rti_t1,"incidence, months, remained, maternal","incidence, months, remained, maternal, infants, retrospective, database, april",0.878375,0.324991,include,mechanical,INC-GEO-01,,pubmed,geo_amr_hai_4|geo_rti_1|geo_rti_4|geo_rti_5,0
doi:10.1038/s41598-026-64190-8,42618711,PMC13490519,10.1038/s41598-026-64190-8,https://pubmed.ncbi.nlm.nih.gov/42618711/,Vaccination-first immune priming shapes a sustained mRNA vaccine-induced IgG4 class switch that associates with SARS-CoV-2 breakthrough infection risk.,Scientific reports,Sci Rep,2026,2026-08-12,eng,"Journal Article|Research Support, Non-U.S. Gov't",15,2,3,rti,Respiratory-tract infections,rti,0,COVID-19,"COVID-19|SARS-CoV-2|COVID-19 Vaccines|Antibodies, Neutralizing|Antibodies, Viral",Vaccine|Immunology,2,0,1,"Pongrácz, Tamás","Thålin, Charlotte",Sweden,Sweden,National University Health System|National University of Singapore,Netherlands|Singapore|Sweden,National University Health System|National University of Singapore,rti_t2,"sars-cov-2, responses, immune, vaccine","sars-cov-2, responses, immune, vaccine, vaccines, spike, humans, female",0.486273,0.645054,include,mechanical,INC-GEO-01,,pubmed,geo_all_id_1|geo_rti_3|geo_rti_4|geo_rti_5,0
doi:10.1186/s12348-026-00586-x,42024295,PMC13253918,10.1186/s12348-026-00586-x,https://pubmed.ncbi.nlm.nih.gov/42024295/,Utility of the Collaborative Ocular Tuberculosis Study (COTS) calculator in the management of a case of frosted branch angiitis secondary to presumed intraocular tuberculosis - a case report.,Journal of ophthalmic inflammation and infection,J Ophthalmic Inflamm Infect,2026,2026-04-23,eng,Journal Article,4,2,1,tb,Tuberculosis,tb,0,Other/unspecified,,Case study,1,1,0,"Yin, Toh Ker","Sen, Yuen Yew",Singapore,Singapore,Khoo Teck Puat Hospital|National University Hospital,Singapore,Khoo Teck Puat Hospital|National University Hospital,tb_t2,"diagnosis, diagnostic, conducted, systematic","diagnosis, diagnostic, conducted, systematic, included, characteristics, symptoms, age",0.0,0.742955,include,mechanical,INC-GEO-01,,pubmed,geo_tb_1,0
doi:10.1186/s12942-026-00467-5,41933361,PMC13173891,10.1186/s12942-026-00467-5,https://pubmed.ncbi.nlm.nih.gov/41933361/,Using genomic epidemiology and geographic activity spaces to investigate tuberculosis outbreaks in Botswana.,International journal of health geographics,Int J Health Geogr,2026,2026-04-03,eng,Journal Article,13,2,4,tb,Tuberculosis,tb,0,Mycobacterium tuberculosis,Mycobacterium tuberculosis|Tuberculosis,Genomics|Outbreak management|Surveillance and epidemiology,3,0,1,"Baker, Chelsea R","Shin, Sanghyuk S",United States,United States,National University of Singapore,Botswana|Germany|Singapore|United States,National University of Singapore|US Centers for Disease Control and Prevention,tb_t2,"diagnosis, diagnostic, conducted, systematic","diagnosis, diagnostic, conducted, systematic, included, characteristics, symptoms, age",0.497686,0.901979,include,mechanical,INC-GEO-01,regional_participation,pubmed,geo_tb_3,0
doi:10.5588/ijtldopen.26.0076,42583241,PMC13460431,10.5588/ijtldopen.26.0076,https://pubmed.ncbi.nlm.nih.gov/42583241/,Using causal frameworks to reduce bias in observational TB research: a comparison of model-building approaches.,IJTLD open,IJTLD Open,2026,2026-08-11,eng,Journal Article,10,2,5,tb,Tuberculosis,tb|sti,1,Other/unspecified,,Surveillance and epidemiology,1,1,1,"Barcellini, L","Khan, P Y",Italy,Singapore,,France|Italy|Singapore|United Kingdom|United States,Harvard University|London School of Hygiene & Tropical Medicine,tb_t1,"antitubercular, drug, agents, multidrug-resistant","antitubercular, drug, agents, multidrug-resistant, treatment, rifampin, drugs, mycobacterium",0.602613,0.233539,include,mechanical,INC-GEO-01,,pubmed,geo_sti_1|geo_sti_2|geo_tb_2,0
doi:10.1073/pnas.2606669123,42627830,PMC13506054,10.1073/pnas.2606669123,https://pubmed.ncbi.nlm.nih.gov/42627830/,Urban tree canopy fragmentation and child mortality in low- and middle-income countries.,Proceedings of the National Academy of Sciences of the United States of America,Proc Natl Acad Sci U S A,2026,2026-08-21,eng,Journal Article,15,1,5,vector_borne,Vector-borne diseases,vector_borne,0,Other/unspecified,,,0,1,1,"Chi, Dengkai","Tan, Puay Yok",China,Singapore,,Australia|China|New Zealand|Singapore|Switzerland,University of Melbourne,vector_borne_t5,"leading, implications, vector-borne, mortality","leading, implications, vector-borne, mortality, region, spaces, space, sequence",0.55412,0.249261,include,mechanical,INC-GEO-01,,pubmed,geo_vector_borne_3,0
doi:10.3390/biom16070970,42509764,PMC13406156,10.3390/biom16070970,https://pubmed.ncbi.nlm.nih.gov/42509764/,Understanding the Role of Macrocycle Size and Amide Linkage in Teixobactin Analogues.,Biomolecules,Biomolecules,2026,2026-07-01,eng,Journal Article,10,2,4,amr_hai,AMR and healthcare-associated infections,amr_hai,0,Anti-Bacterial Agents,Anti-Bacterial Agents|Microbial Sensitivity Tests|Methicillin-Resistant Staphylococcus aureus,,0,0,1,"Malkawi, Ruba","Singh, Ishwar",Jordan,United Kingdom,Duke-NUS Medical School|National University of Singapore,China|Jordan|Singapore|United Kingdom,Duke-NUS Medical School|National University of Singapore,amr_hai_t2,"agents, tests, activity, sensitivity","agents, tests, activity, sensitivity, antibacterial, anti-bacterial, animals, microbial",0.402355,0.16668,include,mechanical,INC-GEO-01,regional_participation,pubmed,geo_amr_hai_3|geo_amr_hai_4|geo_amr_hai_5,0
doi:10.3390/pathogens15040378,42075705,PMC13119144,10.3390/pathogens15040378,https://pubmed.ncbi.nlm.nih.gov/42075705/,"Two Coding-Complete Genomes of Tick-Borne Encephalitis Virus Sequenced fromCollected in Bulgan, Mongolia.","Pathogens (Basel, Switzerland)",Pathogens,2026,2026-04-01,eng,Journal Article,17,0,3,vector_borne,Vector-borne diseases,vector_borne,0,"Genome, Viral","Genome, Viral",Genomics|Entomology,2,0,1,"Cleary, Nora G","von Fricken, Michael E",United States,United States,,Mongolia|Singapore|United States,,vector_borne_t5,"leading, implications, vector-borne, mortality","leading, implications, vector-borne, mortality, region, spaces, space, sequence",0.396738,0.670827,include,mechanical,INC-GEO-01,,pubmed,geo_vector_borne_2|geo_vector_borne_3|geo_vector_borne_4,0
doi:10.1080/07853890.2026.2714685,42615857,PMC13491897,10.1080/07853890.2026.2714685,https://pubmed.ncbi.nlm.nih.gov/42615857/,Tuberculosis disease and infection among household contacts of bacteriologically confirmed vs unconfirmed tuberculosis in Cambodia: considerations for optimising contact investigation and preventive treatment.,Annals of medicine,Ann Med,2026,2026-08-19,eng,"Journal Article|Research Support, Non-U.S. Gov't",11,2,5,tb,Tuberculosis,tb,0,Mycobacterium tuberculosis,"Mycobacterium tuberculosis|Tuberculosis|Tuberculosis, Pulmonary",Outbreak management|Surveillance and epidemiology,2,1,1,"Tep, Sovanvorleak","Teo, Alvin Kuo Jing",Cambodia,Australia,National University of Singapore,Australia|Cambodia|Japan|Singapore|United States,Johns Hopkins University|National University of Singapore,tb_t2,"diagnosis, diagnostic, conducted, systematic","diagnosis, diagnostic, conducted, systematic, included, characteristics, symptoms, age",0.354585,0.667735,include,mechanical,INC-GEO-01,,pubmed,geo_all_id_1|geo_rti_5|geo_sti_1|geo_tb_1|geo_tb_2|geo_tb_3|geo_tb_4,0
doi:10.64898/2026.03.19.26348865,41929315,PMC13042097,10.64898/2026.03.19.26348865,https://pubmed.ncbi.nlm.nih.gov/41929315/,"Trends in frequency of HIV viral load and CD4 cell count monitoring among Asian cohort of adults with HIV: an analysis of the TREAT Asia HIV Observational Database, 2003-2018.",medRxiv : the preprint server for health sciences,medRxiv,2026,2026-03-23,eng,Journal Article|Preprint,24,4,14,sti,Sexually-transmitted infections,sti,0,Other/unspecified,,Virology,1,0,1,"Pasayan, Mark Kristoffer Ungos","Ditangco, Rossana",Philippines,Philippines,National Centre for Infectious Diseases,Australia|Cambodia|China|Hong Kong SAR|India|Indonesia|Japan|Malaysia|Philippines|Republic of Korea|Singapore|Taiwan|Thailand|Viet Nam,Mahidol University|National Centre for Infectious Diseases|Universitas Indonesia|University of Malaya,sti_t1,"hiv, therapy, male, infections","hiv, therapy, male, infections, people, living, infection, agents",0.737553,0.523601,include,mechanical,INC-GEO-01,regional_participation,pubmed,geo_sti_1,0
doi:10.1016/j.celrep.2026.117286,42030160,PMC13270088,10.1016/j.celrep.2026.117286,https://pubmed.ncbi.nlm.nih.gov/42030160/,The mycobacterial ATP burst is a lysis artifact and serves as an assay for drug-induced cell wall damage.,Cell reports,Cell Rep,2026,2026-04-22,eng,Journal Article|Preprint,6,2,3,tb,Tuberculosis,tb,0,Antitubercular Agents,Antitubercular Agents|Mycobacterium tuberculosis,,0,0,1,"Mulholland, Claire V","Berney, Michael",United States,Switzerland,Nanyang Technological University|National Centre for Infectious Diseases,Singapore|Switzerland|United States,Nanyang Technological University|National Centre for Infectious Diseases,tb_t1,"antitubercular, drug, agents, multidrug-resistant","antitubercular, drug, agents, multidrug-resistant, treatment, rifampin, drugs, mycobacterium",0.739388,0.93824,include,mechanical,INC-GEO-01,,pubmed,geo_tb_1|geo_tb_3,0
doi:10.1016/j.ejogrb.2026.115359,42574935,,10.1016/j.ejogrb.2026.115359,https://pubmed.ncbi.nlm.nih.gov/42574935/,The impact of p16-Ki67 dual-stain cytology in women screened positive for human papillomavirus.,"European journal of obstetrics, gynecology, and reproductive biology",Eur J Obstet Gynecol Reprod Biol,2026,2026-08-07,eng,Journal Article,3,1,1,sti,Sexually-transmitted infections,sti,0,Other/unspecified,,Disease management,1,1,0,"Tay, Sun Kuie","Ang, Joella Xiaohong",Singapore,Singapore,Singapore General Hospital,Singapore,Singapore General Hospital,sti_t1,"hiv, therapy, male, infections","hiv, therapy, male, infections, people, living, infection, agents",0.630571,0.153806,include,mechanical,INC-GEO-01,,pubmed,geo_sti_1,0
doi:10.1128/aac.00748-26,42560062,,10.1128/aac.00748-26,https://pubmed.ncbi.nlm.nih.gov/42560062/,"The effect of metformin on the pharmacokinetics of rifampicin, isoniazid, and pyrazinamide in adults with tuberculosis.",Antimicrobial agents and chemotherapy,Antimicrob Agents Chemother,2026,2026-08-06,eng,Journal Article|Randomized Controlled Trial,8,1,3,tb,Tuberculosis,tb|sti,1,Antitubercular Agents,Antitubercular Agents|Tuberculosis|Rifampin,Clinical studies,1,0,1,"Rossouw, Jacques","Wasmann, Roeland E",South Africa,South Africa,"Agency for Science, Technology and Research",Singapore|South Africa|United States,"Agency for Science, Technology and Research",tb_t1,"antitubercular, drug, agents, multidrug-resistant","antitubercular, drug, agents, multidrug-resistant, treatment, rifampin, drugs, mycobacterium",0.77378,0.493483,include,mechanical,INC-GEO-01,,pubmed,geo_amr_hai_4|geo_sti_1|geo_sti_3|geo_sti_4|geo_tb_1|geo_tb_2|geo_tb_3,0
doi:10.1186/s12929-026-01277-4,42509561,PMC13404113,10.1186/s12929-026-01277-4,https://pubmed.ncbi.nlm.nih.gov/42509561/,The current landscape of mRNA therapy and the strategies for mRNA purification and dsRNA removal.,Journal of biomedical science,J Biomed Sci,2026,2026-07-27,eng,Journal Article|Review,9,1,2,rti,Respiratory-tract infections,rti,0,SARS-CoV-2,SARS-CoV-2,Immunology|Treatment,2,1,1,"Liu, Jin-He","Ding, Ling-Wen",China,Singapore,National University of Singapore,China|Singapore,National University of Singapore,rti_t2,"sars-cov-2, responses, immune, vaccine","sars-cov-2, responses, immune, vaccine, vaccines, spike, humans, female",0.314146,0.584458,include,mechanical,INC-GEO-01,,pubmed,geo_rti_1|geo_rti_5,0
doi:10.1371/journal.pntd.0014395,42224379,PMC13245869,10.1371/journal.pntd.0014395,https://pubmed.ncbi.nlm.nih.gov/42224379/,The cost-effectiveness of Wolbachia-based biocontrol interventions for dengue: A scoping review of the available evidence.,PLoS neglected tropical diseases,PLoS Negl Trop Dis,2026,2026-06-01,eng,Journal Article|Scoping Review,6,4,4,vector_borne,Vector-borne diseases,vector_borne,0,Dengue,"Dengue|Aedes|Mosquito Vectors|Wolbachia|Mosquito Control|Pest Control, Biological",Entomology|Surveillance and epidemiology,2,1,1,"Turner, Hugo C","Clapham, Hannah E",United Kingdom,Singapore,National University of Singapore,Australia|Singapore|Switzerland|United Kingdom,Imperial College London|London School of Hygiene & Tropical Medicine|National University of Singapore|World Health Organization,vector_borne_t2,"surveillance, including, diversity, health","surveillance, including, diversity, health, capacity, research, evidence, integrated",0.677735,0.347605,include,mechanical,INC-GEO-01,,pubmed,geo_vector_borne_1|geo_vector_borne_3|geo_vector_borne_4|geo_vector_borne_5,0
doi:10.1038/s41467-026-74934-9,42401555,PMC13333017,10.1038/s41467-026-74934-9,https://pubmed.ncbi.nlm.nih.gov/42401555/,The burden of antimicrobial-resistant bacterial infections: a causal perspective.,Nature communications,Nat Commun,2026,2026-07-04,eng,"Journal Article|Review|Research Support, Non-U.S. Gov't",7,5,6,amr_hai,AMR and healthcare-associated infections,amr_hai,0,Anti-Bacterial Agents,Anti-Bacterial Agents|Bacteria,,0,0,1,"Lim, Cherry","Cooper, Ben S",Thailand,Thailand,National University Health System|National University of Singapore,Australia|Cambodia|Singapore|Thailand|United Kingdom|Viet Nam,Mahidol University|National University Health System|National University of Singapore|Oxford University Clinical Research Unit|University of Oxford,amr_hai_t1,"infection, hospital, included, prevention","infection, hospital, included, prevention, conducted, outcomes, january, interventions",0.646362,0.632483,include,mechanical,INC-GEO-01,regional_participation,pubmed,geo_amr_hai_4,0
doi:10.1128/mbio.01075-26,42484351,PMC13463712,10.1128/mbio.01075-26,https://pubmed.ncbi.nlm.nih.gov/42484351/,The WalRK two-component system inensures robustness of secondary wall polymer attachment.,mBio,mBio,2026,2026-07-22,eng,Journal Article,9,2,2,rti,Respiratory-tract infections,rti,0,Other/unspecified,,Basic research,1,1,1,"Zik, Justin J","Sham, Lok-To",Singapore,Singapore,Nanyang Technological University|National University of Singapore,Singapore|United States,Nanyang Technological University|National University of Singapore,rti_t6,"viral, protein, animals, virus","viral, protein, animals, virus, replication, genetic, potential, infections",0.209092,0.526172,include,mechanical,INC-GEO-01,,pubmed,geo_rti_5,0
doi:10.1080/10810730.2026.2687792,42290146,,10.1080/10810730.2026.2687792,https://pubmed.ncbi.nlm.nih.gov/42290146/,"The Social Amplification of Secondary Risk Perceptions: Online Media Attention, Interpersonal Discussion, and Dengue Vaccination Willingness in Singapore.",Journal of health communication,J Health Commun,2026,2026-06-14,eng,Journal Article,2,1,2,vector_borne,Vector-borne diseases,vector_borne,0,Other/unspecified,,Vaccine,1,1,1,"Ou, Mengxue","Ho, Shirley S",China,Singapore,Nanyang Technological University,China|Singapore,Nanyang Technological University,vector_borne_t1,"infection, fever, although, male","infection, fever, although, male, aged, adult, yellow, zikv",0.773259,0.57427,include,mechanical,INC-GEO-01,,pubmed,geo_vector_borne_1,0
doi:10.1111/scs.70292,42376726,,10.1111/scs.70292,https://pubmed.ncbi.nlm.nih.gov/42376726/,"The Silent Crisis: Loneliness in Older Adults-A Critical Review of Impacts, Strategies and Path Forward.",Scandinavian journal of caring sciences,Scand J Caring Sci,2026,2026-Sep-01,eng,Journal Article|Review,2,1,2,rti,Respiratory-tract infections,rti,0,COVID-19,COVID-19,,0,1,1,"Abdul Rahman, Hanif","Zahari, Nurrabiatul Haziqah",Brunei Darussalam,Brunei Darussalam,National University of Singapore,Brunei Darussalam|Singapore,National University of Singapore,rti_t3,"evidence, clinical, health, review","evidence, clinical, health, review, outcomes, substantial, evaluation, management",0.709357,0.316272,include,mechanical,INC-GEO-01,,pubmed,geo_rti_4|geo_rti_5,0
doi:10.3390/vaccines14060469,42347591,PMC13307854,10.3390/vaccines14060469,https://pubmed.ncbi.nlm.nih.gov/42347591/,The Effect of Aligning Childhood Influenza Vaccination with Specific Well-Visits in a Primary Care Institution in Singapore.,Vaccines,Vaccines (Basel),2026,2026-05-25,eng,Journal Article,6,1,1,rti,Respiratory-tract infections,rti,0,Other/unspecified,,Vaccine,1,1,0,"Goh, Ziying","Ng, Chung Wai Mark",Singapore,Singapore,SingHealth,Singapore,SingHealth,rti_t1,"incidence, months, remained, maternal","incidence, months, remained, maternal, infants, retrospective, database, april",0.608194,0.635594,include,mechanical,INC-GEO-01,,pubmed,geo_rti_2,0
doi:10.1177/08903344261475018,42583836,,10.1177/08903344261475018,https://pubmed.ncbi.nlm.nih.gov/42583836/,The Contactless Milk Depot-Pioneering Round-the-Clock Human Milk Donation.,Journal of human lactation : official journal of International Lactation Consultant Association,J Hum Lact,2026,2026-08-12,eng,Journal Article,7,1,1,rti,Respiratory-tract infections,rti,0,Other/unspecified,,Surveillance and epidemiology,1,1,0,"Jayagobi, Pooja Agarwal","Chua, Mei Chien",Singapore,Singapore,KK Women's and Children's Hospital,Singapore,KK Women's and Children's Hospital,rti_t1,"incidence, months, remained, maternal","incidence, months, remained, maternal, infants, retrospective, database, april",0.887756,0.223664,include,mechanical,INC-GEO-01,,pubmed,geo_rti_1,0
doi:10.3390/ijms27167316,42653319,PMC13513154,10.3390/ijms27167316,https://pubmed.ncbi.nlm.nih.gov/42653319/,The Combination of Nirmatrelvir and Ivermectin Exerts Strongly Synergistic Antiviral and Anti-Inflammatory Effects Against Murine Coronavirus Infection of Macrophages.,International journal of molecular sciences,Int J Mol Sci,2026,2026-08-16,eng,Journal Article,3,1,1,rti,Respiratory-tract infections,rti,0,SARS-CoV-2,SARS-CoV-2|Antiviral Agents|Coronavirus Infections|Cytokines|Virus Replication,Virology|Treatment,2,1,0,"How, Wilson Z Y","Chow, Vincent T K",Singapore,Singapore,National University of Singapore,Singapore,National University of Singapore,rti_t6,"viral, protein, animals, virus","viral, protein, animals, virus, replication, genetic, potential, infections",0.081323,0.86376,include,mechanical,INC-GEO-01,,pubmed,geo_all_id_1|geo_rti_1|geo_rti_3|geo_rti_4|geo_rti_5,0
doi:10.1093/ofid/ofag421,42483035,PMC13386172,10.1093/ofid/ofag421,https://pubmed.ncbi.nlm.nih.gov/42483035/,The Case for N-acetylcysteine in Dengue Associated Liver Injury: Time for Definitive Evidence.,Open forum infectious diseases,Open Forum Infect Dis,2026,2026-07-07,eng,Journal Article,15,4,6,vector_borne,Vector-borne diseases,vector_borne,0,Other/unspecified,,,0,0,1,"McBride, Angela","Yacoub, Sophie",United Kingdom,United Kingdom,National Centre for Infectious Diseases|National University of Singapore,Japan|Malaysia|Nepal|Singapore|United Kingdom|Viet Nam,National Centre for Infectious Diseases|National University of Singapore|Oxford University Clinical Research Unit|University of Oxford,vector_borne_t3,"malaria, plasmodium, cell, cells","malaria, plasmodium, cell, cells, responsible, parasite, erythrocytes, binding",0.506278,0.886404,include,mechanical,INC-GEO-01,regional_participation,pubmed,geo_vector_borne_1,0
doi:10.1371/journal.pgph.0007105,42599959,PMC13475963,10.1371/journal.pgph.0007105,https://pubmed.ncbi.nlm.nih.gov/42599959/,The 'Other' face of health security: Reimagining epistemic attachments in global health.,PLOS global public health,PLOS Glob Public Health,2026,2026-08-14,eng,Journal Article,8,2,3,rti,Respiratory-tract infections,rti,0,Other/unspecified,,,0,1,1,"López Toledano, Max D","Howard, Natasha",Singapore,Singapore,National University of Singapore,Iraq|Singapore|United Kingdom,London School of Hygiene & Tropical Medicine|National University of Singapore,rti_t5,"social, health, public, key","social, health, public, key, policy, diverse, based, framework",0.374735,0.209025,include,mechanical,INC-GEO-01,,pubmed,geo_rti_1,0
doi:10.1016/j.jep.2026.122318,42665167,,10.1016/j.jep.2026.122318,https://pubmed.ncbi.nlm.nih.gov/42665167/,Terminalia chebula Retz. aqueous extract exerts anti-adhesive and anti-inflammatory effects against Helicobacter pylori: Insights from lysine metabolism remodeling and fecal metabolomics.,Journal of ethnopharmacology,J Ethnopharmacol,2026,2026-08-29,eng,Journal Article,10,1,2,other_id,Other infectious disease,other_id,0,Other/unspecified,,Basic research,1,0,1,"Ou, Ling","Chen, Ye",China,China,National University of Singapore,China|Singapore,National University of Singapore,other_id_t1,"cell, cells, vitro, reduced","cell, cells, vitro, reduced, promising, infection, demonstrate, therapeutic",0.604106,0.433634,include,agent,INC-TOP-01,,pubmed,geo_amr_hai_1,0
doi:10.2196/88849,42566744,PMC13450889,10.2196/88849,https://pubmed.ncbi.nlm.nih.gov/42566744/,Temporal Dynamics of Influenza-Associated Anxiety Symptom Linguistic Markers on Weibo (2023-2024): Observational Study.,JMIR infodemiology,JMIR Infodemiology,2026,2026-08-07,eng,Journal Article|Observational Study,3,1,5,rti,Respiratory-tract infections,rti,0,"Influenza, Human","Influenza, Human",Surveillance and epidemiology,1,1,1,"Ou, Yifan","Schulz, Peter Johannes",Belgium,Republic of Korea,Nanyang Technological University,Belgium|Republic of Korea|Singapore|Switzerland|United Kingdom,Nanyang Technological University,rti_t1,"incidence, months, remained, maternal","incidence, months, remained, maternal, infants, retrospective, database, april",0.471568,0.541724,include,mechanical,INC-GEO-01,,pubmed,geo_rti_2|geo_rti_4|geo_rti_5,0
doi:10.1017/ice.2026.10526,42572267,,10.1017/ice.2026.10526,https://pubmed.ncbi.nlm.nih.gov/42572267/,Targeted blower-assisted thermal disinfection for persistent distal outlet Legionella contamination in a tertiary hospital water system.,Infection control and hospital epidemiology,Infect Control Hosp Epidemiol,2026,2026-08-10,eng,Journal Article,6,3,1,rti,Respiratory-tract infections,rti,0,Other/unspecified,,,0,1,0,"Seah, Jiahua","Ling, Moi Lin",Singapore,Singapore,National Cancer Centre Singapore|SingHealth|Singapore General Hospital,Singapore,National Cancer Centre Singapore|SingHealth|Singapore General Hospital,rti_t1,"incidence, months, remained, maternal","incidence, months, remained, maternal, infants, retrospective, database, april",0.545835,0.400306,include,mechanical,INC-GEO-01,,pubmed,geo_rti_2,0
doi:10.1093/epirev/mxag011,42183753,PMC13291317,10.1093/epirev/mxag011,https://pubmed.ncbi.nlm.nih.gov/42183753/,Systematic review of environmental factors associated with severe fever with thrombocytopenia syndrome occurrences.,Epidemiologic reviews,Epidemiol Rev,2026,2026-Jan-29,eng,"Journal Article|Systematic Review|Research Support, Non-U.S. Gov't|Research Support, U.S. Gov't, P.H.S.",4,2,5,other_id,Other infectious disease,other_id,0,Other/unspecified,,Surveillance and epidemiology|Transmission,2,1,1,"Lee, Gayoung","Jung, Sung-Mok",United States,Japan,National University of Singapore,Japan|Republic of Korea|Singapore|United Kingdom|United States,London School of Hygiene & Tropical Medicine|National University of Singapore,other_id_t3,"understanding, environmental, humans, animals","understanding, environmental, humans, animals, often, mechanisms, health, human",1.0,0.545398,include,agent,INC-TOP-01,,pubmed,geo_vector_borne_2|geo_vector_borne_4,0
doi:10.1080/21645515.2026.2661118,42307717,,10.1080/21645515.2026.2661118,https://pubmed.ncbi.nlm.nih.gov/42307717/,Systematic literature review on pneumococcal vaccination recommendations in national immunization programs for the pediatric population in select areas in the Asia Pacific region.,Human vaccines & immunotherapeutics,Hum Vaccin Immunother,2026,2026-06-17,eng,Journal Article|Systematic Review,8,2,6,rti,Respiratory-tract infections,rti,0,Other/unspecified,,Vaccine,1,0,1,"Zaidi, Omer","Sukarom, Isaya",United States,Thailand,,China|Hong Kong SAR|Republic of Korea|Singapore|Thailand|United States,National University Hospital|University of Hong Kong,rti_t2,"sars-cov-2, responses, immune, vaccine","sars-cov-2, responses, immune, vaccine, vaccines, spike, humans, female",0.89042,0.415066,include,mechanical,INC-GEO-01,regional_participation,pubmed,geo_rti_4,0
doi:10.1088/1361-6528/ae8602,42454440,,10.1088/1361-6528/ae8602,https://pubmed.ncbi.nlm.nih.gov/42454440/,"Synthesis, characterization, and therapeutic evaluation of neem-extract stabilized zinc oxide nanoparticles against avian pathogenicin broilers.",Nanotechnology,Nanotechnology,2026,2026-07-15,eng,Journal Article,9,1,3,amr_hai,AMR and healthcare-associated infections,amr_hai,0,Anti-Bacterial Agents,Anti-Bacterial Agents|Microbial Sensitivity Tests|Escherichia coli,,0,1,1,"Khan, Muhammad Zameel","Naeem, Ammar Danyal",Pakistan,Pakistan,National University of Singapore,China|Pakistan|Singapore,National University of Singapore,amr_hai_t2,"agents, tests, activity, sensitivity","agents, tests, activity, sensitivity, antibacterial, anti-bacterial, animals, microbial",0.179687,0.13126,include,mechanical,INC-GEO-01,,pubmed,geo_amr_hai_1|geo_amr_hai_4,0
doi:10.1186/s12889-026-26538-7,41668085,PMC12998312,10.1186/s12889-026-26538-7,https://pubmed.ncbi.nlm.nih.gov/41668085/,"Survival outcomes of older people living with HIV from 2001 to 2020 in Hunan, China: a retrospective cohort study.",BMC public health,BMC Public Health,2026,2026-02-10,eng,Journal Article,10,1,3,sti,Sexually-transmitted infections,sti,0,HIV Infections,HIV Infections,Clinical studies,1,0,1,"Zuo, Hong","Wang, Honghong",China,China,National University of Singapore,China|Singapore|United States,National University of Singapore,sti_t1,"hiv, therapy, male, infections","hiv, therapy, male, infections, people, living, infection, agents",0.883017,0.539357,include,mechanical,INC-GEO-01,,pubmed,geo_sti_2|geo_sti_3|geo_sti_4,0
doi:10.1016/j.idh.2026.100423,42025077,,10.1016/j.idh.2026.100423,https://pubmed.ncbi.nlm.nih.gov/42025077/,Surgical site infection following caesarean section: Incidence and healthcare resource utilisation in a tertiary mother and children hospital in Malaysia.,"Infection, disease & health",Infect Dis Health,2026,2026-04-22,eng,Journal Article,14,0,3,amr_hai,AMR and healthcare-associated infections,amr_hai,0,Surgical Wound Infection,Surgical Wound Infection,Surveillance and epidemiology|Clinical studies|Infection prevention and control,3,0,1,"Lee, Kenneth Kwing Chin","Sellappans, Renukha",Malaysia,Malaysia,,Malaysia|Republic of Korea|Singapore,,amr_hai_t1,"infection, hospital, included, prevention","infection, hospital, included, prevention, conducted, outcomes, january, interventions",0.405053,0.786031,include,mechanical,INC-GEO-01,,pubmed,geo_amr_hai_5,0
doi:10.1016/s0140-6736(26)00410-1,42070573,,10.1016/s0140-6736(26)00410-1,https://pubmed.ncbi.nlm.nih.gov/42070573/,Substantial increases in cervical cancer inequalities worldwide without enhanced human papillomavirus vaccination and screening efforts: a global modelling study.,"Lancet (London, England)",Lancet,2026,2026-May-02,eng,Journal Article,10,2,5,sti,Sexually-transmitted infections,sti,0,Papillomavirus Infections,Papillomavirus Infections|Human Papillomavirus Viruses|Uterine Cervical Neoplasms|Early Detection of Cancer,Modelling|Surveillance and epidemiology|Vaccine,3,1,1,"Brisson, Marc","Barnabas, Ruanne V",Canada,United States,National University of Singapore,Canada|Senegal|Singapore|Spain|United States,Harvard University|National University of Singapore,sti_t2,"vaccines, health, program, national","vaccines, health, program, national, papillomavirus, vaccination, human, per",0.155318,0.18027,include,mechanical,INC-GEO-01,,pubmed,geo_sti_1|geo_sti_3|geo_sti_4,0
doi:10.1021/acsinfecdis.6c00114,42673356,,10.1021/acsinfecdis.6c00114,https://pubmed.ncbi.nlm.nih.gov/42673356/,Structural Insights into Pyrethroid Recognition by Anopheles Chemosensory Proteins.,ACS infectious diseases,ACS Infect Dis,2026,2026-08-24,eng,Journal Article,14,1,3,vector_borne,Vector-borne diseases,vector_borne,0,Other/unspecified,,Entomology,1,0,1,"Biswas, Shibani","Chakraborti, Soumyananda",India,India,National University of Singapore,France|India|Singapore,National University of Singapore,vector_borne_t3,"malaria, plasmodium, cell, cells","malaria, plasmodium, cell, cells, responsible, parasite, erythrocytes, binding",0.419358,0.194669,include,mechanical,INC-GEO-01,,pubmed,geo_vector_borne_1|geo_vector_borne_2|geo_vector_borne_3,0
doi:10.3390/pathogens15030278,41901731,PMC13029090,10.3390/pathogens15030278,https://pubmed.ncbi.nlm.nih.gov/41901731/,Species as an Emerging Pathogen: A Comprehensive Review of Clinical and Microbiological Evidence.,"Pathogens (Basel, Switzerland)",Pathogens,2026,2026-03-04,eng,Journal Article|Review,4,2,1,amr_hai,AMR and healthcare-associated infections,amr_hai,0,Anti-Bacterial Agents,Anti-Bacterial Agents,Outbreak management|Genomics|Case study|Infection prevention and control,4,1,0,"Tan, Jacqueline Wan Yu","See, Kay Choong",Singapore,Singapore,National University Hospital|National University of Singapore,Singapore,National University Hospital|National University of Singapore,amr_hai_t1,"infection, hospital, included, prevention","infection, hospital, included, prevention, conducted, outcomes, january, interventions",0.755979,0.606487,include,mechanical,INC-GEO-01,,pubmed,geo_amr_hai_2,0
doi:10.2196/87909,42524835,PMC13418094,10.2196/87909,https://pubmed.ncbi.nlm.nih.gov/42524835/,Sociodemographic and Health-Risk Determinants of COVID-19 Vaccine Booster Preferences and Willingness to Pay in Singapore: Discrete Choice Experiment.,Interactive journal of medical research,Interact J Med Res,2026,2026-07-29,eng,Journal Article,4,1,1,rti,Respiratory-tract infections,rti,0,Other/unspecified,,Vaccine,1,1,0,"Cheng, Hooi Swang","Ang, Ian Yi Han",Singapore,Singapore,National University of Singapore,Singapore,National University of Singapore,rti_t1,"incidence, months, remained, maternal","incidence, months, remained, maternal, infants, retrospective, database, april",0.554926,0.498718,include,mechanical,INC-GEO-01,,pubmed,geo_rti_1,0
doi:10.1080/09540121.2026.2632324,41705447,,10.1080/09540121.2026.2632324,https://pubmed.ncbi.nlm.nih.gov/41705447/,Social support and depressive symptoms among people living with HIV in Cambodia: a cross-sectional study.,AIDS care,AIDS Care,2026,2026-02-18,eng,Journal Article,10,1,4,sti,Sexually-transmitted infections,sti,0,Other/unspecified,,Surveillance and epidemiology,1,1,1,"Khan, Zar-Tashiya B","Yi, Siyan",Singapore,Cambodia,National University of Singapore,Cambodia|Japan|Singapore|United States,National University of Singapore,sti_t1,"hiv, therapy, male, infections","hiv, therapy, male, infections, people, living, infection, agents",0.58274,0.798898,include,mechanical,INC-GEO-01,,pubmed,geo_sti_2,0
doi:10.1016/s1473-3099(26)00357-9,42628558,,10.1016/s1473-3099(26)00357-9,https://pubmed.ncbi.nlm.nih.gov/42628558/,"Severe health-care-associated infections and antimicrobial resistance in an Asian Surveillance Network (ACORN-HAI): a multicentre, prospective cohort study.",The Lancet. Infectious diseases,Lancet Infect Dis,2026,2026-08-21,eng,Journal Article,51,8,19,amr_hai,AMR and healthcare-associated infections,amr_hai|rti,1,Other/unspecified,,Surveillance and epidemiology|Clinical studies,2,1,1,"Mo, Yin",,Singapore,,National University Hospital|National University of Singapore|Singapore General Hospital,Bangladesh|Brunei Darussalam|Cambodia|China|India|Indonesia|Japan|Malaysia|Mongolia|Nepal|Pakistan|Philippines|Singapore|Sri Lanka|Taiwan|Thailand|Timor-Leste|United Kingdom|Viet Nam,Mahidol University|National University Hospital|National University of Singapore|Oxford University Clinical Research Unit|Singapore General Hospital|Universitas Indonesia|University of Hong Kong|University of Oxford,amr_hai_t1,"infection, hospital, included, prevention","infection, hospital, included, prevention, conducted, outcomes, january, interventions",0.529169,0.595696,include,mechanical,INC-GEO-01,,pubmed,geo_all_id_1|geo_amr_hai_1|geo_rti_3,0
doi:10.1073/pnas.2532225123,42636358,PMC13508086,10.1073/pnas.2532225123,https://pubmed.ncbi.nlm.nih.gov/42636358/,SIRT2 deacylase modulators control B cell metabolic reprogramming in EBV infection and mitogenic activation.,Proceedings of the National Academy of Sciences of the United States of America,Proc Natl Acad Sci U S A,2026,2026-08-24,eng,Journal Article,11,2,2,other_id,Other infectious disease,other_id,0,Other/unspecified,,Basic research|Immunology,2,1,1,"Hill, Kaeden K","Luftig, Micah A",,Singapore,National University of Singapore,Singapore|United Kingdom,National University of Singapore|University of Cambridge,other_id_t1,"cell, cells, vitro, reduced","cell, cells, vitro, reduced, promising, infection, demonstrate, therapeutic",0.823247,0.864301,include,agent,INC-TOP-01,,pubmed,geo_all_id_1,0
doi:10.1016/j.bcp.2026.118104,42178049,,10.1016/j.bcp.2026.118104,https://pubmed.ncbi.nlm.nih.gov/42178049/,Role of pregnane X receptor in the upregulation of human aldehyde oxidase gene expression.,Biochemical pharmacology,Biochem Pharmacol,2026,2026-05-23,eng,Journal Article,3,1,2,tb,Tuberculosis,tb,0,Rifampin,Rifampin,Basic research,1,1,1,"Chen, Shiyan","Lau, Aik Jiang",Singapore,Canada,National University of Singapore,Canada|Singapore,National University of Singapore,tb_t1,"antitubercular, drug, agents, multidrug-resistant","antitubercular, drug, agents, multidrug-resistant, treatment, rifampin, drugs, mycobacterium",1.0,0.805089,include,mechanical,INC-GEO-01,,pubmed,geo_tb_2|geo_tb_3,0
doi:10.1038/s44360-026-00080-7,42272941,PMC13246439,10.1038/s44360-026-00080-7,https://pubmed.ncbi.nlm.nih.gov/42272941/,Role of community and sexual contacts as drivers of MPXV clade I.,Nature health,Nat Health,2026,2026-04-06,eng,Journal Article,15,4,6,sti,Sexually-transmitted infections,sti,0,Other/unspecified,,Surveillance and epidemiology|Transmission,2,1,1,"Murayama, Hiroaki","Endo, Akira",Japan,Japan,Nanyang Technological University|National Centre for Infectious Diseases|National University of Singapore,Democratic Republic of the Congo|Japan|Singapore|South Africa|United Kingdom|United States,London School of Hygiene & Tropical Medicine|Nanyang Technological University|National Centre for Infectious Diseases|National University of Singapore,sti_t1,"hiv, therapy, male, infections","hiv, therapy, male, infections, people, living, infection, agents",0.074538,0.715036,include,mechanical,INC-GEO-01,,pubmed,geo_sti_2,0
doi:10.1111/camh.70112,42557101,,10.1111/camh.70112,https://pubmed.ncbi.nlm.nih.gov/42557101/,Risk of new-incident mental health diagnoses following SARS-CoV-2 infection amongst children and young adults in Singapore: a retrospective cohort study.,Child and adolescent mental health,Child Adolesc Ment Health,2026,2026-08-05,eng,Journal Article,10,7,1,rti,Respiratory-tract infections,rti,0,Other/unspecified,,Clinical studies,1,1,0,"Wee, Liang En","Tan, Kelvin Bryan",Singapore,Singapore,Communicable Diseases Agency|Institute of Mental Health|Nanyang Technological University|National Centre for Infectious Diseases|National University of Singapore|Singapore General Hospital|Tan Tock Seng Hospital,Singapore,Communicable Diseases Agency|Institute of Mental Health|Nanyang Technological University|National Centre for Infectious Diseases|National University of Singapore|Singapore General Hospital|Tan Tock Seng Hospital,rti_t1,"incidence, months, remained, maternal","incidence, months, remained, maternal, infants, retrospective, database, april",0.825103,0.591205,include,mechanical,INC-GEO-01,,pubmed,geo_rti_1|geo_rti_3,0
doi:10.1016/j.jhin.2026.03.009,41862138,,10.1016/j.jhin.2026.03.009,https://pubmed.ncbi.nlm.nih.gov/41862138/,Risk factors for methicillin-resistant Staphylococcus aureus (MRSA) bacteraemia in patients with or without prior MRSA colonisation.,The Journal of hospital infection,J Hosp Infect,2026,2026-03-19,eng,Journal Article,13,2,2,amr_hai,AMR and healthcare-associated infections,amr_hai,0,Methicillin-Resistant Staphylococcus aureus,Methicillin-Resistant Staphylococcus aureus|Bacteremia|Staphylococcal Infections,Clinical studies|Infection prevention and control,2,1,1,"Tang, Y W","Ang, B",Singapore,Singapore,National University Health System|Tan Tock Seng Hospital,Singapore|United States,National University Health System|Tan Tock Seng Hospital,amr_hai_t1,"infection, hospital, included, prevention","infection, hospital, included, prevention, conducted, outcomes, january, interventions",0.437255,0.717095,include,mechanical,INC-GEO-01,,pubmed,geo_amr_hai_5,0
doi:10.1080/17441692.2026.2700817,42421423,,10.1080/17441692.2026.2700817,https://pubmed.ncbi.nlm.nih.gov/42421423/,Rethinking vaccine mandates through the lens of penalties and incentives: A 7S framework approach.,Global public health,Glob Public Health,2026,2026-07-08,eng,Journal Article,3,0,1,rti,Respiratory-tract infections,rti,0,COVID-19,COVID-19|COVID-19 Vaccines,Vaccine,1,0,0,"Duong, Hang","Attwell, Katie",Australia,Australia,,Australia,,rti_t5,"social, health, public, key","social, health, public, key, policy, diverse, based, framework",0.534904,0.134294,include,agent,INC-GEO-02,,pubmed,geo_rti_4|geo_rti_5,0
doi:10.1016/j.isci.2026.116736,42555398,PMC13380456,10.1016/j.isci.2026.116736,https://pubmed.ncbi.nlm.nih.gov/42555398/,Respiratory syncytial virus inhibits type I interferon signaling to maintain HLA-DM expression in CD1cdendritic cells.,iScience,iScience,2026,2026-07-10,eng,Journal Article,7,2,2,rti,Respiratory-tract infections,rti,0,Other/unspecified,,,0,1,1,"Ong, Weiyee","Connolly, John Edward",Singapore,Singapore,Institute of Molecular and Cell Biology|National University of Singapore,Singapore|United States,Institute of Molecular and Cell Biology|National University of Singapore,rti_t2,"sars-cov-2, responses, immune, vaccine","sars-cov-2, responses, immune, vaccine, vaccines, spike, humans, female",0.275975,0.871141,include,mechanical,INC-GEO-01,,pubmed,geo_rti_2|geo_rti_3,0
doi:10.1093/ofid/ofag317,42415733,PMC13338775,10.1093/ofid/ofag317,https://pubmed.ncbi.nlm.nih.gov/42415733/,"Respiratory Pathogen Detection Among Febrile Inpatients in Northern Tanzania, 2016-2019.",Open forum infectious diseases,Open Forum Infect Dis,2026,2026-05-30,eng,Journal Article,21,3,4,rti,Respiratory-tract infections,rti,0,Other/unspecified,,,0,1,1,"Linster, Martin","Rubach, Matthew P",Singapore,Singapore,Duke-NUS Medical School|National University of Singapore|SingHealth,New Zealand|Singapore|Tanzania|United States,Duke-NUS Medical School|National University of Singapore|SingHealth,rti_t4,"acute, severe, respiratory, pneumonia","acute, severe, respiratory, pneumonia, admission, syndrome, median, failure",0.672199,1.0,include,mechanical,INC-GEO-01,,pubmed,geo_rti_2,0
doi:10.1128/aac.00388-25,42138639,PMC13231893,10.1128/aac.00388-25,https://pubmed.ncbi.nlm.nih.gov/42138639/,Resistance to novel β-lactam/β-lactamase inhibitors among carbapenem-resistantand clinical implications in the prospective observationalstudy.,Antimicrobial agents and chemotherapy,Antimicrob Agents Chemother,2026,2026-05-15,eng,"Journal Article|Multicenter Study|Observational Study|Research Support, N.I.H., Intramural",32,1,6,amr_hai,AMR and healthcare-associated infections,amr_hai,0,Anti-Bacterial Agents,Anti-Bacterial Agents|Microbial Sensitivity Tests|beta-Lactamases,,0,0,1,"Gottesdiener, Lee S",,United States,,National University of Singapore,Argentina|Australia|Chile|Colombia|Singapore|United States,National University of Singapore,amr_hai_t2,"agents, tests, activity, sensitivity","agents, tests, activity, sensitivity, antibacterial, anti-bacterial, animals, microbial",0.397855,0.398091,include,mechanical,INC-GEO-01,regional_participation,pubmed,geo_amr_hai_5,0
doi:10.3389/fmicb.2026.1866307,42358254,PMC13291069,10.3389/fmicb.2026.1866307,https://pubmed.ncbi.nlm.nih.gov/42358254/,Research progress on emerging and important Tick-Borne pathogens.,Frontiers in microbiology,Front Microbiol,2026,2026-06-10,eng,Journal Article|Review,5,1,2,vector_borne,Vector-borne diseases,vector_borne,0,Other/unspecified,,Entomology|Genomics|Surveillance and epidemiology,3,0,1,"Duan, Gang","Gu, Wanjiang",China,China,National University of Singapore,China|Singapore,National University of Singapore,vector_borne_t2,"surveillance, including, diversity, health","surveillance, including, diversity, health, capacity, research, evidence, integrated",0.571379,0.676088,include,mechanical,INC-GEO-01,,pubmed,geo_vector_borne_2,0
doi:10.1016/j.jhin.2026.08.021,42685915,,10.1016/j.jhin.2026.08.021,https://pubmed.ncbi.nlm.nih.gov/42685915/,"Real-world implementation and impact of interventional antimicrobial stewardship programmes in Asian hospital settings: an updated systematic review mapped to IDSA/SHEA recommendations, the WHO Bacterial Priority Pathogens List, and AWaRe antibiotic categories.",The Journal of hospital infection,J Hosp Infect,2026,2026-09-02,eng,Journal Article|Review,4,0,3,amr_hai,AMR and healthcare-associated infections,amr_hai,0,Other/unspecified,,,0,0,1,"Zhang, Huifen","Wang, Jiancong",China,Germany,,China|Germany|Malaysia,,amr_hai_t1,"infection, hospital, included, prevention","infection, hospital, included, prevention, conducted, outcomes, january, interventions",0.575432,0.766983,include,agent,INC-GEO-02,,pubmed,geo_all_id_2|geo_amr_hai_1,0
doi:10.1136/bcr-2025-271896,42508951,,10.1136/bcr-2025-271896,https://pubmed.ncbi.nlm.nih.gov/42508951/,Rapid initiation of standard-volume plasma exchange for acute liver failure from dengue infection.,BMJ case reports,BMJ Case Rep,2026,2026-07-27,eng,Journal Article|Case Reports,4,1,1,vector_borne,Vector-borne diseases,vector_borne,0,Dengue,Dengue,Treatment|Case study,2,1,0,"Chong, Elliot Yeung","Kumar, Rajneesh",Singapore,Singapore,Singapore General Hospital,Singapore,Singapore General Hospital,vector_borne_t1,"infection, fever, although, male","infection, fever, although, male, aged, adult, yellow, zikv",0.546031,0.760944,include,mechanical,INC-GEO-01,,pubmed,geo_vector_borne_1|geo_vector_borne_3|geo_vector_borne_4,0
doi:10.1038/s41467-026-75746-7,42532990,PMC13424325,10.1038/s41467-026-75746-7,https://pubmed.ncbi.nlm.nih.gov/42532990/,Rapid and quantitative measurement of bacteriophage infectivity via fully automated droplet digital PCR.,Nature communications,Nat Commun,2026,2026-07-30,eng,"Journal Article|Research Support, Non-U.S. Gov't",10,1,2,other_id,Other infectious disease,other_id,0,Other/unspecified,,,0,0,1,"Liu, Yanfei","Du, Wenbin",China,China,National University of Singapore,China|Singapore,National University of Singapore,other_id_t2,"outcomes, days, clinical, infections","outcomes, days, clinical, infections, years, therapy, may, early",0.255238,0.541979,include,agent,INC-TOP-02,,pubmed,geo_amr_hai_3,0
doi:10.1038/s41467-026-74190-x,42337236,PMC13291267,10.1038/s41467-026-74190-x,https://pubmed.ncbi.nlm.nih.gov/42337236/,Pulmonary inflammation in severe pneumonia is characterised by compartmentalised and mechanistically distinct sub-phenotypes.,Nature communications,Nat Commun,2026,2026-06-23,eng,Journal Article,23,4,4,rti,Respiratory-tract infections,rti,0,Cytokines,Cytokines,Immunology,1,0,1,"Jeffrey, Mark","Conway Morris, Andrew",United Kingdom,United Kingdom,A*STAR Infectious Diseases Labs,Belgium|China|Singapore|United Kingdom,A*STAR Infectious Diseases Labs|Bioinformatics Institute|UK Health Security Agency|University of Cambridge,rti_t4,"acute, severe, respiratory, pneumonia","acute, severe, respiratory, pneumonia, admission, syndrome, median, failure",0.510804,0.927463,include,mechanical,INC-GEO-01,regional_participation,pubmed,geo_rti_4,0
doi:10.1016/j.ijid.2026.108533,41825574,,10.1016/j.ijid.2026.108533,https://pubmed.ncbi.nlm.nih.gov/41825574/,Public health response to a tuberculosis cluster in a high-rise apartment block.,International journal of infectious diseases : IJID : official publication of the International Society for Infectious Diseases,Int J Infect Dis,2026,2026-03-11,eng,Journal Article,9,4,1,tb,Tuberculosis,tb,0,Mycobacterium tuberculosis,Mycobacterium tuberculosis|Tuberculosis,Outbreak management|Genomics|Modelling|Transmission,4,1,0,"Kyaw, Win Mar","Ng, Deborah H L",Singapore,Singapore,Communicable Diseases Agency|Environmental Health Institute|Nanyang Technological University|National University of Singapore,Singapore,Communicable Diseases Agency|Environmental Health Institute|Nanyang Technological University|National University of Singapore,tb_t1,"antitubercular, drug, agents, multidrug-resistant","antitubercular, drug, agents, multidrug-resistant, treatment, rifampin, drugs, mycobacterium",0.43811,0.766692,include,mechanical,INC-GEO-01,,pubmed,geo_tb_3,0
doi:10.1183/13993003.00989-2026,42532544,,10.1183/13993003.00989-2026,https://pubmed.ncbi.nlm.nih.gov/42532544/,Prioritizing research topics identified by end-users for a successful and rapid uptake of new tuberculosis treatment regimens.,The European respiratory journal,Eur Respir J,2026,2026-07-30,eng,Letter,36,1,21,tb,Tuberculosis,tb,0,Other/unspecified,,,0,0,1,"Bellavia, Alessandra",,Italy,,National University of Singapore,Bangladesh|Belgium|Brazil|China|Denmark|Ethiopia|France|India|Indonesia|Italy|Mexico|Netherlands|Oman|Pakistan|Philippines|Russian Federation|Singapore|Spain|Switzerland|United Kingdom|United States,National University of Singapore,tb_t1,"antitubercular, drug, agents, multidrug-resistant","antitubercular, drug, agents, multidrug-resistant, treatment, rifampin, drugs, mycobacterium",0.620657,0.683644,include,agent,EXC-TYP-01,regional_participation,pubmed,geo_tb_2,0
doi:10.1038/s41371-026-01194-x,42595776,,10.1038/s41371-026-01194-x,https://pubmed.ncbi.nlm.nih.gov/42595776/,Prevalence of hypertension in severe vs. non-severe COVID-19: a systematic review and meta-analysis.,Journal of human hypertension,J Hum Hypertens,2026,2026-08-14,eng,Journal Article|Review,3,1,3,rti,Respiratory-tract infections,rti,0,Other/unspecified,,,0,1,1,"Khalid, Kanwal","Lee, Michelle Felicia",Canada,Singapore,National University of Singapore,Canada|Egypt|Singapore,National University of Singapore,rti_t3,"evidence, clinical, health, review","evidence, clinical, health, review, outcomes, substantial, evaluation, management",0.784076,0.68535,include,mechanical,INC-GEO-01,,pubmed,geo_rti_1,0
doi:10.1016/j.transci.2026.104429,41990572,,10.1016/j.transci.2026.104429,https://pubmed.ncbi.nlm.nih.gov/41990572/,Prevalence and trends of syphilis infection among blood donors at a tertiary care centre in South India.,Transfusion and apheresis science : official journal of the World Apheresis Association : official journal of the European Society for Haemapheresis,Transfus Apher Sci,2026,2026-04-12,eng,Journal Article,5,0,2,sti,Sexually-transmitted infections,sti,0,Other/unspecified,,Surveillance and epidemiology,1,0,1,"Sachan, Deepti","Sundaramoorthy, Subha",India,India,,India|Singapore,,sti_t1,"hiv, therapy, male, infections","hiv, therapy, male, infections, people, living, infection, agents",0.559324,0.229257,include,mechanical,INC-GEO-01,,pubmed,geo_sti_2|geo_sti_3|geo_sti_4,0
doi:10.3390/antibiotics15050423,42192645,PMC13203666,10.3390/antibiotics15050423,https://pubmed.ncbi.nlm.nih.gov/42192645/,Prescribing Patterns and Clinical Effectiveness of Ceftolozane/Tazobactam for ESBL-Producing Enterobacterales: A SPECTRA Real-World Multi-Country Analysis.,"Antibiotics (Basel, Switzerland)",Antibiotics (Basel),2026,2026-04-22,eng,Journal Article,8,1,6,amr_hai,AMR and healthcare-associated infections,amr_hai,0,Other/unspecified,,,0,0,1,"Yucel, Emre","Kaul, Sunny",United States,United Kingdom,Tan Tock Seng Hospital,Austria|Germany|Singapore|Spain|United Kingdom|United States,Tan Tock Seng Hospital,amr_hai_t1,"infection, hospital, included, prevention","infection, hospital, included, prevention, conducted, outcomes, january, interventions",0.158658,0.696305,include,mechanical,INC-GEO-01,regional_participation,pubmed,geo_amr_hai_2,0
doi:10.1016/j.watres.2026.126336,42341684,,10.1016/j.watres.2026.126336,https://pubmed.ncbi.nlm.nih.gov/42341684/,Predicting antibiotic and resistance gene dynamics in coastal urban waters under data scarcity via an integrated multi-model framework.,Water research,Water Res,2026,2026-06-19,eng,Journal Article,3,1,1,amr_hai,AMR and healthcare-associated infections,amr_hai,0,Anti-Bacterial Agents,Anti-Bacterial Agents,,0,1,0,"Huang, Sheng","Gin, Karina Yew-Hoong",Singapore,Singapore,National University of Singapore,Singapore,National University of Singapore,amr_hai_t1,"infection, hospital, included, prevention","infection, hospital, included, prevention, conducted, outcomes, january, interventions",0.728411,0.393102,include,mechanical,INC-GEO-01,,pubmed,geo_amr_hai_3|geo_amr_hai_4,0
doi:10.1186/s12889-026-27217-3,42015172,PMC13130454,10.1186/s12889-026-27217-3,https://pubmed.ncbi.nlm.nih.gov/42015172/,Predicting ART initiation through intertemporal preferences: development and validation of a decision-making preferences scale for ART initiation.,BMC public health,BMC Public Health,2026,2026-04-21,eng,Journal Article|Validation Study,6,1,2,sti,Sexually-transmitted infections,sti,0,HIV Infections,HIV Infections|Qualitative Research|Anti-Retroviral Agents|Interviews as Topic,Detection,1,0,1,"Fan, Sisi","Wang, Honghong",China,China,National University of Singapore,China|Singapore,National University of Singapore,sti_t1,"hiv, therapy, male, infections","hiv, therapy, male, infections, people, living, infection, agents",0.776123,0.933417,include,mechanical,INC-GEO-01,,pubmed,geo_sti_1|geo_sti_2|geo_sti_3|geo_sti_4,0
doi:10.1177/00494755261479116,42622634,,10.1177/00494755261479116,https://pubmed.ncbi.nlm.nih.gov/42622634/,Practical approach to identifying Dengue-induced haemophagocytosis.,Tropical doctor,Trop Doct,2026,2026-08-20,eng,Journal Article,3,1,1,vector_borne,Vector-borne diseases,vector_borne,0,Other/unspecified,,,0,1,0,"Ng, Isaac Ks","Goh, Wilson Gw",Singapore,Singapore,National University Hospital,Singapore,National University Hospital,vector_borne_t5,"leading, implications, vector-borne, mortality","leading, implications, vector-borne, mortality, region, spaces, space, sequence",0.404958,0.562331,include,mechanical,INC-GEO-01,,pubmed,geo_vector_borne_1,0
doi:10.3389/fimmu.2026.1841974,42491092,PMC13376264,10.3389/fimmu.2026.1841974,https://pubmed.ncbi.nlm.nih.gov/42491092/,Potential effects of genetic variations in fusion protein on the virulence of human respiratory syncytial virus.,Frontiers in immunology,Front Immunol,2026,2026-07-03,eng,Journal Article,11,1,2,rti,Respiratory-tract infections,rti,0,Cytokines,Cytokines|Virus Replication,Virology,1,1,1,"Song, Jingjing","Zhang, Yan",China,China,National University of Singapore,China|Singapore,National University of Singapore,rti_t6,"viral, protein, animals, virus","viral, protein, animals, virus, replication, genetic, potential, infections",0.089347,0.793337,include,mechanical,INC-GEO-01,,pubmed,geo_rti_3|geo_rti_5,0
doi:10.4269/ajtmh.26-0159,42167202,PMC13326957,10.4269/ajtmh.26-0159,https://pubmed.ncbi.nlm.nih.gov/42167202/,Postkala-Azar Dermal and Visceral Leishmaniasis in a Patient from Bangladesh.,The American journal of tropical medicine and hygiene,Am J Trop Med Hyg,2026,2026-05-21,eng,Journal Article,4,3,1,vector_borne,Vector-borne diseases,vector_borne,0,Other/unspecified,,,0,1,0,"Kwan, Rowena Lee Ying","Pan, Jiun Yit",Singapore,Singapore,National Centre for Infectious Diseases|National Skin Centre|National University of Singapore,Singapore,National Centre for Infectious Diseases|National Skin Centre|National University of Singapore,vector_borne_t5,"leading, implications, vector-borne, mortality","leading, implications, vector-borne, mortality, region, spaces, space, sequence",0.245429,0.376882,include,mechanical,INC-GEO-01,,pubmed,geo_vector_borne_2,0
doi:10.1002/resp.70302,42616003,,10.1002/resp.70302,https://pubmed.ncbi.nlm.nih.gov/42616003/,Post-Acute Sequelae of Non-COVID-19 Respiratory Viral Infections: A Systematic Review.,"Respirology (Carlton, Vic.)",Respirology,2026,2026-08-19,eng,Journal Article|Review,5,3,1,rti,Respiratory-tract infections,rti,0,Other/unspecified,,,0,1,0,"Chong, Esther Hui-En","Ng, Dorothy Hui Lin",Singapore,Singapore,Duke-NUS Medical School|National University of Singapore|Singapore General Hospital,Singapore,Duke-NUS Medical School|National University of Singapore|Singapore General Hospital,rti_t3,"evidence, clinical, health, review","evidence, clinical, health, review, outcomes, substantial, evaluation, management",0.673095,0.713212,include,mechanical,INC-GEO-01,,pubmed,geo_rti_1|geo_rti_2|geo_rti_3,0
doi:10.5527/wjn.v15.i2.118214,42395659,PMC13324677,10.5527/wjn.v15.i2.118214,https://pubmed.ncbi.nlm.nih.gov/42395659/,Post vaccination acute kidney injury and other renal complications after COVID-19 and influenza vaccination.,World journal of nephrology,World J Nephrol,2026,2026-Jun-25,eng,Journal Article,3,2,1,rti,Respiratory-tract infections,rti,0,Other/unspecified,,Vaccine|Surveillance and epidemiology|Case study,3,1,0,"Aye Kyaw, Yunn Honey","See, Kay Choong",Singapore,Singapore,National University Hospital|National University of Singapore,Singapore,National University Hospital|National University of Singapore,rti_t3,"evidence, clinical, health, review","evidence, clinical, health, review, outcomes, substantial, evaluation, management",0.682892,0.601108,include,mechanical,INC-GEO-01,,pubmed,geo_rti_2,0
doi:10.1016/j.drugpo.2026.105306,42091013,PMC13173373,10.1016/j.drugpo.2026.105306,https://pubmed.ncbi.nlm.nih.gov/42091013/,"Pleasure, shame and harm reduction: A qualitative investigation of poppers and sexualized drug use among men who have sex with men in China.",The International journal on drug policy,Int J Drug Policy,2026,2026-05-05,eng,"Journal Article|Research Support, Non-U.S. Gov't",7,1,3,sti,Sexually-transmitted infections,sti,0,"Homosexuality, Male","Homosexuality, Male|Qualitative Research",,0,1,1,"Luo, Danyang","Tan, Rayner Kay Jin",United States,Singapore,National University of Singapore,China|Singapore|United States,National University of Singapore,sti_t2,"vaccines, health, program, national","vaccines, health, program, national, papillomavirus, vaccination, human, per",0.220135,0.738596,include,mechanical,INC-GEO-01,,pubmed,geo_sti_2|geo_sti_3,0
doi:10.1007/s10461-026-05097-3,41843255,,10.1007/s10461-026-05097-3,https://pubmed.ncbi.nlm.nih.gov/41843255/,Perspectives on Analytical Treatment Interruptions and Prospects of an HIV Cure Amongst People Living with HIV and Healthcare Providers in Singapore.,AIDS and behavior,AIDS Behav,2026,2026-03-17,eng,Journal Article,17,6,1,sti,Sexually-transmitted infections,sti,0,Other/unspecified,,,0,1,0,"Choy, Chiaw Yee","Wong, Chen Seong",Singapore,Singapore,Changi General Hospital|National Centre for Infectious Diseases|National University Hospital|National University of Singapore|Singapore General Hospital|Tan Tock Seng Hospital,Singapore,Changi General Hospital|National Centre for Infectious Diseases|National University Hospital|National University of Singapore|Singapore General Hospital|Tan Tock Seng Hospital,sti_t1,"hiv, therapy, male, infections","hiv, therapy, male, infections, people, living, infection, agents",0.83916,0.853485,include,mechanical,INC-GEO-01,,pubmed,geo_sti_2,0
doi:10.1183/13993003.00858-2026,42492955,,10.1183/13993003.00858-2026,https://pubmed.ncbi.nlm.nih.gov/42492955/,"Persistent respiratory, psychological, and quality-of-life impairments two-years post-tuberculosis: evidence from a cohort study in Cambodia.",The European respiratory journal,Eur Respir J,2026,2026-07-23,eng,Letter,9,2,8,tb,Tuberculosis,tb,0,Other/unspecified,,Clinical studies,1,1,1,"Eng, Sothearith","Teo, Alvin Kuo Jing",Japan,Australia,National University of Singapore,Australia|Cambodia|Ireland|Japan|Namibia|Singapore|South Africa|United States,London School of Hygiene & Tropical Medicine|National University of Singapore,tb_t1,"antitubercular, drug, agents, multidrug-resistant","antitubercular, drug, agents, multidrug-resistant, treatment, rifampin, drugs, mycobacterium",0.553587,0.884547,include,agent,EXC-TYP-01,,pubmed,geo_tb_2,0
doi:10.1136/bmjph-2025-004042,42158536,PMC13182298,10.1136/bmjph-2025-004042,https://pubmed.ncbi.nlm.nih.gov/42158536/,Partnership-based sexual behaviours among adults in Singapore: a cross-sectional population survey.,BMJ public health,BMJ Public Health,2026,2026-05-12,eng,Journal Article,9,2,3,sti,Sexually-transmitted infections,sti,0,Other/unspecified,,,0,1,1,"A, Janhavi","Dickens, Borame L",Singapore,Singapore,National University of Singapore,Japan|Singapore|United Kingdom,London School of Hygiene & Tropical Medicine|National University of Singapore,sti_t1,"hiv, therapy, male, infections","hiv, therapy, male, infections, people, living, infection, agents",0.246743,0.52762,include,mechanical,INC-GEO-01,,pubmed,geo_sti_2,0
doi:10.25259/ijpc_285_2025,42695083,PMC13541053,10.25259/ijpc_285_2025,https://pubmed.ncbi.nlm.nih.gov/42695083/,Palliative Care Quality Improvement Project: Integrating Palliative Care into Oncology.,Indian journal of palliative care,Indian J Palliat Care,2026,2026-07-18,eng,Journal Article,10,1,3,rti,Respiratory-tract infections,rti,0,Other/unspecified,,,0,0,1,"Chanana, Gaurav","Sunilkumar, M M",India,India,,India|Singapore|United States,World Health Organization,rti_t5,"social, health, public, key","social, health, public, key, policy, diverse, based, framework",0.783485,0.369432,include,mechanical,INC-GEO-01,,pubmed,geo_rti_1,0
doi:10.1016/j.vaccine.2026.128983,42531983,,10.1016/j.vaccine.2026.128983,https://pubmed.ncbi.nlm.nih.gov/42531983/,Over-induction of innate immune responses suppresses T cell response to mRNA SARS-CoV-2 vaccination.,Vaccine,Vaccine,2026,2026-07-30,eng,Journal Article,13,3,1,rti,Respiratory-tract infections,rti,0,COVID-19,COVID-19|SARS-CoV-2|COVID-19 Vaccines,Vaccine|Immunology,2,1,0,"Tay, Carina J X","Zhong, Youjia",Singapore,Singapore,Duke-NUS Medical School|National University Hospital|National University of Singapore,Singapore,Duke-NUS Medical School|National University Hospital|National University of Singapore,rti_t2,"sars-cov-2, responses, immune, vaccine","sars-cov-2, responses, immune, vaccine, vaccines, spike, humans, female",0.323926,0.689353,include,mechanical,INC-GEO-01,,pubmed,geo_rti_1|geo_rti_3|geo_rti_4|geo_rti_5,0
doi:10.1016/j.eclinm.2026.103871,42058505,PMC13121171,10.1016/j.eclinm.2026.103871,https://pubmed.ncbi.nlm.nih.gov/42058505/,"Oropouche virus: transmission, epidemiology, genetic diversity, and public health implications.",EClinicalMedicine,EClinicalMedicine,2026,2026-04-21,eng,Journal Article|Review,43,8,20,vector_borne,Vector-borne diseases,vector_borne,0,Other/unspecified,,Surveillance and epidemiology|Entomology|Transmission|Virology,4,0,1,"Subissi, Lorenzo","Rojas, Diana P",Switzerland,Switzerland,Nanyang Technological University|National Centre for Infectious Diseases,Australia|Bangladesh|Brazil|Canada|China|Cuba|Democratic Republic of the Congo|Germany|India|Japan|Lebanon|Netherlands|Nigeria|Qatar|Saudi Arabia|Singapore|South Africa|Switzerland|United Kingdom|United States,Imperial College London|Nanyang Technological University|National Centre for Infectious Diseases|National Institutes of Health|UK Health Security Agency|University of Cambridge|University of Hong Kong|World Health Organization,vector_borne_t2,"surveillance, including, diversity, health","surveillance, including, diversity, health, capacity, research, evidence, integrated",0.481802,0.536674,include,mechanical,INC-GEO-01,regional_participation,pubmed,geo_vector_borne_3,0
doi:10.1097/qai.0000000000003874,42439100,PMC13367379,10.1097/qai.0000000000003874,https://pubmed.ncbi.nlm.nih.gov/42439100/,Optimizing Antihypertensive Care for Tanzanians Living With HIV: Effectiveness Outcomes From the COACH Pilot Trial.,Journal of acquired immune deficiency syndromes (1999),J Acquir Immune Defic Syndr,2026,2026-Aug-01,eng,Journal Article,16,2,3,sti,Sexually-transmitted infections,sti,0,HIV Infections,HIV Infections,Treatment,1,0,1,"Hertz, Julian T","Manavalan, Preeti",,,Duke-NUS Medical School,Singapore|Tanzania|United States,Duke-NUS Medical School|Harvard University,sti_t1,"hiv, therapy, male, infections","hiv, therapy, male, infections, people, living, infection, agents",0.735159,0.81259,include,mechanical,INC-GEO-01,,pubmed,geo_sti_1|geo_sti_2|geo_sti_3|geo_sti_4,0
doi:10.1016/j.jconrel.2026.115136,42361911,,10.1016/j.jconrel.2026.115136,https://pubmed.ncbi.nlm.nih.gov/42361911/,Oligo(ethylene glycol)-functionalized polycarbonate lipid nanoparticles for mRNA delivery with attenuated PEG immunogenicity.,Journal of controlled release : official journal of the Controlled Release Society,J Control Release,2026,2026-06-26,eng,Journal Article,10,2,1,rti,Respiratory-tract infections,rti,0,COVID-19,COVID-19|COVID-19 Vaccines,Immunology|Vaccine,2,1,0,"Le, Dao Thi Hong","Yang, Yi Yan",Singapore,Singapore,"Agency for Science, Technology and Research|National University of Singapore",Singapore,"Agency for Science, Technology and Research|National University of Singapore",rti_t2,"sars-cov-2, responses, immune, vaccine","sars-cov-2, responses, immune, vaccine, vaccines, spike, humans, female",0.160342,0.704686,include,mechanical,INC-GEO-01,,pubmed,geo_rti_4,0
doi:10.1016/j.mimet.2026.107668,42575244,,10.1016/j.mimet.2026.107668,https://pubmed.ncbi.nlm.nih.gov/42575244/,Novel microplate sealing lid SLIM-V® for in vitro susceptibility testing of chemically characterized plant-derived volatile agents in vapour phase against pneumonia causing bacteria.,Journal of microbiological methods,J Microbiol Methods,2026,2026-08-10,eng,Journal Article,8,0,4,rti,Respiratory-tract infections,rti,0,Other/unspecified,,Basic research,1,0,1,"Houdkova, Marketa","Kokoska, Ladislav",Czechia,Czechia,,Austria|Czechia|Philippines|Singapore,,rti_t4,"acute, severe, respiratory, pneumonia","acute, severe, respiratory, pneumonia, admission, syndrome, median, failure",0.347365,0.392091,include,mechanical,INC-GEO-01,regional_participation,pubmed,geo_rti_3,0
doi:10.1128/jvi.00540-26,42627230,,10.1128/jvi.00540-26,https://pubmed.ncbi.nlm.nih.gov/42627230/,Novel Africanbat ACE2 sequences reveal the determinants of Afro-Eurasian sarbecovirus entry.,Journal of virology,J Virol,2026,2026-08-21,eng,Journal Article,12,1,3,rti,Respiratory-tract infections,rti,0,Other/unspecified,,Genomics|Surveillance and epidemiology,2,1,1,"Zhang, Yueying","Sato, Kei",Japan,Japan,Duke-NUS Medical School,Japan|Singapore|Zambia,Duke-NUS Medical School,rti_t2,"sars-cov-2, responses, immune, vaccine","sars-cov-2, responses, immune, vaccine, vaccines, spike, humans, female",0.044365,0.622763,include,mechanical,INC-GEO-01,,pubmed,geo_all_id_1|geo_rti_1|geo_rti_3,0
doi:10.1016/j.jinf.2026.106765,42184894,,10.1016/j.jinf.2026.106765,https://pubmed.ncbi.nlm.nih.gov/42184894/,"Nosocomial outbreaks with rare yeasts: Trends, characteristics and preventive measures.",The Journal of infection,J Infect,2026,2026-05-24,eng,Journal Article|Review,12,3,6,amr_hai,AMR and healthcare-associated infections,amr_hai,0,Other/unspecified,,Infection prevention and control|Outbreak management|Surveillance and epidemiology|Genomics,4,0,1,"Spruijtenburg, Bram","Meijer, Eelco F J",Netherlands,Netherlands,National Centre for Infectious Diseases|National University of Singapore|Tan Tock Seng Hospital,Australia|Germany|India|Netherlands|Singapore|United Kingdom,National Centre for Infectious Diseases|National University of Singapore|Tan Tock Seng Hospital,amr_hai_t1,"infection, hospital, included, prevention","infection, hospital, included, prevention, conducted, outcomes, january, interventions",0.827039,0.716827,include,mechanical,INC-GEO-01,regional_participation,pubmed,geo_amr_hai_2,0
doi:10.3389/fpubh.2026.1838184,42454303,PMC13367074,10.3389/fpubh.2026.1838184,https://pubmed.ncbi.nlm.nih.gov/42454303/,Next-generation sequencing and bioinformatics capacity: findings from a multi-country survey to guide the genomics costing tool 2.0.,Frontiers in public health,Front Public Health,2026,2026-06-25,eng,Journal Article,12,1,7,rti,Respiratory-tract infections,rti,0,SARS-CoV-2,SARS-CoV-2,Genomics|Surveillance and epidemiology,2,0,1,"Bolding, Ashley","Akande, Oluwatosin Wuraola",United States,Switzerland,,Denmark|Germany|Singapore|Switzerland|Türkiye|United Kingdom|United States,World Health Organization,rti_t4,"acute, severe, respiratory, pneumonia","acute, severe, respiratory, pneumonia, admission, syndrome, median, failure",0.486024,0.262149,include,mechanical,INC-GEO-01,regional_participation,pubmed,geo_rti_5,0
doi:10.1007/s13555-026-01809-8,42262459,PMC13493722,10.1007/s13555-026-01809-8,https://pubmed.ncbi.nlm.nih.gov/42262459/,New Tuberculosis Infection and Reactivation of Tuberculosis in Patients with Psoriasis or Psoriatic Arthritis Receiving IL-23 Inhibitors: A Systematic Literature Review.,Dermatology and therapy,Dermatol Ther (Heidelb),2026,2026-06-09,eng,Journal Article|Systematic Review,4,0,4,tb,Tuberculosis,tb,0,Other/unspecified,,,0,0,1,"Wang, Gang","Saeki, Hidehisa",China,Japan,,China|Japan|Republic of Korea|Singapore,,tb_t2,"diagnosis, diagnostic, conducted, systematic","diagnosis, diagnostic, conducted, systematic, included, characteristics, symptoms, age",0.49503,0.638039,include,mechanical,INC-GEO-01,regional_participation,pubmed,geo_tb_1|geo_tb_2,0
doi:10.1016/j.pedneo.2026.04.010,42660693,,10.1016/j.pedneo.2026.04.010,https://pubmed.ncbi.nlm.nih.gov/42660693/,Neurodevelopmental outcomes of infants exposed to maternal COVID-19 during pregnancy in Singapore.,Pediatrics and neonatology,Pediatr Neonatol,2026,2026-08-20,eng,Journal Article,6,5,1,rti,Respiratory-tract infections,rti,0,Other/unspecified,,Surveillance and epidemiology,1,1,0,"Tong, W Y","Yeo, K T",Singapore,Singapore,Duke-NUS Medical School|KK Women's and Children's Hospital|National University Hospital|National University of Singapore|Singapore General Hospital,Singapore,Duke-NUS Medical School|KK Women's and Children's Hospital|National University Hospital|National University of Singapore|Singapore General Hospital,rti_t1,"incidence, months, remained, maternal","incidence, months, remained, maternal, infants, retrospective, database, april",0.897479,0.549169,include,mechanical,INC-GEO-01,,pubmed,geo_all_id_1|geo_rti_1,0
doi:10.1371/journal.pntd.0014318,42189822,PMC13210298,10.1371/journal.pntd.0014318,https://pubmed.ncbi.nlm.nih.gov/42189822/,"Neglected rickettsial diseases in Southeast Asia: Twenty-five years of progress in surveillance, diagnostics, and clinical research.",PLoS neglected tropical diseases,PLoS Negl Trop Dis,2026,2026-05-26,eng,Journal Article|Review,11,3,3,vector_borne,Vector-borne diseases,vector_borne|amr_hai,1,Other/unspecified,,Surveillance and epidemiology|Genomics,2,0,1,"Blacksell, Stuart D","Day, Nicholas P J",Thailand,Thailand,National University of Singapore,Singapore|Thailand|United Kingdom,Mahidol University|National University of Singapore|University of Oxford,vector_borne_t2,"surveillance, including, diversity, health","surveillance, including, diversity, health, capacity, research, evidence, integrated",0.493067,0.762817,include,mechanical,INC-GEO-01,,pubmed,geo_vector_borne_2|geo_vector_borne_3|geo_vector_borne_4,0
doi:10.12968/jowc.2023.0112,41528794,,10.12968/jowc.2023.0112,https://pubmed.ncbi.nlm.nih.gov/41528794/,Negative pressure wound therapy in paediatric scoliosis surgery: a pilot study.,Journal of wound care,J Wound Care,2026,2026-Jan-02,eng,Journal Article,5,1,1,amr_hai,AMR and healthcare-associated infections,amr_hai,0,Surgical Wound Infection,Surgical Wound Infection,,0,1,0,"Ling, Stacy Ng Wei","Leong, Kevin Lim Boon",Singapore,Singapore,KK Women's and Children's Hospital,Singapore,KK Women's and Children's Hospital,amr_hai_t2,"agents, tests, activity, sensitivity","agents, tests, activity, sensitivity, antibacterial, anti-bacterial, animals, microbial",0.0,0.784456,include,mechanical,INC-GEO-01,,pubmed,geo_amr_hai_5,0
doi:10.1038/s41467-026-74032-w,42259813,PMC13402603,10.1038/s41467-026-74032-w,https://pubmed.ncbi.nlm.nih.gov/42259813/,Mycobacterium tuberculosis IDH-PPARγ interaction suppresses GPX4 to drive macrophage ferroptosis and sustain persistent infection.,Nature communications,Nat Commun,2026,2026-06-08,eng,Journal Article,28,1,3,tb,Tuberculosis,tb,0,Mycobacterium tuberculosis,Mycobacterium tuberculosis|Tuberculosis,,0,0,1,"Pu, Wenyuan","Huang, Zhiqiang",China,China,Duke-NUS Medical School,China|Singapore|Sweden,Duke-NUS Medical School,tb_t1,"antitubercular, drug, agents, multidrug-resistant","antitubercular, drug, agents, multidrug-resistant, treatment, rifampin, drugs, mycobacterium",0.991661,0.675107,include,mechanical,INC-GEO-01,,pubmed,geo_tb_2|geo_tb_3,0
doi:10.1021/acsinfecdis.6c00309,42480986,PMC13488445,10.1021/acsinfecdis.6c00309,https://pubmed.ncbi.nlm.nih.gov/42480986/,Multipronged Cell Wall-Targeting Converts Ineffective Antibiotics into a Potent Regimen against Mycobacterium abscessus.,ACS infectious diseases,ACS Infect Dis,2026,2026-Aug-14,eng,Journal Article,3,2,2,amr_hai,AMR and healthcare-associated infections,amr_hai|tb,1,Anti-Bacterial Agents,Anti-Bacterial Agents|Microbial Sensitivity Tests,,0,1,1,"Pee, Carmen J E","Pethe, Kevin",Singapore,Singapore,Nanyang Technological University,Singapore|United Kingdom,Nanyang Technological University|University of Oxford,amr_hai_t2,"agents, tests, activity, sensitivity","agents, tests, activity, sensitivity, antibacterial, anti-bacterial, animals, microbial",0.363847,0.304432,include,mechanical,INC-GEO-01,,pubmed,geo_amr_hai_1|geo_amr_hai_4|geo_tb_1,0
doi:10.1128/spectrum.03669-25,42148577,PMC13339962,10.1128/spectrum.03669-25,https://pubmed.ncbi.nlm.nih.gov/42148577/,"Multicenter evaluation of a single-device dengue antibody/antigen rapid test for simultaneous detection of NS1, IgM, and IgG.",Microbiology spectrum,Microbiol Spectr,2026,2026-05-18,eng,Journal Article|Multicenter Study|Evaluation Study,9,0,3,vector_borne,Vector-borne diseases,vector_borne,0,Dengue,Dengue|Dengue Virus|Viral Nonstructural Proteins,Detection|Outbreak management|Disease management|Immunology,4,1,1,"Zhao, Zhihai","Xu, Na",Singapore,Singapore,,Bangladesh|India|Singapore,,vector_borne_t6,"included, evaluation, rapid, settings","included, evaluation, rapid, settings, detection, southeast, positive, denv",0.321119,0.771524,include,mechanical,INC-GEO-01,,pubmed,geo_vector_borne_1|geo_vector_borne_2|geo_vector_borne_3|geo_vector_borne_4,0
doi:10.1038/s41541-026-01519-4,42399666,,10.1038/s41541-026-01519-4,https://pubmed.ncbi.nlm.nih.gov/42399666/,"Modeling time-varying efficacy of RTS,S/AS01 malaria vaccine across trial settings.",NPJ vaccines,NPJ Vaccines,2026,2026-07-03,eng,Journal Article,3,3,3,vector_borne,Vector-borne diseases,vector_borne,0,Other/unspecified,,Vaccine,1,1,1,"Zhao, Ziwei","Cheung, Yin Bun",Singapore,Finland,Duke-NUS Medical School|National University of Singapore,Finland|Singapore|United Kingdom,Duke-NUS Medical School|London School of Hygiene & Tropical Medicine|National University of Singapore,vector_borne_t6,"included, evaluation, rapid, settings","included, evaluation, rapid, settings, detection, southeast, positive, denv",0.740214,0.518657,include,mechanical,INC-GEO-01,,pubmed,geo_vector_borne_2,0
doi:10.1038/s41467-026-75524-5,42680742,PMC13534727,10.1038/s41467-026-75524-5,https://pubmed.ncbi.nlm.nih.gov/42680742/,Microbiome features associated with persistent intestinal carriages of Escherichia coli ST131 in a Southeast Asian cohort study.,Nature communications,Nat Commun,2026,2026-07-31,eng,Journal Article,15,6,3,amr_hai,AMR and healthcare-associated infections,amr_hai,0,Escherichia coli,Escherichia coli,Clinical studies|Infection prevention and control,2,1,1,"Low, Adrian","Mo, Yin",Singapore,Singapore,Genome Institute of Singapore|National University Health System|National University Hospital|National University of Singapore,Singapore|United Kingdom|Viet Nam,Genome Institute of Singapore|National University Health System|National University Hospital|National University of Singapore|Oxford University Clinical Research Unit|University of Oxford,amr_hai_t2,"agents, tests, activity, sensitivity","agents, tests, activity, sensitivity, antibacterial, anti-bacterial, animals, microbial",0.878969,0.440498,include,mechanical,INC-GEO-01,,pubmed,geo_all_id_1|geo_all_id_2|geo_amr_hai_1|geo_amr_hai_3,0
doi:10.1186/s12879-026-13489-y,42062945,PMC13289394,10.1186/s12879-026-13489-y,https://pubmed.ncbi.nlm.nih.gov/42062945/,Microbiology and clinical characteristics of brain abscess in adults from 3 tertiary hospitals in Singapore - a 11-year multicenter retrospective study.,BMC infectious diseases,BMC Infect Dis,2026,2026-04-30,eng,Journal Article|Multicenter Study,6,4,1,tb,Tuberculosis,tb,0,Other/unspecified,,,0,1,0,"Sng, Edwin Chong Yu","Chan, Candice Yuen Yue",Singapore,Singapore,Changi General Hospital|Duke-NUS Medical School|Sengkang General Hospital|Singapore General Hospital,Singapore,Changi General Hospital|Duke-NUS Medical School|Sengkang General Hospital|Singapore General Hospital,tb_t2,"diagnosis, diagnostic, conducted, systematic","diagnosis, diagnostic, conducted, systematic, included, characteristics, symptoms, age",0.339974,0.310716,include,mechanical,INC-GEO-01,,pubmed,geo_sti_1|geo_tb_2,0
doi:10.1016/j.biomaterials.2026.124421,42398423,,10.1016/j.biomaterials.2026.124421,https://pubmed.ncbi.nlm.nih.gov/42398423/,Mg-integrated octopus-inspired hydrogel dressing enables autonomous adhesion and wound closure for enhanced healing via sequential microenvironment regulation.,Biomaterials,Biomaterials,2026,2026-06-30,eng,Journal Article,13,1,2,amr_hai,AMR and healthcare-associated infections,amr_hai,0,Anti-Bacterial Agents,Anti-Bacterial Agents,Disease management,1,1,1,"Wang, Xianli","Li, Jun",China,Singapore,National University of Singapore,China|Singapore,National University of Singapore,amr_hai_t2,"agents, tests, activity, sensitivity","agents, tests, activity, sensitivity, antibacterial, anti-bacterial, animals, microbial",0.140568,0.335162,include,mechanical,INC-GEO-01,,pubmed,geo_amr_hai_4,0
doi:10.1007/s00604-026-08340-9,42631732,,10.1007/s00604-026-08340-9,https://pubmed.ncbi.nlm.nih.gov/42631732/,Methylene blue-modified hexagonal boron nitride nanostructured immunosensor for early detection of HPV16 E6 oncoprotein.,Mikrochimica acta,Mikrochim Acta,2026,2026-08-22,eng,Journal Article,6,1,2,sti,Sexually-transmitted infections,sti,0,Other/unspecified,,Detection,1,0,1,"Kotal, Hiranmoy","Jana, Saikat Kumar",India,India,Nanyang Technological University,India|Singapore,Nanyang Technological University,sti_t2,"vaccines, health, program, national","vaccines, health, program, national, papillomavirus, vaccination, human, per",0.479265,0.0,include,mechanical,INC-GEO-01,,pubmed,geo_sti_1,0
doi:10.1186/s12909-026-09775-7,42482208,,10.1186/s12909-026-09775-7,https://pubmed.ncbi.nlm.nih.gov/42482208/,"Medical students' perspectives on climate change, climate-health education, and professional identity: a qualitative study.",BMC medical education,BMC Med Educ,2026,2026-07-21,eng,Journal Article,5,3,2,vector_borne,Vector-borne diseases,vector_borne,0,Other/unspecified,,,0,1,1,"Loh, Martin Wei-Pin","Griva, Konstadina",Singapore,Singapore,Nanyang Technological University|National University of Singapore,China|Singapore,Nanyang Technological University|National University of Singapore|University of Hong Kong,vector_borne_t1,"infection, fever, although, male","infection, fever, although, male, aged, adult, yellow, zikv",0.493212,0.157473,include,mechanical,INC-GEO-01,,pubmed,geo_vector_borne_3,0
doi:10.1186/s13073-026-01655-5,41998770,PMC13214156,10.1186/s13073-026-01655-5,https://pubmed.ncbi.nlm.nih.gov/41998770/,Maternal-prenatal gut microbiome-systemic metabolome perturbations and T2-skewed immunity link to offspring gut microbiome disruption and atopic dermatitis susceptibility.,Genome medicine,Genome Med,2026,2026-04-17,eng,"Journal Article|Research Support, Non-U.S. Gov't",31,6,5,amr_hai,AMR and healthcare-associated infections,amr_hai,0,Other/unspecified,,Clinical studies,1,1,1,"Ng, Daniel Zhi Wei","Ta, Le Duc Huy",Singapore,Singapore,"Agency for Science, Technology and Research|KK Women's and Children's Hospital|Nanyang Technological University|National University Health System|National University Hospital|National University of Singapore",Finland|Ireland|Netherlands|Singapore|United Kingdom,"Agency for Science, Technology and Research|KK Women's and Children's Hospital|Nanyang Technological University|National University Health System|National University Hospital|National University of Singapore",amr_hai_t2,"agents, tests, activity, sensitivity","agents, tests, activity, sensitivity, antibacterial, anti-bacterial, animals, microbial",0.887136,0.374425,include,mechanical,INC-GEO-01,,pubmed,geo_amr_hai_2,0
doi:10.1093/jpids/piag032,41983586,PMC13219736,10.1093/jpids/piag032,https://pubmed.ncbi.nlm.nih.gov/41983586/,Lungs Are Only Half the Story: Programmatic Shifts to Prioritize Pediatric Extrapulmonary Tuberculosis Detection in High-Burden Settings.,Journal of the Pediatric Infectious Diseases Society,J Pediatric Infect Dis Soc,2026,2026-May-20,eng,Journal Article,6,0,3,tb,Tuberculosis,tb,0,Other/unspecified,,Surveillance and epidemiology,1,1,1,"Brooks, Meredith B","Malik, Amyn A",United States,Singapore,,Bangladesh|Singapore|United States,,tb_t2,"diagnosis, diagnostic, conducted, systematic","diagnosis, diagnostic, conducted, systematic, included, characteristics, symptoms, age",0.353411,0.977401,include,mechanical,INC-GEO-01,,pubmed,geo_tb_1,0
doi:10.64898/2026.05.07.723652,42182111,PMC13192789,10.64898/2026.05.07.723652,https://pubmed.ncbi.nlm.nih.gov/42182111/,Loss of 7-Dehydrocholesterol Reductase mediated cholesterol biosynthesis activates IRF3 and inhibits control ofinfection.,bioRxiv : the preprint server for biology,bioRxiv,2026,2026-05-12,eng,Journal Article|Preprint,5,3,2,other_id,Other infectious disease,other_id,0,Other/unspecified,,Immunology,1,1,1,"Sui, Xiangyu","Oehlers, Stefan H",Singapore,Singapore,A*STAR Infectious Diseases Labs|Nanyang Technological University|National University of Singapore,Singapore|United States,A*STAR Infectious Diseases Labs|Nanyang Technological University|National University of Singapore,other_id_t1,"cell, cells, vitro, reduced","cell, cells, vitro, reduced, promising, infection, demonstrate, therapeutic",0.284036,1.0,include,agent,INC-TOP-01,,pubmed,geo_tb_2,0
doi:10.1038/s41467-026-76156-5,42669720,PMC13527130,10.1038/s41467-026-76156-5,https://pubmed.ncbi.nlm.nih.gov/42669720/,Longitudinal analysis reveals myeloid cell contributions to murine neuroPASC pathogenesis.,Nature communications,Nat Commun,2026,2026-07-30,eng,"Journal Article|Research Support, N.I.H., Extramural",11,1,3,rti,Respiratory-tract infections,rti,0,COVID-19,COVID-19,,0,0,1,"Tan, Lu","Perlman, Stanley",United States,United States,Singapore Immunology Network,China|Singapore|United States,Singapore Immunology Network,rti_t4,"acute, severe, respiratory, pneumonia","acute, severe, respiratory, pneumonia, admission, syndrome, median, failure",0.213371,0.884156,include,mechanical,INC-GEO-01,,pubmed,geo_all_id_1|geo_all_id_2|geo_rti_1|geo_rti_3|geo_rti_4|geo_rti_5,0
doi:10.1038/s41467-026-74526-7,42303613,PMC13522585,10.1038/s41467-026-74526-7,https://pubmed.ncbi.nlm.nih.gov/42303613/,Longitudinal analysis of influenza A virus deletion-containing viral genomes reveals key determinants of co-evolutionary dynamics and interference.,Nature communications,Nat Commun,2026,2026-06-16,eng,Journal Article,10,4,2,rti,Respiratory-tract infections,rti,0,Virus Replication,Virus Replication,Genomics|Virology,2,1,1,"Alnaji, Fadi G","Brooke, Christopher B",Singapore,United States,"Agency for Science, Technology and Research|Bioinformatics Institute|Nanyang Technological University|National University of Singapore",Singapore|United States,"Agency for Science, Technology and Research|Bioinformatics Institute|Nanyang Technological University|National University of Singapore",rti_t6,"viral, protein, animals, virus","viral, protein, animals, virus, replication, genetic, potential, infections",0.121977,0.545432,include,mechanical,INC-GEO-01,,pubmed,geo_rti_2,0
doi:10.1016/j.bj.2026.101033,42595088,,10.1016/j.bj.2026.101033,https://pubmed.ncbi.nlm.nih.gov/42595088/,Longitudinal Changes in Clonal Distribution and Fluoroquinolone Resistance of Ocular MRSA.,Biomedical journal,Biomed J,2026,2026-08-13,eng,Journal Article,8,1,2,amr_hai,AMR and healthcare-associated infections,amr_hai,0,Other/unspecified,,Surveillance and epidemiology,1,0,1,"Hsiao, Ching-Hsi","Huang, Yhu-Chering",Taiwan,Taiwan,Sengkang General Hospital,Singapore|Taiwan,Sengkang General Hospital,amr_hai_t2,"agents, tests, activity, sensitivity","agents, tests, activity, sensitivity, antibacterial, anti-bacterial, animals, microbial",0.573448,0.38197,include,mechanical,INC-GEO-01,,pubmed,geo_amr_hai_3,0
doi:10.1016/j.vaccine.2026.128513,41905061,,10.1016/j.vaccine.2026.128513,https://pubmed.ncbi.nlm.nih.gov/41905061/,Long-term impacts of HPV vaccination strategies on HPV related Cancer burden among Singaporean female population: A prospective simulation using proportional multistate lifetables.,Vaccine,Vaccine,2026,2026-03-28,eng,Journal Article,3,1,2,sti,Sexually-transmitted infections,sti,0,Papillomavirus Infections,Papillomavirus Infections|Human Papillomavirus Viruses|Uterine Cervical Neoplasms,Vaccine|Surveillance and epidemiology|Modelling,3,1,1,"Cooray, Upul","Peres, Marco A",Australia,Singapore,Duke-NUS Medical School,Australia|Singapore,Duke-NUS Medical School,sti_t2,"vaccines, health, program, national","vaccines, health, program, national, papillomavirus, vaccination, human, per",0.269965,0.224012,include,mechanical,INC-GEO-01,,pubmed,geo_sti_3|geo_sti_4,0
doi:10.1039/d6tb01365a,42506966,,10.1039/d6tb01365a,https://pubmed.ncbi.nlm.nih.gov/42506966/,Long-lasting antimicrobial surface coating.,Journal of materials chemistry. B,J Mater Chem B,2026,2026-08-05,eng,Journal Article,5,2,1,amr_hai,AMR and healthcare-associated infections,amr_hai,0,Anti-Bacterial Agents,Anti-Bacterial Agents|Microbial Sensitivity Tests,,0,1,0,"Wang, Jinquan","Zhang, Yugen",Singapore,Singapore,"Agency for Science, Technology and Research|Experimental Drug Development Centre",Singapore,"Agency for Science, Technology and Research|Experimental Drug Development Centre",amr_hai_t2,"agents, tests, activity, sensitivity","agents, tests, activity, sensitivity, antibacterial, anti-bacterial, animals, microbial",0.03771,0.300786,include,mechanical,INC-GEO-01,,pubmed,geo_amr_hai_4,0
doi:10.1016/j.ijbiomac.2026.153475,42431492,,10.1016/j.ijbiomac.2026.153475,https://pubmed.ncbi.nlm.nih.gov/42431492/,Lignin-reinforced film of curcumin-conjugated chitosan as photodynamically active antibacterial food packaging.,International journal of biological macromolecules,Int J Biol Macromol,2026,2026-07-10,eng,Journal Article,3,1,1,amr_hai,AMR and healthcare-associated infections,amr_hai,0,Anti-Bacterial Agents,Anti-Bacterial Agents|Escherichia coli,,0,1,0,"Vu, Trung Thang","Hadinoto, Kunn",Singapore,Singapore,Nanyang Technological University,Singapore,Nanyang Technological University,amr_hai_t2,"agents, tests, activity, sensitivity","agents, tests, activity, sensitivity, antibacterial, anti-bacterial, animals, microbial",0.519287,0.121338,include,mechanical,INC-GEO-01,,pubmed,geo_amr_hai_4,0
doi:10.1177/10872914261423775,41761618,,10.1177/10872914261423775,https://pubmed.ncbi.nlm.nih.gov/41761618/,Is Cognitive Care the Next Blind Spot in HIV Clinical Practice? Exploring the Facilitators and Barriers to Integrating Cognitive Care into Routine HIV Care in Malaysia: A Mixed Method Study.,AIDS patient care and STDs,AIDS Patient Care STDS,2026,2026-02-27,eng,Journal Article,14,2,4,sti,Sexually-transmitted infections,sti,0,HIV Infections,HIV Infections|Qualitative Research|Interviews as Topic,,0,0,1,"Hasmukharay, Kejal","Rajasuriar, Reena",Malaysia,Malaysia,National University of Singapore,Malaysia|Singapore|Thailand|United States,National University of Singapore|University of Malaya,sti_t1,"hiv, therapy, male, infections","hiv, therapy, male, infections, people, living, infection, agents",0.605539,0.689099,include,mechanical,INC-GEO-01,regional_participation,pubmed,geo_sti_2|geo_sti_3|geo_sti_4,0
doi:10.1016/j.ijid.2026.109062,42641940,,10.1016/j.ijid.2026.109062,https://pubmed.ncbi.nlm.nih.gov/42641940/,Investigating the effectiveness of multimodal data in forecasting SARS-COV-2 case surges.,International journal of infectious diseases : IJID : official publication of the International Society for Infectious Diseases,Int J Infect Dis,2026,2026-08-25,eng,Journal Article,7,3,3,rti,Respiratory-tract infections,rti,0,Other/unspecified,,Surveillance and epidemiology,1,1,1,"Raghuvamsi, Palur Venkata","Maurer-Stroh, Sebastian",Singapore,Singapore,"Agency for Science, Technology and Research|Bioinformatics Institute|National University of Singapore",Netherlands|New Zealand|Singapore,"Agency for Science, Technology and Research|Bioinformatics Institute|National University of Singapore",rti_t5,"social, health, public, key","social, health, public, key, policy, diverse, based, framework",0.390611,0.262941,include,mechanical,INC-GEO-01,,pubmed,geo_rti_1|geo_rti_3,0
doi:10.1016/j.mmcr.2026.100815,42604071,PMC13476714,10.1016/j.mmcr.2026.100815,https://pubmed.ncbi.nlm.nih.gov/42604071/,Invasive pulmonary aspergillosis following mild Covid-19 in an autologous hematopoietic stem cell transplant recipient: A case report.,Medical mycology case reports,Med Mycol Case Rep,2026,2026-08-03,eng,Case Reports|Journal Article,4,2,1,rti,Respiratory-tract infections,rti,0,Other/unspecified,,Case study,1,1,0,"Madhukumar, Lekshmi","Wong, Hei Man",Singapore,Singapore,SingHealth|Singapore General Hospital,Singapore,SingHealth|Singapore General Hospital,rti_t4,"acute, severe, respiratory, pneumonia","acute, severe, respiratory, pneumonia, admission, syndrome, median, failure",0.520443,0.834232,include,mechanical,INC-GEO-01,,pubmed,geo_rti_1|geo_rti_3,0
doi:10.1111/jcmm.71143,42087359,PMC13143871,10.1111/jcmm.71143,https://pubmed.ncbi.nlm.nih.gov/42087359/,Integrating Flow Cytometry in the Diagnostic Work of HIV-Associated Hodgkin's Lymphomas.,Journal of cellular and molecular medicine,J Cell Mol Med,2026,2026-May-01,eng,Journal Article|Case Reports|Review,24,2,6,sti,Sexually-transmitted infections,sti,0,HIV Infections,HIV Infections,,0,0,1,"Santa, Maria","Tomuleasa, Ciprian",Romania,Romania,SingHealth,Botswana|Romania|Rwanda|Singapore|Spain|United States,Harvard University|SingHealth,sti_t1,"hiv, therapy, male, infections","hiv, therapy, male, infections, people, living, infection, agents",0.787777,0.41088,include,mechanical,INC-GEO-01,regional_participation,pubmed,geo_sti_1|geo_sti_3|geo_sti_4,0
doi:10.1007/s00210-026-05627-9,42347876,,10.1007/s00210-026-05627-9,https://pubmed.ncbi.nlm.nih.gov/42347876/,Integrated phenotypic-genotypic characterization of antimicrobial resistance in uropathogens: implications for targeted therapy in a North Indian cohort.,Naunyn-Schmiedeberg's archives of pharmacology,Naunyn Schmiedebergs Arch Pharmacol,2026,2026-06-25,eng,Journal Article,6,1,2,amr_hai,AMR and healthcare-associated infections,amr_hai,0,Other/unspecified,,Genomics|Treatment,2,0,1,"Mir, Tanveer Ahmad","Ganai, Bashir Ahmad",India,India,Nanyang Technological University,India|Singapore,Nanyang Technological University,amr_hai_t2,"agents, tests, activity, sensitivity","agents, tests, activity, sensitivity, antibacterial, anti-bacterial, animals, microbial",0.721476,0.336956,include,mechanical,INC-GEO-01,,pubmed,geo_amr_hai_2|geo_amr_hai_3,0
doi:10.1016/j.ijbiomac.2026.153190,42336007,,10.1016/j.ijbiomac.2026.153190,https://pubmed.ncbi.nlm.nih.gov/42336007/,Injectable vancomycin-conjugated polysaccharide-protein hydrogel for targeted antibacterial therapy in musculoskeletal infections.,International journal of biological macromolecules,Int J Biol Macromol,2026,2026-06-23,eng,Journal Article,9,1,2,amr_hai,AMR and healthcare-associated infections,amr_hai,0,Anti-Bacterial Agents,Anti-Bacterial Agents|Methicillin-Resistant Staphylococcus aureus,Infection prevention and control,1,0,1,"Huang, Yu-Min","Wong, Chin-Chean",Taiwan,Taiwan,Woodlands Health,Singapore|Taiwan,Woodlands Health,amr_hai_t2,"agents, tests, activity, sensitivity","agents, tests, activity, sensitivity, antibacterial, anti-bacterial, animals, microbial",0.253792,0.331605,include,mechanical,INC-GEO-01,,pubmed,geo_amr_hai_3|geo_amr_hai_4|geo_amr_hai_5,0
doi:10.1128/aac.01561-25,42363832,PMC13435738,10.1128/aac.01561-25,https://pubmed.ncbi.nlm.nih.gov/42363832/,Inhibition of PfCLK3 interferes with malaria parasite RNA splicing and explains the mechanism of action of a new class of antimalarial candidates.,Antimicrobial agents and chemotherapy,Antimicrob Agents Chemother,2026,2026-06-22,eng,Journal Article,9,1,2,vector_borne,Vector-borne diseases,vector_borne,0,Other/unspecified,,,0,0,1,"Janha, Omar","Modrzynska, Katarzyna",United Kingdom,United Kingdom,Nanyang Technological University,Singapore|United Kingdom,Nanyang Technological University,vector_borne_t3,"malaria, plasmodium, cell, cells","malaria, plasmodium, cell, cells, responsible, parasite, erythrocytes, binding",0.124755,0.534952,include,mechanical,INC-GEO-01,,pubmed,geo_vector_borne_2|geo_vector_borne_4,0
doi:10.1016/j.ebiom.2026.106290,42107906,PMC13187534,10.1016/j.ebiom.2026.106290,https://pubmed.ncbi.nlm.nih.gov/42107906/,Influence of obesity on susceptibility to systemic symptoms and host responses to orthoflaviviral infection: a prospective observational study using yellow fever vaccine to simulate acute infection.,EBioMedicine,EBioMedicine,2026,2026-05-09,eng,Journal Article|Observational Study,15,4,1,vector_borne,Vector-borne diseases,vector_borne,0,Other/unspecified,,Vaccine,1,1,0,"Syenina, Ayesa","Ooi, Eng Eong",Singapore,Singapore,Duke-NUS Medical School|National University of Singapore|SingHealth|Singapore General Hospital,Singapore,Duke-NUS Medical School|National University of Singapore|SingHealth|Singapore General Hospital,vector_borne_t1,"infection, fever, although, male","infection, fever, although, male, aged, adult, yellow, zikv",0.547488,0.502547,include,mechanical,INC-GEO-01,,pubmed,geo_vector_borne_3|geo_vector_borne_4,0
doi:10.1016/j.eclinm.2026.104163,42699010,PMC13543797,10.1016/j.eclinm.2026.104163,https://pubmed.ncbi.nlm.nih.gov/42699010/,Infection-triggered encephalopathy syndromes: a meta-analysis of clinical characteristics and outcomes in 1946 cases.,EClinicalMedicine,EClinicalMedicine,2026,2026-08-26,eng,Journal Article,15,3,8,rti,Respiratory-tract infections,rti,0,Other/unspecified,,,0,0,1,"Eyre, Michael","Dale, Russell C",United Kingdom,Australia,KK Women's and Children's Hospital|National University Health System|National University of Singapore,Australia|China|Italy|Japan|Malaysia|New Zealand|Singapore|United Kingdom,KK Women's and Children's Hospital|National University Health System|National University of Singapore,rti_t4,"acute, severe, respiratory, pneumonia","acute, severe, respiratory, pneumonia, admission, syndrome, median, failure",0.815914,0.792317,include,mechanical,INC-GEO-01,regional_participation,pubmed,geo_all_id_2|geo_rti_2|geo_rti_3,0
doi:10.1002/jmv.70892,41891492,,10.1002/jmv.70892,https://pubmed.ncbi.nlm.nih.gov/41891492/,Infection With Human T-Lymphotropic Virus 1 (HTLV-1) in Ivory Coast.,Journal of medical virology,J Med Virol,2026,2026-Apr-01,eng,Journal Article,6,0,3,sti,Sexually-transmitted infections,sti,0,HIV Infections,HIV Infections,Genomics,1,0,1,"Konan, Bérenger","Soriano, Vicente",Côte d'Ivoire,Spain,,Côte d'Ivoire|Singapore|Spain,,sti_t1,"hiv, therapy, male, infections","hiv, therapy, male, infections, people, living, infection, agents",0.694125,0.456088,include,mechanical,INC-GEO-01,,pubmed,geo_sti_3|geo_sti_4,0
doi:10.1097/bot.0000000000003199,42048060,,10.1097/bot.0000000000003199,https://pubmed.ncbi.nlm.nih.gov/42048060/,Infection Rate by Gustilo-Anderson Classification in Open Tibial Shaft Fractures Treated With an Intramedullary Nail-A Meta-Analysis.,Journal of orthopaedic trauma,J Orthop Trauma,2026,2026-Sep-01,eng,Journal Article|Meta-Analysis|Systematic Review,13,2,2,amr_hai,AMR and healthcare-associated infections,amr_hai,0,Surgical Wound Infection,Surgical Wound Infection,,0,0,1,"Schermerhorn, Janse T","O'Toole, Robert V",,,Duke-NUS Medical School,Singapore|United States,Duke-NUS Medical School|Johns Hopkins University,amr_hai_t1,"infection, hospital, included, prevention","infection, hospital, included, prevention, conducted, outcomes, january, interventions",0.282514,1.0,include,mechanical,INC-GEO-01,,pubmed,geo_amr_hai_5,0
doi:10.47102/annals-acadmedsg.2025321,41773819,,10.47102/annals-acadmedsg.2025321,https://pubmed.ncbi.nlm.nih.gov/41773819/,Incidence and risk factors for tuberculosis in patients with chronic kidney disease in Singapore.,"Annals of the Academy of Medicine, Singapore",Ann Acad Med Singap,2026,2026-02-04,eng,Journal Article,6,3,1,tb,Tuberculosis,tb,0,Tuberculosis,"Tuberculosis|Tuberculosis, Pulmonary",Surveillance and epidemiology,1,1,0,"Metussin, Dhiya","Ng, Deborah Hee Ling",Singapore,Singapore,Communicable Diseases Agency|National Centre for Infectious Diseases|Tan Tock Seng Hospital,Singapore,Communicable Diseases Agency|National Centre for Infectious Diseases|Tan Tock Seng Hospital,tb_t2,"diagnosis, diagnostic, conducted, systematic","diagnosis, diagnostic, conducted, systematic, included, characteristics, symptoms, age",0.353387,0.465865,include,mechanical,INC-GEO-01,,pubmed,geo_tb_4,0
doi:10.1017/ash.2025.10149,41625130,PMC12854876,10.1017/ash.2025.10149,https://pubmed.ncbi.nlm.nih.gov/41625130/,Incidence and risk factors for hospital-attributable central line-associated bloodstream infections in adult inpatients in a tertiary hospital.,Antimicrobial stewardship & healthcare epidemiology : ASHE,Antimicrob Steward Healthc Epidemiol,2026,2026-01-29,eng,Journal Article,12,1,1,amr_hai,AMR and healthcare-associated infections,amr_hai,0,Other/unspecified,,Surveillance and epidemiology|Clinical studies|Infection prevention and control,3,1,0,"Arora, Shalvi","Ling, Moi Lin",Singapore,Singapore,Singapore General Hospital,Singapore,Singapore General Hospital,amr_hai_t1,"infection, hospital, included, prevention","infection, hospital, included, prevention, conducted, outcomes, january, interventions",0.446608,0.931743,include,mechanical,INC-GEO-01,,pubmed,geo_amr_hai_2,0
doi:10.3390/pathogens15040437,42075764,PMC13118952,10.3390/pathogens15040437,https://pubmed.ncbi.nlm.nih.gov/42075764/,Imported Pediatric Lyme Disease in Singapore-A Case Series.,"Pathogens (Basel, Switzerland)",Pathogens,2026,2026-04-17,eng,Case Reports|Journal Article,6,3,1,vector_borne,Vector-borne diseases,vector_borne|amr_hai,1,Other/unspecified,,Case study|Treatment,2,1,0,"Tan, Ade Xin Ning","Tan, Natalie Woon Hui",Singapore,Singapore,KK Women's and Children's Hospital|Nanyang Technological University|National University of Singapore,Singapore,KK Women's and Children's Hospital|Nanyang Technological University|National University of Singapore,vector_borne_t1,"infection, fever, although, male","infection, fever, although, male, aged, adult, yellow, zikv",0.56597,0.853578,include,mechanical,INC-GEO-01,,pubmed,geo_vector_borne_2|geo_vector_borne_3|geo_vector_borne_4,0
doi:10.1128/spectrum.01571-26,42560075,PMC13532349,10.1128/spectrum.01571-26,https://pubmed.ncbi.nlm.nih.gov/42560075/,Implementation of multiplex PCR-based blood culture identification among hospitalized pediatric patients at a tertiary care center.,Microbiology spectrum,Microbiol Spectr,2026,2026-08-06,eng,Journal Article,6,0,2,amr_hai,AMR and healthcare-associated infections,amr_hai,0,Anti-Bacterial Agents,Anti-Bacterial Agents|Bacteremia|Bacteria,Clinical studies|Detection|Disease management,3,0,1,"Sripol, Pongsatorn","Anugulruengkitt, Suvaporn",Thailand,Thailand,,Singapore|Thailand,,amr_hai_t1,"infection, hospital, included, prevention","infection, hospital, included, prevention, conducted, outcomes, january, interventions",0.319178,0.680418,include,mechanical,INC-GEO-01,,pubmed,geo_amr_hai_1|geo_amr_hai_4,0
doi:10.1016/j.jhin.2026.08.011,42648544,,10.1016/j.jhin.2026.08.011,https://pubmed.ncbi.nlm.nih.gov/42648544/,Impact of whole genome sequencing on infection prevention practice and patient outcomes in carbapenemase-producing Enterobacterales outbreaks: a scoping review.,The Journal of hospital infection,J Hosp Infect,2026,2026-08-26,eng,Journal Article|Review,4,1,1,amr_hai,AMR and healthcare-associated infections,amr_hai,0,Other/unspecified,,Genomics|Infection prevention and control,2,1,0,"Sun, Louisa","Ann, Kua Jo",Singapore,Singapore,National University Health System,Singapore,National University Health System,amr_hai_t1,"infection, hospital, included, prevention","infection, hospital, included, prevention, conducted, outcomes, january, interventions",0.822031,0.794363,include,mechanical,INC-GEO-01,,pubmed,geo_all_id_1|geo_amr_hai_1|geo_amr_hai_3,0
doi:10.4103/singaporemedj.smj-2025-222,42599209,,10.4103/singaporemedj.smj-2025-222,https://pubmed.ncbi.nlm.nih.gov/42599209/,Impact of value-driven care initiatives on clinical quality indicators in children admitted with community-acquired pneumonia in Singapore.,Singapore medical journal,Singapore Med J,2026,2026-08-14,eng,Journal Article,16,3,1,rti,Respiratory-tract infections,rti,0,Other/unspecified,,,0,1,0,"Thomas, Biju","Chong, Chia Yin",Singapore,Singapore,KK Women's and Children's Hospital|Nanyang Technological University|National University of Singapore,Singapore,KK Women's and Children's Hospital|Nanyang Technological University|National University of Singapore,rti_t4,"acute, severe, respiratory, pneumonia","acute, severe, respiratory, pneumonia, admission, syndrome, median, failure",0.876813,0.699795,include,mechanical,INC-GEO-01,,pubmed,geo_rti_1|geo_rti_2|geo_rti_3,0
doi:10.1126/sciimmunol.adz5647,41860992,,10.1126/sciimmunol.adz5647,https://pubmed.ncbi.nlm.nih.gov/41860992/,Immune mechanisms of congenital Zika syndrome.,Science immunology,Sci Immunol,2026,2026-03-20,eng,Journal Article|Review,2,2,2,vector_borne,Vector-borne diseases,vector_borne,0,Zika Virus,Zika Virus|Zika Virus Infection,,0,1,1,"Rathore, Abhay P S","St John, Ashley L",Singapore,Singapore,National University of Singapore|SingHealth,Singapore|United States,National University of Singapore|SingHealth,vector_borne_t5,"leading, implications, vector-borne, mortality","leading, implications, vector-borne, mortality, region, spaces, space, sequence",0.323113,0.451378,include,mechanical,INC-GEO-01,,pubmed,geo_vector_borne_5,0
doi:10.1371/journal.pgph.0006971,42616726,PMC13489430,10.1371/journal.pgph.0006971,https://pubmed.ncbi.nlm.nih.gov/42616726/,Identifying pediatric extrapulmonary tuberculosis through an active screening program: Findings and programmatic implications from Bangladesh.,PLOS global public health,PLOS Glob Public Health,2026,2026-08-19,eng,Journal Article,12,0,4,tb,Tuberculosis,tb,0,Other/unspecified,,,0,0,1,"Sosa Soto, Giordano","Brooks, Meredith B",United States,United States,,Bangladesh|Singapore|Switzerland|United States,,tb_t2,"diagnosis, diagnostic, conducted, systematic","diagnosis, diagnostic, conducted, systematic, included, characteristics, symptoms, age",0.279311,0.935334,include,mechanical,INC-GEO-01,regional_participation,pubmed,geo_tb_1|geo_tb_2,0
doi:10.1093/jimmun/vkag189,42566685,,10.1093/jimmun/vkag189,https://pubmed.ncbi.nlm.nih.gov/42566685/,Identifying molecular signatures underpinning treatment responses to novel therapeutics influencing COVID-19 outcomes.,"Journal of immunology (Baltimore, Md. : 1950)",J Immunol,2026,2026-Aug-04,eng,Journal Article,14,2,2,rti,Respiratory-tract infections,rti,0,COVID-19,COVID-19|SARS-CoV-2|Antiviral Agents|B-Lymphocytes,Treatment|Basic research,2,0,1,"Ackland, Jodie",,United Kingdom,,"Agency for Science, Technology and Research",Singapore|United Kingdom,"Agency for Science, Technology and Research|University of Oxford",rti_t4,"acute, severe, respiratory, pneumonia","acute, severe, respiratory, pneumonia, admission, syndrome, median, failure",0.251541,0.669729,include,mechanical,INC-GEO-01,,pubmed,geo_rti_1|geo_rti_4|geo_rti_5,0
doi:10.3390/antibiotics15070671,42505634,PMC13403971,10.3390/antibiotics15070671,https://pubmed.ncbi.nlm.nih.gov/42505634/,Identifying Distinct Antibiotic Behavioural Profiles in Singapore's General Population: A Latent Class Analysis.,"Antibiotics (Basel, Switzerland)",Antibiotics (Basel),2026,2026-07-09,eng,Journal Article,2,3,1,amr_hai,AMR and healthcare-associated infections,amr_hai,0,Other/unspecified,,,0,1,0,"Guo, Huiling","Chow, Angela",Singapore,Singapore,Nanyang Technological University|National University of Singapore|Tan Tock Seng Hospital,Singapore,Nanyang Technological University|National University of Singapore|Tan Tock Seng Hospital,amr_hai_t1,"infection, hospital, included, prevention","infection, hospital, included, prevention, conducted, outcomes, january, interventions",0.464168,0.631309,include,mechanical,INC-GEO-01,,pubmed,geo_amr_hai_1|geo_rti_3,0
doi:10.1080/21505594.2026.2711530,42661346,PMC13531942,10.1080/21505594.2026.2711530,https://pubmed.ncbi.nlm.nih.gov/42661346/,IGFBP7 induces phenotypic shift from platelet-mediated autoagglutination to rosetting of-infected erythrocytes.,Virulence,Virulence,2026,2026-08-27,eng,Journal Article,3,3,2,vector_borne,Vector-borne diseases,vector_borne,0,Other/unspecified,,,0,1,1,"Chin, Joo-Yie","Lee, Wenn-Chyau",Malaysia,Malaysia,A*STAR Infectious Diseases Labs|Nanyang Technological University,Malaysia|Singapore,A*STAR Infectious Diseases Labs|Nanyang Technological University|University of Malaya,vector_borne_t3,"malaria, plasmodium, cell, cells","malaria, plasmodium, cell, cells, responsible, parasite, erythrocytes, binding",0.193633,0.920964,include,mechanical,INC-GEO-01,,pubmed,geo_all_id_1|geo_vector_borne_1|geo_vector_borne_2|geo_vector_borne_4,0
doi:10.1001/jamadermatol.2026.0308,41920535,PMC13044791,10.1001/jamadermatol.2026.0308,https://pubmed.ncbi.nlm.nih.gov/41920535/,Human Papillomavirus Diversity in Asian Individuals With Cutaneous Squamous Cell Carcinoma.,JAMA dermatology,JAMA Dermatol,2026,2026-May-01,eng,Journal Article|Multicenter Study,12,5,1,sti,Sexually-transmitted infections,sti,0,Papillomavirus Infections,Papillomavirus Infections|Human Papillomavirus Viruses|Viral Load,Virology|Clinical studies|Genomics|Surveillance and epidemiology,4,1,0,"Oh, Choon Chiat","Ooi, Eng Eong",Singapore,Singapore,Duke-NUS Medical School|National Cancer Centre Singapore|National Skin Centre|National University Hospital|Singapore General Hospital,Singapore,Duke-NUS Medical School|National Cancer Centre Singapore|National Skin Centre|National University Hospital|Singapore General Hospital,sti_t1,"hiv, therapy, male, infections","hiv, therapy, male, infections, people, living, infection, agents",0.425647,0.193556,include,mechanical,INC-GEO-01,,pubmed,geo_sti_1|geo_sti_3|geo_sti_4,0
doi:10.1038/s44528-026-00009-2,42494828,PMC13391366,10.1038/s44528-026-00009-2,https://pubmed.ncbi.nlm.nih.gov/42494828/,How understanding the diversity of perspectives and systems in governments can increase the impact of scientific research.,Communications health,Commun Health,2026,2026-07-22,eng,Journal Article|Review,27,9,11,rti,Respiratory-tract infections,rti,0,Other/unspecified,,,0,0,1,"Hadley, Liza","Tran-Kiem, Cécile",United Kingdom,United States,National University of Singapore,Australia|China|Indonesia|Kenya|Netherlands|New Zealand|Singapore|Thailand|Tunisia|United Kingdom|United States,Johns Hopkins University|London School of Hygiene & Tropical Medicine|Mahidol University|National University of Singapore|Oxford University Clinical Research Unit|University of Cambridge|University of Hong Kong|University of Melbourne|University of Oxford,rti_t5,"social, health, public, key","social, health, public, key, policy, diverse, based, framework",0.468594,0.064771,include,mechanical,INC-GEO-01,regional_participation,pubmed,geo_rti_1,0
doi:10.1016/j.idm.2026.03.002,41853794,PMC12995482,10.1016/j.idm.2026.03.002,https://pubmed.ncbi.nlm.nih.gov/41853794/,How to utilise the limited supply of vaccines for Mpox control in Thailand among high-risk GBMSM.,Infectious Disease Modelling,Infect Dis Model,2026,2026-03-04,eng,Journal Article,7,1,4,sti,Sexually-transmitted infections,sti,0,Other/unspecified,,Surveillance and epidemiology|Vaccine|Modelling,3,0,1,"Jirapanakorn, Sutham","Thiparod, Thitiya",Thailand,Thailand,National University of Singapore,Japan|Singapore|Thailand|United Kingdom,National University of Singapore,sti_t2,"vaccines, health, program, national","vaccines, health, program, national, papillomavirus, vaccination, human, per",0.130154,0.604288,include,mechanical,INC-GEO-01,regional_participation,pubmed,geo_sti_2,0
doi:10.1016/j.ijid.2026.108545,41856464,,10.1016/j.ijid.2026.108545,https://pubmed.ncbi.nlm.nih.gov/41856464/,Host-directed therapy for tuberculosis: Repurposed drugs toward global tuberculosis elimination.,International journal of infectious diseases : IJID : official publication of the International Society for Infectious Diseases,Int J Infect Dis,2026,2026-03-17,eng,Journal Article|Review,4,2,1,tb,Tuberculosis,tb,0,Antitubercular Agents,Antitubercular Agents|Tuberculosis,,0,1,0,"Wong, Yi Hao","Ong, Catherine Wei Min",Singapore,Singapore,National University Hospital|National University of Singapore,Singapore,National University Hospital|National University of Singapore,tb_t1,"antitubercular, drug, agents, multidrug-resistant","antitubercular, drug, agents, multidrug-resistant, treatment, rifampin, drugs, mycobacterium",0.837993,0.628651,include,mechanical,INC-GEO-01,,pubmed,geo_tb_3,0
doi:10.1016/j.mib.2026.102764,42166807,,10.1016/j.mib.2026.102764,https://pubmed.ncbi.nlm.nih.gov/42166807/,Host interactions with hypervirulent Klebsiella pneumoniae along the gut-liver axis.,Current opinion in microbiology,Curr Opin Microbiol,2026,2026-05-22,eng,Journal Article|Review,2,1,1,amr_hai,AMR and healthcare-associated infections,amr_hai,0,Klebsiella pneumoniae,Klebsiella pneumoniae|Virulence|Klebsiella Infections,Basic research,1,1,0,"Cheam, Guoxiang","Gan, Yunn-Hwen",Singapore,Singapore,National University of Singapore,Singapore,National University of Singapore,amr_hai_t2,"agents, tests, activity, sensitivity","agents, tests, activity, sensitivity, antibacterial, anti-bacterial, animals, microbial",0.870153,0.158168,include,mechanical,INC-GEO-01,,pubmed,geo_amr_hai_5,0
doi:10.1093/infdis/jiag290,42300800,,10.1093/infdis/jiag290,https://pubmed.ncbi.nlm.nih.gov/42300800/,Host Reticulocyte Redox Attenuation Creates a Protective Niche for Artemisinin Tolerance in Plasmodium falciparum.,The Journal of infectious diseases,J Infect Dis,2026,2026-06-16,eng,Journal Article,10,0,2,vector_borne,Vector-borne diseases,vector_borne,0,Other/unspecified,,,0,1,1,"Davis, Christeen","Chandramohanadas, Rajesh",India,India,,India|Singapore,,vector_borne_t3,"malaria, plasmodium, cell, cells","malaria, plasmodium, cell, cells, responsible, parasite, erythrocytes, binding",0.132218,0.810878,include,mechanical,INC-GEO-01,,pubmed,geo_vector_borne_1|geo_vector_borne_2,0
doi:10.1016/j.ssmmh.2026.100615,42644168,PMC13505967,10.1016/j.ssmmh.2026.100615,https://pubmed.ncbi.nlm.nih.gov/42644168/,"Hookups, hashtags, and health: A Latent Class Analysis of social media, mental health and sleep among MSM in Paris, France.",SSM. Mental health,SSM Ment Health,2026,2026-03-20,eng,Journal Article,6,1,2,sti,Sexually-transmitted infections,sti,0,Other/unspecified,,,0,0,1,"Shrader, Cho-Hee","Duncan, Dustin T",United States,United States,National University of Singapore,Singapore|United States,National University of Singapore,sti_t2,"vaccines, health, program, national","vaccines, health, program, national, papillomavirus, vaccination, human, per",0.232697,0.924754,include,mechanical,INC-GEO-01,,pubmed,geo_sti_2,0
doi:10.1099/mgen.0.001745,42490134,PMC13398308,10.1099/mgen.0.001745,https://pubmed.ncbi.nlm.nih.gov/42490134/,"Home is where the host is: evolutionary history of geographic spread, host switching and adaptive genomic signatures in two generalist group Bclonal group.",Microbial genomics,Microb Genom,2026,2026-Jul-01,eng,Journal Article,19,4,10,amr_hai,AMR and healthcare-associated infections,amr_hai,0,Virulence,Virulence,Genomics,1,0,1,"Hilbig, Antonia","Zadoks, Ruth Nicolet",United Kingdom,Australia,National University of Singapore|Singapore Food Agency|Tan Tock Seng Hospital,Australia|Brazil|Denmark|France|Italy|Malaysia|Singapore|Thailand|United Kingdom|Viet Nam,Mahidol University|National University of Singapore|Singapore Food Agency|Tan Tock Seng Hospital,amr_hai_t1,"infection, hospital, included, prevention","infection, hospital, included, prevention, conducted, outcomes, january, interventions",1.0,0.45992,include,mechanical,INC-GEO-01,regional_participation,pubmed,geo_amr_hai_1|geo_amr_hai_3,0
doi:10.1177/20584601261418668,41601918,PMC12833157,10.1177/20584601261418668,https://pubmed.ncbi.nlm.nih.gov/41601918/,Hidden in plain sight: Extrapulmonary manifestations of tuberculosis in Asia.,Acta radiologica open,Acta Radiol Open,2026,2026-01-24,eng,Journal Article,5,1,1,tb,Tuberculosis,tb,0,Other/unspecified,,,0,1,0,"Lim, Li He Shaun","Lee, Zhuyi Rebekah",Singapore,Singapore,Singapore General Hospital,Singapore,Singapore General Hospital,tb_t2,"diagnosis, diagnostic, conducted, systematic","diagnosis, diagnostic, conducted, systematic, included, characteristics, symptoms, age",0.107229,0.948306,include,mechanical,INC-GEO-01,,pubmed,geo_tb_1,0
doi:10.1371/journal.ppat.1014287,42335105,PMC13289926,10.1371/journal.ppat.1014287,https://pubmed.ncbi.nlm.nih.gov/42335105/,"Hidden hematological, biochemical and immune costs of asymptomatic malaria infections in semi-wild chimpanzees.",PLoS pathogens,PLoS Pathog,2026,2026-06-23,eng,Journal Article,16,3,4,vector_borne,Vector-borne diseases,vector_borne,0,Other/unspecified,,,0,0,1,"Nowakowski, Anais","Rougeron, Virginie",South Africa,South Africa,National University of Singapore|Singapore Immunology Network,France|Singapore|South Africa|United Kingdom,London School of Hygiene & Tropical Medicine|National University of Singapore|Singapore Immunology Network,vector_borne_t1,"infection, fever, although, male","infection, fever, although, male, aged, adult, yellow, zikv",0.306011,0.850127,include,mechanical,INC-GEO-01,regional_participation,pubmed,geo_vector_borne_2|geo_vector_borne_3|geo_vector_borne_4,0
doi:10.1371/journal.pcbi.1014355,42330023,PMC13336471,10.1371/journal.pcbi.1014355,https://pubmed.ncbi.nlm.nih.gov/42330023/,Heterogeneous suppressive effect of Wolbachia incompatible insect technique coupled with sterile insect technique across time and historical Ae. aegypti abundance - using distributional synthetic controls.,PLoS computational biology,PLoS Comput Biol,2026,2026-06-22,eng,Journal Article,6,3,2,vector_borne,Vector-borne diseases,vector_borne,0,Aedes,"Aedes|Mosquito Vectors|Wolbachia|Mosquito Control|Pest Control, Biological",Entomology,1,1,1,"Zhai, Yichen","Lim, Jue Tao",Singapore,Singapore,Environmental Health Institute|Nanyang Technological University|National University of Singapore,Singapore|United States,Environmental Health Institute|Nanyang Technological University|National University of Singapore,vector_borne_t4,"vectors, wolbachia, mosquito, aedes","vectors, wolbachia, mosquito, aedes, aegypti, mosquitoes, intervention, field",1.0,0.211596,include,mechanical,INC-GEO-01,,pubmed,geo_vector_borne_1|geo_vector_borne_2|geo_vector_borne_3|geo_vector_borne_4|geo_vector_borne_5,0
doi:10.3389/fcimb.2026.1847443,42555388,PMC13328407,10.3389/fcimb.2026.1847443,https://pubmed.ncbi.nlm.nih.gov/42555388/,Harnessing the gut microbiome to combat tuberculosis: a technological and clinical review.,Frontiers in cellular and infection microbiology,Front Cell Infect Microbiol,2026,2026-06-19,eng,Journal Article|Review,13,1,4,tb,Tuberculosis,tb|amr_hai,1,Tuberculosis,Tuberculosis,Treatment|Detection,2,0,1,"Sun, Weiguo","Gong, Wenping",China,China,National University of Singapore,Canada|China|Pakistan|Singapore,National University of Singapore,tb_t1,"antitubercular, drug, agents, multidrug-resistant","antitubercular, drug, agents, multidrug-resistant, treatment, rifampin, drugs, mycobacterium",0.923466,0.501247,include,mechanical,INC-GEO-01,regional_participation,pubmed,geo_amr_hai_2|geo_amr_hai_3|geo_tb_2|geo_tb_3,0
doi:10.3390/v18030283,41902191,PMC13030291,10.3390/v18030283,https://pubmed.ncbi.nlm.nih.gov/41902191/,HIV-Now Another Long Term Chronic Condition?,Viruses,Viruses,2026,2026-02-27,eng,Journal Article|Review,4,2,2,sti,Sexually-transmitted infections,sti,0,HIV Infections,HIV Infections|Anti-HIV Agents,,0,1,1,"Tang, Julian W","Archuleta, Sophia",United Kingdom,Singapore,National University Hospital|National University of Singapore,Singapore|United Kingdom,National University Hospital|National University of Singapore,sti_t1,"hiv, therapy, male, infections","hiv, therapy, male, infections, people, living, infection, agents",1.0,0.598165,include,mechanical,INC-GEO-01,,pubmed,geo_sti_2|geo_sti_3|geo_sti_4,0
doi:10.1039/d6ra04008j,42519068,PMC13384017,10.1039/d6ra04008j,https://pubmed.ncbi.nlm.nih.gov/42519068/,Guar gum-quercetin bioconjugate as a promising multifunctional biomaterial for combating drug-resistant fungal pathogens.,RSC advances,RSC Adv,2026,2026-07-20,eng,Journal Article,6,1,4,other_id,Other infectious disease,other_id,0,Other/unspecified,,,0,1,1,"Wani, Mohmmad Younus","Xu, Qing-Hua",Saudi Arabia,China,National University of Singapore,China|Saudi Arabia|Singapore|South Africa,National University of Singapore,other_id_t1,"cell, cells, vitro, reduced","cell, cells, vitro, reduced, promising, infection, demonstrate, therapeutic",0.765206,0.521514,include,agent,INC-TOP-02,,pubmed,geo_amr_hai_1|geo_amr_hai_3,0
doi:10.1128/mbio.01474-26,42671178,,10.1128/mbio.01474-26,https://pubmed.ncbi.nlm.nih.gov/42671178/,Growth-dependent tRNA reprogramming and codon bias link translation to metabolic state in.,mBio,mBio,2026,2026-08-31,eng,Journal Article,13,2,4,other_id,Other infectious disease,other_id,0,Other/unspecified,,,0,1,1,"Mitchener, Michelle M","Dedon, Peter C",Singapore,Singapore,Nanyang Technological University|National Centre for Infectious Diseases,Poland|Singapore|Switzerland|United States,Nanyang Technological University|National Centre for Infectious Diseases,other_id_t3,"understanding, environmental, humans, animals","understanding, environmental, humans, animals, often, mechanisms, health, human",0.851446,0.712963,include,agent,INC-TOP-01,,pubmed,geo_all_id_2,0
doi:10.1016/j.jhin.2026.03.037,42379932,,10.1016/j.jhin.2026.03.037,https://pubmed.ncbi.nlm.nih.gov/42379932/,Global randomised controlled trials in infection prevention and control: a bibliographic review from the past two decades.,The Journal of hospital infection,J Hosp Infect,2026,2026-07-01,eng,Journal Article|Review,6,3,3,amr_hai,AMR and healthcare-associated infections,amr_hai,0,Other/unspecified,,Infection prevention and control|Clinical studies,2,0,1,"Mitchell, B G","Tehan, P E",Australia,Australia,National Centre for Infectious Diseases|National University of Singapore|Tan Tock Seng Hospital,Australia|New Zealand|Singapore,National Centre for Infectious Diseases|National University of Singapore|Tan Tock Seng Hospital,amr_hai_t1,"infection, hospital, included, prevention","infection, hospital, included, prevention, conducted, outcomes, january, interventions",0.476259,0.833842,include,mechanical,INC-GEO-01,,pubmed,geo_amr_hai_2|geo_amr_hai_3,0
doi:10.1002/jmv.71078,42530293,PMC13422009,10.1002/jmv.71078,https://pubmed.ncbi.nlm.nih.gov/42530293/,"Genomic and Epidemiological Characterization of DENV-1 and DENV-2 Co-Circulation During the 2023-2024 Dengue Epidemic in Espírito Santo, Brazil.",Journal of medical virology,J Med Virol,2026,2026-Aug-01,eng,Journal Article,19,1,2,vector_borne,Vector-borne diseases,vector_borne,0,Dengue,"Dengue|Dengue Virus|Genome, Viral",Genomics|Surveillance and epidemiology,2,0,1,"Ribeiro de Jesus, Nicolli","Vicente, Creuza Rachel",Brazil,Brazil,Duke-NUS Medical School,Brazil|Singapore,Duke-NUS Medical School,vector_borne_t1,"infection, fever, although, male","infection, fever, although, male, aged, adult, yellow, zikv",0.530505,0.625457,include,mechanical,INC-GEO-01,,pubmed,geo_amr_hai_4|geo_vector_borne_1|geo_vector_borne_2|geo_vector_borne_3|geo_vector_borne_4,0
doi:10.1186/s13073-026-01670-6,42192477,PMC13214086,10.1186/s13073-026-01670-6,https://pubmed.ncbi.nlm.nih.gov/42192477/,Genome-wide association study reveals a novel tuberculosis susceptibility locus in multiple East Asian and European populations.,Genome medicine,Genome Med,2026,2026-05-27,eng,"Journal Article|Meta-Analysis|Research Support, N.I.H., Extramural|Research Support, Non-U.S. Gov't",20,10,6,tb,Tuberculosis,tb,0,Tuberculosis,"Tuberculosis|Tuberculosis, Pulmonary",Genomics,1,1,1,"Chang, Xuling","Dunstan, Sarah J",Australia,Australia,"A*STAR Infectious Diseases Labs|Agency for Science, Technology and Research|Genome Institute of Singapore|Nanyang Technological University|National University Health System|National University of Singapore|Singapore Immunology Network|Tan Tock Seng Hospital",Australia|Nepal|Singapore|United Kingdom|United States|Viet Nam,"A*STAR Infectious Diseases Labs|Agency for Science, Technology and Research|Genome Institute of Singapore|Nanyang Technological University|National University Health System|National University of Singapore|Oxford University Clinical Research Unit|Singapore Immunology Network|Tan Tock Seng Hospital|University of Melbourne",tb_t2,"diagnosis, diagnostic, conducted, systematic","diagnosis, diagnostic, conducted, systematic, included, characteristics, symptoms, age",0.551225,0.506637,include,mechanical,INC-GEO-01,,pubmed,geo_tb_2|geo_tb_3|geo_tb_4,0
doi:10.1016/j.fm.2026.105164,42425643,,10.1016/j.fm.2026.105164,https://pubmed.ncbi.nlm.nih.gov/42425643/,From target identification to intervention: Tackling microbial contamination challenges in cultivated meat production using antimicrobial peptides.,Food microbiology,Food Microbiol,2026,2026-05-23,eng,Journal Article,8,1,2,amr_hai,AMR and healthcare-associated infections,amr_hai,0,Anti-Bacterial Agents,Anti-Bacterial Agents|Microbial Sensitivity Tests|Bacteria,Basic research,1,1,1,"Lin, Zejia","Li, Dan",Singapore,China,National University of Singapore,China|Singapore,National University of Singapore,amr_hai_t2,"agents, tests, activity, sensitivity","agents, tests, activity, sensitivity, antibacterial, anti-bacterial, animals, microbial",0.197808,0.246355,include,mechanical,INC-GEO-01,,pubmed,geo_amr_hai_4,0
doi:10.1016/j.lanwpc.2026.101874,42180265,PMC13194637,10.1016/j.lanwpc.2026.101874,https://pubmed.ncbi.nlm.nih.gov/42180265/,From local pilots to national policy: key issues and challenges in implementing nationwide HPV vaccination in China.,The Lancet regional health. Western Pacific,Lancet Reg Health West Pac,2026,2026-05-12,eng,Journal Article|Review,4,1,3,sti,Sexually-transmitted infections,sti,0,Other/unspecified,,Vaccine,1,1,1,"Tang, Shenglan","Qiao, Youlin",China,China,SingHealth,China|Singapore|United States,SingHealth,sti_t2,"vaccines, health, program, national","vaccines, health, program, national, papillomavirus, vaccination, human, per",0.046832,0.411338,include,mechanical,INC-GEO-01,,pubmed,geo_sti_1,0
doi:10.1002/jcop.70120,42296484,PMC13268652,10.1002/jcop.70120,https://pubmed.ncbi.nlm.nih.gov/42296484/,"Fostering Critical Consciousness Through Theater of the Oppressed: A Mixed-Methods Study With Gay, Bisexual, Queer, and Transgender Men in Singapore.",Journal of community psychology,J Community Psychol,2026,2026-Jul-01,eng,"Journal Article|Research Support, Non-U.S. Gov't",6,1,2,sti,Sexually-transmitted infections,sti,0,"Homosexuality, Male","Homosexuality, Male",,0,1,1,"Puvaneyshwaran, David","Liang, Peilin",Canada,Singapore,National University of Singapore,Canada|Singapore,National University of Singapore,sti_t1,"hiv, therapy, male, infections","hiv, therapy, male, infections, people, living, infection, agents",0.315417,1.0,include,mechanical,INC-GEO-01,,pubmed,geo_sti_3,0
doi:10.1093/cid/ciag347,42313428,,10.1093/cid/ciag347,https://pubmed.ncbi.nlm.nih.gov/42313428/,"Fosfomycin for Extended-Spectrum Beta-Lactamase Producers-Initial Monotherapy, Transition Therapy, Combination Therapy or Not at All?",Clinical infectious diseases : an official publication of the Infectious Diseases Society of America,Clin Infect Dis,2026,2026-06-18,eng,Journal Article,2,1,2,amr_hai,AMR and healthcare-associated infections,amr_hai,0,Other/unspecified,,,0,1,1,"Manesh, Abi","Paterson, David L",India,Singapore,National University of Singapore,India|Singapore,National University of Singapore,amr_hai_t2,"agents, tests, activity, sensitivity","agents, tests, activity, sensitivity, antibacterial, anti-bacterial, animals, microbial",0.799429,0.321555,include,mechanical,INC-GEO-01,,pubmed,geo_amr_hai_2,0
doi:10.1016/j.ijpara.2026.104892,42208788,,10.1016/j.ijpara.2026.104892,https://pubmed.ncbi.nlm.nih.gov/42208788/,First continuous in vitro culture of Plasmodium coatneyi reveals insights into barriers to human infection.,International journal for parasitology,Int J Parasitol,2026,2026-05-27,eng,Journal Article,18,4,6,vector_borne,Vector-borne diseases,vector_borne,0,Other/unspecified,,Basic research,1,0,1,"Suwanarusk, Rossarin","Russell, Bruce",Japan,Japan,A*STAR Infectious Diseases Labs|Nanyang Technological University|National University of Singapore,France|Japan|New Zealand|Singapore|Thailand|United States,A*STAR Infectious Diseases Labs|Mahidol University|Nanyang Technological University|National University of Singapore,vector_borne_t3,"malaria, plasmodium, cell, cells","malaria, plasmodium, cell, cells, responsible, parasite, erythrocytes, binding",0.179572,1.0,include,mechanical,INC-GEO-01,regional_participation,pubmed,geo_vector_borne_1|geo_vector_borne_2|geo_vector_borne_4,0
doi:10.1016/j.ijid.2026.109084,42660408,,10.1016/j.ijid.2026.109084,https://pubmed.ncbi.nlm.nih.gov/42660408/,"Factors associated with death in severe dengue: a retrospective cohort study in Espírito Santo, Brazil, 2020-2024Factors associated with death in severe dengue: a case-control study in Espírito Santo, Brazil, 2020-2024.",International journal of infectious diseases : IJID : official publication of the International Society for Infectious Diseases,Int J Infect Dis,2026,2026-08-27,eng,Journal Article,10,1,2,vector_borne,Vector-borne diseases,vector_borne,0,Other/unspecified,,Clinical studies,1,1,1,"Vicente, Creuza Rachel","Chan, Kuan Rong",Brazil,Singapore,Duke-NUS Medical School,Brazil|Singapore,Duke-NUS Medical School,vector_borne_t1,"infection, fever, although, male","infection, fever, although, male, aged, adult, yellow, zikv",0.712872,0.616251,include,mechanical,INC-GEO-01,,pubmed,geo_vector_borne_1|geo_vector_borne_2,0
doi:10.1186/s12889-026-28672-8,42669659,PMC13528166,10.1186/s12889-026-28672-8,https://pubmed.ncbi.nlm.nih.gov/42669659/,Exploring community awareness and perspectives on zoonotic disease in Nepal: a qualitative study.,BMC public health,BMC Public Health,2026,2026-08-11,eng,Journal Article,6,2,3,other_id,Other infectious disease,other_id,0,Other/unspecified,,,0,1,1,"Durrance-Bagale, Anna","Howard, Natasha",United Kingdom,Singapore,National University of Singapore,Nepal|Singapore|United Kingdom,London School of Hygiene & Tropical Medicine|National University of Singapore,other_id_t3,"understanding, environmental, humans, animals","understanding, environmental, humans, animals, often, mechanisms, health, human",0.969825,0.232806,include,agent,INC-TOP-01,,pubmed,geo_all_id_1,0
doi:10.3389/fpubh.2026.1785244,42487793,PMC13388545,10.3389/fpubh.2026.1785244,https://pubmed.ncbi.nlm.nih.gov/42487793/,Exploring attitudes toward COVID-19 vaccinations amongst healthcare workers at a national infectious disease center in Singapore-a cross-sectional study.,Frontiers in public health,Front Public Health,2026,2026-07-08,eng,Journal Article,3,2,1,rti,Respiratory-tract infections,rti,0,COVID-19,COVID-19|SARS-CoV-2|COVID-19 Vaccines,Vaccine,1,1,0,"Lien, Victoria","Toh, Matthias Paul Han Sim",Singapore,Singapore,National Centre for Infectious Diseases|National University of Singapore,Singapore,National Centre for Infectious Diseases|National University of Singapore,rti_t2,"sars-cov-2, responses, immune, vaccine","sars-cov-2, responses, immune, vaccine, vaccines, spike, humans, female",0.639022,0.324548,include,mechanical,INC-GEO-01,,pubmed,geo_rti_2|geo_rti_4|geo_rti_5,0
doi:10.4103/singaporemedj.smj-2026-181,42434878,,10.4103/singaporemedj.smj-2026-181,https://pubmed.ncbi.nlm.nih.gov/42434878/,Evidence-to-Recommendation Framework for 2026 ACE Clinical Guideline on upper respiratory tract infections - rational antimicrobial use.,Singapore medical journal,Singapore Med J,2026,2026-07-10,eng,Journal Article,6,0,1,rti,Respiratory-tract infections,rti|amr_hai,1,Other/unspecified,,Disease management,1,1,0,"Lim, Bin",,Singapore,,,Singapore,,rti_t3,"evidence, clinical, health, review","evidence, clinical, health, review, outcomes, substantial, evaluation, management",0.5855,0.581335,include,mechanical,INC-GEO-01,,pubmed,geo_amr_hai_4|geo_rti_2|geo_rti_4|geo_rti_5,0
doi:10.4103/singaporemedj.smj-2026-182,42434879,,10.4103/singaporemedj.smj-2026-182,https://pubmed.ncbi.nlm.nih.gov/42434879/,Evidence-to-Recommendation Framework for 2026 ACE Clinical Guideline on allergic rhinitis - diagnosis and management.,Singapore medical journal,Singapore Med J,2026,2026-07-10,eng,Journal Article,6,0,1,rti,Respiratory-tract infections,rti,0,Other/unspecified,,Disease management,1,1,0,"Goh, Samuel Li Earn",,Singapore,,,Singapore,,rti_t3,"evidence, clinical, health, review","evidence, clinical, health, review, outcomes, substantial, evaluation, management",0.759402,0.449827,include,mechanical,INC-GEO-01,,pubmed,geo_rti_2,0
doi:10.1016/j.oret.2026.06.023,42372875,,10.1016/j.oret.2026.06.023,https://pubmed.ncbi.nlm.nih.gov/42372875/,Evidence and Consensus-Based Imaging Guidelines in Tubercular Choroiditis: Multimodal Imaging in Uveitis (MUV) Task Force: Report 17.,Ophthalmology. Retina,Ophthalmol Retina,2026,2026-06-29,eng,Journal Article,19,5,11,tb,Tuberculosis,tb,0,Other/unspecified,,,0,0,1,"Janetos, Timothy M",,,,Duke-NUS Medical School|Nanyang Technological University|Tan Tock Seng Hospital,Australia|Belgium|Egypt|India|Indonesia|Italy|Netherlands|Singapore|Switzerland|United Arab Emirates|United States,Duke-NUS Medical School|Johns Hopkins University|Nanyang Technological University|Tan Tock Seng Hospital|Universitas Indonesia,tb_t2,"diagnosis, diagnostic, conducted, systematic","diagnosis, diagnostic, conducted, systematic, included, characteristics, symptoms, age",0.262714,0.738159,include,mechanical,INC-GEO-01,regional_participation,pubmed,geo_tb_2,0
doi:10.3390/ijms27125573,42353286,PMC13299516,10.3390/ijms27125573,https://pubmed.ncbi.nlm.nih.gov/42353286/,Evaluation of Antimicrobial Peptide-Antibiotic Combination Treatment for Tackling Ocular and SystemicInfections.,International journal of molecular sciences,Int J Mol Sci,2026,2026-06-20,eng,Journal Article,11,2,3,amr_hai,AMR and healthcare-associated infections,amr_hai,0,Anti-Bacterial Agents,Anti-Bacterial Agents|Microbial Sensitivity Tests|Methicillin-Resistant Staphylococcus aureus|Staphylococcal Infections,,0,1,1,"Barahim, Eman Khalid","Ting, Darren S J",Saudi Arabia,Singapore,Duke-NUS Medical School|National University of Singapore,Saudi Arabia|Singapore|United Kingdom,Duke-NUS Medical School|National University of Singapore,amr_hai_t2,"agents, tests, activity, sensitivity","agents, tests, activity, sensitivity, antibacterial, anti-bacterial, animals, microbial",0.459119,0.262599,include,mechanical,INC-GEO-01,,pubmed,geo_amr_hai_3|geo_amr_hai_4|geo_amr_hai_5,0
doi:10.1093/jac/dkag263,42550163,PMC13435618,10.1093/jac/dkag263,https://pubmed.ncbi.nlm.nih.gov/42550163/,Evaluating the efficiency of platform trials relative to stand-alone trials: a simulation study for the evaluation of new antibacterials.,The Journal of antimicrobial chemotherapy,J Antimicrob Chemother,2026,2026-Aug-04,eng,Journal Article,5,4,4,amr_hai,AMR and healthcare-associated infections,amr_hai,0,Anti-Bacterial Agents,Anti-Bacterial Agents,Modelling,1,1,1,"Hardy, Melissa J","Paterson, David L",Australia,Singapore,National University Hospital|National University of Singapore,Australia|Singapore|Thailand|United Kingdom,Mahidol University|National University Hospital|National University of Singapore|University of Oxford,amr_hai_t1,"infection, hospital, included, prevention","infection, hospital, included, prevention, conducted, outcomes, january, interventions",0.357531,0.553783,include,mechanical,INC-GEO-01,,pubmed,geo_amr_hai_1|geo_amr_hai_4,0
doi:10.1186/s12889-026-26441-1,41639850,PMC12973893,10.1186/s12889-026-26441-1,https://pubmed.ncbi.nlm.nih.gov/41639850/,Evaluating peer navigation in promoting digital secondary distribution of HIV self-testing among men who have sex with men in China: study protocol for a two-arm randomized controlled trial.,BMC public health,BMC Public Health,2026,2026-02-05,eng,Journal Article|Clinical Trial Protocol,17,3,4,sti,Sexually-transmitted infections,sti,0,HIV Infections,"HIV Infections|Homosexuality, Male",Clinical studies,1,0,1,"Ren, Hao","Tang, Weiming",China,China,Duke-NUS Medical School,China|Singapore|United Kingdom|United States,Duke-NUS Medical School|London School of Hygiene & Tropical Medicine|University of Hong Kong,sti_t1,"hiv, therapy, male, infections","hiv, therapy, male, infections, people, living, infection, agents",0.389414,0.734942,include,mechanical,INC-GEO-01,regional_participation,pubmed,geo_sti_2|geo_sti_3|geo_sti_4,0
doi:10.1016/j.urolonc.2026.111091,41956941,,10.1016/j.urolonc.2026.111091,https://pubmed.ncbi.nlm.nih.gov/41956941/,Evaluating BCG response in primary and metachronous non-muscle invasive bladder cancer following prior upper tract urothelial cancer: A systematic review and meta-analysis.,Urologic oncology,Urol Oncol,2026,2026-04-09,eng,Journal Article|Systematic Review|Meta-Analysis,14,4,3,tb,Tuberculosis,tb,0,BCG Vaccine,BCG Vaccine,Clinical studies,1,1,1,"Tan, Yu Guang","Kamat, Ashish M",Singapore,,National Cancer Centre Singapore|Singapore General Hospital|Tan Tock Seng Hospital,Hong Kong SAR|Singapore|United Kingdom,National Cancer Centre Singapore|Singapore General Hospital|Tan Tock Seng Hospital|University of Hong Kong,tb_t2,"diagnosis, diagnostic, conducted, systematic","diagnosis, diagnostic, conducted, systematic, included, characteristics, symptoms, age",0.413163,0.579045,include,mechanical,INC-GEO-01,,pubmed,geo_tb_3,0
doi:10.1007/s11673-026-10573-5,42565963,,10.1007/s11673-026-10573-5,https://pubmed.ncbi.nlm.nih.gov/42565963/,Ethics and Inequities in the Context of Urgency : A Qualitative Study With Stakeholders on COVID-19 Decision-Making in Germany and Israel.,Journal of bioethical inquiry,J Bioeth Inq,2026,2026-08-07,eng,Journal Article,6,1,2,rti,Respiratory-tract infections,rti,0,Other/unspecified,,,0,0,1,"Wild, Verina","Heilinger, Jan-Christoph",Germany,Germany,National University of Singapore,Germany|Singapore,National University of Singapore,rti_t5,"social, health, public, key","social, health, public, key, policy, diverse, based, framework",0.717387,0.0,include,mechanical,INC-GEO-01,,pubmed,geo_rti_1,0
doi:10.3390/tropicalmed11070184,42506754,PMC13417136,10.3390/tropicalmed11070184,https://pubmed.ncbi.nlm.nih.gov/42506754/,Ethanolic Leaf Extract ofPausesSchizogony and Reduces Binding of Infected Red Blood Cells to Endothelial Cells.,Tropical medicine and infectious disease,Trop Med Infect Dis,2026,2026-07-06,eng,Journal Article,12,3,5,vector_borne,Vector-borne diseases,vector_borne,0,Other/unspecified,,,0,1,1,"Lim, Yi-Jun","Lee, Wenn-Chyau",Malaysia,Malaysia,A*STAR Infectious Diseases Labs,Ethiopia|Malaysia|Philippines|Singapore|Thailand,A*STAR Infectious Diseases Labs|Mahidol University|University of Malaya,vector_borne_t3,"malaria, plasmodium, cell, cells","malaria, plasmodium, cell, cells, responsible, parasite, erythrocytes, binding",0.13207,0.911129,include,mechanical,INC-GEO-01,,pubmed,geo_vector_borne_2,0
doi:10.1093/aje/kwag024,41626714,PMC13231843,10.1093/aje/kwag024,https://pubmed.ncbi.nlm.nih.gov/41626714/,Estimating the effect of hepatitis C infection on multidrug-resistant tuberculosis treatment outcomes under hypothetical interventions on regimen composition and adherence.,American journal of epidemiology,Am J Epidemiol,2026,2026-Jun-03,eng,"Journal Article|Observational Study|Research Support, N.I.H., Extramural",23,3,7,tb,Tuberculosis,tb|amr_hai,1,Antitubercular Agents,"Antitubercular Agents|Rifampin|Tuberculosis, Multidrug-Resistant",Treatment,1,0,1,"LaHood, Allison","Franke, Molly F",United States,United States,,Canada|France|Italy|Pakistan|Singapore|United Kingdom|United States,Harvard University|London School of Hygiene & Tropical Medicine|US Centers for Disease Control and Prevention,tb_t1,"antitubercular, drug, agents, multidrug-resistant","antitubercular, drug, agents, multidrug-resistant, treatment, rifampin, drugs, mycobacterium",0.617874,0.102171,include,mechanical,INC-GEO-01,regional_participation,pubmed,geo_tb_4,0
doi:10.1371/journal.pntd.0014222,42081569,PMC13152209,10.1371/journal.pntd.0014222,https://pubmed.ncbi.nlm.nih.gov/42081569/,Establishment and characterization of a Wolbachia (wAlbB)-infected Aedes aegypti line (Tw-Kao) for dengue control.,PLoS neglected tropical diseases,PLoS Negl Trop Dis,2026,2026-05-04,eng,Journal Article,16,1,2,vector_borne,Vector-borne diseases,vector_borne,0,Dengue,"Dengue|Aedes|Mosquito Vectors|Dengue Virus|Wolbachia|Mosquito Control|Pest Control, Biological",Entomology|Genomics,2,0,1,"Yu, Hui-Ying","Liu, Wei-Liang",Taiwan,Taiwan,National University of Singapore,Singapore|Taiwan,National University of Singapore,vector_borne_t4,"vectors, wolbachia, mosquito, aedes","vectors, wolbachia, mosquito, aedes, aegypti, mosquitoes, intervention, field",0.711684,0.134029,include,mechanical,INC-GEO-01,,pubmed,geo_vector_borne_3|geo_vector_borne_4|geo_vector_borne_5,0
doi:10.3892/br.2026.2154,42147972,PMC13173614,10.3892/br.2026.2154,https://pubmed.ncbi.nlm.nih.gov/42147972/,Establishing a competence model in discriminatingspecies andsubspecies by using surface-enhanced Raman spectroscopy.,Biomedical reports,Biomed Rep,2026,2026-05-05,eng,Journal Article,12,1,2,other_id,Other infectious disease,other_id,0,Other/unspecified,,Genomics,1,0,1,"Pichitphorn, Apisith","Phoksawat, Wisitsak",Thailand,Thailand,National University of Singapore,Singapore|Thailand,National University of Singapore,other_id_t2,"outcomes, days, clinical, infections","outcomes, days, clinical, infections, years, therapy, may, early",0.047958,0.710445,include,agent,INC-TOP-02,,pubmed,geo_tb_1|geo_tb_2,0
doi:10.1016/j.ajcnut.2026.101488,42632425,,10.1016/j.ajcnut.2026.101488,https://pubmed.ncbi.nlm.nih.gov/42632425/,Ergothioneine as an emerging food-derived bioactive compound protecting against age-related diseases: issues needing more research.,The American journal of clinical nutrition,Am J Clin Nutr,2026,2026-08-22,eng,Journal Article|Review,1,1,1,tb,Tuberculosis,tb,0,Other/unspecified,,,0,1,0,"Halliwell, Barry",,Singapore,,National University of Singapore,Singapore,National University of Singapore,tb_t1,"antitubercular, drug, agents, multidrug-resistant","antitubercular, drug, agents, multidrug-resistant, treatment, rifampin, drugs, mycobacterium",0.869541,0.865785,include,mechanical,INC-GEO-01,,pubmed,geo_tb_1|geo_tb_2,0
doi:10.3390/v18050485,42198688,PMC13211634,10.3390/v18050485,https://pubmed.ncbi.nlm.nih.gov/42198688/,Epstein-Barr Virus-Positive Primary CNS Lymphoma in a Patient Receiving Mycophenolate Mofetil: Diagnostic and Therapeutic Considerations.,Viruses,Viruses,2026,2026-04-22,eng,Case Reports|Journal Article,4,1,2,other_id,Other infectious disease,other_id,0,Other/unspecified,,Case study,1,1,1,"Burner, Danielle N","Luftig, Micah A",United States,Singapore,Duke-NUS Medical School,Singapore|United States,Duke-NUS Medical School,other_id_t2,"outcomes, days, clinical, infections","outcomes, days, clinical, infections, years, therapy, may, early",0.941976,0.398713,include,agent,INC-TOP-01,,pubmed,geo_sti_1,0
doi:10.1093/jpids/piag047,42364157,,10.1093/jpids/piag047,https://pubmed.ncbi.nlm.nih.gov/42364157/,Epidemiology and Outcomes of Mycobacterium abscessus Infections in Immunocompetent Children in Singapore.,Journal of the Pediatric Infectious Diseases Society,J Pediatric Infect Dis Soc,2026,2026-Jul-06,eng,Journal Article,11,5,1,amr_hai,AMR and healthcare-associated infections,amr_hai,0,Anti-Bacterial Agents,Anti-Bacterial Agents,Treatment|Surveillance and epidemiology,2,1,0,"Seow, Christopher Wen-Xing","Chong, Chia Yin",Singapore,Singapore,Duke-NUS Medical School|KK Women's and Children's Hospital|Nanyang Technological University|National University of Singapore|Singapore General Hospital,Singapore,Duke-NUS Medical School|KK Women's and Children's Hospital|Nanyang Technological University|National University of Singapore|Singapore General Hospital,amr_hai_t2,"agents, tests, activity, sensitivity","agents, tests, activity, sensitivity, antibacterial, anti-bacterial, animals, microbial",0.100713,0.60471,include,mechanical,INC-GEO-01,,pubmed,geo_amr_hai_4,0
doi:10.1002/advs.75061,41915823,PMC13285125,10.1002/advs.75061,https://pubmed.ncbi.nlm.nih.gov/41915823/,Enzymatic Basis for the Oxidative Branch of Aromatic Amino Acid Fermentation Leading to p-cresol Formation.,"Advanced science (Weinheim, Baden-Wurttemberg, Germany)",Adv Sci (Weinh),2026,2026-03-31,eng,Journal Article,16,1,4,amr_hai,AMR and healthcare-associated infections,amr_hai,0,Other/unspecified,,,0,0,1,"Jiang, Li","Zhang, Yan",China,China,,China|Singapore|United Kingdom|United States,London School of Hygiene & Tropical Medicine,amr_hai_t2,"agents, tests, activity, sensitivity","agents, tests, activity, sensitivity, antibacterial, anti-bacterial, animals, microbial",0.687629,0.121125,include,mechanical,INC-GEO-01,regional_participation,pubmed,geo_amr_hai_2,0
doi:10.1016/j.xcrm.2026.102714,41916295,PMC13130670,10.1016/j.xcrm.2026.102714,https://pubmed.ncbi.nlm.nih.gov/41916295/,Enalaprilat reverses neutrophil polarization imbalance via targeting taurine-STING axis for treatment of diabetic wounds.,Cell reports. Medicine,Cell Rep Med,2026,2026-03-30,eng,Journal Article,15,1,2,amr_hai,AMR and healthcare-associated infections,amr_hai,0,Methicillin-Resistant Staphylococcus aureus,Methicillin-Resistant Staphylococcus aureus,Basic research,1,1,1,"Lu, Li","Mi, Bobin",China,China,Nanyang Technological University,China|Singapore,Nanyang Technological University,amr_hai_t2,"agents, tests, activity, sensitivity","agents, tests, activity, sensitivity, antibacterial, anti-bacterial, animals, microbial",0.046359,0.182621,include,mechanical,INC-GEO-01,,pubmed,geo_amr_hai_5,0
doi:10.3389/fpubh.2026.1857629,42683489,PMC13532047,10.3389/fpubh.2026.1857629,https://pubmed.ncbi.nlm.nih.gov/42683489/,Effectiveness of sexual health interventions in reducing risky sexual behaviors among people living with HIV: a network meta-analysis and systematic review.,Frontiers in public health,Front Public Health,2026,2026-08-17,eng,Journal Article|Network Meta-Analysis|Systematic Review,12,3,4,sti,Sexually-transmitted infections,sti,0,HIV Infections,HIV Infections,,0,0,1,"Li, Yixuan","Xiao, Xueling",China,China,National University of Singapore,China|Singapore|United Kingdom|United States,Johns Hopkins University|National University of Singapore|University of Oxford,sti_t1,"hiv, therapy, male, infections","hiv, therapy, male, infections, people, living, infection, agents",0.420023,0.655871,include,mechanical,INC-GEO-01,regional_participation,pubmed,geo_all_id_1|geo_all_id_2|geo_sti_1|geo_sti_2|geo_sti_3|geo_sti_4,0
doi:10.1097/md.0000000000047358,41630225,PMC12863871,10.1097/md.0000000000047358,https://pubmed.ncbi.nlm.nih.gov/41630225/,Effectiveness and safety of bictegravir/emtricitabine/tenofovir alafenamide in people with HIV in Asia: 24-Month findings from the observational BICSTaR study.,Medicine,Medicine (Baltimore),2026,2026-Jan-30,eng,Journal Article|Observational Study|Multicenter Study,12,3,5,sti,Sexually-transmitted infections,sti,0,HIV Infections,HIV Infections|Anti-HIV Agents|HIV-1,Treatment,1,0,1,"Yang, Chia-Jui","Hung, Chien-Ching",Taiwan,Taiwan,National Centre for Infectious Diseases|Tan Tock Seng Hospital,Hong Kong SAR|Republic of Korea|Singapore|Taiwan|United Kingdom,National Centre for Infectious Diseases|National University Hospital|Tan Tock Seng Hospital,sti_t1,"hiv, therapy, male, infections","hiv, therapy, male, infections, people, living, infection, agents",0.952549,0.712993,include,mechanical,INC-GEO-01,regional_participation,pubmed,geo_sti_2|geo_sti_3|geo_sti_4,0
doi:10.1016/j.cmi.2026.01.032,41679464,,10.1016/j.cmi.2026.01.032,https://pubmed.ncbi.nlm.nih.gov/41679464/,Effect of in vitro synergy and additivity of vancomycin or daptomycin plus an antistaphylococcal β-lactam for methicillin-resistant Staphylococcus aureus bacteraemia on mortality: preplanned analysis from CAMERA2.,Clinical microbiology and infection : the official publication of the European Society of Clinical Microbiology and Infectious Diseases,Clin Microbiol Infect,2026,2026-02-10,eng,Journal Article|Randomized Controlled Trial|Multicenter Study,8,7,2,amr_hai,AMR and healthcare-associated infections,amr_hai,0,Anti-Bacterial Agents,Anti-Bacterial Agents|Microbial Sensitivity Tests|Methicillin-Resistant Staphylococcus aureus|Bacteremia|Staphylococcal Infections,Treatment|Basic research,2,1,1,"Soo, Joel Z Y",,Singapore,,Nanyang Technological University|National Centre for Infectious Diseases|National University of Singapore|SingHealth|Singapore General Hospital|Tan Tock Seng Hospital,Australia|Singapore,Nanyang Technological University|National Centre for Infectious Diseases|National University of Singapore|SingHealth|Singapore General Hospital|Tan Tock Seng Hospital|University of Melbourne,amr_hai_t2,"agents, tests, activity, sensitivity","agents, tests, activity, sensitivity, antibacterial, anti-bacterial, animals, microbial",0.257519,0.490668,include,mechanical,INC-GEO-01,,pubmed,geo_amr_hai_5,0
doi:10.1016/j.lanhl.2026.100870,42476160,,10.1016/j.lanhl.2026.100870,https://pubmed.ncbi.nlm.nih.gov/42476160/,Effect of high-dose versus standard-dose influenza vaccines on hospitalisation outcomes and mortality in older adults: a systematic review and meta-analysis.,The lancet. Healthy longevity,Lancet Healthy Longev,2026,2026-07-20,eng,Journal Article|Systematic Review|Meta-Analysis,10,1,2,rti,Respiratory-tract infections,rti,0,"Influenza, Human","Influenza, Human",Clinical studies,1,0,1,"Zhao, Wenshuo","Gao, Ya",China,China,Nanyang Technological University,China|Singapore,Nanyang Technological University,rti_t3,"evidence, clinical, health, review","evidence, clinical, health, review, outcomes, substantial, evaluation, management",0.991023,0.507899,include,mechanical,INC-GEO-01,,pubmed,geo_rti_2|geo_rti_4|geo_rti_5,0
doi:10.1370/afm.250683,42509175,PMC13405906,10.1370/afm.250683,https://pubmed.ncbi.nlm.nih.gov/42509175/,Effect of Self-Sampling HPV DNA Testing on Cervical Cancer Screening in Singapore's Primary Care: Pragmatic Randomized Controlled Trial.,Annals of family medicine,Ann Fam Med,2026,2026-07-27,eng,Journal Article|Pragmatic Clinical Trial|Randomized Controlled Trial,7,2,1,sti,Sexually-transmitted infections,sti,0,Papillomavirus Infections,Papillomavirus Infections|Human Papillomavirus Viruses|Uterine Cervical Neoplasms|Early Detection of Cancer,Clinical studies,1,1,0,"Ng, Xin Rong","Wong, Sabrina Kay Wye",Singapore,Singapore,Duke-NUS Medical School|Nanyang Technological University,Singapore,Duke-NUS Medical School|Nanyang Technological University,sti_t2,"vaccines, health, program, national","vaccines, health, program, national, papillomavirus, vaccination, human, per",0.415632,0.260965,include,mechanical,INC-GEO-01,,pubmed,geo_sti_1|geo_sti_3|geo_sti_4,0
doi:10.1016/j.nedt.2026.107368,42648240,,10.1016/j.nedt.2026.107368,https://pubmed.ncbi.nlm.nih.gov/42648240/,Education programs on emerging and reemerging infectious disease outbreak management for pre-registration Nursing and Medical Students: A scoping review.,Nurse education today,Nurse Educ Today,2026,2026-08-23,eng,Journal Article|Review,6,4,2,rti,Respiratory-tract infections,rti,0,Other/unspecified,,Disease management|Surveillance and epidemiology|Infection prevention and control,3,1,1,"Nadarajah, Nandhini","Seah, Betsy",Singapore,Singapore,National University Hospital|National University of Singapore|Tan Tock Seng Hospital|Woodlands Health,Australia|Singapore,National University Hospital|National University of Singapore|Tan Tock Seng Hospital|Woodlands Health,rti_t3,"evidence, clinical, health, review","evidence, clinical, health, review, outcomes, substantial, evaluation, management",0.801869,0.219379,include,mechanical,INC-GEO-01,,pubmed,geo_all_id_1|geo_amr_hai_3|geo_rti_1,0
doi:10.1007/s40273-026-01609-0,41820715,PMC13290946,10.1007/s40273-026-01609-0,https://pubmed.ncbi.nlm.nih.gov/41820715/,Economic Evaluation of the Addition of Vancomycin to Cefazolin Prophylaxis in Patients Undergoing Arthroplasty.,PharmacoEconomics,Pharmacoeconomics,2026,2026-03-13,eng,Journal Article|Randomized Controlled Trial|Multicenter Study,16,2,2,amr_hai,AMR and healthcare-associated infections,amr_hai,0,Anti-Bacterial Agents,Anti-Bacterial Agents|Surgical Wound Infection,Clinical studies,1,0,1,"Tran-Duy, An",,Australia,,National University of Singapore,Australia|Singapore,National University of Singapore|University of Melbourne,amr_hai_t1,"infection, hospital, included, prevention","infection, hospital, included, prevention, conducted, outcomes, january, interventions",0.149965,0.743646,include,mechanical,INC-GEO-01,,pubmed,geo_amr_hai_5,0
doi:10.1371/journal.pcbi.1014313,42160384,PMC13218623,10.1371/journal.pcbi.1014313,https://pubmed.ncbi.nlm.nih.gov/42160384/,Dynamics of trachoma infection in West Africa revealed by a hidden state model.,PLoS computational biology,PLoS Comput Biol,2026,2026-05-20,eng,Journal Article,7,3,2,sti,Sexually-transmitted infections,sti,0,Other/unspecified,,Modelling,1,0,1,"Carson, Jake","Spencer, Simon E F",United Kingdom,United Kingdom,National University of Singapore,Singapore|United Kingdom,London School of Hygiene & Tropical Medicine|National University of Singapore|University of Oxford,sti_t2,"vaccines, health, program, national","vaccines, health, program, national, papillomavirus, vaccination, human, per",0.41809,0.416726,include,mechanical,INC-GEO-01,,pubmed,geo_sti_1|geo_sti_3,0
doi:10.1038/s41467-026-71566-x,41974676,PMC13284343,10.1038/s41467-026-71566-x,https://pubmed.ncbi.nlm.nih.gov/41974676/,Dormancy regulon reduction was pivotal to the evolution of Mycobacterium tuberculosis.,Nature communications,Nat Commun,2026,2026-04-13,eng,Journal Article,25,6,7,tb,Tuberculosis,tb,0,Mycobacterium tuberculosis,Mycobacterium tuberculosis,Genomics|Basic research,2,0,1,"Silcocks, Matthew","Dunstan, Sarah J",Australia,Australia,National University Health System|National University of Singapore,Australia|Nepal|New Zealand|Singapore|United Kingdom|United States|Viet Nam,London School of Hygiene & Tropical Medicine|National University Health System|National University of Singapore|Oxford University Clinical Research Unit|University of Melbourne|University of Oxford,tb_t1,"antitubercular, drug, agents, multidrug-resistant","antitubercular, drug, agents, multidrug-resistant, treatment, rifampin, drugs, mycobacterium",0.905138,0.604698,include,mechanical,INC-GEO-01,regional_participation,pubmed,geo_tb_3,0
doi:10.1186/s12879-026-13946-8,42414940,,10.1186/s12879-026-13946-8,https://pubmed.ncbi.nlm.nih.gov/42414940/,Distinct molecular epidemiology and outcomes of carbapenem-resistant gram-negative infections in Lebanon: insights from the MDRO network.,BMC infectious diseases,BMC Infect Dis,2026,2026-07-07,eng,Journal Article,19,2,3,amr_hai,AMR and healthcare-associated infections,amr_hai,0,Other/unspecified,,Surveillance and epidemiology|Genomics,2,0,1,"Jabbour, Jean-Francois","Kanj, Souha S",Lebanon,Lebanon,National University of Singapore,Lebanon|Singapore|United States,National University of Singapore|World Health Organization,amr_hai_t1,"infection, hospital, included, prevention","infection, hospital, included, prevention, conducted, outcomes, january, interventions",0.6378,0.535779,include,mechanical,INC-GEO-01,,pubmed,geo_amr_hai_3,0
doi:10.64898/2026.07.03.736289,42427739,PMC13345195,10.64898/2026.07.03.736289,https://pubmed.ncbi.nlm.nih.gov/42427739/,Distinct RNA engagements define genome import and replication elongation in alphaviruses.,bioRxiv : the preprint server for biology,bioRxiv,2026,2026-07-03,eng,Journal Article|Preprint,5,2,2,vector_borne,Vector-borne diseases,vector_borne,0,Other/unspecified,,Virology,1,1,1,"Tan, Yaw Bia","Luo, Dahai",Singapore,Singapore,Nanyang Technological University|National Centre for Infectious Diseases,Estonia|Singapore,Nanyang Technological University|National Centre for Infectious Diseases,vector_borne_t2,"surveillance, including, diversity, health","surveillance, including, diversity, health, capacity, research, evidence, integrated",0.0,0.397396,include,mechanical,INC-GEO-01,,pubmed,geo_vector_borne_1,0
doi:10.1016/j.pt.2026.06.011,42443030,,10.1016/j.pt.2026.06.011,https://pubmed.ncbi.nlm.nih.gov/42443030/,Dissection versus PCR: Malaria vector incrimination in the molecular era.,Trends in parasitology,Trends Parasitol,2026,2026-07-13,eng,Journal Article,4,3,3,vector_borne,Vector-borne diseases,vector_borne,0,Mosquito Vectors,Mosquito Vectors,Entomology,1,1,1,"Vythilingam, Indra","Fornace, Kimberly",Malaysia,Singapore,National University of Singapore,Malaysia|Singapore|Switzerland,National University of Singapore|University of Malaya|World Health Organization,vector_borne_t6,"included, evaluation, rapid, settings","included, evaluation, rapid, settings, detection, southeast, positive, denv",0.420195,0.813555,include,mechanical,INC-GEO-01,,pubmed,geo_vector_borne_2|geo_vector_borne_4,0
doi:10.1371/journal.ppat.1013609,41931535,PMC13065080,10.1371/journal.ppat.1013609,https://pubmed.ncbi.nlm.nih.gov/41931535/,Discovery of a potent anti-Zika virus benzamide series targeting the viral protein NS4B.,PLoS pathogens,PLoS Pathog,2026,2026-04-03,eng,Journal Article,20,3,2,vector_borne,Vector-borne diseases,vector_borne,0,Zika Virus,Zika Virus|Zika Virus Infection|Viral Nonstructural Proteins|Antiviral Agents,Virology|Treatment,2,0,1,"Chung, Donghoon","Bannister, Thomas D",United States,United States,Experimental Drug Development Centre|Nanyang Technological University|National Centre for Infectious Diseases,Singapore|United States,Experimental Drug Development Centre|Nanyang Technological University|National Centre for Infectious Diseases,vector_borne_t1,"infection, fever, although, male","infection, fever, although, male, aged, adult, yellow, zikv",0.180806,0.219878,include,mechanical,INC-GEO-01,,pubmed,geo_vector_borne_5,0
doi:10.3389/fimmu.2026.1921846,42625910,PMC13490157,10.3389/fimmu.2026.1921846,https://pubmed.ncbi.nlm.nih.gov/42625910/,Differential functional immune recall across homologous and heterologous COVID-19 vaccination regimens.,Frontiers in immunology,Front Immunol,2026,2026-08-06,eng,"Journal Article|Research Support, Non-U.S. Gov't|Research Support, U.S. Gov't, Non-P.H.S.",8,1,2,rti,Respiratory-tract infections,rti,0,COVID-19,"COVID-19|SARS-CoV-2|COVID-19 Vaccines|Cytokines|Antibodies, Neutralizing|Antibodies, Viral|B-Lymphocytes",Vaccine|Immunology,2,0,1,"Che-Kamaruddin, Naim","AbuBakar, Sazaly",Malaysia,Malaysia,,Malaysia|Singapore,University of Malaya,rti_t2,"sars-cov-2, responses, immune, vaccine","sars-cov-2, responses, immune, vaccine, vaccines, spike, humans, female",0.244132,0.746388,include,mechanical,INC-GEO-01,,pubmed,geo_all_id_1|geo_rti_1|geo_rti_3|geo_rti_4|geo_rti_5,0
doi:10.2196/87328,42447482,PMC13416307,10.2196/87328,https://pubmed.ncbi.nlm.nih.gov/42447482/,Development of a Blended Physical Activity Intervention for Office Employees Using Intervention Mapping: Intervention Development Study.,JMIR human factors,JMIR Hum Factors,2026,2026-07-14,eng,"Journal Article|Research Support, Non-U.S. Gov't",11,2,6,rti,Respiratory-tract infections,rti,0,COVID-19,COVID-19,Clinical studies,1,0,1,"Sun, Yan","Baker, Julien S",Hong Kong SAR,China,Nanyang Technological University,Australia|China|Finland|Hong Kong SAR|Singapore|United States,Nanyang Technological University|University of Hong Kong,rti_t5,"social, health, public, key","social, health, public, key, policy, diverse, based, framework",0.583035,0.212352,include,mechanical,INC-GEO-01,regional_participation,pubmed,geo_rti_4|geo_rti_5,0
doi:10.1016/j.ebiom.2026.106447,42632234,PMC13524848,10.1016/j.ebiom.2026.106447,https://pubmed.ncbi.nlm.nih.gov/42632234/,Determining intracellular and extracellular activities of azithromycin against azithromycin-resistant Salmonella Typhi and their association with clinical treatment responses.,EBioMedicine,EBioMedicine,2026,2026-08-22,eng,Journal Article,15,3,4,other_id,Other infectious disease,other_id,0,Other/unspecified,,,0,0,1,"Thuy, Ngo Ngoc Phuong","Duy, Pham Thanh",Viet Nam,United Kingdom,A*STAR Infectious Diseases Labs,Nepal|Singapore|United Kingdom|Viet Nam,A*STAR Infectious Diseases Labs|Oxford University Clinical Research Unit|University of Oxford,other_id_t1,"cell, cells, vitro, reduced","cell, cells, vitro, reduced, promising, infection, demonstrate, therapeutic",0.423458,0.78515,include,agent,INC-TOP-01,regional_participation,pubmed,geo_amr_hai_2,0
doi:10.1371/journal.pone.0351023,42258549,PMC13245760,10.1371/journal.pone.0351023,https://pubmed.ncbi.nlm.nih.gov/42258549/,Detection and genetic characterization of Tembusu virus and other flaviviruses from mosquitoes in Lao PDR.,PloS one,PLoS One,2026,2026-06-08,eng,Journal Article,13,0,3,vector_borne,Vector-borne diseases,vector_borne,0,Mosquito Vectors,"Mosquito Vectors|Genome, Viral",Genomics|Entomology|Surveillance and epidemiology,3,0,1,"Vanhnollat, Chittaphone","Vongphayloth, Khamsing",Lao PDR,Lao PDR,,France|Lao PDR|Singapore,,vector_borne_t6,"included, evaluation, rapid, settings","included, evaluation, rapid, settings, detection, southeast, positive, denv",0.430875,0.498368,include,mechanical,INC-GEO-01,,pubmed,geo_vector_borne_1|geo_vector_borne_2|geo_vector_borne_4,0
doi:10.1016/j.ejmech.2026.119130,42447832,,10.1016/j.ejmech.2026.119130,https://pubmed.ncbi.nlm.nih.gov/42447832/,Design and synthesis of substituted pyrimidines with potent antiviral activity against dengue.,European journal of medicinal chemistry,Eur J Med Chem,2026,2026-07-09,eng,Journal Article,10,2,3,vector_borne,Vector-borne diseases,vector_borne,0,Dengue,Dengue|Dengue Virus|Viral Nonstructural Proteins|Antiviral Agents,Modelling|Treatment|Virology,3,0,1,"Kiousis, Dimitrios","Rassias, Gerasimos",Greece,Greece,Duke-NUS Medical School|National University of Singapore,Australia|Greece|Singapore,Duke-NUS Medical School|National University of Singapore,vector_borne_t3,"malaria, plasmodium, cell, cells","malaria, plasmodium, cell, cells, responsible, parasite, erythrocytes, binding",0.174563,0.12868,include,mechanical,INC-GEO-01,,pubmed,geo_vector_borne_1|geo_vector_borne_3|geo_vector_borne_4,0
doi:10.1002/biof.70105,42057356,PMC13129248,10.1002/biof.70105,https://pubmed.ncbi.nlm.nih.gov/42057356/,Dengue Virus Capsid Protein Interaction With Nucleic Acids.,"BioFactors (Oxford, England)",Biofactors,2026,2026-01-01,eng,Journal Article,8,1,2,vector_borne,Vector-borne diseases,vector_borne,0,Aedes,"Aedes|Dengue Virus|Genome, Viral",Entomology|Genomics,2,0,1,"Silva, Nelly M","Santos, Nuno C",Portugal,Portugal,Bioinformatics Institute,Portugal|Singapore,Bioinformatics Institute,vector_borne_t2,"surveillance, including, diversity, health","surveillance, including, diversity, health, capacity, research, evidence, integrated",0.198767,0.426025,include,mechanical,INC-GEO-01,,pubmed,geo_vector_borne_4,0
doi:10.1056/nejmoa2503304,41671481,,10.1056/nejmoa2503304,https://pubmed.ncbi.nlm.nih.gov/41671481/,Dengue Suppression by Male Wolbachia-Infected Mosquitoes.,The New England journal of medicine,N Engl J Med,2026,2026-02-11,eng,Journal Article|Randomized Controlled Trial,21,3,1,vector_borne,Vector-borne diseases,vector_borne,0,Dengue,"Dengue|Aedes|Mosquito Vectors|Dengue Virus|Wolbachia|Pest Control, Biological",Entomology|Surveillance and epidemiology,2,1,0,"Lim, Jue Tao",,Singapore,,Environmental Health Institute|Nanyang Technological University|National University of Singapore,Singapore,Environmental Health Institute|Nanyang Technological University|National University of Singapore,vector_borne_t4,"vectors, wolbachia, mosquito, aedes","vectors, wolbachia, mosquito, aedes, aegypti, mosquitoes, intervention, field",0.812129,0.348192,include,mechanical,INC-GEO-01,,pubmed,geo_vector_borne_5,0
doi:10.1111/jcmm.71353,42687229,PMC13538457,10.1111/jcmm.71353,https://pubmed.ncbi.nlm.nih.gov/42687229/,Delineating the Concerted Action of Virulence Attributes in Candida albicans Systemic Infection.,Journal of cellular and molecular medicine,J Cell Mol Med,2026,2026-Sep-01,eng,Journal Article,9,2,3,other_id,Other infectious disease,other_id,0,Other/unspecified,,,0,1,1,"Paulin, Olivia K A","Naglik, Julian R",Singapore,United Kingdom,A*STAR Infectious Diseases Labs|Temasek Life Sciences Laboratory,Singapore|United Kingdom|United States,A*STAR Infectious Diseases Labs|Temasek Life Sciences Laboratory,other_id_t2,"outcomes, days, clinical, infections","outcomes, days, clinical, infections, years, therapy, may, early",0.0,0.90504,include,agent,INC-TOP-01,,pubmed,geo_all_id_2,0
doi:10.1007/s10985-026-09690-5,41571915,,10.1007/s10985-026-09690-5,https://pubmed.ncbi.nlm.nih.gov/41571915/,Deep tobit model: an integrated framework for high-dimensional censored regression with variable selection.,Lifetime data analysis,Lifetime Data Anal,2026,2026-01-23,eng,Journal Article,4,1,2,sti,Sexually-transmitted infections,sti,0,HIV Infections,HIV Infections|Viral Load,Virology|Modelling,2,1,1,"Wu, Tong","Chen, Nan",Singapore,Singapore,National University of Singapore,China|Singapore,National University of Singapore,sti_t1,"hiv, therapy, male, infections","hiv, therapy, male, infections, people, living, infection, agents",0.584602,0.459785,include,mechanical,INC-GEO-01,,pubmed,geo_sti_3|geo_sti_4,0
doi:10.7759/cureus.114118,42703372,PMC13546611,10.7759/cureus.114118,https://pubmed.ncbi.nlm.nih.gov/42703372/,Deep Mycobacterium marinum Infection of the Digit Presenting Without Cutaneous Lesions: A Case Report.,Cureus,Cureus,2026,2026-08-07,eng,Case Reports|Journal Article,2,1,1,tb,Tuberculosis,tb,0,Other/unspecified,,Case study,1,1,0,"Tee, Wei Jie","Tunku Ahmad Yahaya, Tunku Sara",Singapore,,Changi General Hospital,Singapore,Changi General Hospital,tb_t1,"antitubercular, drug, agents, multidrug-resistant","antitubercular, drug, agents, multidrug-resistant, treatment, rifampin, drugs, mycobacterium",0.152547,0.48005,include,mechanical,INC-GEO-01,,pubmed,geo_all_id_2|geo_tb_2|geo_tb_3,0
doi:10.1371/journal.pone.0352661,42378212,PMC13318012,10.1371/journal.pone.0352661,https://pubmed.ncbi.nlm.nih.gov/42378212/,Cultural adaptation and psychometric validation of the Health Literacy Instrument for Adults with Tuberculosis (HELIA-TB) in India.,PloS one,PLoS One,2026,2026-06-30,eng,Journal Article|Validation Study,11,2,5,tb,Tuberculosis,tb,0,Tuberculosis,Tuberculosis,,0,0,1,"Chauhan, Arohi","Pati, Sanghamitra",India,India,National University of Singapore,Germany|India|Netherlands|Singapore|Uganda,National University of Singapore|World Health Organization,tb_t1,"antitubercular, drug, agents, multidrug-resistant","antitubercular, drug, agents, multidrug-resistant, treatment, rifampin, drugs, mycobacterium",0.663847,0.618282,include,mechanical,INC-GEO-01,regional_participation,pubmed,geo_tb_2|geo_tb_3,0
doi:10.4103/ijo.ijo_346_26,42200744,PMC13271539,10.4103/ijo.ijo_346_26,https://pubmed.ncbi.nlm.nih.gov/42200744/,Critical appraisal of intravitreal triamcinolone acetonide for serpiginous-like choroiditis in a tuberculosis-endemic setting.,Indian journal of ophthalmology,Indian J Ophthalmol,2026,2026-05-27,eng,Journal Article,1,0,1,tb,Tuberculosis,tb,0,Other/unspecified,,,0,1,0,"Sanjay, Srinivasan",,Singapore,,,Singapore,,tb_t1,"antitubercular, drug, agents, multidrug-resistant","antitubercular, drug, agents, multidrug-resistant, treatment, rifampin, drugs, mycobacterium",0.463856,1.0,include,mechanical,INC-GEO-01,,pubmed,geo_tb_2,0
doi:10.1016/j.lanwpc.2026.101892,42376243,PMC13311331,10.1016/j.lanwpc.2026.101892,https://pubmed.ncbi.nlm.nih.gov/42376243/,Cost-effectiveness and health impact of gender-neutral and single-dose HPV vaccination in Hong Kong: a modeling analysis.,The Lancet regional health. Western Pacific,Lancet Reg Health West Pac,2026,2026-06-17,eng,Journal Article,4,3,4,sti,Sexually-transmitted infections,sti,0,Other/unspecified,,Vaccine,1,0,1,"Choi, Horace Cheuk Wai","Wu, Joseph T",China,China,National University of Singapore,China|Singapore|United Kingdom|United States,London School of Hygiene & Tropical Medicine|National University of Singapore|University of Hong Kong,sti_t2,"vaccines, health, program, national","vaccines, health, program, national, papillomavirus, vaccination, human, per",0.066153,0.290644,include,mechanical,INC-GEO-01,regional_participation,pubmed,geo_sti_1,0
doi:10.2196/82143,42555953,PMC13490934,10.2196/82143,https://pubmed.ncbi.nlm.nih.gov/42555953/,Cost-Effectiveness of Virtual Emergency Care Models: Systematic Review.,JMIR mHealth and uHealth,JMIR Mhealth Uhealth,2026,2026-08-05,eng,Journal Article|Systematic Review,7,4,1,rti,Respiratory-tract infections,rti,0,Cost-Benefit Analysis,Cost-Benefit Analysis,,0,1,0,"Shankar, Ravi","Wong, Serene",Singapore,Singapore,Alexandra Hospital|National University Health System|National University of Singapore|Tan Tock Seng Hospital,Singapore,Alexandra Hospital|National University Health System|National University of Singapore|Tan Tock Seng Hospital,rti_t3,"evidence, clinical, health, review","evidence, clinical, health, review, outcomes, substantial, evaluation, management",0.714019,0.38745,include,mechanical,INC-GEO-01,,pubmed,geo_rti_1,0
doi:10.1017/ice.2026.10530,42655933,,10.1017/ice.2026.10530,https://pubmed.ncbi.nlm.nih.gov/42655933/,"Containing a(formerly)outbreak in Institute of Mental Health, Singapore: challenges and strategies for infection prevention and control.",Infection control and hospital epidemiology,Infect Control Hosp Epidemiol,2026,2026-08-27,eng,Journal Article,10,4,1,amr_hai,AMR and healthcare-associated infections,amr_hai,0,Other/unspecified,,Infection prevention and control,1,1,0,"Lin, Xiqing","Lee, Jason Kim Huat",Singapore,Singapore,Institute of Mental Health|National Centre for Infectious Diseases|National Public Health Laboratory|National University of Singapore,Singapore,Institute of Mental Health|National Centre for Infectious Diseases|National Public Health Laboratory|National University of Singapore,amr_hai_t1,"infection, hospital, included, prevention","infection, hospital, included, prevention, conducted, outcomes, january, interventions",0.982007,0.642678,include,mechanical,INC-GEO-01,,pubmed,geo_all_id_1|geo_amr_hai_1|geo_amr_hai_3,0
doi:10.1128/spectrum.01906-25,42454932,PMC13436402,10.1128/spectrum.01906-25,https://pubmed.ncbi.nlm.nih.gov/42454932/,Construction and validation of a phenotypic prediction model for bacterial gentamicin resistance using deep learning with gene sequences.,Microbiology spectrum,Microbiol Spectr,2026,2026-07-15,eng,Journal Article,10,1,2,amr_hai,AMR and healthcare-associated infections,amr_hai,0,Anti-Bacterial Agents,Anti-Bacterial Agents|Microbial Sensitivity Tests|Klebsiella pneumoniae|Klebsiella Infections,Genomics,1,0,1,"Li, Jun","Liu, Xiaoxiao",China,China,National University of Singapore,China|Singapore,National University of Singapore,amr_hai_t1,"infection, hospital, included, prevention","infection, hospital, included, prevention, conducted, outcomes, january, interventions",0.527228,0.451982,include,mechanical,INC-GEO-01,,pubmed,geo_amr_hai_1|geo_amr_hai_4|geo_amr_hai_5,0
doi:10.1177/09564624261424560,41736459,,10.1177/09564624261424560,https://pubmed.ncbi.nlm.nih.gov/41736459/,"Consensus recommendations for testing of, andinfections in the Asia-Pacific (APAC)-modified Delphi method.",International journal of STD & AIDS,Int J STD AIDS,2026,2026-02-24,eng,Consensus Statement|Journal Article,13,2,9,sti,Sexually-transmitted infections,sti,0,Other/unspecified,,,0,0,1,"Whiley, David","Bradshaw, Catriona S",Australia,Australia,National Skin Centre,Australia|India|Japan|Malaysia|Republic of Korea|Singapore|Taiwan|Thailand|Viet Nam,National Skin Centre|Peter Doherty Institute for Infection and Immunity,sti_t1,"hiv, therapy, male, infections","hiv, therapy, male, infections, people, living, infection, agents",0.220856,0.375928,include,mechanical,INC-GEO-01,regional_participation,pubmed,geo_sti_2|geo_sti_3|geo_sti_4,0
doi:10.1002/advs.76769,42496045,PMC13398136,10.1002/advs.76769,https://pubmed.ncbi.nlm.nih.gov/42496045/,Computation and Structure-Guided Arginine Scanning Engineers a Hyperactive AP Endonuclease for Multiplex Viral RNA Sensing.,"Advanced science (Weinheim, Baden-Wurttemberg, Germany)",Adv Sci (Weinh),2026,2026-07-24,eng,Journal Article,21,1,2,vector_borne,Vector-borne diseases,vector_borne|rti,1,Other/unspecified,,,0,1,1,"Wang, Junlan","Hu, Chunyi",Singapore,Singapore,National University of Singapore,China|Singapore,National University of Singapore,vector_borne_t4,"vectors, wolbachia, mosquito, aedes","vectors, wolbachia, mosquito, aedes, aegypti, mosquitoes, intervention, field",0.073897,0.607579,include,mechanical,INC-GEO-01,,pubmed,geo_rti_2|geo_vector_borne_1,0
doi:10.1093/cid/ciag361,42283325,,10.1093/cid/ciag361,https://pubmed.ncbi.nlm.nih.gov/42283325/,Comparison of three linezolid management strategies for peripheral neuropathy in multidrug- or rifampicin-resistant tuberculosis treatment: a target trial emulation.,Clinical infectious diseases : an official publication of the Infectious Diseases Society of America,Clin Infect Dis,2026,2026-06-12,eng,Journal Article,26,2,11,tb,Tuberculosis,tb|amr_hai,1,Other/unspecified,,Treatment,1,0,1,"Romo, Matthew","Franke, Molly F",United States,United States,,Canada|Ethiopia|France|Indonesia|Myanmar|Pakistan|Peru|Singapore|South Africa|United Kingdom|United States,Harvard University|London School of Hygiene & Tropical Medicine,tb_t1,"antitubercular, drug, agents, multidrug-resistant","antitubercular, drug, agents, multidrug-resistant, treatment, rifampin, drugs, mycobacterium",0.476653,0.112514,include,mechanical,INC-GEO-01,regional_participation,pubmed,geo_tb_2,0
doi:10.1016/j.vaccine.2026.129079,42648051,,10.1016/j.vaccine.2026.129079,https://pubmed.ncbi.nlm.nih.gov/42648051/,Comparing the potential impacts of seasonal immunisation against year-round immunisation to prevent RSV infant hospitalisations in Japan: A modelling study.,Vaccine,Vaccine,2026,2026-08-26,eng,Journal Article,5,2,4,rti,Respiratory-tract infections,rti,0,Other/unspecified,,Modelling,1,0,1,"Monoi, Ayaka","Flasche, Stefan",Germany,Germany,National University of Singapore,Germany|Japan|Singapore|United Kingdom,London School of Hygiene & Tropical Medicine|National University of Singapore,rti_t1,"incidence, months, remained, maternal","incidence, months, remained, maternal, infants, retrospective, database, april",0.624319,0.83362,include,mechanical,INC-GEO-01,regional_participation,pubmed,geo_rti_3,0
doi:10.1186/s12985-026-03231-0,42365317,,10.1186/s12985-026-03231-0,https://pubmed.ncbi.nlm.nih.gov/42365317/,Comparative dynamics of Japanese encephalitis virus adaptation in porcine macrophages and insect cells.,Virology journal,Virol J,2026,2026-06-27,eng,Journal Article,13,2,2,vector_borne,Vector-borne diseases,vector_borne,0,Other/unspecified,,Entomology|Genomics|Basic research,3,0,1,"Marti, Andrea","Summerfield, Artur",Switzerland,Switzerland,A*STAR Infectious Diseases Labs|National University of Singapore,Singapore|Switzerland,A*STAR Infectious Diseases Labs|National University of Singapore,vector_borne_t3,"malaria, plasmodium, cell, cells","malaria, plasmodium, cell, cells, responsible, parasite, erythrocytes, binding",0.172212,0.704825,include,mechanical,INC-GEO-01,,pubmed,geo_vector_borne_1|geo_vector_borne_2,0
doi:10.3390/cells15131146,42439623,PMC13359856,10.3390/cells15131146,https://pubmed.ncbi.nlm.nih.gov/42439623/,Combination of Remdesivir and Ivermectin Exerts Highly Potent and Synergistic Antiviral Activity Against Murine Coronavirus and SARS-CoV-2 Infections.,Cells,Cells,2026,2026-06-24,eng,Journal Article,10,2,1,rti,Respiratory-tract infections,rti,0,SARS-CoV-2,SARS-CoV-2|Antiviral Agents|Coronavirus Infections|Virus Replication,Virology|Treatment,2,1,0,"Lew, Ryan Z Z","Chow, Vincent T K",Singapore,Singapore,National University of Singapore|Singapore Immunology Network,Singapore,National University of Singapore|Singapore Immunology Network,rti_t6,"viral, protein, animals, virus","viral, protein, animals, virus, replication, genetic, potential, infections",0.003112,0.745553,include,mechanical,INC-GEO-01,,pubmed,geo_rti_4|geo_rti_5,0
doi:10.1016/j.jare.2026.09.007,42697477,,10.1016/j.jare.2026.09.007,https://pubmed.ncbi.nlm.nih.gov/42697477/,Clofoctol-derived amphiphilic peptidomimetics exhibit broadened antimicrobial activity via multiple contributing mechanisms.,Journal of advanced research,J Adv Res,2026,2026-09-04,eng,Journal Article,13,1,2,amr_hai,AMR and healthcare-associated infections,amr_hai,0,Other/unspecified,,Treatment,1,1,1,"Liu, Jiayong","Lin, Shuimu",China,China,Nanyang Technological University,China|Singapore,Nanyang Technological University,amr_hai_t2,"agents, tests, activity, sensitivity","agents, tests, activity, sensitivity, antibacterial, anti-bacterial, animals, microbial",0.358906,0.093483,include,mechanical,INC-GEO-01,,pubmed,geo_all_id_2|geo_amr_hai_1,0
doi:10.5492/wjccm.v15.i1.110763,41883759,PMC13010506,10.5492/wjccm.v15.i1.110763,https://pubmed.ncbi.nlm.nih.gov/41883759/,Clinical scoring systems for diagnosing tuberculous meningitis: A systematic review.,World journal of critical care medicine,World J Crit Care Med,2026,2026-03-09,eng,Journal Article,4,2,1,tb,Tuberculosis,tb,0,Other/unspecified,,Detection,1,1,0,"Teo, Elizabeth","See, Kay C",Singapore,Singapore,National University Hospital|National University of Singapore,Singapore,National University Hospital|National University of Singapore,tb_t2,"diagnosis, diagnostic, conducted, systematic","diagnosis, diagnostic, conducted, systematic, included, characteristics, symptoms, age",0.232116,0.653718,include,mechanical,INC-GEO-01,,pubmed,geo_tb_3,0
doi:10.1038/s41598-026-59102-9,42336999,,10.1038/s41598-026-59102-9,https://pubmed.ncbi.nlm.nih.gov/42336999/,Clinical presentation and outcomes in non-maltophilia Stenotrophomonas spp. bloodstream infections.,Scientific reports,Sci Rep,2026,2026-07-06,eng,Journal Article,4,2,1,other_id,Other infectious disease,other_id,0,Other/unspecified,,Genomics,1,1,0,"Koh, Matthew Chung Yi","Chew, Ka Lip",Singapore,Singapore,National University Health System|National University Hospital,Singapore,National University Health System|National University Hospital,other_id_t2,"outcomes, days, clinical, infections","outcomes, days, clinical, infections, years, therapy, may, early",0.190672,0.328927,include,agent,INC-TOP-01,,pubmed,geo_amr_hai_3,0
doi:10.1093/ehjqcco/qcaf145,41299837,,10.1093/ehjqcco/qcaf145,https://pubmed.ncbi.nlm.nih.gov/41299837/,"Clinical characteristics, management and outcomes of enterococcal infective endocarditis: an ancillary study from the ESC-EORP EURO-ENDO registry.",European heart journal. Quality of care & clinical outcomes,Eur Heart J Qual Care Clin Outcomes,2026,2026-Apr-29,eng,Journal Article|Multicenter Study,22,0,10,amr_hai,AMR and healthcare-associated infections,amr_hai,0,Anti-Bacterial Agents,Anti-Bacterial Agents,Disease management,1,0,1,"Philip, Mary",,France,,,Belgium|France|India|Italy|Netherlands|Portugal|Romania|Singapore|Spain|United Kingdom,,amr_hai_t1,"infection, hospital, included, prevention","infection, hospital, included, prevention, conducted, outcomes, january, interventions",0.511881,0.715484,include,mechanical,INC-GEO-01,regional_participation,pubmed,geo_amr_hai_2,0
doi:10.1371/journal.pone.0349232,42348536,PMC13298753,10.1371/journal.pone.0349232,https://pubmed.ncbi.nlm.nih.gov/42348536/,"Clinical and cost-effectiveness of the digital intervention, MyWay Diabetes, in people with type 2 diabetes living in Greater Manchester during the COVID-19 pandemic.",PloS one,PLoS One,2026,2026-06-25,eng,Journal Article,16,1,3,rti,Respiratory-tract infections,rti,0,COVID-19,COVID-19|SARS-CoV-2|Cost-Benefit Analysis,,0,0,1,"Ravindrarajah, Rathi","Rutter, Martin K",United Kingdom,United Kingdom,National University of Singapore,Denmark|Singapore|United Kingdom,National University of Singapore,rti_t2,"sars-cov-2, responses, immune, vaccine","sars-cov-2, responses, immune, vaccine, vaccines, spike, humans, female",0.828934,0.282672,include,mechanical,INC-GEO-01,,pubmed,geo_amr_hai_4|geo_rti_4,0
doi:10.3390/antibiotics15080715,42650640,PMC13509291,10.3390/antibiotics15080715,https://pubmed.ncbi.nlm.nih.gov/42650640/,Clinical Outcomes and Healthcare Resource Utilization Results Among Hospitalized Adults with Cystic Fibrosis Treated with Ceftolozane/Tazobactam: A SPECTRA Real-World Subgroup Analysis.,"Antibiotics (Basel, Switzerland)",Antibiotics (Basel),2026,2026-07-23,eng,Journal Article,8,1,6,amr_hai,AMR and healthcare-associated infections,amr_hai,0,Other/unspecified,,,0,0,1,"Yucel, Emre","Kaul, Sunny",United States,United Kingdom,Tan Tock Seng Hospital,Austria|Germany|Singapore|Spain|United Kingdom|United States,Tan Tock Seng Hospital,amr_hai_t1,"infection, hospital, included, prevention","infection, hospital, included, prevention, conducted, outcomes, january, interventions",0.199444,0.828428,include,mechanical,INC-GEO-01,regional_participation,pubmed,geo_amr_hai_1|geo_amr_hai_3,0
doi:10.3390/ani16152314,42588952,PMC13463572,10.3390/ani16152314,https://pubmed.ncbi.nlm.nih.gov/42588952/,Classification Evolution and Epitope Prediction of the Porcine Epidemic Diarrhea Virus (PEDV) Spike Protein in Thailand (2008-2024): Updated Insights for Preventive Strategies.,Animals : an open access journal from MDPI,Animals (Basel),2026,2026-07-27,eng,Journal Article,6,0,3,rti,Respiratory-tract infections,rti,0,Other/unspecified,,Genomics|Immunology,2,0,1,"Stott, Christopher James","Nilubol, Dachrit",Thailand,Thailand,,Singapore|Thailand|United States,,rti_t6,"viral, protein, animals, virus","viral, protein, animals, virus, replication, genetic, potential, infections",0.0,0.670016,include,mechanical,INC-GEO-01,,pubmed,geo_rti_1,0
doi:10.7759/cureus.113372,42639625,PMC13503021,10.7759/cureus.113372,https://pubmed.ncbi.nlm.nih.gov/42639625/,Chronic Eosinophilic Pneumonia Masquerading as Non-resolving Upper Lobe Pneumonia.,Cureus,Cureus,2026,2026-07-25,eng,Case Reports|Journal Article,1,1,1,tb,Tuberculosis,tb|rti,1,Other/unspecified,,Surveillance and epidemiology,1,1,0,"Liew, Jason",,Singapore,,Changi General Hospital,Singapore,Changi General Hospital,tb_t2,"diagnosis, diagnostic, conducted, systematic","diagnosis, diagnostic, conducted, systematic, included, characteristics, symptoms, age",0.069498,0.48965,include,mechanical,INC-GEO-01,,pubmed,geo_rti_3|geo_tb_2,0
doi:10.1039/d6sc00255b,42388819,PMC13322742,10.1039/d6sc00255b,https://pubmed.ncbi.nlm.nih.gov/42388819/,Chemoproteomics unveils the antibacterial mechanism of silver ions: inhibiting peptidoglycan synthesistargeting Mur family proteins in.,Chemical science,Chem Sci,2026,2026-04-23,eng,Journal Article,17,1,2,amr_hai,AMR and healthcare-associated infections,amr_hai,0,Other/unspecified,,,0,0,1,"Zhou, Lirun","Wang, Jigang",China,China,National University of Singapore,China|Singapore,National University of Singapore,amr_hai_t2,"agents, tests, activity, sensitivity","agents, tests, activity, sensitivity, antibacterial, anti-bacterial, animals, microbial",0.276796,0.086237,include,mechanical,INC-GEO-01,,pubmed,geo_amr_hai_3,0
doi:10.2196/67870,42415653,PMC13342692,10.2196/67870,https://pubmed.ncbi.nlm.nih.gov/42415653/,Characterizing the Epidemiology of Influenza A Viruses at the Swine-Human Interface: Study Protocol of the PigFluCam+ Project in Cambodia.,JMIR research protocols,JMIR Res Protoc,2026,2026-07-07,eng,"Journal Article|Research Support, U.S. Gov't, Non-P.H.S.",18,2,3,rti,Respiratory-tract infections,rti,0,"Influenza, Human","Influenza, Human",Surveillance and epidemiology|Genomics,2,0,1,"Holt, Hannah","Rudge, James W",United Kingdom,United Kingdom,Duke-NUS Medical School,Cambodia|Singapore|United Kingdom,Duke-NUS Medical School|London School of Hygiene & Tropical Medicine,rti_t1,"incidence, months, remained, maternal","incidence, months, remained, maternal, infants, retrospective, database, april",0.360073,0.498358,include,mechanical,INC-GEO-01,,pubmed,geo_rti_2|geo_rti_4|geo_rti_5,0
doi:10.1093/cid/ciaf467,40843468,PMC13017710,10.1093/cid/ciaf467,https://pubmed.ncbi.nlm.nih.gov/40843468/,Characterizing Treatment Adherence Trajectories in the endTB Multisite Cohort of Drug-Resistant Tuberculosis Patients: An Application of Group-Based Trajectory Modeling.,Clinical infectious diseases : an official publication of the Infectious Diseases Society of America,Clin Infect Dis,2026,2026-Mar-17,eng,"Journal Article|Observational Study|Multicenter Study|Research Support, Non-U.S. Gov't",22,3,14,tb,Tuberculosis,tb|amr_hai,1,Antitubercular Agents,"Antitubercular Agents|Rifampin|Tuberculosis, Multidrug-Resistant",Treatment|Clinical studies,2,0,1,"Law, Stephanie","Mitnick, Carole D",Canada,United States,,Canada|Denmark|Ethiopia|France|Haiti|Indonesia|Pakistan|Peru|Singapore|South Africa|Switzerland|United Kingdom|United States|Viet Nam,Harvard University|London School of Hygiene & Tropical Medicine|World Health Organization,tb_t1,"antitubercular, drug, agents, multidrug-resistant","antitubercular, drug, agents, multidrug-resistant, treatment, rifampin, drugs, mycobacterium",0.461152,0.399111,include,mechanical,INC-GEO-01,regional_participation,pubmed,geo_tb_4,0
doi:10.1016/j.vaccine.2026.128917,42497670,,10.1016/j.vaccine.2026.128917,https://pubmed.ncbi.nlm.nih.gov/42497670/,"Characterization of vaccine viremia, attenuation reversion, and safety: Combined results from the TAK-003 dengue vaccine clinical development program.",Vaccine,Vaccine,2026,2026-07-24,eng,"Journal Article|Clinical Trial, Phase II|Clinical Trial, Phase I",16,3,7,vector_borne,Vector-borne diseases,vector_borne,0,Dengue,Dengue|Dengue Virus,Virology|Vaccine,2,0,1,"Tricou, Vianney","Biswal, Shibadas",Switzerland,United States,Singapore General Hospital,Colombia|Panama|Philippines|Singapore|Switzerland|Thailand|United States,Mahidol University|Singapore General Hospital|Takeda Pharmaceuticals,vector_borne_t1,"infection, fever, although, male","infection, fever, although, male, aged, adult, yellow, zikv",0.633799,0.491476,include,mechanical,INC-GEO-01,regional_participation,pubmed,geo_vector_borne_1|geo_vector_borne_3|geo_vector_borne_4,0
doi:10.1038/s41467-026-75954-1,42642437,PMC13507159,10.1038/s41467-026-75954-1,https://pubmed.ncbi.nlm.nih.gov/42642437/,Characterization and evolutionary history of novel SARS-CoV-2-related viruses in bats from Cambodia.,Nature communications,Nat Commun,2026,2026-07-23,eng,Journal Article,23,1,5,rti,Respiratory-tract infections,rti,0,COVID-19,COVID-19|SARS-CoV-2|Coronavirus Infections,Genomics|Surveillance and epidemiology|Virology,3,0,1,"Ou, Tey Putita","Simon-Loriere, Etienne",Cambodia,France,Duke-NUS Medical School,Cambodia|France|Japan|Madagascar|Singapore,Duke-NUS Medical School,rti_t6,"viral, protein, animals, virus","viral, protein, animals, virus, replication, genetic, potential, infections",0.012377,0.506883,include,mechanical,INC-GEO-01,regional_participation,pubmed,geo_all_id_1|geo_amr_hai_4|geo_rti_3|geo_rti_4|geo_rti_5,0
doi:10.1016/j.ijid.2026.109080,42660413,,10.1016/j.ijid.2026.109080,https://pubmed.ncbi.nlm.nih.gov/42660413/,"Changes in respiratory virus seasonality across the COVID-19 pandemic: a multicentre comparative study in Leicester, Rotterdam, Hong Kong, and Christchurch.",International journal of infectious diseases : IJID : official publication of the International Society for Infectious Diseases,Int J Infect Dis,2026,2026-08-27,eng,Journal Article,19,2,7,rti,Respiratory-tract infections,rti,0,Other/unspecified,,Surveillance and epidemiology,1,0,1,"Wagatsuma, Keita","Tang, Julian W",Japan,United Kingdom,National University Health System,Australia|China|Japan|Netherlands|New Zealand|Singapore|United Kingdom,National University Health System|University of Hong Kong,rti_t1,"incidence, months, remained, maternal","incidence, months, remained, maternal, infants, retrospective, database, april",0.389803,0.916377,include,mechanical,INC-GEO-01,regional_participation,pubmed,geo_rti_1|geo_rti_2|geo_rti_3,0
doi:10.1097/jnr.0000000000000757,42579520,PMC13465702,10.1097/jnr.0000000000000757,https://pubmed.ncbi.nlm.nih.gov/42579520/,Challenges and Prospects for Preventing the COVID-19 Pandemic in Nursing Homes in Taiwan: A Mixed-Methods Study.,The journal of nursing research : JNR,J Nurs Res,2026,2026-08-01,eng,Journal Article,6,1,2,rti,Respiratory-tract infections,rti|amr_hai,1,COVID-19,COVID-19|SARS-CoV-2|Coronavirus Infections,Infection prevention and control,1,1,1,"Kung, Po-Jen","Wang, Jing-Jy",Singapore,Taiwan,National University of Singapore,Singapore|Taiwan,National University of Singapore,rti_t2,"sars-cov-2, responses, immune, vaccine","sars-cov-2, responses, immune, vaccine, vaccines, spike, humans, female",0.678154,0.194703,include,mechanical,INC-GEO-01,,pubmed,geo_amr_hai_4|geo_rti_1|geo_rti_4|geo_rti_5,0
doi:10.1177/09564624261440693,41911297,,10.1177/09564624261440693,https://pubmed.ncbi.nlm.nih.gov/41911297/,Ceftriaxone-resistantin Singapore: Eight years of sentinel surveillance.,International journal of STD & AIDS,Int J STD AIDS,2026,2026-03-30,eng,Journal Article,4,2,1,sti,Sexually-transmitted infections,sti|amr_hai,1,Other/unspecified,,Surveillance and epidemiology|Treatment,2,1,0,"Tsai, Ren Jie","Yeo, Benson Koon Wee",Singapore,Singapore,National Skin Centre|Singapore General Hospital,Singapore,National Skin Centre|Singapore General Hospital,sti_t1,"hiv, therapy, male, infections","hiv, therapy, male, infections, people, living, infection, agents",0.372125,0.50573,include,mechanical,INC-GEO-01,,pubmed,geo_sti_1|geo_sti_2|geo_sti_3|geo_sti_4,0
doi:10.1371/journal.pone.0351209,42313873,PMC13278578,10.1371/journal.pone.0351209,https://pubmed.ncbi.nlm.nih.gov/42313873/,COVID-19 alert level systems-Lessons learnt for future public health emergencies: A qualitative study.,PloS one,PLoS One,2026,2026-06-18,eng,Journal Article,5,0,1,rti,Respiratory-tract infections,rti,0,COVID-19,COVID-19|SARS-CoV-2,,0,0,0,"Rohan, Hana","McClelland, Amanda",United States,United States,,United States,,rti_t5,"social, health, public, key","social, health, public, key, policy, diverse, based, framework",0.693727,0.078453,include,agent,INC-GEO-02,,pubmed,geo_rti_4,0
doi:10.1111/imcb.70135,42203213,PMC13436264,10.1111/imcb.70135,https://pubmed.ncbi.nlm.nih.gov/42203213/,"CD49a expression defines a metabolically robust, cytokine-biased liver NK cell subset in rhesus macaques during lentivirus infection.",Immunology and cell biology,Immunol Cell Biol,2026,2026-05-27,eng,Journal Article,5,1,2,other_id,Other infectious disease,other_id,0,Other/unspecified,,Immunology,1,0,1,"Hudson, Andrew","Manickam, Cordelia",United States,United States,Duke-NUS Medical School,Singapore|United States,Duke-NUS Medical School,other_id_t1,"cell, cells, vitro, reduced","cell, cells, vitro, reduced, promising, infection, demonstrate, therapeutic",0.499621,0.94247,include,agent,INC-TOP-01,,pubmed,geo_sti_1,0
doi:10.3389/fimmu.2026.1824198,42500663,PMC13396285,10.3389/fimmu.2026.1824198,https://pubmed.ncbi.nlm.nih.gov/42500663/,"CD19, immunoglobulin level, and varied anti-cytokine autoantibodies underline dichotomous susceptibility to types of infection in patients with thymomas.",Frontiers in immunology,Front Immunol,2026,2026-07-10,eng,Journal Article,20,5,2,other_id,Other infectious disease,other_id,0,Other/unspecified,,Immunology|Disease management,2,1,1,"Tan, Zhaohong","Chai, Louis Yi Ann",Singapore,Singapore,Changi General Hospital|DSO National Laboratories|National University Health System|National University of Singapore|Singapore General Hospital,Republic of Korea|Singapore,Changi General Hospital|DSO National Laboratories|National University Health System|National University of Singapore|Singapore General Hospital,other_id_t2,"outcomes, days, clinical, infections","outcomes, days, clinical, infections, years, therapy, may, early",0.421368,0.543444,include,agent,INC-TOP-01,,pubmed,geo_tb_3,0
doi:10.1016/j.immuni.2026.07.006,42551426,,10.1016/j.immuni.2026.07.006,https://pubmed.ncbi.nlm.nih.gov/42551426/,CD163red pulp macrophages interact with marginal metallophilic macrophages during blood-stage malaria to maintain splenic architecture.,Immunity,Immunity,2026,2026-08-04,eng,Journal Article,13,3,6,vector_borne,Vector-borne diseases,vector_borne,0,Other/unspecified,,,0,0,1,"Mauel, Katharina","Mass, Elvira",Australia,Germany,SingHealth|Singapore Immunology Network,Australia|China|France|Germany|Portugal|Singapore,Peter Doherty Institute for Infection and Immunity|SingHealth|Singapore Immunology Network,vector_borne_t3,"malaria, plasmodium, cell, cells","malaria, plasmodium, cell, cells, responsible, parasite, erythrocytes, binding",0.044596,0.740604,include,mechanical,INC-GEO-01,regional_participation,pubmed,geo_vector_borne_2,0
doi:10.4269/ajtmh.25-0311,42013833,PMC13235611,10.4269/ajtmh.25-0311,https://pubmed.ncbi.nlm.nih.gov/42013833/,Burden of Dengue in Pregnant Individuals: A Systematic Literature Review.,The American journal of tropical medicine and hygiene,Am J Trop Med Hyg,2026,2026-04-21,eng,Journal Article|Systematic Review,8,0,5,vector_borne,Vector-borne diseases,vector_borne,0,Dengue,Dengue,Surveillance and epidemiology,1,0,1,"Rusu, Rada","Sylvester, Shirley V",Canada,Switzerland,,Canada|Singapore|Switzerland|United Kingdom|United States,,vector_borne_t2,"surveillance, including, diversity, health","surveillance, including, diversity, health, capacity, research, evidence, integrated",0.615241,0.58448,include,mechanical,INC-GEO-01,regional_participation,pubmed,geo_vector_borne_4,0
doi:10.1097/qai.0000000000003852,41733005,,10.1097/qai.0000000000003852,https://pubmed.ncbi.nlm.nih.gov/41733005/,"Brief Report: The ""PrEP APPEAL"" of Less Frequent Dosing: Acceptability of Six-Monthly Long-Acting Injectable PrEP Among Gay and Other Men Who Have Sex With Men and Transgender Women in Asia.",Journal of acquired immune deficiency syndromes (1999),J Acquir Immune Defic Syndr,2026,2026-Jun-01,eng,Journal Article,12,1,5,sti,Sexually-transmitted infections,sti,0,HIV Infections,"HIV Infections|Anti-HIV Agents|Homosexuality, Male",,0,0,1,"Schmidt, Heather-Marie A","Bavinton, Benjamin R",Switzerland,Australia,,Australia|China|Switzerland|Thailand|Viet Nam,World Health Organization,sti_t1,"hiv, therapy, male, infections","hiv, therapy, male, infections, people, living, infection, agents",0.494901,0.898197,include,agent,INC-GEO-02,,pubmed,geo_sti_2|geo_sti_3|geo_sti_4,0
doi:10.1038/s44321-026-00502-9,42608564,,10.1038/s44321-026-00502-9,https://pubmed.ncbi.nlm.nih.gov/42608564/,Blocking AGEs reduces airway epithelial viral susceptibility in diabetes-exacerbated COPD.,EMBO molecular medicine,EMBO Mol Med,2026,2026-08-17,eng,Journal Article,15,1,2,other_id,Other infectious disease,other_id,0,Other/unspecified,,,0,0,1,"Chen, Zhenfeng","Peng, Yang",China,China,National University of Singapore,China|Singapore,National University of Singapore,other_id_t1,"cell, cells, vitro, reduced","cell, cells, vitro, reduced, promising, infection, demonstrate, therapeutic",0.544035,0.747035,include,agent,INC-TOP-02,,pubmed,geo_rti_2,0
doi:10.1016/j.lanwpc.2026.101917,42502429,PMC13400380,10.1016/j.lanwpc.2026.101917,https://pubmed.ncbi.nlm.nih.gov/42502429/,Barriers to accessing newer antibiotics in countries with high burden of bacterial antimicrobial resistant infections-a qualitative study.,The Lancet regional health. Western Pacific,Lancet Reg Health West Pac,2026,2026-07-16,eng,Journal Article,11,4,8,amr_hai,AMR and healthcare-associated infections,amr_hai,0,Other/unspecified,,Clinical studies|Infection prevention and control,2,1,1,"Singh, Shweta R","Mo, Yin",Singapore,Singapore,Duke-NUS Medical School|National University of Singapore,Australia|Philippines|Singapore|South Africa|Spain|Thailand|United Kingdom|United States,Duke-NUS Medical School|Mahidol University|National University of Singapore|University of Oxford,amr_hai_t1,"infection, hospital, included, prevention","infection, hospital, included, prevention, conducted, outcomes, january, interventions",0.750403,0.672806,include,mechanical,INC-GEO-01,,pubmed,geo_amr_hai_1|geo_amr_hai_3,0
doi:10.1136/bjo-2026-329771,42618334,,10.1136/bjo-2026-329771,https://pubmed.ncbi.nlm.nih.gov/42618334/,Bacteriophage-derived ectolysin: a promising antimicrobial against fluoroquinolone-resistant MRSA.,The British journal of ophthalmology,Br J Ophthalmol,2026,2026-08-19,eng,Journal Article,11,3,2,amr_hai,AMR and healthcare-associated infections,amr_hai,0,Other/unspecified,,Treatment,1,1,1,"Low, Shermaine W Y","Rajamani, Lakshminarayanan",Singapore,Singapore,Duke-NUS Medical School|Nanyang Technological University|National University of Singapore,India|Singapore,Duke-NUS Medical School|Nanyang Technological University|National University of Singapore,amr_hai_t2,"agents, tests, activity, sensitivity","agents, tests, activity, sensitivity, antibacterial, anti-bacterial, animals, microbial",0.238587,0.202277,include,mechanical,INC-GEO-01,,pubmed,geo_amr_hai_1|geo_amr_hai_3,0
doi:10.21037/jtd-2025-aw-2166,41816467,PMC12972810,10.21037/jtd-2025-aw-2166,https://pubmed.ncbi.nlm.nih.gov/41816467/,Bacteriology and clinical outcomes of pleural infections in Singapore: an 8-year retrospective observational study.,Journal of thoracic disease,J Thorac Dis,2026,2026-02-10,eng,Journal Article,6,2,1,tb,Tuberculosis,tb,0,Other/unspecified,,,0,1,0,"Yong, Glenn Khai Wern","Goh, Yvonne Si Hua",Singapore,Singapore,Khoo Teck Puat Hospital|Tan Tock Seng Hospital,Singapore,Khoo Teck Puat Hospital|Tan Tock Seng Hospital,tb_t2,"diagnosis, diagnostic, conducted, systematic","diagnosis, diagnostic, conducted, systematic, included, characteristics, symptoms, age",0.276671,0.482624,include,mechanical,INC-GEO-01,,pubmed,geo_amr_hai_2,0
doi:10.1002/cpz1.70454,42671927,PMC13528971,10.1002/cpz1.70454,https://pubmed.ncbi.nlm.nih.gov/42671927/,"Bacterial Lysis Observation Over Time Assay (BLOTS) for High-Throughput Isolation, Sequencing, and Characterization of Bacteriophages.",Current protocols,Curr Protoc,2026,2026-Sep-01,eng,Journal Article,5,2,1,amr_hai,AMR and healthcare-associated infections,amr_hai,0,Other/unspecified,,Genomics,1,1,0,"Pang, Sean Jia Le","Yap, Eric Peng Huat",Singapore,Singapore,Nanyang Technological University|National Centre for Infectious Diseases,Singapore,Nanyang Technological University|National Centre for Infectious Diseases,amr_hai_t1,"infection, hospital, included, prevention","infection, hospital, included, prevention, conducted, outcomes, january, interventions",0.956314,0.407511,include,mechanical,INC-GEO-01,,pubmed,geo_amr_hai_1|geo_amr_hai_4,0
doi:10.1128/spectrum.03617-25,42454924,PMC13435762,10.1128/spectrum.03617-25,https://pubmed.ncbi.nlm.nih.gov/42454924/,Bacteremia evaluation with T2 magnetic resonance in the emergency room (BETTER).,Microbiology spectrum,Microbiol Spectr,2026,2026-07-15,eng,Journal Article|Observational Study,7,1,2,amr_hai,AMR and healthcare-associated infections,amr_hai,0,Anti-Bacterial Agents,Anti-Bacterial Agents|Bacteremia|Bacteria,Detection,1,0,1,"Peri, Anna Maria","Williams, Julian M",Australia,Australia,National University of Singapore,Australia|Singapore,National University of Singapore,amr_hai_t1,"infection, hospital, included, prevention","infection, hospital, included, prevention, conducted, outcomes, january, interventions",0.39213,0.850394,include,mechanical,INC-GEO-01,,pubmed,geo_amr_hai_4,0
doi:10.1186/s13046-026-03708-4,42032669,PMC13261971,10.1186/s13046-026-03708-4,https://pubmed.ncbi.nlm.nih.gov/42032669/,BCG-trained macrophages promote pan-anti-tumor activity through epigenetic rewiring of NOX2-ROS axis.,Journal of experimental & clinical cancer research : CR,J Exp Clin Cancer Res,2026,2026-04-24,eng,Journal Article,16,1,2,tb,Tuberculosis,tb,0,BCG Vaccine,BCG Vaccine,,0,0,1,"Sun, Rui-Ming","Li, Zi-Ming",China,China,SingHealth,China|Singapore,SingHealth,tb_t1,"antitubercular, drug, agents, multidrug-resistant","antitubercular, drug, agents, multidrug-resistant, treatment, rifampin, drugs, mycobacterium",0.812387,0.710724,include,mechanical,INC-GEO-01,,pubmed,geo_tb_3,0
doi:10.1371/journal.pgph.0006151,42013154,PMC13098980,10.1371/journal.pgph.0006151,https://pubmed.ncbi.nlm.nih.gov/42013154/,"Availability of Hib, Pneumococcal, Rotavirus, and HPV vaccines in China: Implication for equity in access to immunization services.",PLOS global public health,PLOS Glob Public Health,2026,2026-04-21,eng,Journal Article,8,1,3,sti,Sexually-transmitted infections,sti|rti,1,Other/unspecified,,Vaccine,1,1,1,"Guo, Lei","Tang, Shenglan",China,China,SingHealth,China|Singapore|United States,SingHealth,sti_t2,"vaccines, health, program, national","vaccines, health, program, national, papillomavirus, vaccination, human, per",0.114466,0.471495,include,mechanical,INC-GEO-01,,pubmed,geo_sti_1,0
doi:10.1038/s41564-026-02439-8,42661072,PMC13524796,10.1038/s41564-026-02439-8,https://pubmed.ncbi.nlm.nih.gov/42661072/,Autodissemination stations suppress Aedes notoscriptus mosquitoes and reduce Buruli ulcer risk in urban Australia: a randomized controlled field trial.,Nature microbiology,Nat Microbiol,2026,2026-08-27,eng,Journal Article|Randomized Controlled Trial,21,3,2,vector_borne,Vector-borne diseases,vector_borne,0,Aedes,Aedes|Mosquito Vectors|Mosquito Control,Entomology|Clinical studies,2,0,1,"Paris, Véronique","Hoffmann, Ary A",Australia,Australia,Nanyang Technological University,Australia|Singapore,Nanyang Technological University|Peter Doherty Institute for Infection and Immunity|University of Melbourne,vector_borne_t4,"vectors, wolbachia, mosquito, aedes","vectors, wolbachia, mosquito, aedes, aegypti, mosquitoes, intervention, field",0.856609,0.128705,include,mechanical,INC-GEO-01,,pubmed,geo_all_id_1|geo_vector_borne_1|geo_vector_borne_3|geo_vector_borne_4,0
doi:10.1093/ajrccm/aamag444,42633566,,10.1093/ajrccm/aamag444,https://pubmed.ncbi.nlm.nih.gov/42633566/,Asymptomatic tuberculosis: new insights and knowledge gaps.,American journal of respiratory and critical care medicine,Am J Respir Crit Care Med,2026,2026-08-22,eng,Journal Article,6,1,3,tb,Tuberculosis,tb,0,Other/unspecified,,,0,1,1,"Jing Teo, Alvin Kuo","Marais, Ben J",Australia,Australia,National University of Singapore,Australia|Singapore|Viet Nam,National University of Singapore,tb_t2,"diagnosis, diagnostic, conducted, systematic","diagnosis, diagnostic, conducted, systematic, included, characteristics, symptoms, age",0.413789,0.903659,include,mechanical,INC-GEO-01,,pubmed,geo_tb_2,0
doi:10.1136/bmjresp-2026-004413,42665305,PMC13536014,10.1136/bmjresp-2026-004413,https://pubmed.ncbi.nlm.nih.gov/42665305/,Association between tuberculosis diagnosis delay and respiratory health and well-being among tuberculosis survivors in Cambodia: a prospective cohort study.,BMJ open respiratory research,BMJ Open Respir Res,2026,2026-08-28,eng,Journal Article,8,2,5,tb,Tuberculosis,tb,0,Tuberculosis,"Tuberculosis|Tuberculosis, Pulmonary",Clinical studies,1,0,1,"Eng, Sothearith","Ichikawa, Masao",Japan,Japan,National University of Singapore,Australia|Cambodia|Japan|Singapore|United Kingdom,London School of Hygiene & Tropical Medicine|National University of Singapore,tb_t2,"diagnosis, diagnostic, conducted, systematic","diagnosis, diagnostic, conducted, systematic, included, characteristics, symptoms, age",0.473714,0.510081,include,mechanical,INC-GEO-01,regional_participation,pubmed,geo_all_id_1|geo_rti_5|geo_tb_2|geo_tb_3|geo_tb_4,0
doi:10.1186/s12879-026-14123-7,42661168,PMC13520278,10.1186/s12879-026-14123-7,https://pubmed.ncbi.nlm.nih.gov/42661168/,Association between prognostic nutritional index and clinical outcomes in patients with pyogenic liver abscess: a retrospective multicenter study.,BMC infectious diseases,BMC Infect Dis,2026,2026-08-05,eng,Journal Article|Multicenter Study,9,1,2,other_id,Other infectious disease,other_id,0,Other/unspecified,,Treatment,1,0,1,"Wang, Jianguo","Du, Zhaoqing",China,China,National University of Singapore,China|Singapore,National University of Singapore,other_id_t2,"outcomes, days, clinical, infections","outcomes, days, clinical, infections, years, therapy, may, early",0.462307,0.302918,include,agent,INC-TOP-01,,pubmed,geo_all_id_1,0
doi:10.1017/s0950268826101411,42351385,PMC13437988,10.1017/s0950268826101411,https://pubmed.ncbi.nlm.nih.gov/42351385/,Association between introduction of 13-valent pneumococcal conjugate vaccine and burden of hospitalized adult pneumococcal disease in Taiwan - a retrospective database study.,Epidemiology and infection,Epidemiol Infect,2026,2026-06-26,eng,Journal Article,10,0,4,rti,Respiratory-tract infections,rti,0,Other/unspecified,,Surveillance and epidemiology,1,0,1,"Wang, Chi-Chuan","Sukarom, Isaya",Taiwan,Thailand,,Singapore|Taiwan|Thailand|United Kingdom,,rti_t3,"evidence, clinical, health, review","evidence, clinical, health, review, outcomes, substantial, evaluation, management",0.961453,0.570124,include,mechanical,INC-GEO-01,regional_participation,pubmed,geo_rti_4,0
doi:10.2147/opth.s614679,42445820,PMC13361500,10.2147/opth.s614679,https://pubmed.ncbi.nlm.nih.gov/42445820/,"Assessing the Combined Diagnostic Value of Serum ACE Levels, Mantoux Test and Lymphopenia in Uveitis Patients from a Tertiary Eye Care Center in Southern India.","Clinical ophthalmology (Auckland, N.Z.)",Clin Ophthalmol,2026,2026-07-09,eng,Journal Article,5,0,2,tb,Tuberculosis,tb,0,Other/unspecified,,,0,1,1,"Puthanveettil, Harsha","Sanjay, Srinivasan",India,Singapore,,India|Singapore,,tb_t2,"diagnosis, diagnostic, conducted, systematic","diagnosis, diagnostic, conducted, systematic, included, characteristics, symptoms, age",0.052892,0.561615,include,mechanical,INC-GEO-01,,pubmed,geo_tb_1|geo_tb_2,0
doi:10.1038/s41598-026-56516-3,42243527,PMC13478223,10.1038/s41598-026-56516-3,https://pubmed.ncbi.nlm.nih.gov/42243527/,Application of AI-facilitated handwashing monitoring system on food handlers.,Scientific reports,Sci Rep,2026,2026-06-04,eng,Journal Article,3,1,2,amr_hai,AMR and healthcare-associated infections,amr_hai,0,Other/unspecified,,Infection prevention and control,1,1,1,"Guo, Yuan","Li, Dan",Singapore,Singapore,National University of Singapore,China|Singapore,National University of Singapore,amr_hai_t1,"infection, hospital, included, prevention","infection, hospital, included, prevention, conducted, outcomes, january, interventions",0.760237,0.470656,include,mechanical,INC-GEO-01,,pubmed,geo_amr_hai_2,0
doi:10.1016/j.actatropica.2026.108314,42697351,,10.1016/j.actatropica.2026.108314,https://pubmed.ncbi.nlm.nih.gov/42697351/,Antiviral responses of Aedes mosquitoes to Old World alphaviruses.,Acta tropica,Acta Trop,2026,2026-09-04,eng,Journal Article|Review,4,2,2,vector_borne,Vector-borne diseases,vector_borne,0,Other/unspecified,,Entomology,1,0,1,"Ong, Yin Jie","Sam, I-Ching",Malaysia,Malaysia,A*STAR Infectious Diseases Labs,Malaysia|Singapore,A*STAR Infectious Diseases Labs|University of Malaya,vector_borne_t4,"vectors, wolbachia, mosquito, aedes","vectors, wolbachia, mosquito, aedes, aegypti, mosquitoes, intervention, field",0.360841,0.277462,include,mechanical,INC-GEO-01,,pubmed,geo_all_id_2|geo_vector_borne_1|geo_vector_borne_3,0
doi:10.1111/irv.70269,42306964,PMC13273642,10.1111/irv.70269,https://pubmed.ncbi.nlm.nih.gov/42306964/,Antiviral Resistance in Influenza: Clinical and Public Health Implications.,Influenza and other respiratory viruses,Influenza Other Respir Viruses,2026,2026-Jun-01,eng,Journal Article|Review,3,1,2,rti,Respiratory-tract infections,rti,0,"Influenza, Human","Influenza, Human|Antiviral Agents",Treatment|Surveillance and epidemiology|Disease management,3,1,1,"Ngiam, Jinghao Nicholas","Hayden, Frederick G",Singapore,United States,National University Health System,Singapore|United States,National University Health System,rti_t3,"evidence, clinical, health, review","evidence, clinical, health, review, outcomes, substantial, evaluation, management",0.209335,0.600646,include,mechanical,INC-GEO-01,,pubmed,geo_rti_2|geo_rti_4,0
doi:10.1039/d6nr00924g,42535280,,10.1039/d6nr00924g,https://pubmed.ncbi.nlm.nih.gov/42535280/,Antimicrobial nanocomposite films based on MOF-embedded copper nanoclusters for fruit preservation.,Nanoscale,Nanoscale,2026,2026-08-27,eng,Journal Article,5,1,2,amr_hai,AMR and healthcare-associated infections,amr_hai,0,Anti-Bacterial Agents,Anti-Bacterial Agents|Microbial Sensitivity Tests|Methicillin-Resistant Staphylococcus aureus,,0,0,1,"Dou, Xinyue","Sipaut, Coswald Stephen",Malaysia,Malaysia,National University of Singapore,Malaysia|Singapore,National University of Singapore,amr_hai_t2,"agents, tests, activity, sensitivity","agents, tests, activity, sensitivity, antibacterial, anti-bacterial, animals, microbial",0.340939,0.203838,include,mechanical,INC-GEO-01,,pubmed,geo_amr_hai_1|geo_amr_hai_3|geo_amr_hai_4|geo_amr_hai_5,0
doi:10.3389/fimmu.2026.1828107,42427492,PMC13347219,10.3389/fimmu.2026.1828107,https://pubmed.ncbi.nlm.nih.gov/42427492/,Antibodies against interleukin-10 receptor reduce IL-6 and TNF-α levels and increase TGF-β levels in patients with severe fever with thrombocytopenia syndrome virus and SARS-CoV-2 infection.,Frontiers in immunology,Front Immunol,2026,2026-06-25,eng,Journal Article,18,0,2,rti,Respiratory-tract infections,rti,0,COVID-19,COVID-19|SARS-CoV-2,Basic research,1,0,1,"Kang, Su Yeon","Lee, Keun Hwa",Republic of Korea,Republic of Korea,,Republic of Korea|Singapore,,rti_t4,"acute, severe, respiratory, pneumonia","acute, severe, respiratory, pneumonia, admission, syndrome, median, failure",0.352812,0.808171,include,mechanical,INC-GEO-01,,pubmed,geo_rti_4|geo_rti_5|geo_vector_borne_4,0
doi:10.1038/s41467-026-76186-z,42669722,PMC13527065,10.1038/s41467-026-76186-z,https://pubmed.ncbi.nlm.nih.gov/42669722/,Antibiotic development and a path to access in India.,Nature communications,Nat Commun,2026,2026-07-31,eng,Journal Article,5,1,2,other_id,Other infectious disease,other_id,0,Other/unspecified,,,0,1,1,"Manesh, Abi","Paterson, David L",India,Singapore,National University of Singapore,India|Singapore,National University of Singapore,other_id_t1,"cell, cells, vitro, reduced","cell, cells, vitro, reduced, promising, infection, demonstrate, therapeutic",0.796899,0.028764,include,agent,INC-TOP-02,,pubmed,geo_all_id_2,0
doi:10.1016/j.ijid.2026.108860,42269920,,10.1016/j.ijid.2026.108860,https://pubmed.ncbi.nlm.nih.gov/42269920/,Anti-interferon-γ autoantibody syndrome mimicking lymphoproliferative disorders: a case series.,International journal of infectious diseases : IJID : official publication of the International Society for Infectious Diseases,Int J Infect Dis,2026,2026-06-10,eng,Case Reports|Journal Article,6,4,1,tb,Tuberculosis,tb,0,Other/unspecified,,Case study,1,1,0,"Ren, Dongdong","Chan, Monica",Singapore,Singapore,National Cancer Centre Singapore|National Centre for Infectious Diseases|Singapore General Hospital|Tan Tock Seng Hospital,Singapore,National Cancer Centre Singapore|National Centre for Infectious Diseases|Singapore General Hospital|Tan Tock Seng Hospital,tb_t1,"antitubercular, drug, agents, multidrug-resistant","antitubercular, drug, agents, multidrug-resistant, treatment, rifampin, drugs, mycobacterium",0.272145,0.848963,include,mechanical,INC-GEO-01,,pubmed,geo_tb_3,0
doi:10.1136/fmch-2026-004076,42508967,PMC13404624,10.1136/fmch-2026-004076,https://pubmed.ncbi.nlm.nih.gov/42508967/,Analysis of the OPTIMUM (Optimising care of Patients via Telemedicine In Monitoring and aUgmenting their control of diabetes Mellitus) tele-monitoring system in primary care as perceived by healthcare professionals using the CFIR framework.,Family medicine and community health,Fam Med Community Health,2026,2026-07-27,eng,"Journal Article|Research Support, Non-U.S. Gov't",4,2,1,rti,Respiratory-tract infections,rti,0,COVID-19,COVID-19,Clinical studies,1,1,0,"Lee, Cia Sin","Tan, Ngiap Chuan",Singapore,Singapore,National University of Singapore|SingHealth,Singapore,National University of Singapore|SingHealth,rti_t3,"evidence, clinical, health, review","evidence, clinical, health, review, outcomes, substantial, evaluation, management",0.852495,0.133051,include,mechanical,INC-GEO-01,,pubmed,geo_rti_1|geo_rti_4|geo_rti_5,0
doi:10.1016/j.ijid.2026.108586,41895512,,10.1016/j.ijid.2026.108586,https://pubmed.ncbi.nlm.nih.gov/41895512/,Analysis of accessibility to anti-tuberculosis drugs in the Asia-Pacific region between 2019 and 2022.,International journal of infectious diseases : IJID : official publication of the International Society for Infectious Diseases,Int J Infect Dis,2026,2026-03-25,eng,Journal Article,5,1,5,tb,Tuberculosis,tb|amr_hai,1,Antitubercular Agents,"Antitubercular Agents|Tuberculosis|Tuberculosis, Multidrug-Resistant",,0,0,1,"Pei, Zhongfei","Xu, Ming",China,China,National University of Singapore,Brunei Darussalam|Cambodia|China|Singapore|United States,National University of Singapore,tb_t1,"antitubercular, drug, agents, multidrug-resistant","antitubercular, drug, agents, multidrug-resistant, treatment, rifampin, drugs, mycobacterium",0.755283,0.739296,include,mechanical,INC-GEO-01,regional_participation,pubmed,geo_tb_3|geo_tb_4,0
doi:10.1371/journal.ppat.1014190,42085491,PMC13166939,10.1371/journal.ppat.1014190,https://pubmed.ncbi.nlm.nih.gov/42085491/,"An orthoflavivirus inhibitor targeting multifunctional NS2A protein, a previously unidentified target.",PLoS pathogens,PLoS Pathog,2026,2026-05-05,eng,Journal Article,20,1,3,vector_borne,Vector-borne diseases,vector_borne,0,Dengue Virus,Dengue Virus|Viral Nonstructural Proteins|Antiviral Agents,Virology|Entomology|Treatment,3,0,1,"Borrenberghs, Doortje","Goethals, Olivia",Belgium,Belgium,Duke-NUS Medical School,Australia|Belgium|Singapore,Duke-NUS Medical School,vector_borne_t1,"infection, fever, although, male","infection, fever, although, male, aged, adult, yellow, zikv",0.28597,0.257385,include,mechanical,INC-GEO-01,,pubmed,geo_vector_borne_1|geo_vector_borne_2|geo_vector_borne_3|geo_vector_borne_4,0
doi:10.1016/j.jsb.2026.108314,41833763,,10.1016/j.jsb.2026.108314,https://pubmed.ncbi.nlm.nih.gov/41833763/,An inactive Zika NS2B-NS3pro protease construct for investigating allosteric inhibitors.,Journal of structural biology,J Struct Biol,2026,2026-03-14,eng,Journal Article,7,2,2,vector_borne,Vector-borne diseases,vector_borne,0,Zika Virus,Zika Virus|Viral Nonstructural Proteins,Basic research,1,1,1,"Ngo, Khac Huy","Kang, CongBao",Singapore,Singapore,Experimental Drug Development Centre|Nanyang Technological University,Singapore|United States,Experimental Drug Development Centre|Nanyang Technological University,vector_borne_t5,"leading, implications, vector-borne, mortality","leading, implications, vector-borne, mortality, region, spaces, space, sequence",0.040351,0.115815,include,mechanical,INC-GEO-01,,pubmed,geo_vector_borne_5,0
doi:10.1007/978-1-0716-5328-9_7,42096151,,10.1007/978-1-0716-5328-9_7,https://pubmed.ncbi.nlm.nih.gov/42096151/,An Integrated Workflow for the Purification and Fluorescence Imaging of Clostridioides difficile Spores Using Lanthanide Beta-Diketone Complexes.,"Methods in molecular biology (Clifton, N.J.)",Methods Mol Biol,2026,2026-01-01,eng,Journal Article,2,2,1,amr_hai,AMR and healthcare-associated infections,amr_hai,0,Other/unspecified,,,0,1,0,"Sundaresan, Ajitha","Cheong, Ian",Singapore,Singapore,National University of Singapore|Temasek Life Sciences Laboratory,Singapore,National University of Singapore|Temasek Life Sciences Laboratory,amr_hai_t1,"infection, hospital, included, prevention","infection, hospital, included, prevention, conducted, outcomes, january, interventions",0.923457,0.269938,include,mechanical,INC-GEO-01,,pubmed,geo_amr_hai_2,0
doi:10.1038/s43856-026-01678-4,42177367,PMC13478625,10.1038/s43856-026-01678-4,https://pubmed.ncbi.nlm.nih.gov/42177367/,Aminoglycosides induce immune activation but is insufficient for systemic viral control: a double-blind randomized-controlled clinical trial.,Communications medicine,Commun Med (Lond),2026,2026-05-23,eng,Journal Article,11,4,1,other_id,Other infectious disease,other_id,0,Other/unspecified,,Clinical studies|Immunology,2,1,0,"Sivanandam, Punitha","Kalimuddin, Shirin",Singapore,Singapore,Duke-NUS Medical School|National University of Singapore|SingHealth|Singapore General Hospital,Singapore,Duke-NUS Medical School|National University of Singapore|SingHealth|Singapore General Hospital,other_id_t2,"outcomes, days, clinical, infections","outcomes, days, clinical, infections, years, therapy, may, early",0.263636,0.72678,include,agent,INC-TOP-01,,pubmed,geo_vector_borne_3,0
doi:10.1093/oxfimm/iqag010,42339267,PMC13284999,10.1093/oxfimm/iqag010,https://pubmed.ncbi.nlm.nih.gov/42339267/,"Algorithm dependence of patient phenotypes in Long COVID: a patient-led, multi-method clustering of 6031 patients using 162 self-reported symptoms.",Oxford open immunology,Oxf Open Immunol,2026,2026-06-13,eng,Journal Article,9,2,3,rti,Respiratory-tract infections,rti,0,Other/unspecified,,,0,0,1,"Green, Tessa D","Davis, Hannah E",United States,United States,National University of Singapore,Singapore|United Kingdom|United States,Harvard University|National University of Singapore,rti_t6,"viral, protein, animals, virus","viral, protein, animals, virus, replication, genetic, potential, infections",0.585997,0.723753,include,mechanical,INC-GEO-01,,pubmed,geo_rti_2,0
doi:10.7189/jogh.16.04100,41855427,PMC13002170,10.7189/jogh.16.04100,https://pubmed.ncbi.nlm.nih.gov/41855427/,Age and sex differences in paediatric tuberculosis care for child contacts.,Journal of global health,J Glob Health,2026,2026-03-20,eng,Journal Article,5,0,2,tb,Tuberculosis,tb,0,Tuberculosis,Tuberculosis,Outbreak management,1,0,1,"Boretsky, Allison","Brooks, Meredith B",United States,United States,,Singapore|United States,,tb_t2,"diagnosis, diagnostic, conducted, systematic","diagnosis, diagnostic, conducted, systematic, included, characteristics, symptoms, age",0.238325,0.796207,include,mechanical,INC-GEO-01,,pubmed,geo_tb_3,0
doi:10.1155/carm/1612186,42662068,PMC13519519,10.1155/carm/1612186,https://pubmed.ncbi.nlm.nih.gov/42662068/,Adult-Onset IgA Vasculitis in Early Pregnancy Following Rhinovirus/Enterovirus and Streptococcal Infection: A Case Report and Review of Literature.,Case reports in medicine,Case Rep Med,2026,2026-08-27,eng,Journal Article,8,2,1,rti,Respiratory-tract infections,rti,0,Other/unspecified,,Case study,1,1,0,"Ng, Isaac Kah Siang","Tang, May Shuen",Singapore,Singapore,Alexandra Hospital|National University Hospital,Singapore,Alexandra Hospital|National University Hospital,rti_t2,"sars-cov-2, responses, immune, vaccine","sars-cov-2, responses, immune, vaccine, vaccines, spike, humans, female",0.740383,0.827203,include,mechanical,INC-GEO-01,,pubmed,geo_rti_3,0
doi:10.1016/j.ijid.2026.108932,42361956,,10.1016/j.ijid.2026.108932,https://pubmed.ncbi.nlm.nih.gov/42361956/,Adiposity shapes the immune architecture independent of antibody responses in mild SARS-CoV-2 infection.,International journal of infectious diseases : IJID : official publication of the International Society for Infectious Diseases,Int J Infect Dis,2026,2026-06-26,eng,Journal Article,11,3,1,rti,Respiratory-tract infections,rti,0,COVID-19,"COVID-19|Antibodies, Neutralizing|Antibodies, Viral|B-Lymphocytes",Immunology,1,1,0,"Quek, Amy May Lin","Seet, Raymond Chee Seong",Singapore,Singapore,National University Health System|National University Hospital|National University of Singapore,Singapore,National University Health System|National University Hospital|National University of Singapore,rti_t2,"sars-cov-2, responses, immune, vaccine","sars-cov-2, responses, immune, vaccine, vaccines, spike, humans, female",0.400891,0.748282,include,mechanical,INC-GEO-01,,pubmed,geo_rti_4|geo_rti_5,0
doi:10.1371/journal.pmed.1005205,42659762,PMC13521649,10.1371/journal.pmed.1005205,https://pubmed.ncbi.nlm.nih.gov/42659762/,Adherence to smartphone-delivered antimicrobial prescribing guidelines in hospitals in Lao PDR: A stepped-wedge cluster randomized controlled trial.,PLoS medicine,PLoS Med,2026,2026-08-27,eng,Journal Article|Randomized Controlled Trial,21,5,7,amr_hai,AMR and healthcare-associated infections,amr_hai,0,Anti-Bacterial Agents,Anti-Bacterial Agents,Clinical studies,1,0,1,"Chansamouth, Vilada","Ashley, Elizabeth A",Lao PDR,Lao PDR,National University of Singapore,Australia|Cambodia|Lao PDR|Singapore|Thailand|United Kingdom|Viet Nam,London School of Hygiene & Tropical Medicine|Mahidol University|National University of Singapore|Oxford University Clinical Research Unit|University of Oxford,amr_hai_t1,"infection, hospital, included, prevention","infection, hospital, included, prevention, conducted, outcomes, january, interventions",0.12261,0.807175,include,mechanical,INC-GEO-01,regional_participation,pubmed,geo_all_id_1|geo_amr_hai_1|geo_amr_hai_4,0
doi:10.1093/pnasnexus/pgag273,42626337,PMC13492212,10.1093/pnasnexus/pgag273,https://pubmed.ncbi.nlm.nih.gov/42626337/,"Addressing antimicrobial resistance: Current challenges, emerging strategies, and an AI-powered, community-driven approach.",PNAS nexus,PNAS Nexus,2026,2026-08-11,eng,Journal Article|Review,14,2,1,amr_hai,AMR and healthcare-associated infections,amr_hai,0,Other/unspecified,,,0,1,0,"Wang, Peter","Ho, Dean",Singapore,Singapore,National Centre for Infectious Diseases|National University of Singapore,Singapore,National Centre for Infectious Diseases|National University of Singapore,amr_hai_t1,"infection, hospital, included, prevention","infection, hospital, included, prevention, conducted, outcomes, january, interventions",0.625241,0.470913,include,mechanical,INC-GEO-01,,pubmed,geo_amr_hai_1,0
doi:10.1093/ofid/ofag422,42453777,PMC13367443,10.1093/ofid/ofag422,https://pubmed.ncbi.nlm.nih.gov/42453777/,"Accuracy and Usability of a New Rapid Diagnostic Test for the Diagnosis of Dengue in Vientiane, Laos.",Open forum infectious diseases,Open Forum Infect Dis,2026,2026-07-14,eng,Journal Article,11,4,4,vector_borne,Vector-borne diseases,vector_borne,0,Other/unspecified,,Detection|Surveillance and epidemiology,2,0,1,"Phimolsannousith, Vilayouth","Dubot-Pérès, Audrey",,France,National University of Singapore,France|Singapore|Thailand|United Kingdom,London School of Hygiene & Tropical Medicine|Mahidol University|National University of Singapore|University of Oxford,vector_borne_t6,"included, evaluation, rapid, settings","included, evaluation, rapid, settings, detection, southeast, positive, denv",0.629914,0.795895,include,mechanical,INC-GEO-01,regional_participation,pubmed,geo_vector_borne_1,0
doi:10.3390/pathogens15050511,42198637,PMC13209863,10.3390/pathogens15050511,https://pubmed.ncbi.nlm.nih.gov/42198637/,"Accelerating Progress on Ticks and Tick-Borne Diseases in Southeast Asia: Regional Challenges, Evidence Gaps, and Priorities (2023-2025).","Pathogens (Basel, Switzerland)",Pathogens,2026,2026-05-11,eng,Journal Article,3,2,2,vector_borne,Vector-borne diseases,vector_borne,0,Other/unspecified,,Entomology|Surveillance and epidemiology,2,1,1,"Malleret, Benoit","Chavatte, Jean-Marc",Singapore,Singapore,National Public Health Laboratory|National University of Singapore,Japan|Singapore,National Public Health Laboratory|National University of Singapore,vector_borne_t2,"surveillance, including, diversity, health","surveillance, including, diversity, health, capacity, research, evidence, integrated",0.33652,0.63825,include,mechanical,INC-GEO-01,,pubmed,geo_vector_borne_2|geo_vector_borne_3|geo_vector_borne_4,0
doi:10.1017/ash.2026.10298,41658317,PMC12877909,10.1017/ash.2026.10298,https://pubmed.ncbi.nlm.nih.gov/41658317/,APSIC revised guidelines for prevention of central line associated bloodstream infections (CLABSI): a summary and position statement.,Antimicrobial stewardship & healthcare epidemiology : ASHE,Antimicrob Steward Healthc Epidemiol,2026,2026-02-03,eng,Journal Article,9,2,8,amr_hai,AMR and healthcare-associated infections,amr_hai,0,Other/unspecified,,Infection prevention and control|Surveillance and epidemiology,2,1,1,"Ling, Moi Lin","Poonyathawon, Sahadol",Singapore,Thailand,Singapore General Hospital,Australia|Hong Kong SAR|India|Japan|Republic of Korea|Singapore|Taiwan|Thailand,Singapore General Hospital|University of Hong Kong,amr_hai_t1,"infection, hospital, included, prevention","infection, hospital, included, prevention, conducted, outcomes, january, interventions",0.725302,0.904828,include,mechanical,INC-GEO-01,,pubmed,geo_amr_hai_2,0
doi:10.1371/journal.pntd.0014382,42247469,PMC13241016,10.1371/journal.pntd.0014382,https://pubmed.ncbi.nlm.nih.gov/42247469/,A systematic mapping review of therapeutic clinical trials in dengue.,PLoS neglected tropical diseases,PLoS Negl Trop Dis,2026,2026-06-05,eng,Journal Article|Systematic Review,17,5,4,vector_borne,Vector-borne diseases,vector_borne,0,Dengue,Dengue|Antiviral Agents,Treatment,1,0,1,"Huyen, Tran Bang","Yacoub, Sophie",United Kingdom,United Kingdom,Nanyang Technological University|National Centre for Infectious Diseases|National University of Singapore,Russian Federation|Singapore|United Kingdom|Viet Nam,Nanyang Technological University|National Centre for Infectious Diseases|National University of Singapore|Oxford University Clinical Research Unit|University of Oxford,vector_borne_t3,"malaria, plasmodium, cell, cells","malaria, plasmodium, cell, cells, responsible, parasite, erythrocytes, binding",0.5283,0.39417,include,mechanical,INC-GEO-01,regional_participation,pubmed,geo_vector_borne_1|geo_vector_borne_3|geo_vector_borne_4,0
doi:10.1038/s41598-026-57407-3,42270899,PMC13503735,10.1038/s41598-026-57407-3,https://pubmed.ncbi.nlm.nih.gov/42270899/,A survey of respiratory physicians on investigating and managing tuberculous pleuritis.,Scientific reports,Sci Rep,2026,2026-06-10,eng,Journal Article,14,2,6,tb,Tuberculosis,tb,0,Antitubercular Agents,Antitubercular Agents|Mycobacterium tuberculosis,,0,1,1,"Chan, Ken Ka Pang","Lee, Pyng",China,Singapore,National University of Singapore,China|India|Malaysia|Philippines|Singapore|Taiwan,National University of Singapore|University of Hong Kong,tb_t2,"diagnosis, diagnostic, conducted, systematic","diagnosis, diagnostic, conducted, systematic, included, characteristics, symptoms, age",0.180224,0.601484,include,mechanical,INC-GEO-01,,pubmed,geo_tb_2|geo_tb_3,0
doi:10.1016/j.actatropica.2026.108305,42674136,,10.1016/j.actatropica.2026.108305,https://pubmed.ncbi.nlm.nih.gov/42674136/,"A review of ticks and tick-borne diseases in Southeast Asia: identifying priorities, hurdles, and opportunities for health and knowledge gain.",Acta tropica,Acta Trop,2026,2026-08-31,eng,Journal Article|Review,12,2,5,vector_borne,Vector-borne diseases,vector_borne,0,Other/unspecified,,Entomology|Surveillance and epidemiology,2,1,1,"Teo, Ernest Jm",,Japan,,National University of Singapore,Japan|Malaysia|Myanmar|Singapore|United States,National University of Singapore|University of Malaya,vector_borne_t5,"leading, implications, vector-borne, mortality","leading, implications, vector-borne, mortality, region, spaces, space, sequence",0.473647,0.42034,include,mechanical,INC-GEO-01,,pubmed,geo_all_id_2|geo_vector_borne_2|geo_vector_borne_3,0
doi:10.1093/jac/dkag215,42396858,PMC13329659,10.1093/jac/dkag215,https://pubmed.ncbi.nlm.nih.gov/42396858/,A review of the randomized clinical trial results from the Staphylococcus aureus network adaptive platform (SNAP) meticillin-susceptible (MSSA) and penicillin-susceptible (PSSA) domains and CloCeBa.,The Journal of antimicrobial chemotherapy,J Antimicrob Chemother,2026,2026-Jul-02,eng,"Journal Article|Review|Research Support, Non-U.S. Gov't",19,7,9,amr_hai,AMR and healthcare-associated infections,amr_hai,0,Anti-Bacterial Agents,Anti-Bacterial Agents|Bacteremia|Staphylococcal Infections,Clinical studies,1,0,1,"Goodman, Anna L","Davis, Joshua S",United Kingdom,Australia,Nanyang Technological University|National Centre for Infectious Diseases|National University of Singapore|Tan Tock Seng Hospital,Australia|Canada|France|Israel|Netherlands|New Zealand|Singapore|South Africa|United Kingdom,London School of Hygiene & Tropical Medicine|Nanyang Technological University|National Centre for Infectious Diseases|National University of Singapore|Peter Doherty Institute for Infection and Immunity|Tan Tock Seng Hospital|University of Melbourne,amr_hai_t1,"infection, hospital, included, prevention","infection, hospital, included, prevention, conducted, outcomes, january, interventions",0.062629,0.66191,include,mechanical,INC-GEO-01,regional_participation,pubmed,geo_amr_hai_4,0
doi:10.1093/cid/ciag538,42704229,,10.1093/cid/ciag538,https://pubmed.ncbi.nlm.nih.gov/42704229/,A randomized controlled trial of cefiderocol versus standard therapy for Gram-negative bacterial bloodstream infections: Benefit and risk assessment using DOOR and generalized pairwise comparisons.,Clinical infectious diseases : an official publication of the Infectious Diseases Society of America,Clin Infect Dis,2026,2026-09-07,eng,Journal Article,27,11,7,other_id,Other infectious disease,other_id,0,Other/unspecified,,Clinical studies,1,0,1,"Hardy, Melissa J",,Australia,,Communicable Diseases Agency|Duke-NUS Medical School|Nanyang Technological University|National Centre for Infectious Diseases|National University Hospital|National University of Singapore|Singapore General Hospital|Tan Tock Seng Hospital,Australia|Malaysia|Singapore|Taiwan|Thailand|Türkiye|United Kingdom,Communicable Diseases Agency|Duke-NUS Medical School|Mahidol University|Nanyang Technological University|National Centre for Infectious Diseases|National University Hospital|National University of Singapore|Singapore General Hospital|Tan Tock Seng Hospital|University of Malaya|University of Oxford,other_id_t2,"outcomes, days, clinical, infections","outcomes, days, clinical, infections, years, therapy, may, early",0.094267,0.176057,include,agent,INC-TOP-01,regional_participation,pubmed,geo_all_id_2|geo_amr_hai_1,0
doi:10.1080/22221751.2026.2665001,42029113,PMC13435290,10.1080/22221751.2026.2665001,https://pubmed.ncbi.nlm.nih.gov/42029113/,A novel assay for quantifying Gn-LRP1-mediated neutralizing antibodies against severe fever with thrombocytopenia syndrome virus.,Emerging microbes & infections,Emerg Microbes Infect,2026,2026-08-03,eng,Journal Article,12,1,2,other_id,Other infectious disease,other_id,0,Other/unspecified,,Detection|Immunology,2,1,1,"Hu, Li-Fen","Wang, Lin-Fa",China,Singapore,National University of Singapore,China|Singapore,National University of Singapore,other_id_t3,"understanding, environmental, humans, animals","understanding, environmental, humans, animals, often, mechanisms, health, human",0.718158,0.811913,include,agent,INC-TOP-01,,pubmed,geo_vector_borne_4,0
doi:10.1136/bmjgh-2025-019100,42161518,PMC13202080,10.1136/bmjgh-2025-019100,https://pubmed.ncbi.nlm.nih.gov/42161518/,A new model for cervical cancer screening in Cambodian garment workers.,BMJ global health,BMJ Glob Health,2026,2026-05-20,eng,Journal Article,17,0,4,sti,Sexually-transmitted infections,sti,0,Papillomavirus Infections,Papillomavirus Infections|Uterine Cervical Neoplasms|Early Detection of Cancer,,0,1,1,"Thay, Sovannara","Goldstein, Andrew T",Singapore,United States,,Cambodia|Costa Rica|Singapore|United States,,sti_t1,"hiv, therapy, male, infections","hiv, therapy, male, infections, people, living, infection, agents",0.352291,0.190608,include,mechanical,INC-GEO-01,,pubmed,geo_sti_1|geo_sti_3|geo_sti_4,0
doi:10.47102/annals-acadmedsg.2026237,42226542,,10.47102/annals-acadmedsg.2026237,https://pubmed.ncbi.nlm.nih.gov/42226542/,A multicomponent control programme in nursing homes in Singapore.,"Annals of the Academy of Medicine, Singapore",Ann Acad Med Singap,2026,2026-05-25,eng,Journal Article,7,3,1,amr_hai,AMR and healthcare-associated infections,amr_hai|rti,1,Methicillin-Resistant Staphylococcus aureus,Methicillin-Resistant Staphylococcus aureus|Staphylococcal Infections,Infection prevention and control|Vaccine,2,1,0,"Sun, Louisa","Fisher, Dale Andrew",Singapore,Singapore,Alexandra Hospital|National University Hospital|National University of Singapore,Singapore,Alexandra Hospital|National University Hospital|National University of Singapore,amr_hai_t1,"infection, hospital, included, prevention","infection, hospital, included, prevention, conducted, outcomes, january, interventions",0.232745,0.634743,include,mechanical,INC-GEO-01,,pubmed,geo_amr_hai_5,0
doi:10.4103/tp.tp_51_25,42199676,PMC13200744,10.4103/tp.tp_51_25,https://pubmed.ncbi.nlm.nih.gov/42199676/,A multi-stage infiltering approach forproteome for the identification of novel vaccine candidates.,Tropical parasitology,Trop Parasitol,2026,2026-05-05,eng,Journal Article,4,0,3,vector_borne,Vector-borne diseases,vector_borne,0,Other/unspecified,,,0,0,1,"Abdulqader, Ali","Shamsir, Mohd Shahir",Iraq,Malaysia,,Iraq|Malaysia|Singapore,,vector_borne_t2,"surveillance, including, diversity, health","surveillance, including, diversity, health, capacity, research, evidence, integrated",0.322513,0.351523,include,mechanical,INC-GEO-01,,pubmed,geo_vector_borne_2,0
doi:10.1038/s41598-026-55917-8,42230748,PMC13462318,10.1038/s41598-026-55917-8,https://pubmed.ncbi.nlm.nih.gov/42230748/,A machine-learning approach to predict additional treatment after Bacillus Calmette-Guérin induction in non-muscle-invasive bladder cancer.,Scientific reports,Sci Rep,2026,2026-06-02,eng,Journal Article|Multicenter Study,7,0,3,tb,Tuberculosis,tb,0,BCG Vaccine,BCG Vaccine,Treatment,1,1,1,"Pinton, Philippe","Mukherjee, Apurba",Denmark,Singapore,,Denmark|Japan|Singapore,,tb_t1,"antitubercular, drug, agents, multidrug-resistant","antitubercular, drug, agents, multidrug-resistant, treatment, rifampin, drugs, mycobacterium",0.526249,0.379748,include,mechanical,INC-GEO-01,,pubmed,geo_tb_3,0
doi:10.1016/j.celrep.2026.117311,42030156,,10.1016/j.celrep.2026.117311,https://pubmed.ncbi.nlm.nih.gov/42030156/,A bioluminescence-based chemical screen identifies a bactericidal naphthalen-1-ylmethanamine scaffold targeting MmpL3 in Mycobacterium abscessus.,Cell reports,Cell Rep,2026,2026-04-22,eng,Journal Article,16,4,5,tb,Tuberculosis,tb|amr_hai,1,Microbial Sensitivity Tests,Microbial Sensitivity Tests,,0,1,1,"Singh, Samsher","Pethe, Kevin",Singapore,Singapore,A*STAR Infectious Diseases Labs|Nanyang Technological University|National University of Singapore,France|Singapore|Switzerland|United Kingdom|United States,A*STAR Infectious Diseases Labs|Nanyang Technological University|National University of Singapore|University of Oxford,tb_t1,"antitubercular, drug, agents, multidrug-resistant","antitubercular, drug, agents, multidrug-resistant, treatment, rifampin, drugs, mycobacterium",0.728251,0.817291,include,mechanical,INC-GEO-01,,pubmed,geo_tb_3,0
doi:10.1038/s44321-026-00378-9,41652042,PMC12988230,10.1038/s44321-026-00378-9,https://pubmed.ncbi.nlm.nih.gov/41652042/,A bactericidal tuberculosis drug regimen driven by inhibition of the terminal oxidases by pretomanid.,EMBO molecular medicine,EMBO Mol Med,2026,2026-02-06,eng,Journal Article,8,3,4,tb,Tuberculosis,tb|amr_hai,1,Antitubercular Agents,Antitubercular Agents|Mycobacterium tuberculosis|Microbial Sensitivity Tests|Nitroimidazoles,Treatment,1,1,1,"Rahman, Nurlilah Ab","Pethe, Kevin",Singapore,Singapore,Nanyang Technological University|National Centre for Infectious Diseases,Singapore|Switzerland|United Kingdom|United States,Nanyang Technological University|National Centre for Infectious Diseases|University of Oxford,tb_t1,"antitubercular, drug, agents, multidrug-resistant","antitubercular, drug, agents, multidrug-resistant, treatment, rifampin, drugs, mycobacterium",0.88847,0.723027,include,mechanical,INC-GEO-01,,pubmed,geo_tb_1,0
doi:10.1128/mbio.03518-25,41949313,PMC13170308,10.1128/mbio.03518-25,https://pubmed.ncbi.nlm.nih.gov/41949313/,"A Val292 substitution combined with an alanine duplication (ADUP) in the Ω loop of ADC β-lactamase confers reduced susceptibility to advanced β-lactam agents, including cefiderocol.",mBio,mBio,2026,2026-04-08,eng,"Journal Article|Research Support, N.I.H., Extramural|Research Support, Non-U.S. Gov't",10,1,3,amr_hai,AMR and healthcare-associated infections,amr_hai,0,Anti-Bacterial Agents,Anti-Bacterial Agents|Microbial Sensitivity Tests|beta-Lactamases,Surveillance and epidemiology,1,0,1,"Kawai, Akito","Doi, Yohei",Japan,Japan,National University of Singapore,Japan|Singapore|United States,National University of Singapore,amr_hai_t2,"agents, tests, activity, sensitivity","agents, tests, activity, sensitivity, antibacterial, anti-bacterial, animals, microbial",0.522915,0.296444,include,mechanical,INC-GEO-01,,pubmed,geo_amr_hai_5,0
doi:10.3390/insects17070716,42505827,PMC13411954,10.3390/insects17070716,https://pubmed.ncbi.nlm.nih.gov/42505827/,"A Unique Desiccated Carbon Dioxide (CO) Formulation of d,d-trans-Cyphenothrin, MiraknGX: A Novel Alternative to Indoor Ultra-Low-Volume Spraying.",Insects,Insects,2026,2026-07-10,eng,Journal Article,6,4,1,vector_borne,Vector-borne diseases,vector_borne,0,Other/unspecified,,Entomology,1,1,0,"Chiang, Suzanna","Tan, Cheong-Huat",Singapore,Singapore,Environmental Health Institute|Nanyang Technological University|National Environment Agency|National University of Singapore,Singapore,Environmental Health Institute|Nanyang Technological University|National Environment Agency|National University of Singapore,vector_borne_t5,"leading, implications, vector-borne, mortality","leading, implications, vector-borne, mortality, region, spaces, space, sequence",0.657775,0.0,include,mechanical,INC-GEO-01,,pubmed,geo_vector_borne_1|geo_vector_borne_3,0
doi:10.1021/acs.jmedchem.5c01616,41528067,PMC12910597,10.1021/acs.jmedchem.5c01616,https://pubmed.ncbi.nlm.nih.gov/41528067/,A Series of Pyrazolo-Quinazoline Amines Inhibits the CytochromeOxidase in.,Journal of medicinal chemistry,J Med Chem,2026,2026-01-13,eng,Journal Article,14,3,3,tb,Tuberculosis,tb,0,Antitubercular Agents,Antitubercular Agents|Mycobacterium tuberculosis|Microbial Sensitivity Tests,,0,1,1,"Singh, Samsher","Pethe, Kevin",Singapore,Singapore,Experimental Drug Development Centre|Nanyang Technological University|National Centre for Infectious Diseases,Singapore|Switzerland|United States,Experimental Drug Development Centre|Nanyang Technological University|National Centre for Infectious Diseases,tb_t1,"antitubercular, drug, agents, multidrug-resistant","antitubercular, drug, agents, multidrug-resistant, treatment, rifampin, drugs, mycobacterium",0.702603,0.865322,include,mechanical,INC-GEO-01,,pubmed,geo_tb_1,0
pmid:42525700,42525700,,,https://pubmed.ncbi.nlm.nih.gov/42525700/,"A Review of the History, Current Use, and Future of Insecticide Treated Uniforms Among Militaries in the Indo-Pacific.","Medical journal (Fort Sam Houston, Tex.)",Med J (Ft Sam Houst Tex),2026,2026-01-01,eng,Journal Article|Review|Historical Article,11,0,3,vector_borne,Vector-borne diseases,vector_borne,0,Other/unspecified,,,0,0,1,"Davidson, Silas","Debboun, Mustapha",,,,New Zealand|Singapore|Thailand,,vector_borne_t2,"surveillance, including, diversity, health","surveillance, including, diversity, health, capacity, research, evidence, integrated",0.603141,0.316705,include,mechanical,INC-GEO-01,,pubmed,geo_vector_borne_3|geo_vector_borne_4,0
doi:10.1021/acssensors.6c00688,42687284,,10.1021/acssensors.6c00688,https://pubmed.ncbi.nlm.nih.gov/42687284/,A Rationally Designed Split Lettuce Aptamer Based on Large-Scale Mutational Analysis.,ACS sensors,ACS Sens,2026,2026-Aug-28,eng,Journal Article,7,1,2,rti,Respiratory-tract infections,rti,0,COVID-19,COVID-19|SARS-CoV-2,,0,0,1,"Adams, Alexandra M","Soh, H Tom",United States,United States,National University of Singapore,Singapore|United States,National University of Singapore,rti_t5,"social, health, public, key","social, health, public, key, policy, diverse, based, framework",0.214731,0.42615,include,mechanical,INC-GEO-01,,pubmed,geo_all_id_1|geo_all_id_2|geo_rti_1|geo_rti_2|geo_rti_3|geo_rti_4|geo_rti_5,0
doi:10.7759/cureus.101901,41728479,PMC12918772,10.7759/cureus.101901,https://pubmed.ncbi.nlm.nih.gov/41728479/,A Rare Case of Syphilitic Charcot Arthropathy Involving the Foot in an Asian Patient: A Case Report and Review of Literature.,Cureus,Cureus,2026,2026-01-20,eng,Case Reports|Journal Article,2,1,1,sti,Sexually-transmitted infections,sti,0,Other/unspecified,,Case study,1,1,0,"Cheong, Teddy","Mehta, Kinjal",Singapore,Singapore,Changi General Hospital,Singapore,Changi General Hospital,sti_t1,"hiv, therapy, male, infections","hiv, therapy, male, infections, people, living, infection, agents",0.831653,0.324588,include,mechanical,INC-GEO-01,,pubmed,geo_sti_2,0
doi:10.1021/acs.est.6c03391,42421426,,10.1021/acs.est.6c03391,https://pubmed.ncbi.nlm.nih.gov/42421426/,"A Framework for Antimicrobial Resistance Risk Assessment, Monitoring, and Risk-Reduction Practices along the Reused Water-Soil-Crop-Human Continuum.",Environmental science & technology,Environ Sci Technol,2026,2026-07-08,eng,Journal Article|Review,38,1,13,amr_hai,AMR and healthcare-associated infections,amr_hai,0,Other/unspecified,,,0,0,1,"Álvarez-Fraga, Laura","Topp, Edward",France,Canada,National University of Singapore,Australia|Canada|France|Germany|Greece|Israel|Italy|Japan|Portugal|Singapore|Spain|United Kingdom|United States,National University of Singapore,amr_hai_t1,"infection, hospital, included, prevention","infection, hospital, included, prevention, conducted, outcomes, january, interventions",0.643768,0.345651,include,mechanical,INC-GEO-01,regional_participation,pubmed,geo_amr_hai_4,0
doi:10.1021/acssensors.5c04309,42432843,,10.1021/acssensors.5c04309,https://pubmed.ncbi.nlm.nih.gov/42432843/,A Dictyostelium discoideum Cell-Based Biosensor Reveals Capsule-Associated Virulence Phenotypes in Hypervirulent Klebsiella pneumoniae.,ACS sensors,ACS Sens,2026,2026-Jul-24,eng,Journal Article,9,1,2,amr_hai,AMR and healthcare-associated infections,amr_hai,0,Klebsiella pneumoniae,Klebsiella pneumoniae|Virulence,,0,0,1,"Pérez-Ramírez, Ian","Marcoleta, Andrés E",Chile,Chile,National University of Singapore,Chile|Singapore,National University of Singapore,amr_hai_t2,"agents, tests, activity, sensitivity","agents, tests, activity, sensitivity, antibacterial, anti-bacterial, animals, microbial",0.746099,0.224248,include,mechanical,INC-GEO-01,,pubmed,geo_amr_hai_5,0
doi:10.1016/j.mtbio.2026.103530,42598560,PMC13471327,10.1016/j.mtbio.2026.103530,https://pubmed.ncbi.nlm.nih.gov/42598560/,3D-printed multifunctional composite scaffolds incorporating copper ions/amoxicillin/hydroxyapatite for synergistic antibacterial and vascularized bone regeneration.,Materials today. Bio,Mater Today Bio,2026,2026-08-03,eng,Journal Article,9,1,2,other_id,Other infectious disease,other_id,0,Other/unspecified,,Infection prevention and control,1,1,1,"Song, Yongteng","Huang, Changjin",China,Singapore,Nanyang Technological University,China|Singapore,Nanyang Technological University,other_id_t1,"cell, cells, vitro, reduced","cell, cells, vitro, reduced, promising, infection, demonstrate, therapeutic",0.036626,0.50468,include,agent,INC-TOP-02,,pubmed,geo_amr_hai_3,0
doi:10.1016/j.socscimed.2026.119146,41830882,,10.1016/j.socscimed.2026.119146,https://pubmed.ncbi.nlm.nih.gov/41830882/,"""We are already naked"": An ethnographic study of migrant sex-workers' marginalisation under medical surveillance in Singapore.",Social science & medicine (1982),Soc Sci Med,2026,2026-03-07,eng,Journal Article,8,2,3,sti,Sexually-transmitted infections,sti,0,Other/unspecified,,Surveillance and epidemiology,1,1,1,"Mu, Rong","Howard, Natasha",Singapore,Singapore,National University of Singapore,Singapore|United Kingdom|United States,London School of Hygiene & Tropical Medicine|National University of Singapore,sti_t2,"vaccines, health, program, national","vaccines, health, program, national, papillomavirus, vaccination, human, per",0.0,0.649342,include,mechanical,INC-GEO-01,,pubmed,geo_sti_2|geo_sti_3,0
doi:10.3390/insects17080770,42652425,PMC13513539,10.3390/insects17080770,https://pubmed.ncbi.nlm.nih.gov/42652425/,"""Water? WhichPupa Needs It!"".",Insects,Insects,2026,2026-07-27,eng,Journal Article,5,1,1,vector_borne,Vector-borne diseases,vector_borne,0,Other/unspecified,,Entomology,1,1,0,"Zulkifli, Muhammad Faizal","Tan, Cheong-Huat",Singapore,Singapore,Environmental Health Institute,Singapore,Environmental Health Institute,vector_borne_t1,"infection, fever, although, male","infection, fever, although, male, aged, adult, yellow, zikv",0.78367,0.040466,include,mechanical,INC-GEO-01,,pubmed,geo_vector_borne_1,0
doi:10.1080/21505594.2025.2580163,41178445,PMC12584651,10.1080/21505594.2025.2580163,https://pubmed.ncbi.nlm.nih.gov/41178445/,salivary protein LTRIN activates pro-inflammatory genes in human dermal fibroblasts to counter mosquito-borne viral challenges.,Virulence,Virulence,2025,2025-11-03,eng,Journal Article,8,2,1,vector_borne,Vector-borne diseases,vector_borne,0,Aedes,Aedes|Dengue Virus|Zika Virus,Entomology|Virology|Basic research,3,1,0,"Loh, Su Ning","Sivaraman, J",Singapore,Singapore,National University Health System|National University of Singapore,Singapore,National University Health System|National University of Singapore,vector_borne_t2,"surveillance, including, diversity, health","surveillance, including, diversity, health, capacity, research, evidence, integrated",0.235305,0.638152,include,mechanical,INC-GEO-01,,pubmed,geo_vector_borne_5,0
doi:10.1016/s1473-3099(24)00794-1,40024263,,10.1016/s1473-3099(24)00794-1,https://pubmed.ncbi.nlm.nih.gov/40024263/,Zika virus: advancing a priority research agenda for preparedness and response.,The Lancet. Infectious diseases,Lancet Infect Dis,2025,2025-02-27,eng,Journal Article|Review,25,3,5,vector_borne,Vector-borne diseases,vector_borne,0,Zika Virus,Zika Virus|Zika Virus Infection,Outbreak management|Surveillance and epidemiology,2,0,1,"Lackritz, Eve M",,United States,,National University of Singapore,Brazil|Singapore|Switzerland|United Kingdom|United States,National University of Singapore|US Centers for Disease Control and Prevention|World Health Organization,vector_borne_t2,"surveillance, including, diversity, health","surveillance, including, diversity, health, capacity, research, evidence, integrated",0.393661,0.361921,include,mechanical,INC-GEO-01,regional_participation,pubmed,geo_vector_borne_5,0
doi:10.1016/j.survophthal.2025.09.011,40972796,,10.1016/j.survophthal.2025.09.011,https://pubmed.ncbi.nlm.nih.gov/40972796/,Work-up in patients with retinal vasculitis: A systematic review and meta-analysis: International Uveitis Study Group (IUSG) Retinal Vasculitis Study (ReViSe) Report 2.,Survey of ophthalmology,Surv Ophthalmol,2025,2025-09-17,eng,Journal Article|Systematic Review|Meta-Analysis,20,6,7,tb,Tuberculosis,tb,0,Other/unspecified,,Detection,1,1,1,"Cifuentes-González, Carlos",,Colombia,,Duke-NUS Medical School|Nanyang Technological University|National University of Singapore|Tan Tock Seng Hospital,Colombia|Ethiopia|India|Indonesia|Netherlands|Singapore|United States,Duke-NUS Medical School|Harvard University|Nanyang Technological University|National University of Singapore|Tan Tock Seng Hospital|Universitas Indonesia,tb_t2,"diagnosis, diagnostic, conducted, systematic","diagnosis, diagnostic, conducted, systematic, included, characteristics, symptoms, age",0.140525,0.714228,include,mechanical,INC-GEO-01,,pubmed,geo_tb_1,0
doi:10.1016/j.ajic.2025.11.002,41198031,,10.1016/j.ajic.2025.11.002,https://pubmed.ncbi.nlm.nih.gov/41198031/,Trends of economic evidence in infection prevention and control practices for hospital-acquired infections.,American journal of infection control,Am J Infect Control,2025,2025-11-04,eng,Journal Article,2,1,1,rti,Respiratory-tract infections,rti|amr_hai,1,COVID-19,COVID-19|SARS-CoV-2|Cost-Benefit Analysis,Infection prevention and control|Surveillance and epidemiology,2,1,0,"Elangovan, Shalini","Graves, Nicholas",Singapore,Singapore,Duke-NUS Medical School,Singapore,Duke-NUS Medical School,rti_t3,"evidence, clinical, health, review","evidence, clinical, health, review, outcomes, substantial, evaluation, management",1.0,0.329506,include,mechanical,INC-GEO-01,,pubmed,geo_amr_hai_2,0
doi:10.1186/s13063-025-08887-7,40442716,PMC12123710,10.1186/s13063-025-08887-7,https://pubmed.ncbi.nlm.nih.gov/40442716/,The role of stakeholder mapping and engagement in Mongolia during the implementation of the STREAM clinical trial for MDR-TB.,Trials,Trials,2025,2025-05-29,eng,Journal Article,10,0,4,tb,Tuberculosis,tb|amr_hai,1,Antitubercular Agents,"Antitubercular Agents|Tuberculosis, Multidrug-Resistant",Clinical studies,1,0,1,"Tsogt, Bazarragchaa","Bronson, Gay",Mongolia,United States,,Mongolia|Singapore|United Kingdom|United States,,tb_t1,"antitubercular, drug, agents, multidrug-resistant","antitubercular, drug, agents, multidrug-resistant, treatment, rifampin, drugs, mycobacterium",0.839629,0.515141,include,mechanical,INC-GEO-01,regional_participation,pubmed,geo_tb_4,0
doi:10.1007/s10461-025-04964-9,41269647,PMC13076407,10.1007/s10461-025-04964-9,https://pubmed.ncbi.nlm.nih.gov/41269647/,"The Role of PrEP Initiation on Depression Severity, HIV-Related Anxiety, HIV Stigma, and PrEP Stigma Among Sexual Minority Men in Singapore: Findings from a Prospective Cohort and Longitudinal Mixed-Methods Study.",AIDS and behavior,AIDS Behav,2025,2025-11-21,eng,Journal Article,8,2,1,sti,Sexually-transmitted infections,sti,0,HIV Infections,"HIV Infections|Anti-HIV Agents|Homosexuality, Male|Qualitative Research|Interviews as Topic",,0,1,0,"Naidu, Kuhanesan N C","Olszyna, Dariusz",Singapore,Singapore,National University Health System|National University of Singapore,Singapore,National University Health System|National University of Singapore,sti_t1,"hiv, therapy, male, infections","hiv, therapy, male, infections, people, living, infection, agents",0.408248,0.876542,include,mechanical,INC-GEO-01,,pubmed,geo_sti_4,0
doi:10.1093/cid/ciae601,39658125,PMC12314499,10.1093/cid/ciae601,https://pubmed.ncbi.nlm.nih.gov/39658125/,"The Frequency and Incidence of QT Prolongation With Extended Use of Bedaquiline or Delamanid in a Large, Multi-Country Multidrug-Resistant/Rifampicin-Resistant Tuberculosis Cohort.",Clinical infectious diseases : an official publication of the Infectious Diseases Society of America,Clin Infect Dis,2025,2025-Aug-01,eng,"Journal Article|Research Support, Non-U.S. Gov't",33,3,16,tb,Tuberculosis,tb|amr_hai,1,Antitubercular Agents,"Antitubercular Agents|Rifampin|Tuberculosis, Multidrug-Resistant|Diarylquinolines|Nitroimidazoles",Surveillance and epidemiology,1,1,1,"Khan, Uzma","Khan, Palwasha Y",Canada,Singapore,,Bangladesh|Canada|Ethiopia|France|Haiti|Indonesia|Myanmar|Pakistan|Peru|Singapore|South Africa|Sweden|Switzerland|United Kingdom|United States|Viet Nam,Harvard University|London School of Hygiene & Tropical Medicine|World Health Organization,tb_t1,"antitubercular, drug, agents, multidrug-resistant","antitubercular, drug, agents, multidrug-resistant, treatment, rifampin, drugs, mycobacterium",0.740727,0.11156,include,mechanical,INC-GEO-01,,pubmed,geo_tb_4,0
doi:10.1186/s13756-025-01656-w,41299649,PMC12659278,10.1186/s13756-025-01656-w,https://pubmed.ncbi.nlm.nih.gov/41299649/,Systematic review and meta-analysis of outcomes associated with incisional and organ/space surgical site infections in abdominal surgery patients.,Antimicrobial resistance and infection control,Antimicrob Resist Infect Control,2025,2025-11-26,eng,Journal Article|Systematic Review|Meta-Analysis,5,2,1,amr_hai,AMR and healthcare-associated infections,amr_hai,0,Surgical Wound Infection,Surgical Wound Infection,Infection prevention and control,1,1,0,"Elangovan, Shalini","Graves, Nicholas",Singapore,Singapore,Duke-NUS Medical School|Ng Teng Fong General Hospital,Singapore,Duke-NUS Medical School|Ng Teng Fong General Hospital,amr_hai_t1,"infection, hospital, included, prevention","infection, hospital, included, prevention, conducted, outcomes, january, interventions",0.227348,0.910647,include,mechanical,INC-GEO-01,,pubmed,geo_amr_hai_5,0
doi:10.1038/s41598-025-86139-z,39824916,PMC11742399,10.1038/s41598-025-86139-z,https://pubmed.ncbi.nlm.nih.gov/39824916/,Suppression of Aedes aegypti may not affect sympatric Aedes albopictus populations: findings from two years of entomological surveillance in Singapore.,Scientific reports,Sci Rep,2025,2025-01-17,eng,Journal Article,6,4,2,vector_borne,Vector-borne diseases,vector_borne,0,Dengue,Dengue|Aedes|Mosquito Vectors|Dengue Virus|Wolbachia|Mosquito Control,Entomology|Surveillance and epidemiology,2,1,1,"Wong, Wei Jian","Chong, Chee-Seng",Singapore,Singapore,Environmental Health Institute|Nanyang Technological University|National University of Singapore,Australia|Singapore,Environmental Health Institute|Nanyang Technological University|National University of Singapore|University of Melbourne,vector_borne_t4,"vectors, wolbachia, mosquito, aedes","vectors, wolbachia, mosquito, aedes, aegypti, mosquitoes, intervention, field",0.805236,0.151459,include,mechanical,INC-GEO-01,,pubmed,geo_vector_borne_5,0
doi:10.1093/ofid/ofaf610,41127453,PMC12538390,10.1093/ofid/ofaf610,https://pubmed.ncbi.nlm.nih.gov/41127453/,Snapshot Genomic Surveillance Reveals Insights into Antimicrobial Resistance and Lineage Diversity of Uropathogens in Older Adults in Queensland.,Open forum infectious diseases,Open Forum Infect Dis,2025,2025-09-26,eng,Journal Article,9,1,2,amr_hai,AMR and healthcare-associated infections,amr_hai,0,Other/unspecified,,Surveillance and epidemiology|Genomics|Transmission,3,0,1,"Permana, Budi","Forde, Brian M",Australia,Australia,National University of Singapore,Australia|Singapore,National University of Singapore,amr_hai_t1,"infection, hospital, included, prevention","infection, hospital, included, prevention, conducted, outcomes, january, interventions",0.829529,0.604032,include,mechanical,INC-GEO-01,,pubmed,geo_amr_hai_2,0
doi:10.1128/jvi.01597-25,41277843,PMC12724274,10.1128/jvi.01597-25,https://pubmed.ncbi.nlm.nih.gov/41277843/,Single-cell transcriptome profiling reveals immunological fitness of HIV long-term non-progressors.,Journal of virology,J Virol,2025,2025-11-24,eng,"Journal Article|Research Support, Non-U.S. Gov't",14,1,2,sti,Sexually-transmitted infections,sti,0,HIV Infections,HIV Infections|HIV-1,Basic research,1,0,1,"Shi, Minjuan","Jiang, Junjun",China,China,National University of Singapore,China|Singapore,National University of Singapore,sti_t1,"hiv, therapy, male, infections","hiv, therapy, male, infections, people, living, infection, agents",0.923239,0.427873,include,mechanical,INC-GEO-01,,pubmed,geo_sti_4,0
doi:10.1016/j.infpip.2025.100492,41323289,PMC12661296,10.1016/j.infpip.2025.100492,https://pubmed.ncbi.nlm.nih.gov/41323289/,Retrospective cohort study of Gram-negative bacteraemia shows transmission of hypervirulentin a UK Intensive Care Unit during the Covid-19 pandemic.,Infection prevention in practice,Infect Prev Pract,2025,2025-10-20,eng,Journal Article,7,0,2,rti,Respiratory-tract infections,rti|amr_hai,1,Other/unspecified,,Infection prevention and control|Surveillance and epidemiology|Clinical studies,3,1,1,"Bousfield, Rachel","Baker, Stephen",United Kingdom,Singapore,,Singapore|United Kingdom,,rti_t1,"incidence, months, remained, maternal","incidence, months, remained, maternal, infants, retrospective, database, april",0.426551,0.445068,include,mechanical,INC-GEO-01,,pubmed,geo_amr_hai_2,0
doi:10.47102/annals-acadmedsg.2025246,41560280,,10.47102/annals-acadmedsg.2025246,https://pubmed.ncbi.nlm.nih.gov/41560280/,Recommendations for screening for latent tuberculosis infection in people with rheumatic diseases: Consensus statement from the Singapore Chapter of Rheumatologists.,"Annals of the Academy of Medicine, Singapore",Ann Acad Med Singap,2025,2025-12-31,eng,Journal Article|Consensus Statement|Review,15,6,1,tb,Tuberculosis,tb,0,Other/unspecified,,,0,1,0,"Chong, Kar Mun","Lahiri, Manjari",Singapore,Singapore,Alexandra Hospital|National University Hospital|National University of Singapore|Sengkang General Hospital|Singapore General Hospital|Tan Tock Seng Hospital,Singapore,Alexandra Hospital|National University Hospital|National University of Singapore|Sengkang General Hospital|Singapore General Hospital|Tan Tock Seng Hospital,tb_t2,"diagnosis, diagnostic, conducted, systematic","diagnosis, diagnostic, conducted, systematic, included, characteristics, symptoms, age",0.498369,0.802712,include,mechanical,INC-GEO-01,,pubmed,geo_tb_1,0
doi:10.1128/spectrum.01353-25,41114592,PMC12671214,10.1128/spectrum.01353-25,https://pubmed.ncbi.nlm.nih.gov/41114592/,QuantiFERON-TB Gold Plus CD8+ T cell responses in contacts with tuberculosis disease and recent tuberculosis infection.,Microbiology spectrum,Microbiol Spectr,2025,2025-10-20,eng,Journal Article,4,2,1,tb,Tuberculosis,tb,0,Mycobacterium tuberculosis,Mycobacterium tuberculosis|Tuberculosis|Sensitivity and Specificity,Detection,1,1,0,"Chee, Cynthia Bin-Eng","Wang, Yee-Tang",Singapore,Singapore,National Centre for Infectious Diseases|Tan Tock Seng Hospital,Singapore,National Centre for Infectious Diseases|Tan Tock Seng Hospital,tb_t1,"antitubercular, drug, agents, multidrug-resistant","antitubercular, drug, agents, multidrug-resistant, treatment, rifampin, drugs, mycobacterium",0.366922,0.860366,include,mechanical,INC-GEO-01,,pubmed,geo_tb_1,0
doi:10.1186/s41182-025-00846-x,41382194,PMC12699892,10.1186/s41182-025-00846-x,https://pubmed.ncbi.nlm.nih.gov/41382194/,Programmatic approaches to screening for tuberculosis disease: a situational analysis of seven countries in the Western Pacific Region.,Tropical medicine and health,Trop Med Health,2025,2025-12-12,eng,Journal Article,13,2,5,tb,Tuberculosis,tb|sti,1,Other/unspecified,,,0,1,1,"Teo, Alvin Kuo Jing",,Australia,,National University of Singapore,Australia|Philippines|Republic of Korea|Singapore|Switzerland,National University of Singapore|World Health Organization,tb_t2,"diagnosis, diagnostic, conducted, systematic","diagnosis, diagnostic, conducted, systematic, included, characteristics, symptoms, age",0.472512,0.706427,include,mechanical,INC-GEO-01,,pubmed,geo_sti_2,0
doi:10.1016/s2214-109x(25)00105-6,40412395,PMC12287636,10.1016/s2214-109x(25)00105-6,https://pubmed.ncbi.nlm.nih.gov/40412395/,Post-pulmonary tuberculosis lung function: a systematic review and meta-analysis.,The Lancet. Global health,Lancet Glob Health,2025,2025-Jun-01,eng,Journal Article|Systematic Review|Meta-Analysis,12,3,5,tb,Tuberculosis,tb,0,"Tuberculosis, Pulmonary","Tuberculosis, Pulmonary",,0,0,1,"Ratnakumar, Sharina","Porter, Joanna C",United Kingdom,United Kingdom,National University Hospital|National University of Singapore,Italy|Poland|Singapore|United Kingdom|United States,Johns Hopkins University|National University Hospital|National University of Singapore,tb_t2,"diagnosis, diagnostic, conducted, systematic","diagnosis, diagnostic, conducted, systematic, included, characteristics, symptoms, age",0.427062,0.291451,include,mechanical,INC-GEO-01,regional_participation,pubmed,geo_tb_4,0
doi:10.1038/s41467-025-65976-6,41372125,PMC12696075,10.1038/s41467-025-65976-6,https://pubmed.ncbi.nlm.nih.gov/41372125/,Photo-reversible amyloid nanoNETs for regenerative antimicrobial therapies.,Nature communications,Nat Commun,2025,2025-12-10,eng,Journal Article,16,1,4,amr_hai,AMR and healthcare-associated infections,amr_hai,0,Anti-Bacterial Agents,Anti-Bacterial Agents|Methicillin-Resistant Staphylococcus aureus|Staphylococcal Infections,,0,0,1,"Xuan, Qize","Mezzenga, Raffaele",China,Switzerland,National University of Singapore,China|Singapore|Switzerland|United States,National University of Singapore,amr_hai_t2,"agents, tests, activity, sensitivity","agents, tests, activity, sensitivity, antibacterial, anti-bacterial, animals, microbial",0.103928,0.246613,include,mechanical,INC-GEO-01,regional_participation,pubmed,geo_amr_hai_5,0
doi:10.47102/annals-acadmedsg.2025240,41601292,,10.47102/annals-acadmedsg.2025240,https://pubmed.ncbi.nlm.nih.gov/41601292/,No increased incidence of bacterial sexually transmitted infections with PrEP use among men who have sex with men in a clinic cohort.,"Annals of the Academy of Medicine, Singapore",Ann Acad Med Singap,2025,2025-11-21,eng,Letter,3,1,1,sti,Sexually-transmitted infections,sti,0,Other/unspecified,,,0,1,0,"Yeo, Benson Koon Wee","Cheng, Linus",Singapore,Singapore,National Skin Centre,Singapore,National Skin Centre,sti_t1,"hiv, therapy, male, infections","hiv, therapy, male, infections, people, living, infection, agents",0.096126,0.796076,include,agent,EXC-TYP-01,,pubmed,geo_sti_2,0
doi:10.1016/j.vaccine.2025.126728,39823847,,10.1016/j.vaccine.2025.126728,https://pubmed.ncbi.nlm.nih.gov/39823847/,Modelling the impact and cost-effectiveness of upcoming Zika virus vaccines on congenital Zika syndrome.,Vaccine,Vaccine,2025,2025-01-16,eng,"Journal Article|Research Support, Non-U.S. Gov't",6,2,1,vector_borne,Vector-borne diseases,vector_borne,0,Zika Virus,Zika Virus|Zika Virus Infection,Vaccine|Modelling,2,1,0,"Song, Haolong","Dickens, Borame L",Singapore,Singapore,Nanyang Technological University|National University of Singapore,Singapore,Nanyang Technological University|National University of Singapore,vector_borne_t1,"infection, fever, although, male","infection, fever, although, male, aged, adult, yellow, zikv",0.478332,0.325814,include,mechanical,INC-GEO-01,,pubmed,geo_vector_borne_5,0
doi:10.1016/s1473-3099(25)00157-4,41036784,,10.1016/s1473-3099(25)00157-4,https://pubmed.ncbi.nlm.nih.gov/41036784/,Management of individuals exposed to multidrug-resistant or rifampicin-resistant tuberculosis.,The Lancet. Infectious diseases,Lancet Infect Dis,2025,2025-06-06,eng,Journal Article|Review,38,5,17,tb,Tuberculosis,tb|sti|amr_hai,1,Antitubercular Agents,"Antitubercular Agents|Mycobacterium tuberculosis|Rifampin|Tuberculosis, Multidrug-Resistant",,0,0,1,"Seddon, James A","Martinez, Leonardo",South Africa,United States,,Australia|Belgium|Canada|China|Denmark|France|India|Netherlands|Singapore|South Africa|Sweden|Ukraine|United Kingdom|United States|Viet Nam|Zambia|Zimbabwe,Harvard University|Imperial College London|London School of Hygiene & Tropical Medicine|University of Melbourne|World Health Organization,tb_t1,"antitubercular, drug, agents, multidrug-resistant","antitubercular, drug, agents, multidrug-resistant, treatment, rifampin, drugs, mycobacterium",0.596692,0.312116,include,mechanical,INC-GEO-01,regional_participation,pubmed,geo_tb_4,0
doi:10.1016/j.ijid.2025.108054,40939955,,10.1016/j.ijid.2025.108054,https://pubmed.ncbi.nlm.nih.gov/40939955/,Longitudinal epidemiology of pulmonary nontuberculous mycobacteria and tuberculosis in Singapore (2006-2024): Emerging dominance of Mycobacterium abscessus.,International journal of infectious diseases : IJID : official publication of the International Society for Infectious Diseases,Int J Infect Dis,2025,2025-09-10,eng,Journal Article,5,2,1,tb,Tuberculosis,tb,0,"Tuberculosis, Pulmonary","Tuberculosis, Pulmonary",Surveillance and epidemiology,1,1,0,"Pereira, Jarett Vanz-Brian","Ng, Dorothy Hui Lin",Singapore,Singapore,Duke-NUS Medical School|Singapore General Hospital,Singapore,Duke-NUS Medical School|Singapore General Hospital,tb_t1,"antitubercular, drug, agents, multidrug-resistant","antitubercular, drug, agents, multidrug-resistant, treatment, rifampin, drugs, mycobacterium",0.557889,0.789701,include,mechanical,INC-GEO-01,,pubmed,geo_tb_4,0
doi:10.1016/j.intf.2025.100335,41647308,PMC12851316,10.1016/j.intf.2025.100335,https://pubmed.ncbi.nlm.nih.gov/41647308/,Infective endocarditis in children with chronic intestinal failure.,"Intestinal Failure (New York, N.Y.)",Intest Fail,2025,2025-12-06,eng,Journal Article,8,1,1,other_id,Other infectious disease,other_id,0,Other/unspecified,,Surveillance and epidemiology,1,1,0,"Pandey, Divya","Chiou, Fang Kuan",Singapore,Singapore,KK Women's and Children's Hospital,Singapore,KK Women's and Children's Hospital,other_id_t2,"outcomes, days, clinical, infections","outcomes, days, clinical, infections, years, therapy, may, early",0.482194,0.0,include,agent,INC-TOP-01,,pubmed,geo_amr_hai_2,0
doi:10.1016/j.infpip.2025.100495,41311829,PMC12651632,10.1016/j.infpip.2025.100495,https://pubmed.ncbi.nlm.nih.gov/41311829/,Implementation of a peripheral intravenous catheter bundle to reduce phlebitis and hospital-onsetbacteremia: A quality improvement project.,Infection prevention in practice,Infect Prev Pract,2025,2025-10-27,eng,Journal Article,13,2,1,amr_hai,AMR and healthcare-associated infections,amr_hai,0,Other/unspecified,,Infection prevention and control,1,1,0,"Li, Jie","Tan, Thean Yen",Singapore,Singapore,Changi General Hospital|Sengkang General Hospital,Singapore,Changi General Hospital|Sengkang General Hospital,amr_hai_t1,"infection, hospital, included, prevention","infection, hospital, included, prevention, conducted, outcomes, january, interventions",0.663199,0.755201,include,mechanical,INC-GEO-01,,pubmed,geo_amr_hai_2,0
doi:10.1038/s41467-025-66606-x,41290647,PMC12749388,10.1038/s41467-025-66606-x,https://pubmed.ncbi.nlm.nih.gov/41290647/,Impact of a community-based antiretroviral therapy delivery model for people living with HIV in Cambodia.,Nature communications,Nat Commun,2025,2025-11-25,eng,Journal Article,13,2,6,sti,Sexually-transmitted infections,sti,0,HIV Infections,HIV Infections|Anti-HIV Agents|Viral Load|Anti-Retroviral Agents,Virology,1,1,1,"Tian, Ziya","Yi, Siyan",Singapore,Cambodia,National University of Singapore,Australia|Cambodia|Japan|Singapore|United Kingdom|United States,London School of Hygiene & Tropical Medicine|National University of Singapore,sti_t1,"hiv, therapy, male, infections","hiv, therapy, male, infections, people, living, infection, agents",0.60936,0.586014,include,mechanical,INC-GEO-01,,pubmed,geo_sti_3|geo_sti_4,0
doi:10.1016/j.celrep.2025.116098,40753572,PMC12440574,10.1016/j.celrep.2025.116098,https://pubmed.ncbi.nlm.nih.gov/40753572/,Identification of the seven critical residues that control ZIKV-DENV cross-reactivity to engineer a non-cross-reactive ZIKV vaccine.,Cell reports,Cell Rep,2025,2025-08-02,eng,Journal Article,17,1,2,vector_borne,Vector-borne diseases,vector_borne,0,Dengue,Dengue|Dengue Virus|Zika Virus|Zika Virus Infection,Immunology,1,0,1,"Grinyo-Escuer, Ariadna","Doranz, Benjamin J",United States,United States,"Agency for Science, Technology and Research",Singapore|United States,"Agency for Science, Technology and Research",vector_borne_t6,"included, evaluation, rapid, settings","included, evaluation, rapid, settings, detection, southeast, positive, denv",0.148359,0.368948,include,mechanical,INC-GEO-01,,pubmed,geo_vector_borne_5,0
doi:10.47102/annals-acadmedsg.2025336,41492883,,10.47102/annals-acadmedsg.2025336,https://pubmed.ncbi.nlm.nih.gov/41492883/,High-risk human papillomavirus genotype prevalence in Singapore cervical samples: Implications for clinical management.,"Annals of the Academy of Medicine, Singapore",Ann Acad Med Singap,2025,2025-12-17,eng,Journal Article,5,0,1,sti,Sexually-transmitted infections,sti,0,Papillomavirus Infections,Papillomavirus Infections|Human Papillomavirus Viruses|Uterine Cervical Neoplasms,Disease management|Surveillance and epidemiology|Genomics,3,1,0,"Nandakumar, Vivekanathan","Ho, Sherry Sze Yee",Singapore,Singapore,,Singapore,,sti_t1,"hiv, therapy, male, infections","hiv, therapy, male, infections, people, living, infection, agents",0.352046,0.019758,include,mechanical,INC-GEO-01,,pubmed,geo_sti_3|geo_sti_4,0
doi:10.3390/ijms262411784,41465216,PMC12733343,10.3390/ijms262411784,https://pubmed.ncbi.nlm.nih.gov/41465216/,Gene Methylation as a Potential Biomarker for Anal Intraepithelial Neoplasia.,International journal of molecular sciences,Int J Mol Sci,2025,2025-12-05,eng,Journal Article,8,1,2,sti,Sexually-transmitted infections,sti,0,HIV Infections,HIV Infections|Papillomavirus Infections,Detection,1,0,1,"Pholpong, Chavis","Chaiwongkot, Arkom",Thailand,Thailand,Nanyang Technological University,Singapore|Thailand,Nanyang Technological University,sti_t1,"hiv, therapy, male, infections","hiv, therapy, male, infections, people, living, infection, agents",0.640221,0.055342,include,mechanical,INC-GEO-01,,pubmed,geo_sti_2|geo_sti_3|geo_sti_4,0
doi:10.1186/s12889-025-25357-6,41339840,PMC12676780,10.1186/s12889-025-25357-6,https://pubmed.ncbi.nlm.nih.gov/41339840/,Factors influencing antiretroviral therapy adherence among youth living with HIV: a systematic review and meta-analysis.,BMC public health,BMC Public Health,2025,2025-12-03,eng,Journal Article|Systematic Review|Meta-Analysis,3,2,2,sti,Sexually-transmitted infections,sti,0,HIV Infections,HIV Infections|Anti-HIV Agents|Anti-Retroviral Agents,,0,1,1,"Saenjun, Pairin","Klainin-Yobas, Piyanee",Thailand,Singapore,National University of Singapore,Singapore|Thailand,Mahidol University|National University of Singapore,sti_t1,"hiv, therapy, male, infections","hiv, therapy, male, infections, people, living, infection, agents",0.821408,0.725939,include,mechanical,INC-GEO-01,,pubmed,geo_sti_2|geo_sti_3|geo_sti_4,0
doi:10.3390/pathogens14030285,40137770,PMC11944716,10.3390/pathogens14030285,https://pubmed.ncbi.nlm.nih.gov/40137770/,"Exploitingas a Tool for Mosquito-Borne Disease Control: Pursuing Efficacy, Safety, and Sustainability.","Pathogens (Basel, Switzerland)",Pathogens,2025,2025-03-14,eng,Journal Article|Review,12,2,6,vector_borne,Vector-borne diseases,vector_borne,0,Mosquito Vectors,"Mosquito Vectors|Wolbachia|Mosquito Control|Pest Control, Biological",Entomology,1,0,1,"Moretti, Riccardo","Ross, Perran A",Italy,Australia,Nanyang Technological University,Australia|Brazil|Italy|Singapore|Spain|United States,Nanyang Technological University|University of Melbourne,vector_borne_t4,"vectors, wolbachia, mosquito, aedes","vectors, wolbachia, mosquito, aedes, aegypti, mosquitoes, intervention, field",0.709041,0.289723,include,mechanical,INC-GEO-01,regional_participation,pubmed,geo_vector_borne_5,0
doi:10.1186/s12889-025-24934-z,41194030,PMC12587596,10.1186/s12889-025-24934-z,https://pubmed.ncbi.nlm.nih.gov/41194030/,Expanding diagnostic testing for drug-resistant tuberculosis in high burden settings: a cost-effectiveness analysis.,BMC public health,BMC Public Health,2025,2025-11-05,eng,Journal Article,7,1,3,tb,Tuberculosis,tb|amr_hai,1,"Tuberculosis, Multidrug-Resistant","Tuberculosis, Multidrug-Resistant",Genomics|Detection,2,1,1,"Getchell, Marya","Matchar, David",Singapore,Singapore,Duke-NUS Medical School,Philippines|Singapore|United States,Duke-NUS Medical School,tb_t1,"antitubercular, drug, agents, multidrug-resistant","antitubercular, drug, agents, multidrug-resistant, treatment, rifampin, drugs, mycobacterium",0.739983,0.567877,include,mechanical,INC-GEO-01,,pubmed,geo_tb_1|geo_tb_4,0
doi:10.1128/spectrum.02725-25,41222236,PMC12671213,10.1128/spectrum.02725-25,https://pubmed.ncbi.nlm.nih.gov/41222236/,Epidemiology of diarrheagenic pathogens in acute hospitals in Singapore: a retrospective multicenter study.,Microbiology spectrum,Microbiol Spectr,2025,2025-11-12,eng,Journal Article|Multicenter Study,13,7,1,other_id,Other infectious disease,other_id,0,Other/unspecified,,Surveillance and epidemiology,1,1,0,"Keng, Bryan M H","Boucher, Yann Felix",Singapore,Singapore,Changi General Hospital|KK Women's and Children's Hospital|Nanyang Technological University|National University Hospital|National University of Singapore|Singapore Food Agency|Singapore General Hospital,Singapore,Changi General Hospital|KK Women's and Children's Hospital|Nanyang Technological University|National University Hospital|National University of Singapore|Singapore Food Agency|Singapore General Hospital,other_id_t3,"understanding, environmental, humans, animals","understanding, environmental, humans, animals, often, mechanisms, health, human",0.699494,0.241182,include,agent,INC-TOP-01,,pubmed,geo_amr_hai_2,0
doi:10.1016/j.jhin.2025.11.043,41380747,,10.1016/j.jhin.2025.11.043,https://pubmed.ncbi.nlm.nih.gov/41380747/,Enhancing central-line-associated bloodstream infection prevention: evaluating enhanced strategies in an academic medical centre in Singapore.,The Journal of hospital infection,J Hosp Infect,2025,2025-12-09,eng,Journal Article,14,1,1,amr_hai,AMR and healthcare-associated infections,amr_hai,0,Other/unspecified,,Infection prevention and control|Surveillance and epidemiology,2,1,0,"Ji, X","Ling, M L",Singapore,Singapore,Singapore General Hospital,Singapore,Singapore General Hospital,amr_hai_t1,"infection, hospital, included, prevention","infection, hospital, included, prevention, conducted, outcomes, january, interventions",0.567618,0.865005,include,mechanical,INC-GEO-01,,pubmed,geo_amr_hai_2,0
doi:10.1016/s1473-3099(25)00151-3,40414233,PMC12460212,10.1016/s1473-3099(25)00151-3,https://pubmed.ncbi.nlm.nih.gov/40414233/,"Efficacy and safety of 8-week regimens for the treatment of rifampicin-susceptible pulmonary tuberculosis (TRUNCATE-TB): a prespecified exploratory analysis of a multi-arm, multi-stage, open-label, randomised controlled trial.",The Lancet. Infectious diseases,Lancet Infect Dis,2025,2025-05-22,eng,Journal Article|Randomized Controlled Trial,22,3,7,tb,Tuberculosis,tb,0,Antitubercular Agents,"Antitubercular Agents|Mycobacterium tuberculosis|Tuberculosis, Pulmonary|Rifampin|Diarylquinolines|Drug Therapy, Combination",Treatment|Clinical studies,2,1,1,"Paton, Nicholas I",,Singapore,,National University Hospital|National University of Singapore,India|Indonesia|Philippines|Singapore|Thailand|Uganda|United Kingdom,London School of Hygiene & Tropical Medicine|National University Hospital|National University of Singapore,tb_t1,"antitubercular, drug, agents, multidrug-resistant","antitubercular, drug, agents, multidrug-resistant, treatment, rifampin, drugs, mycobacterium",0.692773,0.391187,include,mechanical,INC-GEO-01,,pubmed,geo_tb_4,0
doi:10.1136/bmjresp-2025-003777,41448789,PMC12742115,10.1136/bmjresp-2025-003777,https://pubmed.ncbi.nlm.nih.gov/41448789/,Effect of smoking on drug-resistant tuberculosis treatment outcomes and potential mechanistic pathways: a multicountry cohort study.,BMJ open respiratory research,BMJ Open Respir Res,2025,2025-12-25,eng,Journal Article|Observational Study|Multicenter Study,23,2,10,tb,Tuberculosis,tb|amr_hai,1,Antitubercular Agents,"Antitubercular Agents|Rifampin|Tuberculosis, Multidrug-Resistant",Treatment|Clinical studies|Surveillance and epidemiology,3,0,1,"Romo, Matthew L",,United States,,,Ethiopia|France|Indonesia|Myanmar|Pakistan|Peru|Singapore|South Africa|United Kingdom|United States,Harvard University|London School of Hygiene & Tropical Medicine,tb_t1,"antitubercular, drug, agents, multidrug-resistant","antitubercular, drug, agents, multidrug-resistant, treatment, rifampin, drugs, mycobacterium",0.535378,0.051,include,mechanical,INC-GEO-01,regional_participation,pubmed,geo_tb_4,0
doi:10.1101/2025.08.20.25334077,40894162,PMC12393624,10.1101/2025.08.20.25334077,https://pubmed.ncbi.nlm.nih.gov/40894162/,Effect of smoking on drug-resistant tuberculosis treatment outcomes and exploring potential pathways: A multicountry cohort study.,medRxiv : the preprint server for health sciences,medRxiv,2025,2025-08-24,eng,Journal Article|Preprint,23,2,10,tb,Tuberculosis,tb|amr_hai,1,Other/unspecified,,Clinical studies,1,0,1,"Romo, Matthew L",,United States,,,Ethiopia|France|Indonesia|Myanmar|Pakistan|Peru|Singapore|South Africa|United Kingdom|United States,Harvard University|London School of Hygiene & Tropical Medicine,tb_t1,"antitubercular, drug, agents, multidrug-resistant","antitubercular, drug, agents, multidrug-resistant, treatment, rifampin, drugs, mycobacterium",0.597926,0.0,include,mechanical,INC-GEO-01,regional_participation,pubmed,geo_tb_1,0
doi:10.1073/pnas.2421573122,39969998,PMC11874179,10.1073/pnas.2421573122,https://pubmed.ncbi.nlm.nih.gov/39969998/,Druggable genome screens identify SPP as an antiviral host target for multiple flaviviruses.,Proceedings of the National Academy of Sciences of the United States of America,Proc Natl Acad Sci U S A,2025,2025-02-19,eng,Journal Article,5,2,1,vector_borne,Vector-borne diseases,vector_borne,0,Dengue Virus,Dengue Virus|Zika Virus|Antiviral Agents,Virology|Treatment,2,0,0,"Qiao, Wenjie","Carette, Jan E",,,A*STAR Infectious Diseases Labs|National University of Singapore,Singapore,A*STAR Infectious Diseases Labs|National University of Singapore,vector_borne_t1,"infection, fever, although, male","infection, fever, although, male, aged, adult, yellow, zikv",0.087669,0.320193,include,mechanical,INC-GEO-01,,pubmed,geo_vector_borne_5,0
doi:10.1038/s41467-025-66413-4,41372160,PMC12728208,10.1038/s41467-025-66413-4,https://pubmed.ncbi.nlm.nih.gov/41372160/,Differential gut transmission of IncP plasmid clades involving hypervirulent Klebsiella pneumoniae reveals plasmid-specific ecological adaptation.,Nature communications,Nat Commun,2025,2025-12-10,eng,Journal Article,14,2,3,amr_hai,AMR and healthcare-associated infections,amr_hai,0,Anti-Bacterial Agents,Anti-Bacterial Agents|Klebsiella pneumoniae|Escherichia coli|Virulence|Klebsiella Infections,Genomics|Surveillance and epidemiology|Transmission,3,1,1,"Yong, Melvin","Gan, Yunn-Hwen",Singapore,Singapore,National University of Singapore,Australia|Singapore|Viet Nam,National University of Singapore|Oxford University Clinical Research Unit,amr_hai_t2,"agents, tests, activity, sensitivity","agents, tests, activity, sensitivity, antibacterial, anti-bacterial, animals, microbial",0.918902,0.215771,include,mechanical,INC-GEO-01,,pubmed,geo_amr_hai_5,0
doi:10.1007/s00408-024-00779-y,39841224,,10.1007/s00408-024-00779-y,https://pubmed.ncbi.nlm.nih.gov/39841224/,Diagnostic Accuracy of Breath Tests to Detect Pulmonary Tuberculosis: A Systematic Review.,Lung,Lung,2025,2025-01-22,eng,Journal Article|Systematic Review,3,2,1,tb,Tuberculosis,tb,0,"Tuberculosis, Pulmonary","Tuberculosis, Pulmonary|Sensitivity and Specificity",Detection,1,1,0,"Chew, Natalie","See, Kay Choong",Singapore,Singapore,National University Hospital|National University of Singapore,Singapore,National University Hospital|National University of Singapore,tb_t2,"diagnosis, diagnostic, conducted, systematic","diagnosis, diagnostic, conducted, systematic, included, characteristics, symptoms, age",0.219786,0.562026,include,mechanical,INC-GEO-01,,pubmed,geo_tb_4,0
doi:10.1016/j.idc.2025.11.009,41444061,,10.1016/j.idc.2025.11.009,https://pubmed.ncbi.nlm.nih.gov/41444061/,Current Options for the Treatment of Invasive Infections Caused by Carbapenem-Resistant Enterobacterales.,Infectious disease clinics of North America,Infect Dis Clin North Am,2025,2025-12-23,eng,Journal Article|Review,4,3,3,amr_hai,AMR and healthcare-associated infections,amr_hai,0,Anti-Bacterial Agents,Anti-Bacterial Agents|beta-Lactamases,,0,1,1,"Ngiam, Jinghao Nicholas","Yin, Mo",Singapore,Singapore,National University Health System|National University of Singapore,Singapore|Thailand|United Kingdom,Mahidol University|National University Health System|National University of Singapore,amr_hai_t1,"infection, hospital, included, prevention","infection, hospital, included, prevention, conducted, outcomes, january, interventions",0.371852,0.458891,include,mechanical,INC-GEO-01,,pubmed,geo_amr_hai_5,0
doi:10.1016/j.idc.2025.11.005,41436293,,10.1016/j.idc.2025.11.005,https://pubmed.ncbi.nlm.nih.gov/41436293/,Current Management Strategies for Hypervirulent Klebsiella.,Infectious disease clinics of North America,Infect Dis Clin North Am,2025,2025-12-22,eng,Journal Article|Review,1,1,2,amr_hai,AMR and healthcare-associated infections,amr_hai,0,Anti-Bacterial Agents,Anti-Bacterial Agents|Klebsiella pneumoniae|Virulence|Klebsiella Infections,Disease management,1,1,1,"S, Abi Manesh",,India,,National University of Singapore,India|Singapore,National University of Singapore,amr_hai_t2,"agents, tests, activity, sensitivity","agents, tests, activity, sensitivity, antibacterial, anti-bacterial, animals, microbial",0.782173,0.405851,include,mechanical,INC-GEO-01,,pubmed,geo_amr_hai_5,0
doi:10.1016/j.idc.2025.11.003,41421962,,10.1016/j.idc.2025.11.003,https://pubmed.ncbi.nlm.nih.gov/41421962/,Current Antibiotic Options for the Treatment of Infections with AmpC-Producing Enterobacterales.,Infectious disease clinics of North America,Infect Dis Clin North Am,2025,2025-12-19,eng,Journal Article|Review,4,6,2,amr_hai,AMR and healthcare-associated infections,amr_hai,0,Anti-Bacterial Agents,Anti-Bacterial Agents|beta-Lactamases,,0,1,1,"Ngiam, Jinghao Nicholas","Lye, David Chien Boon",Singapore,Singapore,Communicable Diseases Agency|Nanyang Technological University|National Centre for Infectious Diseases|National University Health System|National University of Singapore|Tan Tock Seng Hospital,Australia|Singapore,Communicable Diseases Agency|Nanyang Technological University|National Centre for Infectious Diseases|National University Health System|National University of Singapore|Tan Tock Seng Hospital,amr_hai_t2,"agents, tests, activity, sensitivity","agents, tests, activity, sensitivity, antibacterial, anti-bacterial, animals, microbial",0.295402,0.419291,include,mechanical,INC-GEO-01,,pubmed,geo_amr_hai_5,0
doi:10.1186/s12964-025-02588-z,41398675,PMC12821835,10.1186/s12964-025-02588-z,https://pubmed.ncbi.nlm.nih.gov/41398675/,Comparison of human cerebral organoids infected with wild-type Zika versus attenuated DN-2 virus strains uncovers differences in host immune responses.,Cell communication and signaling : CCS,Cell Commun Signal,2025,2025-12-16,eng,Journal Article|Comparative Study,6,1,1,vector_borne,Vector-borne diseases,vector_borne,0,Zika Virus,Zika Virus|Zika Virus Infection,Basic research|Immunology,2,1,0,"Choo, Yun Ying","Chua, John Jia En",Singapore,Singapore,National University of Singapore,Singapore,National University of Singapore,vector_borne_t1,"infection, fever, although, male","infection, fever, although, male, aged, adult, yellow, zikv",0.2482,0.518239,include,mechanical,INC-GEO-01,,pubmed,geo_vector_borne_5,0
doi:10.1016/j.ajic.2025.10.025,41183730,,10.1016/j.ajic.2025.10.025,https://pubmed.ncbi.nlm.nih.gov/41183730/,Comparative analysis of 30-day and 1-year mortality in carbapenem-resistant versus non-carbapenem-resistant Enterobacterales bacteremia.,American journal of infection control,Am J Infect Control,2025,2025-11-01,eng,Journal Article|Comparative Study,11,1,1,amr_hai,AMR and healthcare-associated infections,amr_hai,0,Anti-Bacterial Agents,Anti-Bacterial Agents|Bacteremia,Treatment,1,1,0,"Foo, Mabel Zhi Qi","Venkatachalam, Indumathi",Singapore,Singapore,Singapore General Hospital,Singapore,Singapore General Hospital,amr_hai_t1,"infection, hospital, included, prevention","infection, hospital, included, prevention, conducted, outcomes, january, interventions",0.370014,0.727523,include,mechanical,INC-GEO-01,,pubmed,geo_amr_hai_2,0
doi:10.1002/jia2.70052,41152202,PMC12568376,10.1002/jia2.70052,https://pubmed.ncbi.nlm.nih.gov/41152202/,Cognitive and mental health significantly contribute to disability in people ageing with HIV in Asia: an observational case-control study.,Journal of the International AIDS Society,J Int AIDS Soc,2025,2025-Nov-01,eng,Journal Article|Observational Study,13,4,5,sti,Sexually-transmitted infections,sti,0,HIV Infections,HIV Infections,Clinical studies|Surveillance and epidemiology,2,0,1,"Lui, Grace","Rajasuriar, Reena",Hong Kong SAR,Malaysia,National Centre for Infectious Diseases,China|Hong Kong SAR|Malaysia|Singapore|Taiwan,National Centre for Infectious Diseases|National University Hospital|University of Hong Kong|University of Malaya,sti_t2,"vaccines, health, program, national","vaccines, health, program, national, papillomavirus, vaccination, human, per",0.524639,0.656662,include,mechanical,INC-GEO-01,regional_participation,pubmed,geo_sti_4,0
doi:10.1038/s41467-025-66411-6,41274877,PMC12727700,10.1038/s41467-025-66411-6,https://pubmed.ncbi.nlm.nih.gov/41274877/,Climate variation and serotype competition drive dengue outbreak dynamics in Singapore.,Nature communications,Nat Commun,2025,2025-11-22,eng,Journal Article,6,5,3,vector_borne,Vector-borne diseases,vector_borne,0,Dengue,Dengue|Aedes|Dengue Virus|Wolbachia,Entomology|Surveillance and epidemiology|Outbreak management,3,1,1,"Finch, Emilie","Lowe, Rachel",United Kingdom,Singapore,Nanyang Technological University|National Environment Agency|National University of Singapore,Singapore|Spain|United Kingdom,London School of Hygiene & Tropical Medicine|Nanyang Technological University|National Environment Agency|National University of Singapore|University of Cambridge,vector_borne_t2,"surveillance, including, diversity, health","surveillance, including, diversity, health, capacity, research, evidence, integrated",0.643518,0.209956,include,mechanical,INC-GEO-01,,pubmed,geo_vector_borne_5,0
doi:10.1016/j.arbres.2025.09.017,41176422,,10.1016/j.arbres.2025.09.017,https://pubmed.ncbi.nlm.nih.gov/41176422/,Charting the Course in Post-Tuberculosis Lung Disease: From Inflammation to Intervention.,Archivos de bronconeumologia,Arch Bronconeumol,2025,2025-10-04,eng,Journal Article|Review,6,2,3,tb,Tuberculosis,tb,0,"Tuberculosis, Pulmonary","Tuberculosis, Pulmonary",,0,1,1,"Thu, Win Pa Pa","Migliori, Giovanni Battista",Singapore,Italy,National University Hospital|National University of Singapore,Italy|Singapore|Switzerland,National University Hospital|National University of Singapore,tb_t1,"antitubercular, drug, agents, multidrug-resistant","antitubercular, drug, agents, multidrug-resistant, treatment, rifampin, drugs, mycobacterium",0.616989,0.611156,include,mechanical,INC-GEO-01,,pubmed,geo_tb_4,0
doi:10.1038/s41591-025-04041-7,41188524,PMC12823427,10.1038/s41591-025-04041-7,https://pubmed.ncbi.nlm.nih.gov/41188524/,"Cabotegravir and rilpivirine for treatment of HIV infection in Africa: week 96 results from the phase 3b randomized, open-label, noninferiority CARES trial.",Nature medicine,Nat Med,2025,2025-11-04,eng,"Journal Article|Clinical Trial, Phase III|Randomized Controlled Trial|Multicenter Study|Research Support, Non-U.S. Gov't|Research Support, N.I.H., Extramural",21,2,7,sti,Sexually-transmitted infections,sti,0,HIV Infections,HIV Infections|Anti-HIV Agents|Viral Load|HIV-1,Treatment|Virology,2,0,1,"Kityo, Cissy",,Uganda,,National University of Singapore,Belgium|Ghana|Kenya|Singapore|South Africa|Uganda|United Kingdom,London School of Hygiene & Tropical Medicine|National University of Singapore,sti_t1,"hiv, therapy, male, infections","hiv, therapy, male, infections, people, living, infection, agents",0.739193,0.644823,include,mechanical,INC-GEO-01,regional_participation,pubmed,geo_sti_4,0
doi:10.7759/cureus.100362,41613699,PMC12851828,10.7759/cureus.100362,https://pubmed.ncbi.nlm.nih.gov/41613699/,Beyond Malignancy and Reflux: Laryngeal Tuberculosis Diagnosed in a Patient Presenting With Chronic Dysphonia.,Cureus,Cureus,2025,2025-12-29,eng,Case Reports|Journal Article,3,1,1,tb,Tuberculosis,tb,0,Other/unspecified,,Case study,1,1,0,"Ong, How Ting","Gan, Jereme Y",Singapore,Singapore,Tan Tock Seng Hospital,Singapore,Tan Tock Seng Hospital,tb_t2,"diagnosis, diagnostic, conducted, systematic","diagnosis, diagnostic, conducted, systematic, included, characteristics, symptoms, age",0.079528,0.666631,include,mechanical,INC-GEO-01,,pubmed,geo_tb_1,0
doi:10.1016/s2213-2600(25)00194-8,40683298,PMC13508822,10.1016/s2213-2600(25)00194-8,https://pubmed.ncbi.nlm.nih.gov/40683298/,"Bedaquiline, delamanid, linezolid, and clofazimine for rifampicin-resistant and fluoroquinolone-resistant tuberculosis (endTB-Q): an open-label, multicentre, stratified, non-inferiority, randomised, controlled, phase 3 trial.",The Lancet. Respiratory medicine,Lancet Respir Med,2025,2025-07-16,eng,"Clinical Trial, Phase III|Equivalence Trial|Journal Article|Multicenter Study|Randomized Controlled Trial",49,1,14,tb,Tuberculosis,tb|amr_hai,1,Antitubercular Agents,"Antitubercular Agents|Tuberculosis, Pulmonary|Rifampin|Tuberculosis, Multidrug-Resistant|Diarylquinolines|Drug Therapy, Combination|Nitroimidazoles",Treatment,1,0,1,"Guglielmetti, Lorenzo",,France,,,Belgium|Canada|France|Germany|India|Italy|Pakistan|Peru|Singapore|South Africa|Switzerland|United Kingdom|United States|Viet Nam,Harvard University,tb_t1,"antitubercular, drug, agents, multidrug-resistant","antitubercular, drug, agents, multidrug-resistant, treatment, rifampin, drugs, mycobacterium",0.635823,0.39156,include,mechanical,INC-GEO-01,regional_participation,pubmed,geo_tb_4,0
doi:10.3389/fmicb.2025.1711400,41459205,PMC12741851,10.3389/fmicb.2025.1711400,https://pubmed.ncbi.nlm.nih.gov/41459205/,"Antibiotic Resistance in the Philippines: Environmental Reservoirs, Spillovers, and One-Health Research Gaps.",Frontiers in microbiology,Front Microbiol,2025,2025-12-12,eng,Journal Article|Review,5,1,2,amr_hai,AMR and healthcare-associated infections,amr_hai,0,Other/unspecified,,Genomics|Surveillance and epidemiology,2,0,1,"Ng, Charmaine","Tan, Boonfei",Philippines,Philippines,Environmental Health Institute,Philippines|Singapore,Environmental Health Institute,amr_hai_t1,"infection, hospital, included, prevention","infection, hospital, included, prevention, conducted, outcomes, january, interventions",0.914653,0.575535,include,mechanical,INC-GEO-01,,pubmed,geo_amr_hai_2,0
doi:10.1073/pnas.2502522122,41439713,PMC12768462,10.1073/pnas.2502522122,https://pubmed.ncbi.nlm.nih.gov/41439713/,An ultrapotent human antibody neutralizes all maturation states of Zika virus.,Proceedings of the National Academy of Sciences of the United States of America,Proc Natl Acad Sci U S A,2025,2025-12-24,eng,Journal Article,11,1,1,vector_borne,Vector-borne diseases,vector_borne,0,Zika Virus,Zika Virus|Zika Virus Infection,Immunology|Virology,2,1,0,"Shu, Bo","Lok, Shee-Mei",Singapore,Singapore,National University of Singapore,Singapore,National University of Singapore,vector_borne_t1,"infection, fever, although, male","infection, fever, although, male, aged, adult, yellow, zikv",0.080654,0.491531,include,mechanical,INC-GEO-01,,pubmed,geo_vector_borne_5,0
doi:10.1021/acs.analchem.5c05609,41235875,,10.1021/acs.analchem.5c05609,https://pubmed.ncbi.nlm.nih.gov/41235875/,Aggregation-State Engineered Melamine-Carbon Dots: Ultrasensitive Ethanol Quantification for Diagnosing and Classifying of Auto-Brewery Syndrome.,Analytical chemistry,Anal Chem,2025,2025-11-14,eng,"Journal Article|Research Support, Non-U.S. Gov't",8,1,2,amr_hai,AMR and healthcare-associated infections,amr_hai|tb,1,Klebsiella pneumoniae,Klebsiella pneumoniae,Modelling,1,1,1,"Wang, Shouming","Liu, Xue",China,China,Nanyang Technological University,China|Singapore,Nanyang Technological University,amr_hai_t1,"infection, hospital, included, prevention","infection, hospital, included, prevention, conducted, outcomes, january, interventions",0.771772,0.163025,include,mechanical,INC-GEO-01,,pubmed,geo_amr_hai_5,0
doi:10.3390/pathogens14080741,40872251,PMC12388923,10.3390/pathogens14080741,https://pubmed.ncbi.nlm.nih.gov/40872251/,"Advancing Extrapulmonary Tuberculosis Diagnosis: Potential of MPT64 Immunochemistry-Based Antigen Detection Test in a High-TB, Low-HIV Endemic Setting.","Pathogens (Basel, Switzerland)",Pathogens,2025,2025-07-28,eng,Journal Article,5,0,3,tb,Tuberculosis,tb|sti,1,Mycobacterium tuberculosis,Mycobacterium tuberculosis|Tuberculosis|Sensitivity and Specificity,Detection,1,0,1,"Wali, Ahmad","Mustafa, Tehmina",Norway,Norway,,Norway|Pakistan|Singapore,,tb_t2,"diagnosis, diagnostic, conducted, systematic","diagnosis, diagnostic, conducted, systematic, included, characteristics, symptoms, age",0.090943,0.76393,include,mechanical,INC-GEO-01,,pubmed,geo_tb_1,0
doi:10.1186/s12916-025-03941-2,40155909,PMC11951538,10.1186/s12916-025-03941-2,https://pubmed.ncbi.nlm.nih.gov/40155909/,Adjacent spillover efficacy of Wolbachia for control of dengue: emulation of a cluster randomised target trial.,BMC medicine,BMC Med,2025,2025-03-28,eng,Journal Article|Randomized Controlled Trial,18,3,1,vector_borne,Vector-borne diseases,vector_borne,0,Dengue,"Dengue|Aedes|Mosquito Vectors|Wolbachia|Mosquito Control|Pest Control, Biological",Entomology,1,1,0,"Lim, Jue Tao","Ng, Lee Ching",Singapore,Singapore,Environmental Health Institute|Nanyang Technological University|National University of Singapore,Singapore,Environmental Health Institute|Nanyang Technological University|National University of Singapore,vector_borne_t4,"vectors, wolbachia, mosquito, aedes","vectors, wolbachia, mosquito, aedes, aegypti, mosquitoes, intervention, field",0.961022,0.27767,include,mechanical,INC-GEO-01,,pubmed,geo_vector_borne_5,0
doi:10.1101/2025.10.26.684512,41280111,PMC12633243,10.1101/2025.10.26.684512,https://pubmed.ncbi.nlm.nih.gov/41280111/,A bioluminescence-based chemical screen identifies a bactericidal naphthalene scaffold targeting MmpL3 in.,bioRxiv : the preprint server for biology,bioRxiv,2025,2025-10-26,eng,Journal Article|Preprint,15,4,4,other_id,Other infectious disease,other_id,0,Other/unspecified,,,0,1,1,"Singh, Samsher","Pethe, Kevin",Singapore,Singapore,A*STAR Infectious Diseases Labs|Nanyang Technological University|National Centre for Infectious Diseases|National University of Singapore,France|Singapore|Switzerland|United States,A*STAR Infectious Diseases Labs|Nanyang Technological University|National Centre for Infectious Diseases|National University of Singapore,other_id_t1,"cell, cells, vitro, reduced","cell, cells, vitro, reduced, promising, infection, demonstrate, therapeutic",0.588659,0.540929,include,agent,INC-TOP-02,,pubmed,geo_tb_1,0
doi:10.1002/pro.5142,39194132,PMC11350591,10.1002/pro.5142,https://pubmed.ncbi.nlm.nih.gov/39194132/,Zika virus capsid protein closed structure modulates binding to host lipid systems.,Protein science : a publication of the Protein Society,Protein Sci,2024,2024-Sep-01,eng,"Journal Article|Research Support, Non-U.S. Gov't",10,1,2,vector_borne,Vector-borne diseases,vector_borne,0,Zika Virus,Zika Virus,Basic research|Virology,2,0,1,"Martins, Ana S","Martins, Ivo C",Portugal,Portugal,Bioinformatics Institute,Portugal|Singapore,Bioinformatics Institute,vector_borne_t2,"surveillance, including, diversity, health","surveillance, including, diversity, health, capacity, research, evidence, integrated",0.13798,0.233391,include,mechanical,INC-GEO-01,,pubmed,geo_vector_borne_5,0
doi:10.1186/s12915-024-02070-1,39574078,PMC11580355,10.1186/s12915-024-02070-1,https://pubmed.ncbi.nlm.nih.gov/39574078/,Wolbachia incompatible insect technique program optimization over large spatial scales using a process-based model of mosquito metapopulation dynamics.,BMC biology,BMC Biol,2024,2024-11-21,eng,Journal Article,5,2,1,vector_borne,Vector-borne diseases,vector_borne,0,Aedes,"Aedes|Mosquito Vectors|Wolbachia|Mosquito Control|Pest Control, Biological",Entomology|Modelling,2,1,0,"Lim, Preston Lj","Lim, Jue Tao",Singapore,Singapore,Nanyang Technological University|National University of Singapore,Singapore,Nanyang Technological University|National University of Singapore,vector_borne_t4,"vectors, wolbachia, mosquito, aedes","vectors, wolbachia, mosquito, aedes, aegypti, mosquitoes, intervention, field",0.936035,0.167187,include,mechanical,INC-GEO-01,,pubmed,geo_vector_borne_5,0
doi:10.1183/16000617.0208-2023,38719737,PMC11078153,10.1183/16000617.0208-2023,https://pubmed.ncbi.nlm.nih.gov/38719737/,"Subclinical tuberculosis: a meta-analysis of prevalence and scoping review of definitions, prevalence and clinical characteristics.",European respiratory review : an official journal of the European Respiratory Society,Eur Respir Rev,2024,2024-05-08,eng,Journal Article|Meta-Analysis|Scoping Review,3,1,2,tb,Tuberculosis,tb,0,Antitubercular Agents,"Antitubercular Agents|Tuberculosis, Pulmonary",Surveillance and epidemiology,1,1,1,"Teo, Alvin Kuo Jing","Fox, Greg J",Australia,Australia,National University of Singapore,Australia|Singapore,National University of Singapore,tb_t2,"diagnosis, diagnostic, conducted, systematic","diagnosis, diagnostic, conducted, systematic, included, characteristics, symptoms, age",0.285352,0.554057,include,mechanical,INC-GEO-01,,pubmed,geo_tb_4,0
doi:10.1016/j.ijid.2024.107768,39725208,,10.1016/j.ijid.2024.107768,https://pubmed.ncbi.nlm.nih.gov/39725208/,Subclinical disease among people with culture-confirmed pulmonary tuberculosis in Singapore - a retrospective study.,International journal of infectious diseases : IJID : official publication of the International Society for Infectious Diseases,Int J Infect Dis,2024,2024-12-24,eng,Journal Article,5,3,1,tb,Tuberculosis,tb,0,Mycobacterium tuberculosis,"Mycobacterium tuberculosis|Tuberculosis, Pulmonary",Surveillance and epidemiology,1,1,0,"Chew, Yi Rong","Ng, Deborah Hee Ling",Singapore,Singapore,Nanyang Technological University|National Centre for Infectious Diseases|Tan Tock Seng Hospital,Singapore,Nanyang Technological University|National Centre for Infectious Diseases|Tan Tock Seng Hospital,tb_t2,"diagnosis, diagnostic, conducted, systematic","diagnosis, diagnostic, conducted, systematic, included, characteristics, symptoms, age",0.337496,0.565323,include,mechanical,INC-GEO-01,,pubmed,geo_tb_4,0
doi:10.1038/s41467-024-48077-8,38724531,PMC11082252,10.1038/s41467-024-48077-8,https://pubmed.ncbi.nlm.nih.gov/38724531/,"Sputum culture reversion in longer treatments with bedaquiline, delamanid, and repurposed drugs for drug-resistant tuberculosis.",Nature communications,Nat Commun,2024,2024-05-09,eng,"Journal Article|Research Support, Non-U.S. Gov't|Observational Study|Research Support, N.I.H., Extramural|Multicenter Study",24,2,10,tb,Tuberculosis,tb|amr_hai,1,Antitubercular Agents,"Antitubercular Agents|Mycobacterium tuberculosis|Tuberculosis, Multidrug-Resistant|Diarylquinolines|Nitroimidazoles",,0,0,1,"Kho, Sooyeon","Franke, Molly",United States,United States,,Bangladesh|Ethiopia|France|Haiti|Myanmar|Pakistan|Peru|Singapore|United Kingdom|United States,Harvard University|London School of Hygiene & Tropical Medicine,tb_t1,"antitubercular, drug, agents, multidrug-resistant","antitubercular, drug, agents, multidrug-resistant, treatment, rifampin, drugs, mycobacterium",0.499031,0.21945,include,mechanical,INC-GEO-01,regional_participation,pubmed,geo_tb_4,0
doi:10.47102/annals-acadmedsg.2023391,38920244,,10.47102/annals-acadmedsg.2023391,https://pubmed.ncbi.nlm.nih.gov/38920244/,Singapore tuberculosis (TB) clinical management guidelines 2024: A modified Delphi adaptation of international guidelines for drug-susceptible TB infection and pulmonary disease.,"Annals of the Academy of Medicine, Singapore",Ann Acad Med Singap,2024,2024-03-27,eng,Journal Article|Practice Guideline|Review,29,8,1,tb,Tuberculosis,tb,0,Antitubercular Agents,"Antitubercular Agents|Tuberculosis|Tuberculosis, Pulmonary",Disease management|Treatment,2,1,0,"Ang, Michelle Lay Teng","Yang, Qian",Singapore,Singapore,Changi General Hospital|KK Women's and Children's Hospital|National Centre for Infectious Diseases|National University Hospital|National University of Singapore|SingHealth|Singapore General Hospital|Tan Tock Seng Hospital,Singapore,Changi General Hospital|KK Women's and Children's Hospital|National Centre for Infectious Diseases|National University Hospital|National University of Singapore|SingHealth|Singapore General Hospital|Tan Tock Seng Hospital,tb_t1,"antitubercular, drug, agents, multidrug-resistant","antitubercular, drug, agents, multidrug-resistant, treatment, rifampin, drugs, mycobacterium",0.596131,0.503234,include,mechanical,INC-GEO-01,,pubmed,geo_tb_4,0
doi:10.1038/s41467-024-54419-3,39622823,PMC11611914,10.1038/s41467-024-54419-3,https://pubmed.ncbi.nlm.nih.gov/39622823/,PET-CT outcomes from a randomised controlled trial of rosuvastatin as an adjunct to standard tuberculosis treatment.,Nature communications,Nat Commun,2024,2024-12-02,eng,"Journal Article|Randomized Controlled Trial|Clinical Trial, Phase II|Research Support, Non-U.S. Gov't",14,3,7,tb,Tuberculosis,tb,0,Antitubercular Agents,"Antitubercular Agents|Tuberculosis, Pulmonary|Rifampin",Treatment|Clinical studies,2,1,1,"Cross, Gail B","Paton, Nicholas I",Australia,Singapore,National University Hospital|National University of Singapore,Australia|Philippines|Singapore|Sweden|United Kingdom|United States|Viet Nam,London School of Hygiene & Tropical Medicine|National University Hospital|National University of Singapore,tb_t1,"antitubercular, drug, agents, multidrug-resistant","antitubercular, drug, agents, multidrug-resistant, treatment, rifampin, drugs, mycobacterium",0.741515,0.205216,include,mechanical,INC-GEO-01,,pubmed,geo_tb_4,0
doi:10.1016/s2213-2600(24)00186-3,39366400,,10.1016/s2213-2600(24)00186-3,https://pubmed.ncbi.nlm.nih.gov/39366400/,"Long-term efficacy and safety of two short standardised regimens for the treatment of rifampicin-resistant tuberculosis (STREAM stage 2): extended follow-up of an open-label, multicentre, randomised, non-inferiority trial.",The Lancet. Respiratory medicine,Lancet Respir Med,2024,2024-10-01,eng,"Clinical Trial, Phase III|Equivalence Trial|Journal Article|Multicenter Study|Randomized Controlled Trial|Research Support, Non-U.S. Gov't",25,0,11,tb,Tuberculosis,tb|amr_hai|sti,1,Antitubercular Agents,"Antitubercular Agents|Rifampin|Tuberculosis, Multidrug-Resistant|Diarylquinolines|Drug Therapy, Combination",Treatment,1,0,1,"Goodall, Ruth L",,United Kingdom,,,Belgium|Ethiopia|France|India|Mongolia|Singapore|South Africa|Taiwan|Uganda|United Kingdom|United States,,tb_t1,"antitubercular, drug, agents, multidrug-resistant","antitubercular, drug, agents, multidrug-resistant, treatment, rifampin, drugs, mycobacterium",0.663595,0.25951,include,mechanical,INC-GEO-01,regional_participation,pubmed,geo_tb_4,0
doi:10.1007/s12104-024-10208-z,39505821,,10.1007/s12104-024-10208-z,https://pubmed.ncbi.nlm.nih.gov/39505821/,"H,N andC backbone resonance assignment of the N-terminal region of Zika virus NS4B protein in detergent micelles.",Biomolecular NMR assignments,Biomol NMR Assign,2024,2024-11-07,eng,Journal Article,5,3,2,vector_borne,Vector-borne diseases,vector_borne,0,Zika Virus,Zika Virus|Viral Nonstructural Proteins,Virology,1,1,1,"Li, Yan","Kang, CongBao",China,Singapore,Experimental Drug Development Centre|Nanyang Technological University|National Centre for Infectious Diseases,China|Singapore,Experimental Drug Development Centre|Nanyang Technological University|National Centre for Infectious Diseases,vector_borne_t3,"malaria, plasmodium, cell, cells","malaria, plasmodium, cell, cells, responsible, parasite, erythrocytes, binding",0.016312,0.306537,include,mechanical,INC-GEO-01,,pubmed,geo_vector_borne_5,0
doi:10.1186/s12874-024-02291-6,39107710,PMC11302844,10.1186/s12874-024-02291-6,https://pubmed.ncbi.nlm.nih.gov/39107710/,Evaluating quasi-experimental approaches for estimating epidemiological efficacy of non-randomised field trials: applications in Wolbachia interventions for dengue.,BMC medical research methodology,BMC Med Res Methodol,2024,2024-08-06,eng,Journal Article,7,4,2,vector_borne,Vector-borne diseases,vector_borne,0,Dengue,"Dengue|Aedes|Mosquito Vectors|Wolbachia|Mosquito Control|Pest Control, Biological",Entomology|Surveillance and epidemiology,2,1,1,"Chow, Jo Yi","Lim, Jue Tao",Singapore,Singapore,Nanyang Technological University|National Environment Agency|National University of Singapore,Australia|Singapore,Nanyang Technological University|National Environment Agency|National University of Singapore|University of Melbourne,vector_borne_t4,"vectors, wolbachia, mosquito, aedes","vectors, wolbachia, mosquito, aedes, aegypti, mosquitoes, intervention, field",0.84153,0.251586,include,mechanical,INC-GEO-01,,pubmed,geo_vector_borne_5,0
doi:10.1016/s2542-5196(24)00169-4,39243778,,10.1016/s2542-5196(24)00169-4,https://pubmed.ncbi.nlm.nih.gov/39243778/,Effectiveness of Wolbachia-mediated sterility coupled with sterile insect technique to suppress adult Aedes aegypti populations in Singapore: a synthetic control study.,The Lancet. Planetary health,Lancet Planet Health,2024,2024-Sep-01,eng,"Journal Article|Research Support, Non-U.S. Gov't",16,3,1,vector_borne,Vector-borne diseases,vector_borne,0,Aedes,"Aedes|Mosquito Vectors|Wolbachia|Mosquito Control|Pest Control, Biological",Entomology|Surveillance and epidemiology,2,1,0,"Bansal, Somya","Tan, Cheong Huat",Singapore,Singapore,Environmental Health Institute|Nanyang Technological University|National University of Singapore,Singapore,Environmental Health Institute|Nanyang Technological University|National University of Singapore,vector_borne_t4,"vectors, wolbachia, mosquito, aedes","vectors, wolbachia, mosquito, aedes, aegypti, mosquitoes, intervention, field",0.905998,0.240472,include,mechanical,INC-GEO-01,,pubmed,geo_vector_borne_5,0
doi:10.1186/s12879-024-10027-6,39501182,PMC11539495,10.1186/s12879-024-10027-6,https://pubmed.ncbi.nlm.nih.gov/39501182/,Dynamic modelling of improved diagnostic testing for drug-resistant tuberculosis in high burden settings.,BMC infectious diseases,BMC Infect Dis,2024,2024-11-05,eng,Journal Article,8,1,4,tb,Tuberculosis,tb|amr_hai,1,Antitubercular Agents,"Antitubercular Agents|Mycobacterium tuberculosis|Rifampin|Tuberculosis, Multidrug-Resistant",Detection|Modelling,2,1,1,"Getchell, Marya","Matchar, David",Singapore,Singapore,Duke-NUS Medical School,Philippines|Singapore|Thailand|United States,Duke-NUS Medical School,tb_t1,"antitubercular, drug, agents, multidrug-resistant","antitubercular, drug, agents, multidrug-resistant, treatment, rifampin, drugs, mycobacterium",0.585755,0.566027,include,mechanical,INC-GEO-01,,pubmed,geo_tb_4,0
doi:10.1016/j.cell.2024.10.028,39532096,,10.1016/j.cell.2024.10.028,https://pubmed.ncbi.nlm.nih.gov/39532096/,Differential contributions of fetal mononuclear phagocytes to Zika virus neuroinvasion versus neuroprotection during congenital infection.,Cell,Cell,2024,2024-11-11,eng,Journal Article,16,4,4,vector_borne,Vector-borne diseases,vector_borne,0,Zika Virus,Zika Virus|Zika Virus Infection,,0,1,1,"Abdelbasset, Muhammad","St John, Ashley L",Singapore,Singapore,National Skin Centre|National University of Singapore|SingHealth|Singapore Immunology Network,China|France|Singapore|United States,National Skin Centre|National University of Singapore|SingHealth|Singapore Immunology Network,vector_borne_t3,"malaria, plasmodium, cell, cells","malaria, plasmodium, cell, cells, responsible, parasite, erythrocytes, binding",0.162676,0.609155,include,mechanical,INC-GEO-01,,pubmed,geo_vector_borne_5,0
doi:10.1016/j.ijid.2024.107221,39233047,,10.1016/j.ijid.2024.107221,https://pubmed.ncbi.nlm.nih.gov/39233047/,Breaking the threshold: Developing multivariable models using computer-aided chest X-ray analysis for tuberculosis triage.,International journal of infectious diseases : IJID : official publication of the International Society for Infectious Diseases,Int J Infect Dis,2024,2024-09-02,eng,Journal Article,12,1,7,tb,Tuberculosis,tb,0,"Tuberculosis, Pulmonary","Tuberculosis, Pulmonary|Sensitivity and Specificity",Detection,1,0,1,"Geric, Coralie","Ahmad Khan, Faiz",Canada,Canada,,Canada|Germany|Singapore|South Africa|Switzerland|United Kingdom|Zambia,London School of Hygiene & Tropical Medicine,tb_t2,"diagnosis, diagnostic, conducted, systematic","diagnosis, diagnostic, conducted, systematic, included, characteristics, symptoms, age",0.203986,0.369797,include,mechanical,INC-GEO-01,regional_participation,pubmed,geo_tb_4,0
doi:10.1016/s2666-5247(24)00149-6,39074472,,10.1016/s2666-5247(24)00149-6,https://pubmed.ncbi.nlm.nih.gov/39074472/,Bedaquiline: what might the future hold?,The Lancet. Microbe,Lancet Microbe,2024,2024-07-27,eng,"Journal Article|Review|Research Support, Non-U.S. Gov't",19,1,8,tb,Tuberculosis,tb|amr_hai,1,Antitubercular Agents,"Antitubercular Agents|Mycobacterium tuberculosis|Tuberculosis, Multidrug-Resistant|Diarylquinolines",,0,0,1,"Shaw, Emily S","Lipman, Marc",United Kingdom,United Kingdom,SingHealth,France|Germany|India|Singapore|South Africa|Taiwan|United Kingdom|United States,SingHealth,tb_t1,"antitubercular, drug, agents, multidrug-resistant","antitubercular, drug, agents, multidrug-resistant, treatment, rifampin, drugs, mycobacterium",0.787544,0.431027,include,mechanical,INC-GEO-01,regional_participation,pubmed,geo_tb_4,0
doi:10.1016/j.ebiom.2024.105456,39615459,PMC11648191,10.1016/j.ebiom.2024.105456,https://pubmed.ncbi.nlm.nih.gov/39615459/,Assessing the direct and spillover protective effectiveness of Wolbachia-mediated introgression to combat dengue.,EBioMedicine,EBioMedicine,2024,2024-11-29,eng,Journal Article,8,3,3,vector_borne,Vector-borne diseases,vector_borne,0,Dengue,Dengue|Aedes|Mosquito Vectors|Dengue Virus|Wolbachia|Mosquito Control,Entomology|Surveillance and epidemiology,2,1,1,"Chow, Jo Yi","Lim, Jue Tao",Singapore,Singapore,Nanyang Technological University|National University of Singapore,Australia|Malaysia|Singapore,Nanyang Technological University|National University of Singapore|University of Melbourne,vector_borne_t4,"vectors, wolbachia, mosquito, aedes","vectors, wolbachia, mosquito, aedes, aegypti, mosquitoes, intervention, field",0.847686,0.391107,include,mechanical,INC-GEO-01,,pubmed,geo_vector_borne_5,0
doi:10.1093/jtm/taae103,39105274,PMC11500660,10.1093/jtm/taae103,https://pubmed.ncbi.nlm.nih.gov/39105274/,Assessing Wolbachia-mediated sterility for dengue control: emulation of a cluster-randomized target trial in Singapore.,Journal of travel medicine,J Travel Med,2024,2024-Oct-19,eng,"Journal Article|Randomized Controlled Trial|Research Support, Non-U.S. Gov't",18,3,1,vector_borne,Vector-borne diseases,vector_borne,0,Dengue,Dengue|Aedes|Mosquito Vectors|Wolbachia|Mosquito Control,Entomology,1,1,0,"Lim, Jue Tao","Ng, Lee Ching",Singapore,Singapore,Environmental Health Institute|Nanyang Technological University|National University of Singapore,Singapore,Environmental Health Institute|Nanyang Technological University|National University of Singapore,vector_borne_t4,"vectors, wolbachia, mosquito, aedes","vectors, wolbachia, mosquito, aedes, aegypti, mosquitoes, intervention, field",0.918813,0.450018,include,mechanical,INC-GEO-01,,pubmed,geo_vector_borne_5,0
doi:10.1093/infdis/jiae104,38527849,,10.1093/infdis/jiae104,https://pubmed.ncbi.nlm.nih.gov/38527849/,"Adjunctive Pascolizumab in Rifampicin-Susceptible Pulmonary Tuberculosis: Proof-of-Concept, Partially-Randomized, Double-Blind, Placebo-Controlled, Dose-Escalation Trial.",The Journal of infectious diseases,J Infect Dis,2024,2024-Sep-23,eng,Journal Article|Randomized Controlled Trial,21,4,4,tb,Tuberculosis,tb,0,Antitubercular Agents,"Antitubercular Agents|Tuberculosis, Pulmonary|Rifampin|Drug Therapy, Combination",Treatment|Clinical studies,2,1,1,"Paton, Nicholas I",,Singapore,,National University of Singapore,Malaysia|Philippines|Singapore|United Kingdom,GlaxoSmithKline|London School of Hygiene & Tropical Medicine|National University of Singapore|University of Malaya,tb_t1,"antitubercular, drug, agents, multidrug-resistant","antitubercular, drug, agents, multidrug-resistant, treatment, rifampin, drugs, mycobacterium",0.732834,0.315366,include,mechanical,INC-GEO-01,,pubmed,geo_tb_4,0
doi:10.1038/s42003-024-06822-1,39256610,PMC11387424,10.1038/s42003-024-06822-1,https://pubmed.ncbi.nlm.nih.gov/39256610/,A serum B-lymphocyte activation signature is a key distinguishing feature of the immune response in sarcoidosis compared to tuberculosis.,Communications biology,Commun Biol,2024,2024-09-10,eng,"Journal Article|Comparative Study|Research Support, Non-U.S. Gov't",14,4,4,tb,Tuberculosis,tb,0,Tuberculosis,"Tuberculosis|Tuberculosis, Pulmonary",Immunology,1,0,1,"Putera, Ikhwanuliman","Dik, Willem A",Indonesia,Netherlands,Duke-NUS Medical School|Nanyang Technological University|Tan Tock Seng Hospital,Indonesia|Netherlands|Singapore|United Kingdom,Duke-NUS Medical School|Nanyang Technological University|Tan Tock Seng Hospital|Universitas Indonesia,tb_t2,"diagnosis, diagnostic, conducted, systematic","diagnosis, diagnostic, conducted, systematic, included, characteristics, symptoms, age",0.513009,0.713409,include,mechanical,INC-GEO-01,regional_participation,pubmed,geo_tb_4,0
