domain_id,domain_label,author_key,author_name,institution,country,n_publications,rank_in_domain
ALL,All domains,tan-c,"Tan, Chongyun",Nanyang Technological University,Singapore,15,1
ALL,All domains,lim-j,"Lim, Jue Tao",Nanyang Technological University,Singapore,14,2
ALL,All domains,ng-l,"Ng, Lee Ching",Environmental Health Institute,Singapore,13,3
ALL,All domains,zhang-y,"Zhang, Ye",,China,12,4
ALL,All domains,paterson-d,"Paterson, David Leslie",National University of Singapore,Singapore,11,5
ALL,All domains,rich-m,"Rich, M L",,United States,10,6
ALL,All domains,chen-y,"Chen, Yinzhe",,China,10,7
ALL,All domains,dickens-b,"Dickens, Borame L",National University of Singapore,Singapore,10,8
ALL,All domains,chong-c,"Chong, Chia Yin",KK Women's and Children's Hospital,Singapore,9,9
ALL,All domains,mitnick-c,"Mitnick, C D",Harvard University,United States,9,10
ALL,All domains,khan-p,"Khan, P Y",London School of Hygiene & Tropical Medicine,Singapore,9,11
ALL,All domains,li-y,"Li, Yujie",Nanyang Technological University,Singapore,9,12
ALL,All domains,ng-d,"Ng, Deborah Hee Ling",National Centre for Infectious Diseases,Singapore,8,13
ALL,All domains,li-j,"Li, Jiahui",KK Women's and Children's Hospital,Singapore,8,14
ALL,All domains,huerga-h,"Huerga, H",,France,8,15
ALL,All domains,khan-u,"Khan, U",,Singapore,8,16
ALL,All domains,hewison-c,"Hewison, C",,France,8,17
ALL,All domains,franke-m,"Franke, M F",Harvard University,United States,8,18
ALL,All domains,wang-j,"Wang, Jing",,Singapore,8,19
ALL,All domains,chang-c,"Chang, Chia-Ling",,Singapore,8,20
ALL,All domains,lee-c,"Lee, Cornelius","Agency for Science, Technology and Research",Singapore,8,21
ALL,All domains,tan-k,"Tan, Kelvin Bryan",Nanyang Technological University,Singapore,7,22
ALL,All domains,pethe-k,"Pethe, Kevin",Nanyang Technological University,Singapore,7,23
ALL,All domains,ong-c,"Ong, Chengsi",KK Women's and Children's Hospital,Singapore,7,24
ALL,All domains,sim-s,"Sim, Shuzhen",Environmental Health Institute,Singapore,7,25
ALL,All domains,low-j,"Low, Jenny Guek Hong",Singapore General Hospital,Singapore,7,26
ALL,All domains,wang-c,"Wang, Claire",,,7,27
ALL,All domains,bastard-m,"Bastard, Mathieu",,France,7,28
ALL,All domains,ngiam-j,"Ngiam, Jinghao Nicholas",Communicable Diseases Agency,Singapore,6,29
ALL,All domains,lye-d,"Lye, David",Communicable Diseases Agency,Singapore,6,30
ALL,All domains,teo-a,"Teo, Alvin Kuo Jing",National University of Singapore,Australia,6,31
ALL,All domains,chan-y,"Chan, Yu-Jiun",,Taiwan,6,32
ALL,All domains,mo-y,"Mo, Yin",Mahidol University,Singapore,6,33
ALL,All domains,wang-h,"Wang, Honghong",,China,6,34
ALL,All domains,wang-y,"Wang, Yi",National University of Singapore,Singapore,6,35
ALL,All domains,wong-c,"Wong, Chin Wai",,Singapore,6,36
ALL,All domains,yang-y,"Yang, Yi Yan","Agency for Science, Technology and Research",Singapore,6,37
ALL,All domains,lee-j,"Lee, Jonathan Wei Jie",National University Hospital,Singapore,6,38
ALL,All domains,ooi-e,"Ooi, Eng Eong",Duke-NUS Medical School,Singapore,6,39
ALL,All domains,tan-y,"Tan, Yi Hua",KK Women's and Children's Hospital,Singapore,6,40
ALL,All domains,seung-k,"Seung, Kwonjun",Harvard University,United States,6,41
ALL,All domains,bansal-s,"Bansal, Somya",National University of Singapore,Singapore,6,42
ALL,All domains,wee-l,"Wee, Liang En",Communicable Diseases Agency,Singapore,5,43
ALL,All domains,lee-v,"Lee, Vernon",Communicable Diseases Agency,Singapore,5,44
ALL,All domains,letizia-a,"Letizia, Andrew G",,Singapore,5,45
ALL,All domains,tuot-s,"Tuot, Sovannary",,Cambodia,5,46
ALL,All domains,lee-b,"Lee, Bei Shi",Nanyang Technological University,Singapore,5,47
ALL,All domains,berney-m,"Berney, Michael",,Switzerland,5,48
ALL,All domains,liu-j,"Liu, Jin-He",National University of Singapore,China,5,49
ALL,All domains,lee-s,"Lee, Sue J",Mahidol University,Australia,5,50
ALL,All domains,ho-s,"Ho, Shirley S",Nanyang Technological University,Singapore,5,51
ALL,All domains,ling-m,"Ling, Moi Lin",SingHealth,Singapore,5,52
ALL,All domains,zhang-x,"Zhang, Xiangjun",,United States,5,53
ALL,All domains,gao-y,"Gao, Yanxiao",,China,5,54
ALL,All domains,chen-x,"Chen, Xi",,China,5,55
ALL,All domains,yi-s,"Yi, Siyan",National University of Singapore,Cambodia,5,56
ALL,All domains,chen-s,"Chen, Shiyan",National University of Singapore,Singapore,5,57
ALL,All domains,prem-k,"Prem, Kiesha",London School of Hygiene & Tropical Medicine,Singapore,5,58
ALL,All domains,koh-m,"Koh, M C Y",National University Health System,Singapore,5,59
ALL,All domains,wang-l,"Wang, Lin-Fa",Duke-NUS Medical School,Singapore,5,60
ALL,All domains,luo-d,"Luo, Danyang",,United States,5,61
ALL,All domains,tan-r,"Tan, Rayner Kay Jin",National University of Singapore,Singapore,5,62
ALL,All domains,chan-k,"Chan, Kuan Rong",Duke-NUS Medical School,Singapore,5,63
ALL,All domains,tan-l,"Tan, Lu",,United States,5,64
ALL,All domains,chen-c,"Chen, Chih-Hwa",,Taiwan,5,65
ALL,All domains,ng-y,"Ng, Yong Hong",KK Women's and Children's Hospital,Singapore,5,66
ALL,All domains,harris-p,"Harris, Patrick N A",,Australia,5,67
ALL,All domains,zhang-s,"Zhang, Shengming",,China,5,68
ALL,All domains,lai-y,"Lai, Yee Ling",Environmental Health Institute,Singapore,5,69
ALL,All domains,singh-s,"Singh, Shweta R",National University of Singapore,Singapore,5,70
ALL,All domains,newton-p,"Newton, Paul N",Mahidol University,Thailand,4,71
ALL,All domains,lim-s,"Lim, Soon Kok",Communicable Diseases Agency,Singapore,4,72
ALL,All domains,nguyen-h,"Nguyen, Ha Thu Thi",,Viet Nam,4,73
ALL,All domains,romo-m,"Romo, M",Harvard University,United States,4,74
ALL,All domains,fox-g,"Fox, Greg J",,Australia,4,75
ALL,All domains,lee-w,"Lee, Wai Yen",Singapore General Hospital,Singapore,4,76
ALL,All domains,lim-c,"Lim, Cherry",Mahidol University,Thailand,4,77
ALL,All domains,tan-n,"Tan, Ngiap Chuan",SingHealth,Singapore,4,78
ALL,All domains,howard-n,"Howard, Natasha",London School of Hygiene & Tropical Medicine,Singapore,4,79
ALL,All domains,wang-w,"Wang, Wenru",National University of Singapore,Singapore,4,80
ALL,All domains,see-k,"See, Kay Choong",National University Hospital,Singapore,4,81
ALL,All domains,doi-y,"Doi, Yohei",,Japan,4,82
ALL,All domains,jin-s,"Jin, Shihui",National University of Singapore,Singapore,4,83
ALL,All domains,endo-a,"Endo, Akira",London School of Hygiene & Tropical Medicine,Japan,4,84
ALL,All domains,ong-s,"Ong, Say How",Institute of Mental Health,Singapore,4,85
ALL,All domains,liu-y,"Liu, Yanfei",,China,4,86
ALL,All domains,li-h,"Li, Hai",,China,4,87
ALL,All domains,archuleta-s,"Archuleta, Sophia",National University Hospital,Singapore,4,88
ALL,All domains,low-a,"Low, Adrian",National University of Singapore,Singapore,4,89
ALL,All domains,goh-s,"Goh, Si Hui",KK Women's and Children's Hospital,Singapore,4,90
ALL,All domains,malik-a,"Malik, Amyn A",,Singapore,4,91
ALL,All domains,oehlers-s,"Oehlers, Stefan H",A*STAR Infectious Diseases Labs,Singapore,4,92
ALL,All domains,ginhoux-f,"Ginhoux, Florent",Singapore Immunology Network,Singapore,4,93
ALL,All domains,malleret-b,"Malleret, Benoit",National University of Singapore,Singapore,4,94
ALL,All domains,lahood-a,"LaHood, Allison",Harvard University,United States,4,95
ALL,All domains,siddiqui-m,"Siddiqui, Muhammad Rafi",,Pakistan,4,96
ALL,All domains,skrahina-a,"Skrahina, Alena",,,4,97
ALL,All domains,cheng-l,"Cheng, Ling Jie",National University of Singapore,Singapore,4,98
ALL,All domains,deng-l,"Deng, Lu",Environmental Health Institute,Singapore,4,99
ALL,All domains,chain-g,"Chain, Grace",Environmental Health Institute,Singapore,4,100
ALL,All domains,wu-t,"Wu, Tong",National University of Singapore,Singapore,4,101
ALL,All domains,oyewusi-l,"Oyewusi, Lawrence",,,4,102
ALL,All domains,chew-k,"Chew, Ka Lip",National University Hospital,Singapore,4,103
ALL,All domains,hoffmann-a,"Hoffmann, Ary A",University of Melbourne,Australia,4,104
ALL,All domains,moraski-g,"Moraski, Garrett",,United States,4,105
ALL,All domains,paton-n,"Paton, Nicholas I",London School of Hygiene & Tropical Medicine,Singapore,4,106
ALL,All domains,ma-p,"Ma, Pei",National University of Singapore,Singapore,4,107
ALL,All domains,turner-p,"Turner, Paul",University of Oxford,Cambodia,3,108
ALL,All domains,tum-s,"Tum, Sothyra",,Cambodia,3,109
ALL,All domains,vongsouvath-m,"Vongsouvath, Manivanh",,,3,110
ALL,All domains,mayxay-m,"Mayxay, Mayfong",National University of Singapore,Singapore,3,111
ALL,All domains,ashley-e,"Ashley, Elizabeth A",University of Oxford,United Kingdom,3,112
ALL,All domains,day-n,"Day, Nicholas P J",Mahidol University,Thailand,3,113
ALL,All domains,tay-j,"Tay, Jun Yang",National Centre for Infectious Diseases,Singapore,3,114
ALL,All domains,kim-y,"Kim, Young",,,3,115
ALL,All domains,tan-s,"Tan, Shiow Han",Nanyang Technological University,Singapore,3,116
ALL,All domains,koh-c,"Koh, Chong Hui",Nanyang Technological University,Singapore,3,117
ALL,All domains,ho-c,"Ho, Cyrus S H",National University of Singapore,Singapore,3,118
ALL,All domains,fornace-k,"Fornace, Kimberly",National University of Singapore,Singapore,3,119
ALL,All domains,yang-j,"Yang, Jun",,China,3,120
ALL,All domains,tep-s,"Tep, Sovanvorleak",,Cambodia,3,121
ALL,All domains,pham-t,"Pham, Thach Ngoc",,Viet Nam,3,122
ALL,All domains,mulholland-c,"Mulholland, Claire V",,United States,3,123
ALL,All domains,wong-s,"Wong, Siew Tin",KK Women's and Children's Hospital,Singapore,3,124
ALL,All domains,chia-p,"Chia, Po Ying",National Centre for Infectious Diseases,Singapore,3,125
ALL,All domains,chen-h,"Chen, Haobo",,China,3,126
ALL,All domains,lai-d,"Lai, Deborah Chooi Mun",Singapore General Hospital,Singapore,3,127
ALL,All domains,lee-g,"Lee, Gayoung",,United States,3,128
ALL,All domains,khan-m,"Khan, Muhammad Zameel",,Pakistan,3,129
ALL,All domains,zhou-y,"Zhou, Yaqin",,China,3,130
ALL,All domains,tan-j,"Tan, Jacqueline Wan Yu",National University of Singapore,Singapore,3,131
ALL,All domains,liu-p,"Liu, Po-Yu",,Taiwan,3,132
ALL,All domains,hsu-l,"Hsu, Li Yang",National University of Singapore,Singapore,3,133
ALL,All domains,wu-j,"Wu, J E",National University Health System,Singapore,3,134
ALL,All domains,smith-g,"Smith, Gavin J D",Duke-NUS Medical School,Singapore,3,135
ALL,All domains,fowler-v,"Fowler, Vance G",,United States,3,136
ALL,All domains,vanduin-d,"van Duin, David",,United States,3,137
ALL,All domains,lee-y,"Lee, Yew Fong",,Malaysia,3,138
ALL,All domains,chong-e,"Chong, Elliot Yeung",Singapore General Hospital,Singapore,3,139
ALL,All domains,baker-s,"Baker, Stephen",A*STAR Infectious Diseases Labs,Singapore,3,140
ALL,All domains,kyaw-w,"Kyaw, Win Mar",Communicable Diseases Agency,Singapore,3,141
ALL,All domains,ang-m,"Ang, Michelle Lt",Communicable Diseases Agency,Singapore,3,142
ALL,All domains,hao-y,"Hao, Ying",National Centre for Infectious Diseases,Singapore,3,143
ALL,All domains,yang-c,"Yang, Chuan","Agency for Science, Technology and Research",Singapore,3,144
ALL,All domains,marimuthu-k,"Marimuthu, Kalisvar",National Centre for Infectious Diseases,Singapore,3,145
ALL,All domains,pee-c,"Pee, Carmen J E",Nanyang Technological University,Singapore,3,146
ALL,All domains,santos-m,"Santos, May Delos",,Singapore,3,147
ALL,All domains,ong-h,"Ong, Haris",,Singapore,3,148
ALL,All domains,wong-m,"Wong, Min Jia",Singapore General Hospital,Singapore,3,149
ALL,All domains,chan-c,"Chan, Candice Yuen Yue",Duke-NUS Medical School,Singapore,3,150
ALL,All domains,wang-x,"Wang, Xianli",,China,3,151
ALL,All domains,zhao-y,"Zhao, Yonghao",,China,3,152
ALL,All domains,huang-c,"Huang, Chiung-Hui",National University of Singapore,Singapore,3,153
ALL,All domains,chong-k,"Chong, Kok Wee",KK Women's and Children's Hospital,Singapore,3,154
ALL,All domains,chan-s,"Chan, Shiao-Yng","Agency for Science, Technology and Research",Singapore,3,155
ALL,All domains,brooks-m,"Brooks, Meredith B",,United States,3,156
ALL,All domains,liu-z,"Liu, Zhaoyuan",,China,3,157
ALL,All domains,lim-d,"Lim, Diane",Experimental Drug Development Centre,Singapore,3,158
ALL,All domains,ong-e,"Ong, Eleanor J",National University of Singapore,Singapore,3,159
ALL,All domains,ho-j,"Ho, Joses",Bioinformatics Institute,Singapore,3,160
ALL,All domains,tan-b,"Tan, Ban Hock",SingHealth,Singapore,3,161
ALL,All domains,tan-h,"Tan, Hwee Cheng",Duke-NUS Medical School,Singapore,3,162
ALL,All domains,aung-m,"Aung, May Kyawt",Singapore General Hospital,Singapore,3,163
ALL,All domains,venkatachalam-i,"Venkatachalam, Indumathi",Singapore General Hospital,Singapore,3,164
ALL,All domains,maiwald-m,"Maiwald, Matthias",KK Women's and Children's Hospital,Singapore,3,165
ALL,All domains,thoon-k,"Thoon, Koh Cheng",KK Women's and Children's Hospital,Singapore,3,166
ALL,All domains,wong-y,"Wong, Yeow Yang John",KK Women's and Children's Hospital,Singapore,3,167
ALL,All domains,lim-t,"Lim, Tony Kiat Hon",Duke-NUS Medical School,Singapore,3,168
ALL,All domains,ong-j,"Ong, Johnny Chin-Ann",Duke-NUS Medical School,Singapore,3,169
ALL,All domains,hu-t,"Hu, Ting Huey",National University of Singapore,Singapore,3,170
ALL,All domains,gan-y,"Gan, Yunn-Hwen",National University of Singapore,Singapore,3,171
ALL,All domains,khan-a,"Khan, Asifullah",,Pakistan,3,172
ALL,All domains,kline-k,"Kline, Kimberly A",Nanyang Technological University,Singapore,3,173
ALL,All domains,li-z,"Li, Zheng",Genome Institute of Singapore,Singapore,3,174
ALL,All domains,wee-d,"Wee, Denise",A*STAR Infectious Diseases Labs,Singapore,3,175
ALL,All domains,li-d,"Li, Dan",National University of Singapore,China,3,176
ALL,All domains,lim-b,"Lim, Bin",,Singapore,3,177
ALL,All domains,nguyen-q,"Nguyen, Quan Dong",,,3,178
ALL,All domains,agrawal-r,"Agrawal, Rupesh",Duke-NUS Medical School,Singapore,3,179
ALL,All domains,davis-j,"Davis, Janet L",,,3,180
ALL,All domains,stagg-h,"Stagg, Helen R",London School of Hygiene & Tropical Medicine,United Kingdom,3,181
ALL,All domains,ahmed-s,"Ahmed, Saman",,Pakistan,3,182
ALL,All domains,guglielmetti-l,"Guglielmetti, Lorenzo",,Italy,3,183
ALL,All domains,tefera-g,"Tefera, Girum B",,,3,184
ALL,All domains,sng-l,"Sng, Li-Hwei",Duke-NUS Medical School,Singapore,3,185
ALL,All domains,liu-x,"Liu, Xumei",,China,3,186
ALL,All domains,lu-q,"Lu, Qiaoyue",,China,3,187
ALL,All domains,wang-p,"Wang, Pingwu",,China,3,188
ALL,All domains,kang-c,"Kang, CongBao",Experimental Drug Development Centre,Singapore,3,189
ALL,All domains,mailepessov-d,"Mailepessov, Diyar",Environmental Health Institute,Singapore,3,190
ALL,All domains,liew-j,"Liew, Jonathan Wee Kent",Environmental Health Institute,Singapore,3,191
ALL,All domains,trevisi-l,"Trevisi, Letizia",Harvard University,United States,3,192
ALL,All domains,rashitov-m,"Rashitov, Mahmud",,,3,193
ALL,All domains,gomezrestrepo-c,"Gómez-Restrepo, Camilo",,Myanmar,3,194
ALL,All domains,krisnanda-a,"Krisnanda, Aga",,Indonesia,3,195
ALL,All domains,kotrikadze-t,"Kotrikadze, Tinatin",,,3,196
ALL,All domains,wang-d,"Wang, De Yun",National University of Singapore,Singapore,3,197
ALL,All domains,chu-j,"Chu, Justin J H",National University of Singapore,Singapore,3,198
ALL,All domains,gurumurthy-m,"Gurumurthy, Meera",,Singapore,3,199
ALL,All domains,kiria-n,"Kiria, Nana",,,3,200
ALL,All domains,tan-t,"Tan, Teck Choon",,Singapore,3,201
ALL,All domains,kirakosyan-o,"Kirakosyan, Ohanna",,,3,202
ALL,All domains,chow-j,"Chow, Jo Yi",Nanyang Technological University,Singapore,3,203
ALL,All domains,bifani-p,"Bifani, Pablo",A*STAR Infectious Diseases Labs,Singapore,2,204
ALL,All domains,blacksell-s,"Blacksell, Stuart D",Mahidol University,Australia,2,205
ALL,All domains,kong-l,"Kong, Lida",Mahidol University,Thailand,2,206
ALL,All domains,karlsson-e,"Karlsson, Erik A",,Cambodia,2,207
ALL,All domains,robinson-m,"Robinson, Matthew T",University of Oxford,United Kingdom,2,208
ALL,All domains,denholm-j,"Denholm, Justin T",University of Melbourne,Australia,2,209
ALL,All domains,marais-b,"Marais, Ben J",,Australia,2,210
ALL,All domains,lee-r,"Lee, Robyn",,Canada,2,211
ALL,All domains,ho-r,"Ho, Reen Wan-Li",National Centre for Infectious Diseases,Singapore,2,212
ALL,All domains,chiew-c,"Chiew, Calvin",Communicable Diseases Agency,Singapore,2,213
ALL,All domains,li-r,"Li, Russell Jingxian",National Centre for Infectious Diseases,Singapore,2,214
ALL,All domains,yung-c,"Yung, Chee-Fu",KK Women's and Children's Hospital,Singapore,2,215
ALL,All domains,nguyen-t,"Nguyen, Tham Thi",,France,2,216
ALL,All domains,ha-d,"Ha, Duc Anh",,Viet Nam,2,217
ALL,All domains,zhong-y,"Zhong, Youjia",National University Health System,Singapore,2,218
ALL,All domains,ali-s,"Ali, Sowkath",Khoo Teck Puat Hospital,Singapore,2,219
ALL,All domains,shin-s,"Shin, Sanghyuk S",,United States,2,220
ALL,All domains,sauer-s,"Sauer, S",Harvard University,United States,2,221
ALL,All domains,lin-b,"Lin, Brenda",,Australia,2,222
ALL,All domains,liu-c,"Liu, Congqiang",,China,2,223
ALL,All domains,lakshminarayanan-r,"Lakshminarayanan, Rajamani",Duke-NUS Medical School,Singapore,2,224
ALL,All domains,zhang-q,"Zhang, Qian",,China,2,225
ALL,All domains,cleary-n,"Cleary, Nora G",,United States,2,226
ALL,All domains,salyer-a,"Salyer, Adam",,Singapore,2,227
ALL,All domains,etobayeva-i,"Etobayeva, Irina V",,Singapore,2,228
ALL,All domains,vonfricken-m,"von Fricken, Michael E",,United States,2,229
ALL,All domains,choub-s,"Choub, Sok Chamreun",,Cambodia,2,230
ALL,All domains,choi-j,"Choi, Jun Yong",,Republic of Korea,2,231
ALL,All domains,avihingsanon-a,"Avihingsanon, Anchalee",,Thailand,2,232
ALL,All domains,lee-m,"Lee, Man Po",,Hong Kong SAR,2,233
ALL,All domains,ng-o,"Ng, Oon Tek",National Centre for Infectious Diseases,Singapore,2,234
ALL,All domains,ross-j,"Ross, Jeremy",,Thailand,2,235
ALL,All domains,tay-s,"Tay, Sun Kuie",Singapore General Hospital,Singapore,2,236
ALL,All domains,singhal-a,"Singhal, Amit","Agency for Science, Technology and Research",Singapore,2,237
ALL,All domains,velayudhan-r,"Velayudhan, Raman",World Health Organization,Switzerland,2,238
ALL,All domains,clapham-h,"Clapham, Hannah E",National University of Singapore,Singapore,2,239
ALL,All domains,ng-c,"Ng, Chirk Jenn",SingHealth,Singapore,2,240
ALL,All domains,chow-v,"Chow, Vincent T K",National University of Singapore,Singapore,2,241
ALL,All domains,mcbride-a,"McBride, Angela",University of Oxford,United Kingdom,2,242
ALL,All domains,vuong-n,"Vuong, Nguyen Lam",Oxford University Clinical Research Unit,Viet Nam,2,243
ALL,All domains,lam-p,"Lam, Phung Khanh",National University of Singapore,Singapore,2,244
ALL,All domains,chanh-h,"Chanh, Ho Quang",Oxford University Clinical Research Unit,Viet Nam,2,245
ALL,All domains,rajahram-g,"Rajahram, Giri",,Malaysia,2,246
ALL,All domains,watson-j,"Watson, James",University of Oxford,United Kingdom,2,247
ALL,All domains,yacoub-s,"Yacoub, Sophie",Oxford University Clinical Research Unit,United Kingdom,2,248
ALL,All domains,durrancebagale-a,"Durrance-Bagale, Anna",London School of Hygiene & Tropical Medicine,United Kingdom,2,249
ALL,All domains,lu-b,"Lu, Bingyun",,China,2,250
ALL,All domains,feng-z,"Feng, Zhong",,China,2,251
ALL,All domains,zhang-c,"Zhang, Chuqiu",,China,2,252
ALL,All domains,seah-j,"Seah, Jiahua",National Cancer Centre Singapore,Singapore,2,253
ALL,All domains,toh-h,"Toh, Hui Xian",Singapore General Hospital,Singapore,2,254
ALL,All domains,hidano-a,"Hidano, Arata",London School of Hygiene & Tropical Medicine,Japan,2,255
ALL,All domains,jung-s,"Jung, Sung-Mok",National University of Singapore,Japan,2,256
ALL,All domains,ip-m,"Ip, Margaret",University of Hong Kong,Hong Kong SAR,2,257
ALL,All domains,yamada-e,"Yamada, Eriko",,Singapore,2,258
ALL,All domains,kim-j,"Kim, Jin Oh",,Republic of Korea,2,259
ALL,All domains,sukarom-i,"Sukarom, Isaya",,Thailand,2,260
ALL,All domains,zuo-h,"Zuo, Hong",,China,2,261
ALL,All domains,lee-k,"Lee, Kenneth Kwing Chin",,Malaysia,2,262
ALL,All domains,abubakar-s,"Abu Bakar, Shahril",,Malaysia,2,263
ALL,All domains,sivaraman-j,"Sivaraman, J",National University of Singapore,Singapore,2,264
ALL,All domains,loh-c,"Loh, Cheryl Ying Xuan",National University of Singapore,Singapore,2,265
ALL,All domains,khan-z,"Khan, Zar-Tashiya B",National University of Singapore,Singapore,2,266
ALL,All domains,tian-z,"Tian, Ziya",National University of Singapore,Singapore,2,267
ALL,All domains,nagashimahayashi-m,"Nagashima-Hayashi, Michiko",National University of Singapore,Singapore,2,268
ALL,All domains,chhoun-p,"Chhoun, Pheak",,Cambodia,2,269
ALL,All domains,ouk-v,"Ouk, Vichea",,Cambodia,2,270
ALL,All domains,cai-y,"Cai, Yiying",National University of Singapore,Singapore,2,271
ALL,All domains,anunnatsiri-s,"Anunnatsiri, Siriluck",,Thailand,2,272
ALL,All domains,mazlan-m,"Mazlan, Mohd Zulfakar",,Malaysia,2,273
ALL,All domains,kwa-a,"Kwa, Andrea Lay-Hoon",Singapore General Hospital,Singapore,2,274
ALL,All domains,chotiprasitsakul-d,"Chotiprasitsakul, Darunee",Mahidol University,Thailand,2,275
ALL,All domains,karkey-a,"Karkey, Abhilasha",Oxford University Clinical Research Unit,Nepal,2,276
ALL,All domains,wang-m,"Wang, Minggui",,China,2,277
ALL,All domains,luftig-m,"Luftig, Micah A",National University of Singapore,Singapore,2,278
ALL,All domains,tang-y,"Tang, Y W",Tan Tock Seng Hospital,Singapore,2,279
ALL,All domains,quah-j,"Quah, J",National University Health System,Singapore,2,280
ALL,All domains,smitasin-n,"Smitasin, N",National University Health System,Singapore,2,281
ALL,All domains,chow-a,"Chow, A",Tan Tock Seng Hospital,Singapore,2,282
ALL,All domains,somani-j,"Somani, J",,United States,2,283
ALL,All domains,connolly-j,"Connolly, John Edward",Institute of Molecular and Cell Biology,Singapore,2,284
ALL,All domains,zahari-m,"Zahari, Marina",National University of Singapore,Singapore,2,285
ALL,All domains,mmbaga-b,"Mmbaga, Blandina T",,Tanzania,2,286
ALL,All domains,komarow-l,"Komarow, Lauren",,United States,2,287
ALL,All domains,arias-c,"Arias, Cesar A",,United States,2,288
ALL,All domains,chen-l,"Chen, Liang",,United States,2,289
ALL,All domains,bonomo-r,"Bonomo, Robert A",,United States,2,290
ALL,All domains,patel-r,"Patel, Robin",,United States,2,291
ALL,All domains,satlin-m,"Satlin, Michael J",,United States,2,292
ALL,All domains,zhang-h,"Zhang, Huifen",,China,2,293
ALL,All domains,zhao-h,"Zhao, Huiwei",,China,2,294
ALL,All domains,dambrosio-l,"D'Ambrosio, Lia",,Switzerland,2,295
ALL,All domains,centis-r,"Centis, Rosella",,Italy,2,296
ALL,All domains,burhan-e,"Burhan, Erlina",,Indonesia,2,297
ALL,All domains,kherabi-y,"Kherabi, Yousra",,France,2,298
ALL,All domains,piubello-a,"Piubello, Alberto",,Belgium,2,299
ALL,All domains,villanueva-c,"Villanueva, Cary Amiel",,Philippines,2,300
ALL,All domains,migliori-g,"Migliori, Giovanni Battista",,Italy,2,301
ALL,All domains,yucel-e,"Yucel, Emre",,United States,2,302
ALL,All domains,soriano-a,"Soriano, Alex",,Spain,2,303
ALL,All domains,thalhammer-f,"Thalhammer, Florian",,Austria,2,304
ALL,All domains,kluge-s,"Kluge, Stefan",,Germany,2,305
ALL,All domains,allen-m,"Allen, Mike",,United Kingdom,2,306
ALL,All domains,levy-j,"Levy, Jessica",,United States,2,307
ALL,All domains,yang-h,"Yang, Huina",Tan Tock Seng Hospital,Singapore,2,308
ALL,All domains,kaul-s,"Kaul, Sunny",,United Kingdom,2,309
ALL,All domains,ng-i,"Ng, Isaac Ks",National University Hospital,Singapore,2,310
ALL,All domains,goh-w,"Goh, Wilson Gw",National University Hospital,Singapore,2,311
ALL,All domains,vasoo-s,"Vasoo, Shawn",National Centre for Infectious Diseases,Singapore,2,312
ALL,All domains,choy-c,"Choy, Chiaw Yee",National Centre for Infectious Diseases,Singapore,2,313
ALL,All domains,toh-m,"Toh, Matthias Paul Han Sim",National Centre for Infectious Diseases,Singapore,2,314
ALL,All domains,lee-p,"Lee, Pei Hua",National Centre for Infectious Diseases,Singapore,2,315
ALL,All domains,tan-z,"Tan, Zhi Hui",National Centre for Infectious Diseases,Singapore,2,316
ALL,All domains,le-t,"Le, Tiane",National University Hospital,Singapore,2,317
ALL,All domains,eng-s,"Eng, Sothearith",,Japan,2,318
ALL,All domains,pall-c,"Pall, Chamroen",,Cambodia,2,319
ALL,All domains,ichikawa-m,"Ichikawa, Masao",,Japan,2,320
ALL,All domains,ho-m,"Ho, Michelle",National University of Singapore,Singapore,2,321
ALL,All domains,tay-c,"Tay, Carina J X",National University of Singapore,Singapore,2,322
ALL,All domains,kang-a,"Kang, Alicia Y H",National University of Singapore,Singapore,2,323
ALL,All domains,ooi-d,"Ooi, Delicia S Q",National University of Singapore,Singapore,2,324
ALL,All domains,tham-e,"Tham, Elizabeth Huiwen",National University Hospital,Singapore,2,325
ALL,All domains,shek-l,"Shek, Lynette P",National University Hospital,Singapore,2,326
ALL,All domains,rabe-i,"Rabe, Ingrid",World Health Organization,Switzerland,2,327
ALL,All domains,koopmans-m,"Koopmans, Marion P G",,Netherlands,2,328
ALL,All domains,mendezrico-j,"Mendez-Rico, Jairo",World Health Organization,United States,2,329
ALL,All domains,rojas-d,"Rojas, Diana P",World Health Organization,Switzerland,2,330
ALL,All domains,sato-k,"Sato, Kei",Duke-NUS Medical School,Japan,2,331
ALL,All domains,wang-g,"Wang, Gang",,China,2,332
ALL,All domains,zhu-j,"Zhu, Jin",,China,2,333
ALL,All domains,sun-y,"Sun, Yixuan",,China,2,334
ALL,All domains,zhao-z,"Zhao, Zhihai",,Singapore,2,335
ALL,All domains,cheung-y,"Cheung, Yin Bun",Duke-NUS Medical School,Finland,2,336
ALL,All domains,yang-z,"Yang, Zhuoya",National University of Singapore,Singapore,2,337
ALL,All domains,zhao-s,"Zhao, Siyan",National University of Singapore,Singapore,2,338
ALL,All domains,chungthe-h,"Chung The, Hao",National University of Singapore,Singapore,2,339
ALL,All domains,ong-r,"Ong, Rick Twee-Hee",National University of Singapore,Singapore,2,340
ALL,All domains,conceicao-e,"Conceicao, Edwin Philip",Changi General Hospital,Singapore,2,341
ALL,All domains,xu-m,"Xu, Man",,China,2,342
ALL,All domains,xue-f,"Xue, Feng",,China,2,343
ALL,All domains,lai-j,"Lai, Jun Shi","Agency for Science, Technology and Research",Singapore,2,344
ALL,All domains,chong-m,"Chong, Mary Foong-Fong","Agency for Science, Technology and Research",Singapore,2,345
ALL,All domains,sosasoto-g,"Sosa Soto, Giordano",,United States,2,346
ALL,All domains,campbell-j,"Campbell, Jeffrey I",,United States,2,347
ALL,All domains,amanullah-f,"Amanullah, Farhana",,United States,2,348
ALL,All domains,roy-t,"Roy, Tapash",,Bangladesh,2,349
ALL,All domains,verma-a,"Verma, Abhishek K",,United States,2,350
ALL,All domains,alnaji-f,"Alnaji, Fadi G","Agency for Science, Technology and Research",Singapore,2,351
ALL,All domains,liu-t,"Liu, Tongyu",,United States,2,352
ALL,All domains,vignuzzi-m,"Vignuzzi, Marco","Agency for Science, Technology and Research",Singapore,2,353
ALL,All domains,ma-d,"Ma, David H K",,Taiwan,2,354
ALL,All domains,huang-y,"Huang, Yhu-Chering",,Taiwan,2,355
ALL,All domains,wong-p,"Wong, Pui Li",University of Malaya,Malaysia,2,356
ALL,All domains,rajasuriar-r,"Rajasuriar, Reena",University of Malaya,Malaysia,2,357
ALL,All domains,loh-s,"Loh, Siyuan Brandon",,New Zealand,2,358
ALL,All domains,lin-y,"Lin, Yi-Cheng",,Taiwan,2,359
ALL,All domains,syenina-a,"Syenina, Ayesa",Duke-NUS Medical School,Singapore,2,360
ALL,All domains,tham-c,"Tham, Christine Y L",Duke-NUS Medical School,Singapore,2,361
ALL,All domains,chew-v,"Chew, Valerie S Y",Duke-NUS Medical School,Singapore,2,362
ALL,All domains,yee-j,"Yee, Jia Xin",Duke-NUS Medical School,Singapore,2,363
ALL,All domains,chan-j,"Chan, Jing Ti",Singapore General Hospital,Singapore,2,364
ALL,All domains,castillo-r,"Castillo, Renan C",Johns Hopkins University,United States,2,365
ALL,All domains,khoo-b,"Khoo, Benjamin",Tan Tock Seng Hospital,Singapore,2,366
ALL,All domains,arora-s,"Arora, Shalvi",Singapore General Hospital,Singapore,2,367
ALL,All domains,jin-p,"Jin, Pinhong",Singapore General Hospital,Singapore,2,368
ALL,All domains,sim-j,"Sim, Jean Xiang Ying",Singapore General Hospital,Singapore,2,369
ALL,All domains,how-m,"How, Molly Kue Bien",Singapore General Hospital,Singapore,2,370
ALL,All domains,lee-l,"Lee, Lai Chee",Singapore General Hospital,Singapore,2,371
ALL,All domains,tan-a,"Tan, Ade Xin Ning",KK Women's and Children's Hospital,Singapore,2,372
ALL,All domains,sun-l,"Sun, Louisa",National University Health System,Singapore,2,373
ALL,All domains,seah-x,"Seah, Xue Fen Valerie",KK Women's and Children's Hospital,Singapore,2,374
ALL,All domains,rathore-a,"Rathore, Abhay P S",National University of Singapore,Singapore,2,375
ALL,All domains,stjohn-a,"St John, Ashley L",National University of Singapore,Singapore,2,376
ALL,All domains,hussain-h,"Hussain, Hamidah",,Singapore,2,377
ALL,All domains,carroll-m,"Carroll, Miles",University of Oxford,United Kingdom,2,378
ALL,All domains,chin-j,"Chin, Joo-Yie",University of Malaya,Malaysia,2,379
ALL,All domains,renia-l,"Rénia, Laurent",A*STAR Infectious Diseases Labs,Singapore,2,380
ALL,All domains,tan-g,"Tan, Gek San",Singapore General Hospital,Singapore,2,381
ALL,All domains,ng-j,"Ng, Jeremy Wee Kiat",Duke-NUS Medical School,Singapore,2,382
ALL,All domains,leung-k,"Leung, Kathy",University of Hong Kong,China,2,383
ALL,All domains,cheam-g,"Cheam, Guoxiang",National University of Singapore,Singapore,2,384
ALL,All domains,low-s,"Low, Su Chong Albert",Singapore General Hospital,Singapore,2,385
ALL,All domains,zhai-y,"Zhai, Yichen",Nanyang Technological University,Singapore,2,386
ALL,All domains,tang-j,"Tang, Julian W",,United Kingdom,2,387
ALL,All domains,olszyna-d,"Olszyna, Dariusz P",National University Hospital,Singapore,2,388
ALL,All domains,chen-r,"Chen, Ruixi",,United States,2,389
ALL,All domains,cola-j,"Cola, João Paulo",,Brazil,2,390
ALL,All domains,vicente-c,"Vicente, Creuza Rachel",,Brazil,2,391
ALL,All domains,chang-x,"Chang, Xuling",National University Health System,Australia,2,392
ALL,All domains,thai-p,"Thai, Phan Vuong Khac",,Viet Nam,2,393
ALL,All domains,thuong-n,"Thuong, Nguyen Thuy Thuong",Oxford University Clinical Research Unit,United Kingdom,2,394
ALL,All domains,silcocks-m,"Silcocks, Matthew",University of Melbourne,Australia,2,395
ALL,All domains,chee-c,"Chee, Cynthia Bin Eng",Tan Tock Seng Hospital,Singapore,2,396
ALL,All domains,yuan-j,"Yuan, Jian-Min",,United States,2,397
ALL,All domains,caws-m,"Caws, Maxine",,Nepal,2,398
ALL,All domains,dunstan-s,"Dunstan, Sarah J",University of Melbourne,Australia,2,399
ALL,All domains,lin-z,"Lin, Zejia",National University of Singapore,Singapore,2,400
ALL,All domains,guo-y,"Guo, Yuan",National University of Singapore,Singapore,2,401
ALL,All domains,tang-s,"Tang, Shenglan",SingHealth,China,2,402
ALL,All domains,chong-s,"Chong, Shao Yuan",,Singapore,2,403
ALL,All domains,manesh-a,"Manesh, Abi",National University of Singapore,India,2,404
ALL,All domains,rudge-j,"Rudge, James W",London School of Hygiene & Tropical Medicine,United Kingdom,2,405
ALL,All domains,ricci-v,"Ricci, Valentina",,,2,406
ALL,All domains,kim-p,"Kim, Phyllis Al",,,2,407
ALL,All domains,biswas-j,"Biswas, Jyotirmay",,India,2,408
ALL,All domains,ladistianora-r,"La Distia Nora, Rina",Universitas Indonesia,Indonesia,2,409
ALL,All domains,gangaputra-s,"Gangaputra, Sapna",,,2,410
ALL,All domains,gupta-v,"Gupta, Vishali",,India,2,411
ALL,All domains,hardy-m,"Hardy, Melissa J",,Australia,2,412
ALL,All domains,xie-y,"Xie, Yewei",Duke-NUS Medical School,Singapore,2,413
ALL,All domains,chen-k,"Chen, Kenneth",Singapore General Hospital,Singapore,2,414
ALL,All domains,isani-a,"Isani, Afshan K",US Centers for Disease Control and Prevention,Pakistan,2,415
ALL,All domains,lomtadze-n,"Lomtadze, Nino",,,2,416
ALL,All domains,mamsa-s,"Mamsa, Shahid",,Pakistan,2,417
ALL,All domains,melikyan-n,"Melikyan, Nara",,France,2,418
ALL,All domains,seow-c,"Seow, Christopher Wen-Xing",Duke-NUS Medical School,Singapore,2,419
ALL,All domains,jiang-l,"Jiang, Li",,China,2,420
ALL,All domains,yang-s,"Yang, Sheng",,China,2,421
ALL,All domains,luo-y,"Luo, Yunzi",,China,2,422
ALL,All domains,zhou-j,"Zhou, Juan",,China,2,423
ALL,All domains,qin-y,"Qin, Yating",,China,2,424
ALL,All domains,tsai-h,"Tsai, Hung-Chin",,Taiwan,2,425
ALL,All domains,hung-c,"Hung, Chien-Ching",,Taiwan,2,426
ALL,All domains,tong-s,"Tong, Steven Y C",University of Melbourne,Australia,2,427
ALL,All domains,liu-m,"Liu, Ming",Nanyang Technological University,Singapore,2,428
ALL,All domains,zhang-j,"Zhang, Junhua",,China,2,429
ALL,All domains,cheung-c,"Cheung, Chen-Yi",,New Zealand,2,430
ALL,All domains,jiang-j,"Jiang, Jianping",,United States,2,431
ALL,All domains,ngo-k,"Ngo, Khac Huy",Nanyang Technological University,Singapore,2,432
ALL,All domains,teo-c,"Teo, Chwee Fang",Nanyang Technological University,Singapore,2,433
ALL,All domains,vasudevan-s,"Vasudevan, Subhash G",Duke-NUS Medical School,Australia,2,434
ALL,All domains,silva-n,"Silva, Nelly M",,Portugal,2,435
ALL,All domains,martins-a,"Martins, Ana S",,Portugal,2,436
ALL,All domains,enguita-f,"Enguita, Francisco J",,Portugal,2,437
ALL,All domains,huber-r,"Huber, Roland G",Bioinformatics Institute,Singapore,2,438
ALL,All domains,martins-i,"Martins, Ivo C",,Portugal,2,439
ALL,All domains,santos-n,"Santos, Nuno C",,Portugal,2,440
ALL,All domains,zulkifli-m,"Zulkifli, Muhammad Faizal",Environmental Health Institute,Singapore,2,441
ALL,All domains,wong-j,"Wong, Judith Chui Ching",Environmental Health Institute,Singapore,2,442
ALL,All domains,xu-x,"Xu, Xiaoli",A*STAR Infectious Diseases Labs,Singapore,2,443
ALL,All domains,ye-z,"Ye, Zhi-Sheng",National University of Singapore,Singapore,2,444
ALL,All domains,sanjay-s,"Sanjay, Srinivasan",,Singapore,2,445
ALL,All domains,choi-h,"Choi, Horace Cheuk Wai",University of Hong Kong,China,2,446
ALL,All domains,zhang-z,"Zhang, Zhixuan",,China,2,447
ALL,All domains,herreraflores-e,"Herrera Flores, Edwin",,Peru,2,448
ALL,All domains,kumsa-a,"Kumsa, Andargachew",,Ethiopia,2,449
ALL,All domains,liu-s,"Liu, Shouping",,China,2,450
ALL,All domains,teo-e,"Teo, Elizabeth",National University of Singapore,Singapore,2,451
ALL,All domains,lin-h,"Lin, Hongyao",,Singapore,2,452
ALL,All domains,putri-f,"Putri, Fauziah Asnely",,Indonesia,2,453
ALL,All domains,tamirat-m,"Tamirat, Meseret",,United States,2,454
ALL,All domains,vo-l,"Vo, Luan Nguyen Quang",,Viet Nam,2,455
ALL,All domains,yeo-b,"Yeo, Benson Koon Wee",National Skin Centre,Singapore,2,456
ALL,All domains,santosa-a,"Santosa, Anindita",Changi General Hospital,Singapore,2,457
ALL,All domains,phanuphak-n,"Phanuphak, Nittaya",,Thailand,2,458
ALL,All domains,chen-z,"Chen, Zhenfeng",,China,2,459
ALL,All domains,pang-s,"Pang, Sean Jia Le",Nanyang Technological University,Singapore,2,460
ALL,All domains,maclean-e,"MacLean, Emily L",,Australia,2,461
ALL,All domains,huang-l,"Huang, Ling-Ya",,Taiwan,2,462
ALL,All domains,kalimuddin-s,"Kalimuddin, Shirin",Duke-NUS Medical School,Singapore,2,463
ALL,All domains,mukaka-m,"Mukaka, Mavuto",Mahidol University,Thailand,2,464
ALL,All domains,kwak-m,"Kwak, Mackenzie L",,Japan,2,465
ALL,All domains,niu-h,"Niu, Hongtao",,China,2,466
ALL,All domains,sorayah-r,"Sorayah, Ria",Nanyang Technological University,Singapore,2,467
ALL,All domains,daher-w,"Daher, Wassim",,France,2,468
ALL,All domains,chng-s,"Chng, Shu Sin",Nanyang Technological University,Singapore,2,469
ALL,All domains,kremer-l,"Kremer, Laurent",,France,2,470
ALL,All domains,wiggins-t,"Wiggins, Thomas",,United States,2,471
ALL,All domains,miller-m,"Miller, Marvin J",,United States,2,472
ALL,All domains,putera-i,"Putera, Ikhwanuliman",,Netherlands,2,473
ALL,All domains,elangovan-s,"Elangovan, Shalini",Duke-NUS Medical School,Singapore,2,474
ALL,All domains,graves-n,"Graves, Nicholas",Duke-NUS Medical School,Singapore,2,475
ALL,All domains,tsogt-b,"Tsogt, Bazarragchaa",,Mongolia,2,476
ALL,All domains,sanders-k,"Sanders, Karen",,United Kingdom,2,477
ALL,All domains,lachenal-n,"Lachenal, Nathalie",,Switzerland,2,478
ALL,All domains,bekele-a,"Bekele, Amsalu",,Ethiopia,2,479
ALL,All domains,varaine-f,"Varaine, Francis",,France,2,480
ALL,All domains,flores-e,"Flores, Edwin Herrera",,Peru,2,481
ALL,All domains,vilbrun-s,"Vilbrun, Stalz C",,Haiti,2,482
ALL,All domains,islam-s,"Islam, Shirajul",,Bangladesh,2,483
ALL,All domains,yi-c,"Yi, Chunxing",,China,2,484
ALL,All domains,naidoo-l,"Naidoo, Lenny",,South Africa,2,485
ALL,All domains,esmail-h,"Esmail, Hanif",World Health Organization,United Kingdom,2,486
ALL,All domains,seow-w,"Seow, Wenyi",Changi General Hospital,Singapore,2,487
ALL,All domains,getchell-m,"Getchell, Marya",Duke-NUS Medical School,Singapore,2,488
ALL,All domains,ansah-j,"Ansah, John Pastor",,United States,2,489
ALL,All domains,basilio-r,"Basilio, Ramon",,Philippines,2,490
ALL,All domains,tablizo-f,"Tablizo, Francis",,Philippines,2,491
ALL,All domains,matchar-d,"Matchar, David",Duke-NUS Medical School,Singapore,2,492
ALL,All domains,sari-i,"Sari, Intan P",National University Hospital,Singapore,2,493
ALL,All domains,dalay-v,"Dalay, Victoria B",,Philippines,2,494
ALL,All domains,balanag-v,"Balanag, Vincent M",,Philippines,2,495
ALL,All domains,nunn-a,"Nunn, Andrew J",,United Kingdom,2,496
ALL,All domains,padayachee-s,"Padayachee, Shrivani",,South Africa,2,497
ALL,All domains,toktogonova-a,"Toktogonova, Atyrkul",,,2,498
ALL,All domains,salahuddin-n,"Salahuddin, Naseem",,Pakistan,2,499
ALL,All domains,chen-j,"Chen, Jacinta I-Pei",National University of Singapore,Singapore,2,500
ALL,All domains,cross-g,"Cross, Gail B",National University Hospital,Australia,2,501
ALL,All domains,chiang-c,"Chiang, Chen-Yuan",,France,2,502
ALL,All domains,conradie-f,"Conradie, Francesca",,South Africa,2,503
ALL,All domains,zwe-y,"Zwe, Ye Htut",National University of Singapore,Singapore,1,504
ALL,All domains,yuk-h,"Yuk, Hyun-Gyun",,Republic of Korea,1,505
ALL,All domains,barcelli-v,"Barcelli, Valeria",Nanyang Technological University,Singapore,1,506
ALL,All domains,shin-b,"Shin, Bora",National University of Singapore,Singapore,1,507
ALL,All domains,choo-b,"Choo, Barry Boon Liang",National University of Singapore,Singapore,1,508
ALL,All domains,dorett-s,"Dorett, Sarah Leela",National University of Singapore,Singapore,1,509
ALL,All domains,ward-m,"Ward, Michael P",,Australia,1,510
ALL,All domains,young-j,"Young, James R",,Australia,1,511
ALL,All domains,bush-r,"Bush, Russell D",,Australia,1,512
ALL,All domains,windsor-p,"Windsor, Peter A",,Australia,1,513
ALL,All domains,khounsy-s,"Khounsy, Syseng",Mahidol University,Thailand,1,514
ALL,All domains,phommachanh-p,"Phommachanh, Phouvong",,,1,515
ALL,All domains,theppangna-w,"Theppangna, Watthana",,,1,516
ALL,All domains,siengsananlamont-j,"Siengsanan-Lamont, Jarunee",Mahidol University,Thailand,1,517
ALL,All domains,burns-r,"Burns, Rebekah",,Australia,1,518
ALL,All domains,gilbert-j,"Gilbert, Jeffrey",World Health Organization,Switzerland,1,519
ALL,All domains,conlan-j,"Conlan, James V",,Australia,1,520
ALL,All domains,hughes-t,"Hughes, Tom",,Malaysia,1,521
ALL,All domains,kolenchery-j,"Kolenchery, Jaison B",Mahidol University,Thailand,1,522
ALL,All domains,roberts-t,"Roberts, Tamalee",University of Oxford,United Kingdom,1,523
ALL,All domains,ponniah-c,"Ponniah, Caleb",Nanyang Technological University,Singapore,1,524
ALL,All domains,surya-w,"Surya, Wahyu",Nanyang Technological University,Singapore,1,525
ALL,All domains,torres-j,"Torres, Jaume",Nanyang Technological University,Singapore,1,526
ALL,All domains,devries-g,"de Vries, Gerard",,Netherlands,1,527
ALL,All domains,anthony-r,"Anthony, Richard",,Netherlands,1,528
ALL,All domains,robinson-e,"Robinson, Esther",,United Kingdom,1,529
ALL,All domains,backx-m,"Backx, Matthijs",,United Kingdom,1,530
ALL,All domains,laurenson-i,"Laurenson, Ian F",,United Kingdom,1,531
ALL,All domains,seagar-a,"Seagar, Amie-Louise",,United Kingdom,1,532
ALL,All domains,trieu-l,"Trieu, Lisa",,United States,1,533
ALL,All domains,modestil-h,"Modestil, Herns",,United States,1,534
ALL,All domains,meissner-j,"Meissner, Jeanne Sullivan",,United States,1,535
ALL,All domains,sintchenko-v,"Sintchenko, Vitali",,Australia,1,536
ALL,All domains,donnan-e,"Donnan, Ellen J",,Australia,1,537
ALL,All domains,eze-a,"Eze, Anthony N",,,1,538
ALL,All domains,yu-j,"Yu, Junette",Duke-NUS Medical School,Singapore,1,539
ALL,All domains,cui-c,"Cui, Christina L",,,1,540
ALL,All domains,goh-n,"Goh, Nicole Shu-En",National Centre for Infectious Diseases,Singapore,1,541
ALL,All domains,choolani-m,"Choolani, Mahesh",National University Health System,Singapore,1,542
ALL,All domains,vu-q,"Vu, Quang Huy Nhat",Nanyang Technological University,Singapore,1,543
ALL,All domains,lambu-m,"Lambu, Mallikharjuna Rao",Nanyang Technological University,Singapore,1,544
ALL,All domains,wang-z,"Wang, Zheng",Nanyang Technological University,Singapore,1,545
ALL,All domains,tonanon-p,"Tonanon, Panyawut",Nanyang Technological University,Singapore,1,546
ALL,All domains,wei-g,"Wei, Guangmin",Nanyang Technological University,Singapore,1,547
ALL,All domains,webster-r,"Webster, Richard D",Nanyang Technological University,Singapore,1,548
ALL,All domains,chanpark-m,"Chan-Park, Mary B",Nanyang Technological University,Singapore,1,549
ALL,All domains,phan-t,"Phan, Thuong Huyen Thi",,Viet Nam,1,550
ALL,All domains,duong-g,"Duong, Giang Tra Thi",,Viet Nam,1,551
ALL,All domains,do-l,"Do, Linh Anh",,Viet Nam,1,552
ALL,All domains,vu-h,"Vu, Ha Ngoc",,Viet Nam,1,553
ALL,All domains,fernandes-s,"Fernandes, Sara",,France,1,554
ALL,All domains,boyer-l,"Boyer, Laurent",,France,1,555
ALL,All domains,auquier-p,"Auquier, Pascal",,France,1,556
ALL,All domains,nguyen-c,"Nguyen, Cuong Tat",,Viet Nam,1,557
ALL,All domains,do-h,"Do, Huyen",,Republic of Korea,1,558
ALL,All domains,vu-g,"Vu, Giang Thu",,Viet Nam,1,559
ALL,All domains,pongracz-t,"Pongrácz, Tamás",,Sweden,1,560
ALL,All domains,marking-u,"Marking, Ulrika",,Sweden,1,561
ALL,All domains,bladh-o,"Bladh, Oscar",,Sweden,1,562
ALL,All domains,aguilera-k,"Aguilera, Katherina",,Sweden,1,563
ALL,All domains,berkell-m,"Berkell, Matilda",,Sweden,1,564
ALL,All domains,havervall-s,"Havervall, Sebastian",,Sweden,1,565
ALL,All domains,greilertnorin-n,"Greilert-Norin, Nina",,Sweden,1,566
ALL,All domains,nouta-j,"Nouta, Jan",,Netherlands,1,567
ALL,All domains,gijze-s,"Gijze, Steinar",,Netherlands,1,568
ALL,All domains,wasynczuk-a,"Wasynczuk, Anna",,Netherlands,1,569
ALL,All domains,aberg-m,"Åberg, Mikael",,Sweden,1,570
ALL,All domains,vidarsson-g,"Vidarsson, Gestur",,Netherlands,1,571
ALL,All domains,falck-d,"Falck, David",,Netherlands,1,572
ALL,All domains,thalin-c,"Thålin, Charlotte",,Sweden,1,573
ALL,All domains,yin-t,"Yin, Toh Ker",Khoo Teck Puat Hospital,Singapore,1,574
ALL,All domains,gopal-l,"Gopal, Lekha",Khoo Teck Puat Hospital,Singapore,1,575
ALL,All domains,sen-y,"Sen, Yuen Yew",National University Hospital,Singapore,1,576
ALL,All domains,baker-c,"Baker, Chelsea R",,United States,1,577
ALL,All domains,barilar-i,"Barilar, Ivan",,Germany,1,578
ALL,All domains,dearaujo-l,"de Araujo, Leonardo S",,Germany,1,579
ALL,All domains,parker-d,"Parker, Daniel M",,United States,1,580
ALL,All domains,moonan-p,"Moonan, Patrick K",US Centers for Disease Control and Prevention,United States,1,581
ALL,All domains,oeltmann-j,"Oeltmann, John E",US Centers for Disease Control and Prevention,United States,1,582
ALL,All domains,tobias-j,"Tobias, James L",,United States,1,583
ALL,All domains,minin-v,"Minin, Volodymyr M",,United States,1,584
ALL,All domains,modongo-c,"Modongo, Chawangwa",,Botswana,1,585
ALL,All domains,zetola-n,"Zetola, Nicola M",,United States,1,586
ALL,All domains,niemann-s,"Niemann, Stefan",,Germany,1,587
ALL,All domains,barcellini-l,"Barcellini, L",,Italy,1,588
ALL,All domains,chi-d,"Chi, Dengkai",,China,1,589
ALL,All domains,richards-d,"Richards, Daniel",,New Zealand,1,590
ALL,All domains,manoli-g,"Manoli, Gabriele",,Switzerland,1,591
ALL,All domains,ji-j,"Ji, John S",,China,1,592
ALL,All domains,hahs-a,"Hahs, Amy",University of Melbourne,Australia,1,593
ALL,All domains,zhu-y,"Zhu, Yue",,China,1,594
ALL,All domains,qiu-y,"Qiu, Yeshan",,Singapore,1,595
ALL,All domains,burlando-p,"Burlando, Paolo",,Switzerland,1,596
ALL,All domains,fatichi-s,"Fatichi, Simone",,Singapore,1,597
ALL,All domains,tan-p,"Tan, Puay Yok",,Singapore,1,598
ALL,All domains,malkawi-r,"Malkawi, Ruba",,Jordan,1,599
ALL,All domains,weldonbee-j,"Weldon-Bee, James",,United Kingdom,1,600
ALL,All domains,kiptoo-e,"Kiptoo, Edwin",,United Kingdom,1,601
ALL,All domains,das-s,"Das, Sanjit",,United Kingdom,1,602
ALL,All domains,iyer-a,"Iyer, Abhishek",,United Kingdom,1,603
ALL,All domains,parmar-a,"Parmar, Anish",,United Kingdom,1,604
ALL,All domains,singh-i,"Singh, Ishwar",,United Kingdom,1,605
ALL,All domains,tsevelmaa-n,"Tsevelmaa, Nyamdelger",,Mongolia,1,606
ALL,All domains,paoli-j,"Paoli, Julia E",,United States,1,607
ALL,All domains,hoylman-m,"Hoylman, Micah",,United States,1,608
ALL,All domains,altantogtokh-d,"Altantogtokh, Doniddemberel",,Mongolia,1,609
ALL,All domains,wiley-m,"Wiley, Michael R",,United States,1,610
ALL,All domains,wiley-j,"Wiley, Jessica D",,United States,1,611
ALL,All domains,perezjimenez-j,"Perez Jimenez, Juan G",,United States,1,612
ALL,All domains,davaasuren-n,"Davaasuren, Nergui",,Mongolia,1,613
ALL,All domains,bolorchimeg-b,"Bolorchimeg, Buyandelger",,Mongolia,1,614
ALL,All domains,amgalanbayar-b,"Amgalanbayar, Bandikhuu",,Mongolia,1,615
ALL,All domains,mavian-c,"Mavian, Carla",,United States,1,616
ALL,All domains,boldbaatar-b,"Boldbaatar, Bazartseren",,Mongolia,1,617
ALL,All domains,cheng-s,"Cheng, Sokleaph",,Cambodia,1,618
ALL,All domains,ung-s,"Ung, Socheatraksmey",,Cambodia,1,619
ALL,All domains,guillard-b,"Guillard, Bertrand",,Cambodia,1,620
ALL,All domains,menh-s,"Menh, Saren",,Cambodia,1,621
ALL,All domains,huot-c,"Huot, Chan Yuda",,Cambodia,1,622
ALL,All domains,borand-l,"Borand, Laurence",Johns Hopkins University,Cambodia,1,623
ALL,All domains,pasayan-m,"Pasayan, Mark Kristoffer Ungos",,Philippines,1,624
ALL,All domains,jiamsakul-a,"Jiamsakul, Awachana",,Australia,1,625
ALL,All domains,yunihastuti-e,"Yunihastuti, Evy",Universitas Indonesia,Indonesia,1,626
ALL,All domains,azwa-i,"Azwa, Iskandar",University of Malaya,Malaysia,1,627
ALL,All domains,kumarasamy-n,"Kumarasamy, Nagalingeswaran",,India,1,628
ALL,All domains,chaiwarith-r,"Chaiwarith, Romanee",,Thailand,1,629
ALL,All domains,khol-v,"Khol, Vohith",,Cambodia,1,630
ALL,All domains,kiertiburanakul-s,"Kiertiburanakul, Sasisopin",Mahidol University,Thailand,1,631
ALL,All domains,somia-i,"Somia, I Ketut Agus",,Indonesia,1,632
ALL,All domains,pujari-s,"Pujari, Sanjay",,India,1,633
ALL,All domains,do-c,"Do, Cuong Duy",,Viet Nam,1,634
ALL,All domains,zhang-f,"Zhang, Fujie",,China,1,635
ALL,All domains,khusuwan-s,"Khusuwan, Suwimon",,Thailand,1,636
ALL,All domains,tanuma-j,"Tanuma, Junko",,Japan,1,637
ALL,All domains,gani-y,"Gani, Yasmin",,Malaysia,1,638
ALL,All domains,borse-r,"Borse, Rohidas",,India,1,639
ALL,All domains,ditangco-r,"Ditangco, Rossana",,Philippines,1,640
ALL,All domains,chong-a,"Chong, Alexander",,United States,1,641
ALL,All domains,cui-j,"Cui, Jinhua",,United States,1,642
ALL,All domains,ang-j,"Ang, Joella Xiaohong",Singapore General Hospital,Singapore,1,643
ALL,All domains,rossouw-j,"Rossouw, Jacques",,South Africa,1,644
ALL,All domains,wallis-r,"Wallis, Robert",,South Africa,1,645
ALL,All domains,kornfeld-h,"Kornfeld, Hardy",,United States,1,646
ALL,All domains,maartens-g,"Maartens, Gary",,South Africa,1,647
ALL,All domains,wiesner-l,"Wiesner, Lubbe",,South Africa,1,648
ALL,All domains,denti-p,"Denti, Paolo",,South Africa,1,649
ALL,All domains,wasmann-r,"Wasmann, Roeland E",,South Africa,1,650
ALL,All domains,zang-j,"Zang, Jian",National University of Singapore,China,1,651
ALL,All domains,xu-j,"Xu, Jing-Ru",National University of Singapore,Singapore,1,652
ALL,All domains,ran-x,"Ran, Xue-Bin",National University of Singapore,Singapore,1,653
ALL,All domains,su-m,"Su, Min",,China,1,654
ALL,All domains,zhang-w,"Zhang, Wang-Ming",,China,1,655
ALL,All domains,ge-z,"Ge, Zhang-Wen",,China,1,656
ALL,All domains,sun-q,"Sun, Qiao-Yang",,Singapore,1,657
ALL,All domains,ding-l,"Ding, Ling-Wen",National University of Singapore,Singapore,1,658
ALL,All domains,turner-h,"Turner, Hugo C",Imperial College London,United Kingdom,1,659
ALL,All domains,hung-t,"Hung, Trinh Manh",,Australia,1,660
ALL,All domains,brady-o,"Brady, Oliver J",London School of Hygiene & Tropical Medicine,United Kingdom,1,661
ALL,All domains,dorigatti-i,"Dorigatti, Ilaria",Imperial College London,United Kingdom,1,662
ALL,All domains,pouwels-k,"Pouwels, Koen B",University of Oxford,United Kingdom,1,663
ALL,All domains,vandoorn-r,"van Doorn, Rogier H",Oxford University Clinical Research Unit,United Kingdom,1,664
ALL,All domains,cooper-b,"Cooper, Ben S",Mahidol University,Thailand,1,665
ALL,All domains,zik-j,"Zik, Justin J",National University of Singapore,Singapore,1,666
ALL,All domains,fu-z,"Fu, Zeyu",National University of Singapore,Singapore,1,667
ALL,All domains,price-m,"Price, Morgan N",,United States,1,668
ALL,All domains,yuan-q,"Yuan, Qiao",Nanyang Technological University,Singapore,1,669
ALL,All domains,arkin-a,"Arkin, Adam P",,United States,1,670
ALL,All domains,deutschbauer-a,"Deutschbauer, Adam M",,United States,1,671
ALL,All domains,floreskim-j,"Flores-Kim, Josue",,United States,1,672
ALL,All domains,sham-l,"Sham, Lok-To",National University of Singapore,Singapore,1,673
ALL,All domains,ou-m,"Ou, Mengxue",,China,1,674
ALL,All domains,abdulrahman-h,"Abdul Rahman, Hanif",National University of Singapore,Brunei Darussalam,1,675
ALL,All domains,zahari-n,"Zahari, Nurrabiatul Haziqah",,Brunei Darussalam,1,676
ALL,All domains,goh-z,"Goh, Ziying",SingHealth,Singapore,1,677
ALL,All domains,koh-y,"Koh, Yi Ling Eileen",SingHealth,Singapore,1,678
ALL,All domains,aau-w,"Aau, Wai Keong",SingHealth,Singapore,1,679
ALL,All domains,jayagobi-p,"Jayagobi, Pooja Agarwal",KK Women's and Children's Hospital,Singapore,1,680
ALL,All domains,chanpang-c,"Chan Pang, Cynthia Pui",KK Women's and Children's Hospital,Singapore,1,681
ALL,All domains,wong-a,"Wong, Anng Anng",KK Women's and Children's Hospital,Singapore,1,682
ALL,All domains,ying-z,"Ying, Zheng",KK Women's and Children's Hospital,Singapore,1,683
ALL,All domains,chua-m,"Chua, Mei Chien",KK Women's and Children's Hospital,Singapore,1,684
ALL,All domains,how-w,"How, Wilson Z Y",National University of Singapore,Singapore,1,685
ALL,All domains,teh-l,"Teh, Le Xin",National University of Singapore,Singapore,1,686
ALL,All domains,adhikari-s,"Adhikari, Sudeep",Oxford University Clinical Research Unit,Nepal,1,687
ALL,All domains,han-s,"Han, Su Myat",,Japan,1,688
ALL,All domains,trieu-h,"Trieu, Huynh Trung",,Viet Nam,1,689
ALL,All domains,horby-p,"Horby, Peter",University of Oxford,United Kingdom,1,690
ALL,All domains,yeo-t,"Yeo, Tsin Wen",National Centre for Infectious Diseases,Singapore,1,691
ALL,All domains,kestelyn-e,"Kestelyn, Evelyne",Oxford University Clinical Research Unit,United Kingdom,1,692
ALL,All domains,trung-t,"Trung, Truong Ngoc",,Viet Nam,1,693
ALL,All domains,lopeztoledano-m,"López Toledano, Max D",National University of Singapore,Singapore,1,694
ALL,All domains,alhaffar-m,"Alhaffar, Mervat",London School of Hygiene & Tropical Medicine,United Kingdom,1,695
ALL,All domains,alshalah-a,"Alshalah, Ali",,Iraq,1,696
ALL,All domains,saleh-m,"Saleh, Majd",London School of Hygiene & Tropical Medicine,United Kingdom,1,697
ALL,All domains,nunes-c,"Nunes, Charnele",London School of Hygiene & Tropical Medicine,United Kingdom,1,698
ALL,All domains,sharma-e,"Sharma, Esther",,United Kingdom,1,699
ALL,All domains,ou-l,"Ou, Ling",,China,1,700
ALL,All domains,zou-y,"Zou, Yuanjing",,China,1,701
ALL,All domains,chen-q,"Chen, Qingchang",National University of Singapore,Singapore,1,702
ALL,All domains,peng-c,"Peng, Chang",,China,1,703
ALL,All domains,yao-m,"Yao, Meicun",,China,1,704
ALL,All domains,ou-y,"Ou, Yifan",,Belgium,1,705
ALL,All domains,bruijn-g,"Bruijn, Gert-Jan de",,Belgium,1,706
ALL,All domains,schulz-p,"Schulz, Peter Johannes",Nanyang Technological University,Republic of Korea,1,707
ALL,All domains,soh-c,"Soh, Chai Yin",Singapore General Hospital,Singapore,1,708
ALL,All domains,amin-i,"Amin, Ismawati Mohd",Singapore General Hospital,Singapore,1,709
ALL,All domains,kim-h,"Kim, Hyun-Kyung",,Republic of Korea,1,710
ALL,All domains,zaidi-o,"Zaidi, Omer",,United States,1,711
ALL,All domains,choi-e,"Choi, Eun Hwa",National University Hospital,Republic of Korea,1,712
ALL,All domains,du-f,"Du, Frieda",,China,1,713
ALL,All domains,bernauer-m,"Bernauer, Mark",,United States,1,714
ALL,All domains,taimoor-m,"Taimoor, Muhammad",,China,1,715
ALL,All domains,noor-h,"Noor, Hira",,Pakistan,1,716
ALL,All domains,mahfooz-a,"Mahfooz, Ashar",,Pakistan,1,717
ALL,All domains,ashar-a,"Ashar, Ambreen",,Pakistan,1,718
ALL,All domains,saleem-m,"Saleem, Muhammad Ijaz",,Pakistan,1,719
ALL,All domains,saleemi-m,"Saleemi, Muhammad Kashif",,Pakistan,1,720
ALL,All domains,tariq-m,"Tariq, Muhammad Saad",,Pakistan,1,721
ALL,All domains,naeem-a,"Naeem, Ammar Danyal",National University of Singapore,Pakistan,1,722
ALL,All domains,meng-j,"Meng, Jingjing",,China,1,723
ALL,All domains,zou-x,"Zou, Xiaobai",,China,1,724
ALL,All domains,he-j,"He, Jianmei",,China,1,725
ALL,All domains,abdulrashid-n,"Abdul Rashid, Nurul Wahidah",,Malaysia,1,726
ALL,All domains,razak-n,"Razak, Nurul Fatira",,Malaysia,1,727
ALL,All domains,ahmatmohamadsiam-k,"Ahmat Mohamad Siam, Kamariah",,Malaysia,1,728
ALL,All domains,ahmadkamal-n,"Ahmad Kamal, Nurhanisah",,Malaysia,1,729
ALL,All domains,mohdsaid-s,"Mohd Said, Siti Nor Atikah",,Malaysia,1,730
ALL,All domains,aguilar-j,"Aguilar, Julie Angela",,Singapore,1,731
ALL,All domains,park-h,"Park, HyeJin",,Republic of Korea,1,732
ALL,All domains,choon-w,"Choon, Wai Yee",,Malaysia,1,733
ALL,All domains,thanimalai-s,"Thanimalai, Subramaniam",,Malaysia,1,734
ALL,All domains,ang-w,"Ang, Wei Chern",,Malaysia,1,735
ALL,All domains,sellappans-r,"Sellappans, Renukha",,Malaysia,1,736
ALL,All domains,brisson-m,"Brisson, Marc",National University of Singapore,Canada,1,737
ALL,All domains,drolet-m,"Drolet, Mélanie",,Canada,1,738
ALL,All domains,gingras-g,"Gingras, Guillaume",,Canada,1,739
ALL,All domains,laprise-j,"Laprise, Jean-François",,Canada,1,740
ALL,All domains,chamberland-e,"Chamberland, Éléonore",,Canada,1,741
ALL,All domains,bruni-l,"Bruni, Laia",,Spain,1,742
ALL,All domains,sabourin-a,"Sabourin, Andrée-Anne",,Canada,1,743
ALL,All domains,benard-e,"Bénard, Élodie",,Canada,1,744
ALL,All domains,ndiaye-c,"Ndiaye, Cathy",,Senegal,1,745
ALL,All domains,barnabas-r,"Barnabas, Ruanne V",Harvard University,United States,1,746
ALL,All domains,biswas-s,"Biswas, Shibani",,India,1,747
ALL,All domains,manickam-y,"Manickam, Yogavel",,India,1,748
ALL,All domains,khai-c,"Khai, Choong Yeu",National University of Singapore,Singapore,1,749
ALL,All domains,goswami-r,"Goswami, Ritu",,India,1,750
ALL,All domains,sukla-s,"Sukla, Sanskrita",National University of Singapore,Singapore,1,751
ALL,All domains,barbosa-r,"Barbosa, Rosicler",,France,1,752
ALL,All domains,sung-s,"Sung, Sihyun",,France,1,753
ALL,All domains,chaturvedi-r,"Chaturvedi, Rini",,India,1,754
ALL,All domains,marquez-j,"Márquez, José Antonio",,France,1,755
ALL,All domains,chaki-a,"Chaki, Aditya",,India,1,756
ALL,All domains,sharma-a,"Sharma, Amit",,India,1,757
ALL,All domains,das-r,"Das, Ram",,India,1,758
ALL,All domains,chakraborti-s,"Chakraborti, Soumyananda",,India,1,759
ALL,All domains,lian-b,"Lian, Bernice Jia Xin",National University of Singapore,Singapore,1,760
ALL,All domains,cheng-h,"Cheng, Hooi Swang",National University of Singapore,Singapore,1,761
ALL,All domains,ang-i,"Ang, Ian Yi Han",National University of Singapore,Singapore,1,762
ALL,All domains,yam-e,"Yam, Esabelle Lo Yan",National University of Singapore,Singapore,1,763
ALL,All domains,samreth-s,"Samreth, Sovannarith",,Cambodia,1,764
ALL,All domains,ngau-b,"Ngau, Bora",,Cambodia,1,765
ALL,All domains,hao-x,"Hao, Xinxin",National University of Singapore,Singapore,1,766
ALL,All domains,ding-y,"Ding, Ying",National University of Singapore,Singapore,1,767
ALL,All domains,cao-y,"Cao, Yang",,Singapore,1,768
ALL,All domains,kitsaran-s,"Kitsaran, Suwatthiya",,Thailand,1,769
ALL,All domains,chua-h,"Chua, Hock Hin",,Malaysia,1,770
ALL,All domains,bory-s,"Bory, Sotharith",,Cambodia,1,771
ALL,All domains,srilasriponnampalavanar-s,"Sri La Sri Ponnampalavanar, Sasheela",,Malaysia,1,772
ALL,All domains,dhiloo-a,"Dhiloo, Azizullah Khan",,Pakistan,1,773
ALL,All domains,plongla-r,"Plongla, Rongpong",,Thailand,1,774
ALL,All domains,mahmood-s,"Mahmood, Syed Faisal",,Pakistan,1,775
ALL,All domains,roman-a,"Roman, Arthur Dessi",,Philippines,1,776
ALL,All domains,thwaites-l,"Thwaites, Louise",Oxford University Clinical Research Unit,United Kingdom,1,777
ALL,All domains,tho-p,"Tho, Phan Vinh",,Viet Nam,1,778
ALL,All domains,wu-s,"Wu, Sheng",,China,1,779
ALL,All domains,wong-k,"Wong, Ke Juin",,Malaysia,1,780
ALL,All domains,wijaya-h,"Wijaya, Hendri",,Indonesia,1,781
ALL,All domains,abad-c,"Abad, Cybele L",,Philippines,1,782
ALL,All domains,khalid-m,"Khalid, Muhammad Osama Rehman",,Pakistan,1,783
ALL,All domains,mamun-g,"Mamun, Gazi Md Salahuddin",,Bangladesh,1,784
ALL,All domains,guterres-h,"Guterres, Helio",,Timor-Leste,1,785
ALL,All domains,hon-h,"Hon, Huynh Ngoc",,Viet Nam,1,786
ALL,All domains,pham-n,"Pham, Ngoc Thach",,Viet Nam,1,787
ALL,All domains,tran-v,"Tran, Van Giang",,Viet Nam,1,788
ALL,All domains,gunasekara-s,"Gunasekara, Samanmalee",,Sri Lanka,1,789
ALL,All domains,hamers-r,"Hamers, Raph L",Oxford University Clinical Research Unit,Indonesia,1,790
ALL,All domains,sinto-r,"Sinto, Robert",Universitas Indonesia,Indonesia,1,791
ALL,All domains,lubis-i,"Lubis, Inke Nadia D",,Indonesia,1,792
ALL,All domains,moni-m,"Moni, Merlin",,India,1,793
ALL,All domains,xiao-y,"Xiao, Yonghong",,China,1,794
ALL,All domains,khanal-b,"Khanal, Basudha",,Nepal,1,795
ALL,All domains,priya-n,"Priya, N Lakshmi",,India,1,796
ALL,All domains,honda-h,"Honda, Hitoshi",,Japan,1,797
ALL,All domains,baljin-b,"Baljin, Bayaraa",,Mongolia,1,798
ALL,All domains,asli-r,"Asli, Rosmonaliza",,Brunei Darussalam,1,799
ALL,All domains,gurjav-u,"Gurjav, Ulziijargal",,Mongolia,1,800
ALL,All domains,ling-l,"Ling, Lowell",University of Hong Kong,China,1,801
ALL,All domains,dhungana-a,"Dhungana, Ashesh",,Nepal,1,802
ALL,All domains,hill-k,"Hill, Kaeden K",,,1,803
ALL,All domains,barry-a,"Barry, Ashley P",,,1,804
ALL,All domains,reinosovizcaino-n,"Reinoso-Vizcaino, Nicolas M",,,1,805
ALL,All domains,haynes-l,"Haynes, Lauren E",,,1,806
ALL,All domains,bonglack-e,"Bonglack, Emmanuela N",University of Cambridge,United Kingdom,1,807
ALL,All domains,ferreira-d,"Ferreira, Davis F",,,1,808
ALL,All domains,miller-s,"Miller, Sara E",,,1,809
ALL,All domains,hirschey-m,"Hirschey, Matthew D",,,1,810
ALL,All domains,chiang-l,"Chiang, Lillian W",,,1,811
ALL,All domains,remiszewski-s,"Remiszewski, Stacy",,,1,812
ALL,All domains,mettu-v,"Mettu, Vijaya Saradhi",,Singapore,1,813
ALL,All domains,lau-a,"Lau, Aik Jiang",,Canada,1,814
ALL,All domains,murayama-h,"Murayama, Hiroaki",,Japan,1,815
ALL,All domains,asakura-t,"Asakura, Toshiaki R",London School of Hygiene & Tropical Medicine,Japan,1,816
ALL,All domains,boyle-d,"Boyle, Dorothy",National University of Singapore,Singapore,1,817
ALL,All domains,foo-j,"Foo, Jen Han",National University of Singapore,Singapore,1,818
ALL,All domains,mukadi-p,"Mukadi, Patrick K",,Democratic Republic of the Congo,1,819
ALL,All domains,ejima-k,"Ejima, Keisuke",Nanyang Technological University,Singapore,1,820
ALL,All domains,nishi-a,"Nishi, Akihiro",,United States,1,821
ALL,All domains,wakamba-a,"Wakamba, Audry M",,Democratic Republic of the Congo,1,822
ALL,All domains,sailangita-d,"Saila-Ngita, Diafuka",,Democratic Republic of the Congo,1,823
ALL,All domains,niyukuri-d,"Niyukuri, David",,South Africa,1,824
ALL,All domains,yap-a,"Yap, Alex Jie Wei",National Centre for Infectious Diseases,Singapore,1,825
ALL,All domains,fung-d,"Fung, Daniel Shuen Sheng",Institute of Mental Health,Singapore,1,826
ALL,All domains,aung-a,"Aung, A H",Tan Tock Seng Hospital,Singapore,1,827
ALL,All domains,chia-g,"Chia, G",Tan Tock Seng Hospital,Singapore,1,828
ALL,All domains,beh-d,"Beh, D",Tan Tock Seng Hospital,Singapore,1,829
ALL,All domains,wahab-m,"Wahab, M T",National University Health System,Singapore,1,830
ALL,All domains,ang-b,"Ang, B",Tan Tock Seng Hospital,Singapore,1,831
ALL,All domains,duong-h,"Duong, Hang",,Australia,1,832
ALL,All domains,kamaruzaman-n,"Kamaruzaman, Nor Kamila",,Australia,1,833
ALL,All domains,attwell-k,"Attwell, Katie",,Australia,1,834
ALL,All domains,ong-w,"Ong, Weiyee",Institute of Molecular and Cell Biology,Singapore,1,835
ALL,All domains,hopkins-r,"Hopkins, Richard Anthony",Institute of Molecular and Cell Biology,Singapore,1,836
ALL,All domains,yang-e,"Yang, Enjun",Institute of Molecular and Cell Biology,Singapore,1,837
ALL,All domains,novita,Novita,Institute of Molecular and Cell Biology,Singapore,1,838
ALL,All domains,talib-n,"Talib, Najwa",Institute of Molecular and Cell Biology,Singapore,1,839
ALL,All domains,au-b,"Au, Bijin",Institute of Molecular and Cell Biology,Singapore,1,840
ALL,All domains,linster-m,"Linster, Martin",Duke-NUS Medical School,Singapore,1,841
ALL,All domains,zhuang-y,"Zhuang, Yan",Duke-NUS Medical School,Singapore,1,842
ALL,All domains,mah-m,"Mah, Marcus G",Duke-NUS Medical School,Singapore,1,843
ALL,All domains,carugati-m,"Carugati, Manuela",,United States,1,844
ALL,All domains,moorthy-g,"Moorthy, Ganga",,United States,1,845
ALL,All domains,madut-d,"Madut, Deng B",,United States,1,846
ALL,All domains,maze-m,"Maze, Michael J",,New Zealand,1,847
ALL,All domains,lwezaula-b,"Lwezaula, Bingileki",,Tanzania,1,848
ALL,All domains,marandu-a,"Marandu, Annette",,Tanzania,1,849
ALL,All domains,machare-c,"Machare, Calvin",,Tanzania,1,850
ALL,All domains,kilonzo-k,"Kilonzo, Kajiru G",,Tanzania,1,851
ALL,All domains,mbwasi-r,"Mbwasi, Ronald",,Tanzania,1,852
ALL,All domains,ngocho-j,"Ngocho, James S",,Tanzania,1,853
ALL,All domains,bonnewell-j,"Bonnewell, John P",,United States,1,854
ALL,All domains,crump-j,"Crump, John A",,New Zealand,1,855
ALL,All domains,maro-v,"Maro, Venance P",,Tanzania,1,856
ALL,All domains,rubach-m,"Rubach, Matthew P",Duke-NUS Medical School,Singapore,1,857
ALL,All domains,gottesdiener-l,"Gottesdiener, Lee S",,United States,1,858
ALL,All domains,greenwoodquaintance-k,"Greenwood-Quaintance, Kerryl E",,United States,1,859
ALL,All domains,cober-e,"Cober, Eric",,United States,1,860
ALL,All domains,herc-e,"Herc, Erica S",,United States,1,861
ALL,All domains,kaye-k,"Kaye, Keith S",,United States,1,862
ALL,All domains,huskins-w,"Huskins, W Charles",,United States,1,863
ALL,All domains,figueroa-j,"Figueroa, Jairo",,Colombia,1,864
ALL,All domains,vilchez-s,"Vilchez, Samuel",,United States,1,865
ALL,All domains,fries-b,"Fries, Bettina C",,United States,1,866
ALL,All domains,leroi-m,"Leroi, Marcel",,Australia,1,867
ALL,All domains,mccarty-t,"McCarty, Todd P",,United States,1,868
ALL,All domains,rioseco-m,"Rioseco, María L",,Chile,1,869
ALL,All domains,munita-j,"Munita, Jose M",,Chile,1,870
ALL,All domains,stryjewski-m,"Stryjewski, Martin E",,Argentina,1,871
ALL,All domains,reyes-j,"Reyes, Jinnethe",,Colombia,1,872
ALL,All domains,kreiswirth-b,"Kreiswirth, Barry N",,United States,1,873
ALL,All domains,hill-c,"Hill, Carol",,United States,1,874
ALL,All domains,baum-k,"Baum, Keri",,United States,1,875
ALL,All domains,villegas-m,"Villegas, Maria Virginia",,Colombia,1,876
ALL,All domains,chambers-h,"Chambers, Henry F",,United States,1,877
ALL,All domains,duan-g,"Duan, Gang",,China,1,878
ALL,All domains,duan-s,"Duan, Sicheng",National University of Singapore,Singapore,1,879
ALL,All domains,nie-s,"Nie, Shujun",,China,1,880
ALL,All domains,gu-w,"Gu, Wanjiang",,China,1,881
ALL,All domains,zhou-b,"Zhou, Bin",,Germany,1,882
ALL,All domains,kumar-r,"Kumar, Rajneesh",Singapore General Hospital,Singapore,1,883
ALL,All domains,cao-x,"Cao, Xinyue",,China,1,884
ALL,All domains,jiang-s,"Jiang, Shize",,China,1,885
ALL,All domains,fu-j,"Fu, Jun",,China,1,886
ALL,All domains,xue-j,"Xue, Junjing",,China,1,887
ALL,All domains,li-c,"Li, Caiming",National University of Singapore,Singapore,1,888
ALL,All domains,xu-z,"Xu, Zhangrun",,China,1,889
ALL,All domains,li-m,"Li, Ming",,China,1,890
ALL,All domains,du-w,"Du, Wenbin",,China,1,891
ALL,All domains,jeffrey-m,"Jeffrey, Mark",University of Cambridge,United Kingdom,1,892
ALL,All domains,bartholdsonscott-j,"Bartholdson Scott, Josefin",University of Cambridge,United Kingdom,1,893
ALL,All domains,mazumdar-s,"Mazumdar, Shyamanova",University of Cambridge,United Kingdom,1,894
ALL,All domains,white-r,"White, Richard J",Bioinformatics Institute,United Kingdom,1,895
ALL,All domains,higginson-e,"Higginson, Ellen",University of Cambridge,United Kingdom,1,896
ALL,All domains,maes-m,"Maes, Mailis",University of Cambridge,United Kingdom,1,897
ALL,All domains,forrest-s,"Forrest, Sally",University of Cambridge,United Kingdom,1,898
ALL,All domains,pereiradias-j,"Pereira-Dias, Joana",University of Cambridge,United Kingdom,1,899
ALL,All domains,parmar-s,"Parmar, Surendra",UK Health Security Agency,United Kingdom,1,900
ALL,All domains,heasmanhunt-e,"Heasman-Hunt, Emma",UK Health Security Agency,United Kingdom,1,901
ALL,All domains,curran-m,"Curran, Martin D",UK Health Security Agency,United Kingdom,1,902
ALL,All domains,polgarova-p,"Polgarova, Petra",,United Kingdom,1,903
ALL,All domains,herre-j,"Herre, Jurgen",,United Kingdom,1,904
ALL,All domains,wauters-e,"Wauters, Els",,Belgium,1,905
ALL,All domains,lambrechts-d,"Lambrechts, Diether",,Belgium,1,906
ALL,All domains,vanmol-p,"Van Mol, Pierre",,Belgium,1,907
ALL,All domains,jacobs-c,"Jacobs, Cato",,Belgium,1,908
ALL,All domains,wauters-j,"Wauters, Joost",,Belgium,1,909
ALL,All domains,davenport-e,"Davenport, Emma E",,United Kingdom,1,910
ALL,All domains,dougan-g,"Dougan, Gordon",University of Cambridge,China,1,911
ALL,All domains,navapurkar-v,"Navapurkar, Vilas",,United Kingdom,1,912
ALL,All domains,conwaymorris-a,"Conway Morris, Andrew",University of Cambridge,United Kingdom,1,913
ALL,All domains,junjing-y,"Junjing, Yang",Environmental Health Institute,Singapore,1,914
ALL,All domains,chai-v,"Chai, Vincent",Environmental Health Institute,Singapore,1,915
ALL,All domains,foo-k,"Foo, Kelly",Communicable Diseases Agency,Singapore,1,916
ALL,All domains,cho-s,"Cho, Sharol S L",Communicable Diseases Agency,Singapore,1,917
ALL,All domains,bellavia-a,"Bellavia, Alessandra",,Italy,1,918
ALL,All domains,refera-t,"Refera, Tsion Asfaw",,Ethiopia,1,919
ALL,All domains,akkerman-o,"Akkerman, Onno",,Netherlands,1,920
ALL,All domains,alyaquobi-f,"Alyaquobi, Fatma",,Oman,1,921
ALL,All domains,dinhxuan-a,"Dinh-Xuan, Anh Tuan",,France,1,922
ALL,All domains,felker-i,"Felker, Irina",,Russian Federation,1,923
ALL,All domains,garciagarcia-j,"García-García, José-María",,Spain,1,924
ALL,All domains,gualano-g,"Gualano, Gina",,Italy,1,925
ALL,All domains,james-a,"James, Ananthu",,Netherlands,1,926
ALL,All domains,shah-s,"Shah, Syed Karam",,Pakistan,1,927
ALL,All domains,lienhardt-c,"Lienhardt, Christian",,France,1,928
ALL,All domains,mahfuza-r,"Mahfuza, Rifat",,Bangladesh,1,929
ALL,All domains,munoztorrico-m,"Munoz-Torrico, Marcela",,Mexico,1,930
ALL,All domains,panchagnula-r,"Panchagnula, Ramesh",,India,1,931
ALL,All domains,podlekareva-d,"Podlekareva, Daria",,Denmark,1,932
ALL,All domains,pontali-e,"Pontali, Emanuele",,Italy,1,933
ALL,All domains,rangaka-m,"Rangaka, Molebogeng X",,United Kingdom,1,934
ALL,All domains,rasheed-n,"Rasheed, Najiha",,,1,935
ALL,All domains,rendon-a,"Rendon, Adrian",,Mexico,1,936
ALL,All domains,silva-d,"Silva, Denise Rossato",,Brazil,1,937
ALL,All domains,selim-m,"Selim, Muhammad Abdul Hamid",,Bangladesh,1,938
ALL,All domains,seaworth-b,"Seaworth, Barbara",,United States,1,939
ALL,All domains,tadolini-m,"Tadolini, Marina",,Italy,1,940
ALL,All domains,tiberi-s,"Tiberi, Simon",,United Kingdom,1,941
ALL,All domains,villa-s,"Villa, Simone",,Italy,1,942
ALL,All domains,raviglione-m,"Raviglione, Mario C",,France,1,943
ALL,All domains,khalid-k,"Khalid, Kanwal",,Canada,1,944
ALL,All domains,ahmedabdelaal-a,"Ahmed Abd El-Aal, Amr Adel",,Egypt,1,945
ALL,All domains,sachan-d,"Sachan, Deepti",,India,1,946
ALL,All domains,bhatnagar-s,"Bhatnagar, Sonu",,Singapore,1,947
ALL,All domains,gundrajukuppam-d,"Gundrajukuppam, Deepthi Krishna",,India,1,948
ALL,All domains,sundaramoorthy-s,"Sundaramoorthy, Subha",,India,1,949
ALL,All domains,huang-s,"Huang, Sheng",National University of Singapore,Singapore,1,950
ALL,All domains,you-l,"You, Luhua",National University of Singapore,Singapore,1,951
ALL,All domains,gin-k,"Gin, Karina Yew-Hoong",National University of Singapore,Singapore,1,952
ALL,All domains,fan-s,"Fan, Sisi",,China,1,953
ALL,All domains,zhao-t,"Zhao, Ting",,China,1,954
ALL,All domains,leung-a,"Leung, An Jian",National University Hospital,Singapore,1,955
ALL,All domains,song-j,"Song, Jingjing",National University of Singapore,China,1,956
ALL,All domains,wang-n,"Wang, Na",,China,1,957
ALL,All domains,zhu-z,"Zhu, Zhen",,China,1,958
ALL,All domains,mao-n,"Mao, Naiying",,China,1,959
ALL,All domains,cao-l,"Cao, Lei",,China,1,960
ALL,All domains,xia-b,"Xia, Baicheng",,China,1,961
ALL,All domains,liao-m,"Liao, Min",,China,1,962
ALL,All domains,zhu-w,"Zhu, Wuyang",,China,1,963
ALL,All domains,kwan-r,"Kwan, Rowena Lee Ying",National University of Singapore,Singapore,1,964
ALL,All domains,chia-h,"Chia, Hui Yi",National Skin Centre,Singapore,1,965
ALL,All domains,pan-j,"Pan, Jiun Yit",National Skin Centre,Singapore,1,966
ALL,All domains,wee-i,"Wee, Ian Jun Yan",Singapore General Hospital,Singapore,1,967
ALL,All domains,tambyah-p,"Tambyah, Paul Anantharajah",National University of Singapore,Singapore,1,968
ALL,All domains,ayekyaw-y,"Aye Kyaw, Yunn Honey",National University of Singapore,Singapore,1,969
ALL,All domains,yip-p,"Yip, Pierre",National University of Singapore,Singapore,1,970
ALL,All domains,fu-q,"Fu, Qiang",,China,1,971
ALL,All domains,fei-y,"Fei, Yunqing",,United States,1,972
ALL,All domains,yang-l,"Yang, Ligang",,China,1,973
ALL,All domains,operario-d,"Operario, Don",,United States,1,974
ALL,All domains,smith-m,"Smith, M Kumi",,United States,1,975
ALL,All domains,teh-y,"Teh, Yii Ean",Singapore General Hospital,Singapore,1,976
ALL,All domains,young-b,"Young, Barnaby Edward",National Centre for Infectious Diseases,Singapore,1,977
ALL,All domains,kumar-p,"Kumar, P Arun",National Centre for Infectious Diseases,Singapore,1,978
ALL,All domains,ferdous-z,"Ferdous, Zannatul",National Centre for Infectious Diseases,Singapore,1,979
ALL,All domains,chia-c,"Chia, Chern Pang Timothy",National University Hospital,Singapore,1,980
ALL,All domains,hamid-l,"Hamid, Lizawati Binte",Singapore General Hospital,Singapore,1,981
ALL,All domains,lee-a,"Lee, Andy",Changi General Hospital,Singapore,1,982
ALL,All domains,hoddinott-g,"Hoddinott, Graeme",,Australia,1,983
ALL,All domains,a-j,"A, Janhavi",National University of Singapore,Singapore,1,984
ALL,All domains,gan-g,"Gan, Gregory",National University of Singapore,Singapore,1,985
ALL,All domains,chanana-g,"Chanana, Gaurav",,India,1,986
ALL,All domains,arya-d,"Arya, Devavrat",,India,1,987
ALL,All domains,arora-r,"Arora, Ramandeep Singh",,India,1,988
ALL,All domains,pruthi-m,"Pruthi, Megha",,India,1,989
ALL,All domains,kaur-h,"Kaur, Harpreet",,Singapore,1,990
ALL,All domains,kumari-k,"Kumari, Kamlesh",,India,1,991
ALL,All domains,chaturvedi-h,"Chaturvedi, Harit",,India,1,992
ALL,All domains,rabow-m,"Rabow, Michael",,United States,1,993
ALL,All domains,velu-u,"Velu, Umesh",,India,1,994
ALL,All domains,sunilkumar-m,"Sunilkumar, M M",World Health Organization,India,1,995
ALL,All domains,ooi-j,"Ooi, Justin S G",Duke-NUS Medical School,Singapore,1,996
ALL,All domains,roslan-s,"Roslan, Siti Namirah Binte",National University of Singapore,Singapore,1,997
ALL,All domains,osman-n,"Osman, Nurul Elyana",National University of Singapore,Singapore,1,998
ALL,All domains,subissi-l,"Subissi, Lorenzo",World Health Organization,Switzerland,1,999
ALL,All domains,otieno-j,"Otieno, James R",World Health Organization,Switzerland,1,1000
ALL,All domains,ruis-c,"Ruis, Christopher",University of Cambridge,United Kingdom,1,1001
ALL,All domains,agrawal-a,"Agrawal, Anurag",,India,1,1002
ALL,All domains,aburaddad-l,"Abu-Raddad, Laith Jamal",,Qatar,1,1003
ALL,All domains,azhar-e,"Azhar, Esam I",,Saudi Arabia,1,1004
ALL,All domains,beer-m,"Beer, Martin",,Germany,1,1005
ALL,All domains,bezerra-h,"Bezerra, Haroldo",World Health Organization,United States,1,1006
ALL,All domains,caly-l,"Caly, Leon",,Australia,1,1007
ALL,All domains,chand-m,"Chand, Meera",UK Health Security Agency,United Kingdom,1,1008
ALL,All domains,companioni-a,"Companioni, Ariamys",,Cuba,1,1009
ALL,All domains,deoliveira-t,"de Oliveira, Tulio",,South Africa,1,1010
ALL,All domains,dietrich-i,"Dietrich, Isabelle",,United Kingdom,1,1011
ALL,All domains,drosten-c,"Drosten, Christian",,Germany,1,1012
ALL,All domains,duran-p,"Duran, Pablo",World Health Organization,United States,1,1013
ALL,All domains,faria-n,"Faria, Nuno R",Imperial College London,Brazil,1,1014
ALL,All domains,fowotade-a,"Fowotade, Adeola",,Nigeria,1,1015
ALL,All domains,gresh-l,"Gresh, Lionel",World Health Organization,United States,1,1016
ALL,All domains,huang-b,"Huang, Baoying",,China,1,1017
ALL,All domains,kindrachuk-j,"Kindrachuk, Jason",,Canada,1,1018
ALL,All domains,korber-b,"Korber, Bette",,United States,1,1019
ALL,All domains,leo-y,"Leo, Yee-Sin",Nanyang Technological University,Singapore,1,1020
ALL,All domains,mbalakingebeni-p,"Mbala-Kingebeni, Placide",,Democratic Republic of the Congo,1,1021
ALL,All domains,mcmenamin-m,"McMenamin, Martina",World Health Organization,Switzerland,1,1022
ALL,All domains,melhem-n,"Melhem, Nada M",,Lebanon,1,1023
ALL,All domains,munster-v,"Munster, Vincent J",National Institutes of Health,United States,1,1024
ALL,All domains,nunes-b,"Nunes, Bruno T D",,Brazil,1,1025
ALL,All domains,oudemunnink-b,"Oude Munnink, Bas B",,Netherlands,1,1026
ALL,All domains,naveca-f,"Naveca, Felipe G",,Brazil,1,1027
ALL,All domains,peiris-m,"Peiris, Malik",University of Hong Kong,China,1,1028
ALL,All domains,palacios-g,"Palacios, Gustavo",,United States,1,1029
ALL,All domains,resende-p,"Resende, Paola",,Brazil,1,1030
ALL,All domains,rodriguez-a,"Rodriguez, Angel",World Health Organization,United States,1,1031
ALL,All domains,saha-s,"Saha, Senjuti",,Bangladesh,1,1032
ALL,All domains,suzuki-t,"Suzuki, Tadaki",,Japan,1,1033
ALL,All domains,vicari-a,"Vicari, Andrea",World Health Organization,United States,1,1034
ALL,All domains,vongottberg-a,"von Gottberg, Anne",,South Africa,1,1035
ALL,All domains,yadav-p,"Yadav, Pragya",,India,1,1036
ALL,All domains,vankerkhove-m,"Van Kerkhove, Maria D",World Health Organization,Switzerland,1,1037
ALL,All domains,hertz-j,"Hertz, Julian T",,,1,1038
ALL,All domains,rahim-f,"Rahim, Faraan",Harvard University,United States,1,1039
ALL,All domains,vaidyanathan-a,"Vaidyanathan, Arthi",,,1,1040
ALL,All domains,wanda-l,"Wanda, Lisa",,Tanzania,1,1041
ALL,All domains,sakita-f,"Sakita, Francis M",,Tanzania,1,1042
ALL,All domains,kweka-g,"Kweka, Godfrey L",,Tanzania,1,1043
ALL,All domains,mlangi-j,"Mlangi, Jerome J",,Tanzania,1,1044
ALL,All domains,zebedayo-r,"Zebedayo, Rennyda",,Tanzania,1,1045
ALL,All domains,gwasma-f,"Gwasma, Francis",,Tanzania,1,1046
ALL,All domains,prakash-t,"Prakash, Tarun",,,1,1047
ALL,All domains,jafar-t,"Jafar, Tazeen H",Duke-NUS Medical School,Singapore,1,1048
ALL,All domains,bosworth-h,"Bosworth, Hayden B",,,1,1049
ALL,All domains,thielman-n,"Thielman, Nathan M",,,1,1050
ALL,All domains,manavalan-p,"Manavalan, Preeti",,,1,1051
ALL,All domains,le-d,"Le, Dao Thi Hong","Agency for Science, Technology and Research",Singapore,1,1052
ALL,All domains,zhao-g,"Zhao, Gui","Agency for Science, Technology and Research",Singapore,1,1053
ALL,All domains,seow-b,"Seow, Brandon Yi Loong","Agency for Science, Technology and Research",Singapore,1,1054
ALL,All domains,zhao-x,"Zhao, Xinxin","Agency for Science, Technology and Research",Singapore,1,1055
ALL,All domains,balakrishnan-n,"Balakrishnan, Nithiyaa","Agency for Science, Technology and Research",Singapore,1,1056
ALL,All domains,bae-k,"Bae, Ki Hyun","Agency for Science, Technology and Research",Singapore,1,1057
ALL,All domains,hui-j,"Hui, James H P",National University of Singapore,Singapore,1,1058
ALL,All domains,houdkova-m,"Houdkova, Marketa",,Czechia,1,1059
ALL,All domains,chaure-a,"Chaure, Aishwarya",,Czechia,1,1060
ALL,All domains,rezek-j,"Rezek, Jan",,Czechia,1,1061
ALL,All domains,leongskornickova-j,"Leong-Skornickova, Jana",,Singapore,1,1062
ALL,All domains,bucar-f,"Bucar, Franz",,Austria,1,1063
ALL,All domains,tulin-e,"Tulin, Edgardo E",,Philippines,1,1064
ALL,All domains,soudek-p,"Soudek, Petr",,Czechia,1,1065
ALL,All domains,kokoska-l,"Kokoska, Ladislav",,Czechia,1,1066
ALL,All domains,fujita-s,"Fujita, Shigeru",,Japan,1,1067
ALL,All domains,kajihara-m,"Kajihara, Masahiro",,Japan,1,1068
ALL,All domains,changula-k,"Changula, Katendi",,Zambia,1,1069
ALL,All domains,hangombe-b,"Hang'ombe, Bernard Mudenda",,Zambia,1,1070
ALL,All domains,kawakubo-s,"Kawakubo, Shusuke",,Japan,1,1071
ALL,All domains,lytras-s,"Lytras, Spyros",,Japan,1,1072
ALL,All domains,ito-j,"Ito, Jumpei",,Japan,1,1073
ALL,All domains,kanai-a,"Kanai, Akinori",,Japan,1,1074
ALL,All domains,suzuki-y,"Suzuki, Yutaka",,Japan,1,1075
ALL,All domains,takada-a,"Takada, Ayato",,Japan,1,1076
ALL,All domains,spruijtenburg-b,"Spruijtenburg, Bram",,Netherlands,1,1077
ALL,All domains,marek-a,"Marek, Aleksandra",,United Kingdom,1,1078
ALL,All domains,meis-j,"Meis, Jacques F",,Germany,1,1079
ALL,All domains,chowdhary-a,"Chowdhary, Anuradha",,India,1,1080
ALL,All domains,verweij-p,"Verweij, Paul E",,Netherlands,1,1081
ALL,All domains,voss-a,"Voss, Andreas",,Netherlands,1,1082
ALL,All domains,bagrade-l,"Bagrade, Linda",,United Kingdom,1,1083
ALL,All domains,kiernan-m,"Kiernan, Martin",,Australia,1,1084
ALL,All domains,severin-j,"Severin, Juliëtte A",,Netherlands,1,1085
ALL,All domains,bal-a,"Bal, Abhijit M",,United Kingdom,1,1086
ALL,All domains,meijer-e,"Meijer, Eelco F J",,Netherlands,1,1087
ALL,All domains,bolding-a,"Bolding, Ashley",,United States,1,1088
ALL,All domains,argimon-s,"Argimón, Silvia",World Health Organization,Germany,1,1089
ALL,All domains,whistler-t,"Whistler, Toni",,United States,1,1090
ALL,All domains,kele-b,"Kele, Beatrix",,United Kingdom,1,1091
ALL,All domains,marklewitz-m,"Marklewitz, Marco",,Switzerland,1,1092
ALL,All domains,jaguparov-a,"Jaguparov, Alexandr",World Health Organization,Denmark,1,1093
ALL,All domains,musul-b,"Musul, Biran",World Health Organization,Türkiye,1,1094
ALL,All domains,suresh-a,"Suresh, Anita",,Singapore,1,1095
ALL,All domains,uplekar-s,"Uplekar, Swapna",,Switzerland,1,1096
ALL,All domains,legarrec-j,"Le Garrec, Joanna Salvi",World Health Organization,Denmark,1,1097
ALL,All domains,campos-j,"Campos, Josefina",World Health Organization,Germany,1,1098
ALL,All domains,akande-o,"Akande, Oluwatosin Wuraola",World Health Organization,Switzerland,1,1099
ALL,All domains,youn-s,"Youn, Sang Woong",,Republic of Korea,1,1100
ALL,All domains,saeki-h,"Saeki, Hidehisa",,Japan,1,1101
ALL,All domains,tong-w,"Tong, W Y",Duke-NUS Medical School,Singapore,1,1102
ALL,All domains,ngeow-a,"Ngeow, A",Duke-NUS Medical School,Singapore,1,1103
ALL,All domains,lim-a,"Lim, A",Duke-NUS Medical School,Singapore,1,1104
ALL,All domains,sultana-r,"Sultana, R",Duke-NUS Medical School,Singapore,1,1105
ALL,All domains,yeo-k,"Yeo, K T",Duke-NUS Medical School,Singapore,1,1106
ALL,All domains,saraswati-k,"Saraswati, Kartika",Mahidol University,Singapore,1,1107
ALL,All domains,perrone-c,"Perrone, Carlo",Mahidol University,Thailand,1,1108
ALL,All domains,batty-e,"Batty, Elizabeth M",Mahidol University,Thailand,1,1109
ALL,All domains,wongsantichon-j,"Wongsantichon, Jantana",Mahidol University,Thailand,1,1110
ALL,All domains,sonthayanon-p,"Sonthayanon, Piengchan",Mahidol University,Thailand,1,1111
ALL,All domains,wangrangsimakul-t,"Wangrangsimakul, Tri",University of Oxford,United Kingdom,1,1112
ALL,All domains,elliott-i,"Elliott, Ivo",University of Oxford,United Kingdom,1,1113
ALL,All domains,ling-s,"Ling, Stacy Ng Wei",KK Women's and Children's Hospital,Singapore,1,1114
ALL,All domains,kuan-n,"Kuan, Nicole Lee Kim",KK Women's and Children's Hospital,Singapore,1,1115
ALL,All domains,abraham-m,"Abraham, Mini",KK Women's and Children's Hospital,Singapore,1,1116
ALL,All domains,jack-p,"Jack, Pan Woei",KK Women's and Children's Hospital,Singapore,1,1117
ALL,All domains,leong-k,"Leong, Kevin Lim Boon",KK Women's and Children's Hospital,Singapore,1,1118
ALL,All domains,pu-w,"Pu, Wenyuan",,China,1,1119
ALL,All domains,tian-m,"Tian, Man",,China,1,1120
ALL,All domains,he-z,"He, Zhiyi",,China,1,1121
ALL,All domains,song-s,"Song, Shiyu",,China,1,1122
ALL,All domains,li-l,"Li, Li",,China,1,1123
ALL,All domains,lian-p,"Lian, Panpan",,China,1,1124
ALL,All domains,lu-r,"Lu, Renwei",,China,1,1125
ALL,All domains,wang-r,"Wang, Ranran",,China,1,1126
ALL,All domains,lin-k,"Lin, Kai",,China,1,1127
ALL,All domains,gu-c,"Gu, Chaode",,China,1,1128
ALL,All domains,wazir-j,"Wazir, Junaid",,China,1,1129
ALL,All domains,petretto-e,"Petretto, Enrico",Duke-NUS Medical School,Singapore,1,1130
ALL,All domains,cao-w,"Cao, Wangsen",,China,1,1131
ALL,All domains,fan-r,"Fan, Rongrong",,Sweden,1,1132
ALL,All domains,treuter-e,"Treuter, Eckardt",,Sweden,1,1133
ALL,All domains,liu-n,"Liu, Nannan",,China,1,1134
ALL,All domains,yang-a,"Yang, Airong",,China,1,1135
ALL,All domains,huang-z,"Huang, Zhiqiang",,China,1,1136
ALL,All domains,shincy-m,"Shincy, Mettingal Ramakrishnan",,India,1,1137
ALL,All domains,teoh-l,"Teoh, Lay Sin",,Singapore,1,1138
ALL,All domains,ravikumar-k,"Ravikumar, Kadahalli Lingegowda",,India,1,1139
ALL,All domains,mak-m,"Mak, Matthew",,Singapore,1,1140
ALL,All domains,du-y,"Du, Yang",,Singapore,1,1141
ALL,All domains,alam-m,"Alam, Mohammad Shafiul",,Bangladesh,1,1142
ALL,All domains,xu-n,"Xu, Na",,Singapore,1,1143
ALL,All domains,milligan-p,"Milligan, Paul",London School of Hygiene & Tropical Medicine,United Kingdom,1,1144
ALL,All domains,anantaya-k,"Anantaya, Kylin Treruangrachada",National University of Singapore,Singapore,1,1145
ALL,All domains,tan-w,"Tan, Wei Cong",National University Hospital,Singapore,1,1146
ALL,All domains,perez-r,"Perez, Rebecca Lynn",National University of Singapore,Singapore,1,1147
ALL,All domains,liu-l,"Liu, Lin",National University of Singapore,Singapore,1,1148
ALL,All domains,gounot-j,"Gounot, Jean-Sebastien",Genome Institute of Singapore,Singapore,1,1149
ALL,All domains,kwah-j,"Kwah, Junmei Samantha",Genome Institute of Singapore,Singapore,1,1150
ALL,All domains,nagarajan-n,"Nagarajan, Niranjan",Genome Institute of Singapore,Singapore,1,1151
ALL,All domains,sng-e,"Sng, Edwin Chong Yu",Changi General Hospital,Singapore,1,1152
ALL,All domains,teo-d,"Teo, Darren Cheng Han",Duke-NUS Medical School,Singapore,1,1153
ALL,All domains,chan-l,"Chan, Ling Ling",Duke-NUS Medical School,Singapore,1,1154
ALL,All domains,wen-y,"Wen, Yuting",National University of Singapore,Singapore,1,1155
ALL,All domains,sun-k,"Sun, Ke",,China,1,1156
ALL,All domains,liu-h,"Liu, Huan",,China,1,1157
ALL,All domains,chen-d,"Chen, Dongfang",,China,1,1158
ALL,All domains,chu-c,"Chu, Chenglin",,China,1,1159
ALL,All domains,bai-j,"Bai, Jing",,China,1,1160
ALL,All domains,kotal-h,"Kotal, Hiranmoy",,India,1,1161
ALL,All domains,kalyani-t,"Kalyani, Thangapandi",,India,1,1162
ALL,All domains,krishnan-v,"Krishnan, Vinoth",Nanyang Technological University,India,1,1163
ALL,All domains,kanagaraj-r,"Kanagaraj, Ramya",,India,1,1164
ALL,All domains,veerapandian-m,"Veerapandian, Murugan",,India,1,1165
ALL,All domains,jana-s,"Jana, Saikat Kumar",,India,1,1166
ALL,All domains,loh-m,"Loh, Martin Wei-Pin",Nanyang Technological University,Singapore,1,1167
ALL,All domains,kon-m,"Kon, Mattias Wei Ren",National University of Singapore,Singapore,1,1168
ALL,All domains,krishna-a,"Krishna, Akshaya",Nanyang Technological University,Singapore,1,1169
ALL,All domains,chan-f,"Chan, Frederick Hui Fei",University of Hong Kong,China,1,1170
ALL,All domains,griva-k,"Griva, Konstadina",Nanyang Technological University,Singapore,1,1171
ALL,All domains,yap-g,"Yap, Gaik Chin",National University of Singapore,Singapore,1,1172
ALL,All domains,loo-e,"Loo, Evelyn Xiu Ling","Agency for Science, Technology and Research",Singapore,1,1173
ALL,All domains,goh-a,"Goh, Anne",KK Women's and Children's Hospital,Singapore,1,1174
ALL,All domains,cheng-z,"Cheng, Zai Ru",KK Women's and Children's Hospital,Singapore,1,1175
ALL,All domains,vanbever-h,"Van Bever, Hugo P S","Agency for Science, Technology and Research",Singapore,1,1176
ALL,All domains,teoh-o,"Teoh, Oon Hoe",KK Women's and Children's Hospital,Singapore,1,1177
ALL,All domains,yap-f,"Yap, Fabian",KK Women's and Children's Hospital,Singapore,1,1178
ALL,All domains,chong-y,"Chong, Yap-Seng","Agency for Science, Technology and Research",Singapore,1,1179
ALL,All domains,eriksson-j,"Eriksson, Johan Gunnar","Agency for Science, Technology and Research",Finland,1,1180
ALL,All domains,godfrey-k,"Godfrey, Keith M",,United Kingdom,1,1181
ALL,All domains,lay-c,"Lay, Christophe",National University of Singapore,Singapore,1,1182
ALL,All domains,knol-j,"Knol, Jan",,Ireland,1,1183
ALL,All domains,schuster-s,"Schuster, Stephan C",Nanyang Technological University,Singapore,1,1184
ALL,All domains,chan-e,"Chan, Eric Chun Yong",National University of Singapore,Singapore,1,1185
ALL,All domains,ta-l,"Ta, Le Duc Huy",National University of Singapore,Singapore,1,1186
ALL,All domains,sui-x,"Sui, Xiangyu",A*STAR Infectious Diseases Labs,Singapore,1,1187
ALL,All domains,han-d,"Han, Darryl Jy",A*STAR Infectious Diseases Labs,Singapore,1,1188
ALL,All domains,costa-d,"Costa, David M",A*STAR Infectious Diseases Labs,Singapore,1,1189
ALL,All domains,jacob-v,"Jacob, Vinitha A",,United States,1,1190
ALL,All domains,lowery-s,"Lowery, Shea",,United States,1,1191
ALL,All domains,thurman-a,"Thurman, Andrew",,United States,1,1192
ALL,All domains,sariol-a,"Sariol, Alan",,United States,1,1193
ALL,All domains,fain-c,"Fain, Cori",,United States,1,1194
ALL,All domains,harty-j,"Harty, John",,United States,1,1195
ALL,All domains,meyerholz-d,"Meyerholz, David K",,United States,1,1196
ALL,All domains,perlman-s,"Perlman, Stanley",,United States,1,1197
ALL,All domains,farjo-m,"Farjo, Mireille",,United States,1,1198
ALL,All domains,zhenghaoaw-d,"Zheng Hao Aw, Daryl","Agency for Science, Technology and Research",Singapore,1,1199
ALL,All domains,lorenzini-p,"Lorenzini, Paolo Alberto","Agency for Science, Technology and Research",Singapore,1,1200
ALL,All domains,linzhenchan-r,"Lin-Zhen Chan, Rebekah","Agency for Science, Technology and Research",Singapore,1,1201
ALL,All domains,brooke-c,"Brooke, Christopher B",,United States,1,1202
ALL,All domains,hsiao-c,"Hsiao, Ching-Hsi",,Taiwan,1,1203
ALL,All domains,kang-e,"Kang, Eugene Yu-Chuan",,Taiwan,1,1204
ALL,All domains,yeh-l,"Yeh, Lung-Kun",,Taiwan,1,1205
ALL,All domains,hung-k,"Hung, Kuo-Hsuan",,Taiwan,1,1206
ALL,All domains,cooray-u,"Cooray, Upul",,Australia,1,1207
ALL,All domains,singh-a,"Singh, Ankur",,Australia,1,1208
ALL,All domains,peres-m,"Peres, Marco A",Duke-NUS Medical School,Singapore,1,1209
ALL,All domains,teong-s,"Teong, Siew Ping","Agency for Science, Technology and Research",Singapore,1,1210
ALL,All domains,vu-t,"Vu, Trung Thang",Nanyang Technological University,Singapore,1,1211
ALL,All domains,aleem-a,"Aleem, Afrah",Nanyang Technological University,Singapore,1,1212
ALL,All domains,hadinoto-k,"Hadinoto, Kunn",Nanyang Technological University,Singapore,1,1213
ALL,All domains,hasmukharay-k,"Hasmukharay, Kejal",University of Malaya,Malaysia,1,1214
ALL,All domains,minghui-h,"Ming Hui, Ho",University of Malaya,Malaysia,1,1215
ALL,All domains,mahyudin-n,"Mahyudin, Nazlin A",University of Malaya,Malaysia,1,1216
ALL,All domains,salleh-a,"Salleh, Anisa",University of Malaya,Malaysia,1,1217
ALL,All domains,kukreja-a,"Kukreja, Anjanna",University of Malaya,Malaysia,1,1218
ALL,All domains,mengli-c,"Meng Li, Chong",University of Malaya,Malaysia,1,1219
ALL,All domains,xinwoen-t,"Xin Woen, Tan",University of Malaya,Malaysia,1,1220
ALL,All domains,hisham-s,"Hisham, Syaza",University of Malaya,Malaysia,1,1221
ALL,All domains,lovero-k,"Lovero, Kathryn L",,United States,1,1222
ALL,All domains,raghuvamsi-p,"Raghuvamsi, Palur Venkata",Bioinformatics Institute,Singapore,1,1223
ALL,All domains,bhattacharya-p,"Bhattacharya, Prasanta","Agency for Science, Technology and Research",Singapore,1,1224
ALL,All domains,chuen-r,"Chuen, Raphael Lee Tze",Bioinformatics Institute,Singapore,1,1225
ALL,All domains,han-a,"Han, Alvin X",,Netherlands,1,1226
ALL,All domains,maurerstroh-s,"Maurer-Stroh, Sebastian",Bioinformatics Institute,Singapore,1,1227
ALL,All domains,madhukumar-l,"Madhukumar, Lekshmi",Singapore General Hospital,Singapore,1,1228
ALL,All domains,tan-m,"Tan, Melinda Si Yun",Singapore General Hospital,Singapore,1,1229
ALL,All domains,wong-h,"Wong, Hei Man",Singapore General Hospital,Singapore,1,1230
ALL,All domains,santa-m,"Santa, Maria",,Romania,1,1231
ALL,All domains,cenariu-d,"Cenariu, Diana",,Romania,1,1232
ALL,All domains,tigu-a,"Tigu, Adrian-Bogdan",,Romania,1,1233
ALL,All domains,damian-m,"Damian, Marc",,Romania,1,1234
ALL,All domains,rantshabeng-p,"Rantshabeng, Patricia",Harvard University,Botswana,1,1235
ALL,All domains,gaolathe-t,"Gaolathe, Tendani",Harvard University,Botswana,1,1236
ALL,All domains,ndlovu-a,"Ndlovu, Andrew K",Harvard University,Botswana,1,1237
ALL,All domains,abdelrahman-k,"Abdelrahman, Khalid",Harvard University,Botswana,1,1238
ALL,All domains,nistor-m,"Nistor, Madalina",,Romania,1,1239
ALL,All domains,kegyes-d,"Kegyes, David",,Romania,1,1240
ALL,All domains,gulei-d,"Gulei, Diana",,Romania,1,1241
ALL,All domains,jinca-c,"Jinca, Cristian",,Romania,1,1242
ALL,All domains,bancos-a,"Bancos, Anamaria",,Romania,1,1243
ALL,All domains,rus-i,"Rus, Ioana",,Romania,1,1244
ALL,All domains,bumbea-h,"Bumbea, Horia",,Romania,1,1245
ALL,All domains,tomacinschii-v,"Tomacinschii, Victor",,,1,1246
ALL,All domains,buruiana-s,"Buruiana, Sanda",,,1,1247
ALL,All domains,bilal-r,"Bilal, Rand",,Spain,1,1248
ALL,All domains,selicean-c,"Selicean, Cristina",,Romania,1,1249
ALL,All domains,zdrenghea-m,"Zdrenghea, Mihnea",,Romania,1,1250
ALL,All domains,fetica-b,"Fetica, Bogdan",,Romania,1,1251
ALL,All domains,stefan-c,"Stefan, Cristina",SingHealth,Rwanda,1,1252
ALL,All domains,fromm-j,"Fromm, Jonathan",,United States,1,1253
ALL,All domains,tomuleasa-c,"Tomuleasa, Ciprian",,Romania,1,1254
ALL,All domains,mir-t,"Mir, Tanveer Ahmad",,India,1,1255
ALL,All domains,shareef-t,"Shareef, Talib",,India,1,1256
ALL,All domains,lone-s,"Lone, Showkat Ahmad",,India,1,1257
ALL,All domains,mir-s,"Mir, Sajad Ahmad",Nanyang Technological University,Singapore,1,1258
ALL,All domains,ahmad-j,"Ahmad, Junaid",,India,1,1259
ALL,All domains,ganai-b,"Ganai, Bashir Ahmad",,India,1,1260
ALL,All domains,rethi-l,"Rethi, Lekha",,Taiwan,1,1261
ALL,All domains,chuang-e,"Chuang, Er-Yuan",,Taiwan,1,1262
ALL,All domains,yeh-y,"Yeh, Yi-Yen",,Taiwan,1,1263
ALL,All domains,tsai-y,"Tsai, Yin-Tai",,Taiwan,1,1264
ALL,All domains,janha-o,"Janha, Omar",,United Kingdom,1,1265
ALL,All domains,olaniyan-n,"Olaniyan, Niniola",,United Kingdom,1,1266
ALL,All domains,diam-g,"Diam, Go Ka",Nanyang Technological University,Singapore,1,1267
ALL,All domains,sharma-s,"Sharma, Saumya",,United Kingdom,1,1268
ALL,All domains,beraldi-d,"Beraldi, Dario",,United Kingdom,1,1269
ALL,All domains,jamieson-a,"Jamieson, Andrew G",,United Kingdom,1,1270
ALL,All domains,bozdech-z,"Bozdech, Zbynek",Nanyang Technological University,Singapore,1,1271
ALL,All domains,tobin-a,"Tobin, Andrew B",,United Kingdom,1,1272
ALL,All domains,modrzynska-k,"Modrzynska, Katarzyna",,United Kingdom,1,1273
ALL,All domains,tng-d,"Tng, Danny J H",Duke-NUS Medical School,Singapore,1,1274
ALL,All domains,leong-y,"Leong, Yan Shan",Duke-NUS Medical School,Singapore,1,1275
ALL,All domains,hamis-n,"Hamis, Noor Zayanah",Duke-NUS Medical School,Singapore,1,1276
ALL,All domains,joon-h,"Joon, Han Yi",Duke-NUS Medical School,Singapore,1,1277
ALL,All domains,eyre-m,"Eyre, Michael",,United Kingdom,1,1278
ALL,All domains,han-v,"Han, Velda X",National University Health System,Singapore,1,1279
ALL,All domains,thomas-t,"Thomas, Terrence",KK Women's and Children's Hospital,Singapore,1,1280
ALL,All domains,sakuma-h,"Sakuma, Hiroshi",,Japan,1,1281
ALL,All domains,mohammad-s,"Mohammad, Shekeeb S",,Australia,1,1282
ALL,All domains,jones-h,"Jones, Hannah F",,New Zealand,1,1283
ALL,All domains,mori-t,"Mori, Takayuki",,Japan,1,1284
ALL,All domains,kawano-g,"Kawano, Go",,Japan,1,1285
ALL,All domains,malone-s,"Malone, Stephen",,Australia,1,1286
ALL,All domains,debinski-c,"Debinski, Carly",,Australia,1,1287
ALL,All domains,nishida-h,"Nishida, Hiroya",,Japan,1,1288
ALL,All domains,nosadini-m,"Nosadini, Margherita",,Italy,1,1289
ALL,All domains,lim-m,"Lim, Ming",,China,1,1290
ALL,All domains,dale-r,"Dale, Russell C",,Australia,1,1291
ALL,All domains,konan-b,"Konan, Bérenger",,Côte d'Ivoire,1,1292
ALL,All domains,segla-r,"Segla, Rose",,Côte d'Ivoire,1,1293
ALL,All domains,demendoza-c,"de Mendoza, Carmen",,Spain,1,1294
ALL,All domains,kouadio-c,"Kouadio, Christ Hermann",,Côte d'Ivoire,1,1295
ALL,All domains,soriano-v,"Soriano, Vicente",,Spain,1,1296
ALL,All domains,schermerhorn-j,"Schermerhorn, Janse T",,,1,1297
ALL,All domains,mcglone-p,"McGlone, Patrick J",,,1,1298
ALL,All domains,torrie-a,"Torrie, Arissa M",,,1,1299
ALL,All domains,carlini-a,"Carlini, Anthony R",Johns Hopkins University,United States,1,1300
ALL,All domains,abar-b,"Abar, Bijan",,,1,1301
ALL,All domains,hendren-s,"Hendren, Stephanie",,,1,1302
ALL,All domains,wesorick-b,"Wesorick, Benjamin R",,,1,1303
ALL,All domains,helbling-a,"Helbling, Alex V",,,1,1304
ALL,All domains,mann-t,"Mann, Tara K",,,1,1305
ALL,All domains,kelly-c,"Kelly, Cambre",,,1,1306
ALL,All domains,otoole-r,"O'Toole, Robert V",,,1,1307
ALL,All domains,metussin-d,"Metussin, Dhiya",Communicable Diseases Agency,Singapore,1,1308
ALL,All domains,tavitianexley-i,"Tavitian-Exley, Isabel",Communicable Diseases Agency,Singapore,1,1309
ALL,All domains,myatoo-a,"Myat Oo, Aung",Singapore General Hospital,Singapore,1,1310
ALL,All domains,binsazali-i,"Bin Sazali, Ismail",Singapore General Hospital,Singapore,1,1311
ALL,All domains,hussin-i,"Hussin, Ilyas",KK Women's and Children's Hospital,Singapore,1,1312
ALL,All domains,chiong-t,"Chiong, Terri Xiao-Bei",KK Women's and Children's Hospital,Singapore,1,1313
ALL,All domains,sripol-p,"Sripol, Pongsatorn",,Thailand,1,1314
ALL,All domains,suchartlikitwong-p,"Suchartlikitwong, Pintip",,Thailand,1,1315
ALL,All domains,punakabutra-n,"Punakabutra, Napawan",,Thailand,1,1316
ALL,All domains,sophonphan-j,"Sophonphan, Jiratchaya",,Thailand,1,1317
ALL,All domains,makangli-n,"Ma Kang Li, Nina",,Singapore,1,1318
ALL,All domains,anugulruengkitt-s,"Anugulruengkitt, Suvaporn",,Thailand,1,1319
ALL,All domains,chuaeeyong-p,"Chua Ee-Yong, Pearleen",National University Health System,Singapore,1,1320
ALL,All domains,mukherjee-s,"Mukherjee, Shilpa",National University Health System,Singapore,1,1321
ALL,All domains,ann-k,"Ann, Kua Jo",National University Health System,Singapore,1,1322
ALL,All domains,thomas-b,"Thomas, Biju",KK Women's and Children's Hospital,Singapore,1,1323
ALL,All domains,sim-c,"Sim, Ching Yee",KK Women's and Children's Hospital,Singapore,1,1324
ALL,All domains,goh-b,"Goh, Bee Keow",KK Women's and Children's Hospital,Singapore,1,1325
ALL,All domains,khoo-z,"Khoo, Zi Xean",KK Women's and Children's Hospital,Singapore,1,1326
ALL,All domains,sia-a,"Sia, Alex T",KK Women's and Children's Hospital,Singapore,1,1327
ALL,All domains,lim-k,"Lim, Kok Ann Amos",KK Women's and Children's Hospital,Singapore,1,1328
ALL,All domains,ganapathy-s,"Ganapathy, Sashikumar",KK Women's and Children's Hospital,Singapore,1,1329
ALL,All domains,rahman-m,"Rahman, Md Mahfuzur",,Bangladesh,1,1330
ALL,All domains,hossain-f,"Hossain, Farzana",,Bangladesh,1,1331
ALL,All domains,kulkarni-s,"Kulkarni, Suchitra",,United States,1,1332
ALL,All domains,kamrul-k,"Kamrul, Kamruzzaman",,Bangladesh,1,1333
ALL,All domains,creswell-j,"Creswell, Jacob",,Switzerland,1,1334
ALL,All domains,ackland-j,"Ackland, Jodie",,United Kingdom,1,1335
ALL,All domains,barozi-v,"Barozi, Victor",,United Kingdom,1,1336
ALL,All domains,penricerandal-r,"Penrice-Randal, Rebekah",,United Kingdom,1,1337
ALL,All domains,hartley-c,"Hartley, Catherine",,United Kingdom,1,1338
ALL,All domains,hiscox-j,"Hiscox, Julian A","Agency for Science, Technology and Research",Singapore,1,1339
ALL,All domains,griffiths-g,"Griffiths, Gareth",,United Kingdom,1,1340
ALL,All domains,page-c,"Page, Clive",,United Kingdom,1,1341
ALL,All domains,singh-d,"Singh, Dave",,United Kingdom,1,1342
ALL,All domains,niranjan-m,"Niranjan, Mahesan",,United Kingdom,1,1343
ALL,All domains,baralle-d,"Baralle, Diana",,United Kingdom,1,1344
ALL,All domains,vallejopulido-a,"Vallejo Pulido, Andres",,United Kingdom,1,1345
ALL,All domains,wilkinson-t,"Wilkinson, Tom",,United Kingdom,1,1346
ALL,All domains,guo-h,"Guo, Huiling",Tan Tock Seng Hospital,Singapore,1,1347
ALL,All domains,oh-c,"Oh, Choon Chiat",Duke-NUS Medical School,Singapore,1,1348
ALL,All domains,cheo-f,"Cheo, Fan Foon",Duke-NUS Medical School,Singapore,1,1349
ALL,All domains,tang-p,"Tang, Po Yin",Duke-NUS Medical School,Singapore,1,1350
ALL,All domains,iyer-n,"Iyer, N Gopalakrishna",Duke-NUS Medical School,Singapore,1,1351
ALL,All domains,lim-g,"Lim, Gek Hsiang",Duke-NUS Medical School,Singapore,1,1352
ALL,All domains,hadley-l,"Hadley, Liza",University of Cambridge,United Kingdom,1,1353
ALL,All domains,benmiled-s,"Ben Miled, Slimane",,Tunisia,1,1354
ALL,All domains,djaafara-b,"Djaafara, Bimandra A",National University of Singapore,Indonesia,1,1355
ALL,All domains,dyson-l,"Dyson, Louise",,United Kingdom,1,1356
ALL,All domains,funk-s,"Funk, Sebastian",London School of Hygiene & Tropical Medicine,United Kingdom,1,1357
ALL,All domains,gog-j,"Gog, Julia R",University of Cambridge,United Kingdom,1,1358
ALL,All domains,heesterbeek-h,"Heesterbeek, Hans",,Netherlands,1,1359
ALL,All domains,hill-e,"Hill, Edward M",,United Kingdom,1,1360
ALL,All domains,howerton-e,"Howerton, Emily",,United States,1,1361
ALL,All domains,isham-v,"Isham, Valerie",,United Kingdom,1,1362
ALL,All domains,kebir-a,"Kebir, Amira",,Tunisia,1,1363
ALL,All domains,keeling-m,"Keeling, Matt",,United Kingdom,1,1364
ALL,All domains,kissler-s,"Kissler, Stephen M",,United States,1,1365
ALL,All domains,lessler-j,"Lessler, Justin",Johns Hopkins University,United States,1,1366
ALL,All domains,mcbryde-e,"McBryde, Emma",,Australia,1,1367
ALL,All domains,mccaw-j,"McCaw, James M",University of Melbourne,Australia,1,1368
ALL,All domains,mercado-c,"Mercado, Chris Erwin G",National University of Singapore,Singapore,1,1369
ALL,All domains,mollison-d,"Mollison, Denis",,United Kingdom,1,1370
ALL,All domains,thumbi-s,"Thumbi, S M",,Kenya,1,1371
ALL,All domains,panngum-w,"Pan-Ngum, Wirichada",Mahidol University,Thailand,1,1372
ALL,All domains,pellis-l,"Pellis, Lorenzo",,United Kingdom,1,1373
ALL,All domains,perezreche-f,"Pérez-Reche, Francisco J",,United Kingdom,1,1374
ALL,All domains,plank-m,"Plank, Michael J",,New Zealand,1,1375
ALL,All domains,thompson-r,"Thompson, Robin N",University of Oxford,United Kingdom,1,1376
ALL,All domains,trankiem-c,"Tran-Kiem, Cécile",,United States,1,1377
ALL,All domains,jirapanakorn-s,"Jirapanakorn, Sutham",,Thailand,1,1378
ALL,All domains,hunsin-b,"Hunsin, Bannaporn",,Thailand,1,1379
ALL,All domains,thiparod-t,"Thiparod, Thitiya",,Thailand,1,1380
ALL,All domains,chong-h,"Chong, Hai Tarng",National University of Singapore,Singapore,1,1381
ALL,All domains,davis-c,"Davis, Christeen",,India,1,1382
ALL,All domains,lakshmi-v,"Lakshmi, V S",,India,1,1383
ALL,All domains,meloth-s,"Meloth, Sreenath",,India,1,1384
ALL,All domains,naidu-r,"Naidu, Renugah",,Singapore,1,1385
ALL,All domains,chu-t,"Chu, Trang T T",,Singapore,1,1386
ALL,All domains,sreejith-r,"Sreejith, Rema",,India,1,1387
ALL,All domains,vijayan-k,"Vijayan, Kamalakannan",,,1,1388
ALL,All domains,kumar-m,"Kumar, Manish",,,1,1389
ALL,All domains,shanmugam-d,"Shanmugam, Dhanasekaran",,India,1,1390
ALL,All domains,chandramohanadas-r,"Chandramohanadas, Rajesh",,India,1,1391
ALL,All domains,shrader-c,"Shrader, Cho-Hee",,United States,1,1392
ALL,All domains,park-s,"Park, Su Hyun",National University of Singapore,Singapore,1,1393
ALL,All domains,merriman-j,"Merriman, Jenesis",,United States,1,1394
ALL,All domains,dupontreyes-m,"DuPont-Reyes, Melissa",,United States,1,1395
ALL,All domains,makarem-n,"Makarem, Nour",,United States,1,1396
ALL,All domains,duncan-d,"Duncan, Dustin T",,United States,1,1397
ALL,All domains,hilbig-a,"Hilbig, Antonia",,United Kingdom,1,1398
ALL,All domains,crestani-c,"Crestani, Chiara",,France,1,1399
ALL,All domains,barkham-t,"Barkham, Timothy",Tan Tock Seng Hospital,Singapore,1,1400
ALL,All domains,coboangel-c,"Cobo-Angel, Claudia",,Denmark,1,1401
ALL,All domains,ceballosmarquez-a,"Ceballos-Marquez, Alejandro",,Denmark,1,1402
ALL,All domains,sirimanapong-w,"Sirimanapong, Wanna",Mahidol University,Thailand,1,1403
ALL,All domains,aminnordin-s,"Amin-Nordin, Syafinaz",,Malaysia,1,1404
ALL,All domains,phuoc-n,"Phuoc, Nguyen Ngoc",,Viet Nam,1,1405
ALL,All domains,pinto-t,"Pinto, Tatiana Castro Abreu",,Brazil,1,1406
ALL,All domains,oliveira-l,"Oliveira, Laura",,Brazil,1,1407
ALL,All domains,garbarino-c,"Garbarino, Chiara Anna",,Italy,1,1408
ALL,All domains,ricchi-m,"Ricchi, Matteo",,Italy,1,1409
ALL,All domains,lembo-t,"Lembo, Tiziana",,United Kingdom,1,1410
ALL,All domains,lycett-s,"Lycett, Samantha",,United Kingdom,1,1411
ALL,All domains,biek-r,"Biek, Roman",,United Kingdom,1,1412
ALL,All domains,forde-t,"Forde, Taya",,United Kingdom,1,1413
ALL,All domains,zadoks-r,"Zadoks, Ruth Nicolet",,Australia,1,1414
ALL,All domains,lim-l,"Lim, Li He Shaun",Singapore General Hospital,Singapore,1,1415
ALL,All domains,guo-s,"Guo, Shuyi",Singapore General Hospital,Singapore,1,1416
ALL,All domains,mohan-p,"Mohan, P Chandra",Singapore General Hospital,Singapore,1,1417
ALL,All domains,lee-z,"Lee, Zhuyi Rebekah",Singapore General Hospital,Singapore,1,1418
ALL,All domains,nowakowski-a,"Nowakowski, Anais",,South Africa,1,1419
ALL,All domains,elguero-e,"Elguero, Eric",,France,1,1420
ALL,All domains,patterson-k,"Patterson, Katie",London School of Hygiene & Tropical Medicine,United Kingdom,1,1421
ALL,All domains,boissiere-a,"Boissière, Anne",,France,1,1422
ALL,All domains,degrugillier-f,"Degrugillier, Fanny",,France,1,1423
ALL,All domains,sidobre-c,"Sidobre, Christine",,France,1,1424
ALL,All domains,arnathau-c,"Arnathau, Celine",,France,1,1425
ALL,All domains,grentzinger-p,"Grentzinger, Pauline",,,1,1426
ALL,All domains,willaume-e,"Willaume, Eric",,,1,1427
ALL,All domains,talman-a,"Talman, Arthur M",,France,1,1428
ALL,All domains,boundenga-l,"Boundenga, Larson",,United Kingdom,1,1429
ALL,All domains,ngoubangoye-b,"Ngoubangoye, Barthelemy",,,1,1430
ALL,All domains,prugnolle-f,"Prugnolle, Franck",,South Africa,1,1431
ALL,All domains,wassmer-s,"Wassmer, Samuel C",London School of Hygiene & Tropical Medicine,United Kingdom,1,1432
ALL,All domains,rougeron-v,"Rougeron, Virginie",,South Africa,1,1433
ALL,All domains,xi-z,"Xi, Zhiyong",,United States,1,1434
ALL,All domains,sun-w,"Sun, Weiguo",,China,1,1435
ALL,All domains,xiao-m,"Xiao, Meng",National University of Singapore,China,1,1436
ALL,All domains,jin-c,"Jin, Chanyuan",,China,1,1437
ALL,All domains,shakirullah,Shakirullah,,Pakistan,1,1438
ALL,All domains,ni-r,"Ni, Ruizi",,China,1,1439
ALL,All domains,an-y,"An, Yajing",,China,1,1440
ALL,All domains,zhang-m,"Zhang, Mingming",,China,1,1441
ALL,All domains,tian-y,"Tian, Yuan",,China,1,1442
ALL,All domains,kaushik-s,"Kaushik, Shradha",,Canada,1,1443
ALL,All domains,gong-w,"Gong, Wenping",,China,1,1444
ALL,All domains,stephenson-i,"Stephenson, Iain",,United Kingdom,1,1445
ALL,All domains,wani-m,"Wani, Mohmmad Younus",,Saudi Arabia,1,1446
ALL,All domains,elsaid-w,"El-Said, Waleed Ahmed",,Saudi Arabia,1,1447
ALL,All domains,albogami-a,"Al-Bogami, Abdullah S",,Saudi Arabia,1,1448
ALL,All domains,ahmad-a,"Ahmad, Aijaz",,South Africa,1,1449
ALL,All domains,xu-q,"Xu, Qing-Hua",National University of Singapore,China,1,1450
ALL,All domains,mitchener-m,"Mitchener, Michelle M",,Singapore,1,1451
ALL,All domains,anderson-c,"Anderson, Caleb M",,Switzerland,1,1452
ALL,All domains,veleba-m,"Veleba, Mark",Nanyang Technological University,Singapore,1,1453
ALL,All domains,teo-k,"Teo, Kayla",,Singapore,1,1454
ALL,All domains,roch-m,"Roch, Mélanie",,Switzerland,1,1455
ALL,All domains,yuan-y,"Yuan, Yifeng",,United States,1,1456
ALL,All domains,han-i,"Han, Isaiah",,Singapore,1,1457
ALL,All domains,dziergowska-a,"Dziergowska, Agnieszka",,Poland,1,1458
ALL,All domains,begley-t,"Begley, Thomas J",,United States,1,1459
ALL,All domains,dedon-p,"Dedon, Peter C",,Singapore,1,1460
ALL,All domains,mitchell-b,"Mitchell, B G",,Australia,1,1461
ALL,All domains,matterson-g,"Matterson, G",,Australia,1,1462
ALL,All domains,donnelly-h,"Donnelly, H",,Australia,1,1463
ALL,All domains,tehan-p,"Tehan, P E",,Australia,1,1464
ALL,All domains,ribeirodejesus-n,"Ribeiro de Jesus, Nicolli",,Brazil,1,1465
ALL,All domains,santosdesouza-c,"Santos de Souza, Caio",,Brazil,1,1466
ALL,All domains,ramorim-m,"R Amorim, Mariene",,Brazil,1,1467
ALL,All domains,gomescatozo-r,"Gomes Catozo, Raquel",,Brazil,1,1468
ALL,All domains,mguedes-b,"M Guedes, Bruno Luiz",,Brazil,1,1469
ALL,All domains,caetanopimenta-b,"Caetano Pimenta, Bruna",,Brazil,1,1470
ALL,All domains,nuneszordan-j,"Nunes Zordan, Julia Sthefany",,Brazil,1,1471
ALL,All domains,barcellosmadeirarosa-y,"Barcellos Madeira Rosa, Yasmim",,Brazil,1,1472
ALL,All domains,tamaninisilvamoschen-h,"Tamanini Silva Moschen, Henrique",,Brazil,1,1473
ALL,All domains,souzaareias-a,"Souza Areias, Aline",,Brazil,1,1474
ALL,All domains,comerio-t,"Comerio, Tatiane",,Brazil,1,1475
ALL,All domains,valimsarmento-i,"Valim Sarmento, Isabela",,Brazil,1,1476
ALL,All domains,mirandafardin-j,"Miranda Fardin, Julia",,Brazil,1,1477
ALL,All domains,deolivieragomes-d,"de Oliviera Gomes, Daniel Claudio",,Brazil,1,1478
ALL,All domains,kumar-k,"Kumar, Kiven",Duke-NUS Medical School,Singapore,1,1479
ALL,All domains,maltaromano-c,"Malta Romano, Camila",,Brazil,1,1480
ALL,All domains,subhan-a,"Subhan, Alya Sufiyah Binte Mohamed",A*STAR Infectious Diseases Labs,Singapore,1,1481
ALL,All domains,nhu-n,"Nhu, Nguyen Thi Quynh",Oxford University Clinical Research Unit,Viet Nam,1,1482
ALL,All domains,heng-c,"Heng, Chew-Kiat",National University Health System,Singapore,1,1483
ALL,All domains,teo-y,"Teo, Yik Ying",National University of Singapore,Singapore,1,1484
ALL,All domains,koh-w,"Koh, Woon-Puay","Agency for Science, Technology and Research",Singapore,1,1485
ALL,All domains,khor-c,"Khor, Chiea Chuen",Genome Institute of Singapore,Singapore,1,1486
ALL,All domains,dorajoo-r,"Dorajoo, Rajkumar",Genome Institute of Singapore,Singapore,1,1487
ALL,All domains,deng-d,"Deng, Dini",National University of Singapore,Singapore,1,1488
ALL,All domains,li-x,"Li, Xianzhe",National University of Singapore,Singapore,1,1489
ALL,All domains,koay-e,"Koay, Emma Y H",,Singapore,1,1490
ALL,All domains,chin-m,"Chin, Mario P S",,Singapore,1,1491
ALL,All domains,du-h,"Du, Heng",,China,1,1492
ALL,All domains,zhao-f,"Zhao, Fanghui",,China,1,1493
ALL,All domains,qiao-y,"Qiao, Youlin",,China,1,1494
ALL,All domains,puvaneyshwaran-d,"Puvaneyshwaran, David",National University of Singapore,Canada,1,1495
ALL,All domains,wee-y,"Wee, Ye Xuan",National University of Singapore,Singapore,1,1496
ALL,All domains,liang-p,"Liang, Peilin",National University of Singapore,Singapore,1,1497
ALL,All domains,suwanarusk-r,"Suwanarusk, Rossarin",,Japan,1,1498
ALL,All domains,chua-a,"Chua, Adeline C Y",A*STAR Infectious Diseases Labs,Singapore,1,1499
ALL,All domains,ezenwanne-c,"Ezenwanne, Chukwuma S",,Japan,1,1500
ALL,All domains,snounou-g,"Snounou, Georges",Mahidol University,France,1,1501
ALL,All domains,kosaisavee-v,"Kosaisavee, Varakorn",Mahidol University,Thailand,1,1502
ALL,All domains,lombardini-e,"Lombardini, Eric D",,Thailand,1,1503
ALL,All domains,imerbsin-r,"Imerbsin, Rawiwan",,Thailand,1,1504
ALL,All domains,sunyakumthorn-p,"Sunyakumthorn, Piyanate",,Thailand,1,1505
ALL,All domains,katakai-y,"Katakai, Yuko",,Japan,1,1506
ALL,All domains,sakaguchi-m,"Sakaguchi, Miako",,Japan,1,1507
ALL,All domains,kyle-d,"Kyle, Dennis E",,United States,1,1508
ALL,All domains,kawai-s,"Kawai, Satoru",,Japan,1,1509
ALL,All domains,annoura-t,"Annoura, Takeshi",,Japan,1,1510
ALL,All domains,kaneko-o,"Kaneko, Osamu",,Japan,1,1511
ALL,All domains,russell-b,"Russell, Bruce",Mahidol University,Japan,1,1512
ALL,All domains,brioschidossantos-a,"Brioschi Dos Santos, Ana Paula",,Brazil,1,1513
ALL,All domains,cardoso-t,"Cardoso, Theresa Cristina",,Brazil,1,1514
ALL,All domains,junior-c,"Junior, Crispim Cerutti",,Brazil,1,1515
ALL,All domains,gobbi-s,"Gobbi, Stefano",,Brazil,1,1516
ALL,All domains,luchdossantos-j,"Luch Dos Santos, Julia",,Brazil,1,1517
ALL,All domains,miranda-a,"Miranda, Angelica Espinosa",,Brazil,1,1518
ALL,All domains,basnet-h,"Basnet, Hari",,Nepal,1,1519
ALL,All domains,singh-n,"Singh, Nanda Bahadur",,Nepal,1,1520
ALL,All domains,belmain-s,"Belmain, Steven R",,United Kingdom,1,1521
ALL,All domains,lien-v,"Lien, Victoria",,Singapore,1,1522
ALL,All domains,chua-s,"Chua, Sonja Cjh",,,1,1523
ALL,All domains,xu-r,"Xu, Rujia",,,1,1524
ALL,All domains,kan-s,"Kan, Shu Jun",,,1,1525
ALL,All domains,janetos-t,"Janetos, Timothy M",,,1,1526
ALL,All domains,agarwal-a,"Agarwal, Aniruddha",,United Arab Emirates,1,1527
ALL,All domains,basu-s,"Basu, Soumyava",,India,1,1528
ALL,All domains,or-c,"Or, Christopher",,,1,1529
ALL,All domains,shoughy-s,"Shoughy, Samir",,Egypt,1,1530
ALL,All domains,invernizzi-a,"Invernizzi, Alessandro",,Australia,1,1531
ALL,All domains,jabs-d,"Jabs, Douglas A",Johns Hopkins University,United States,1,1532
ALL,All domains,desmet-m,"de Smet, Marc D",,Belgium,1,1533
ALL,All domains,goldstein-d,"Goldstein, Debra A",,,1,1534
ALL,All domains,thorne-j,"Thorne, Jennifer E",Johns Hopkins University,United States,1,1535
ALL,All domains,sarraf-d,"Sarraf, David",,,1,1536
ALL,All domains,barahim-e,"Barahim, Eman Khalid",,Saudi Arabia,1,1537
ALL,All domains,smith-e,"Smith, Ella P",,United Kingdom,1,1538
ALL,All domains,yong-s,"Yong, Sheau Ting",,United Kingdom,1,1539
ALL,All domains,aung-t,"Aung, Thet Tun",Duke-NUS Medical School,Singapore,1,1540
ALL,All domains,mohammed-i,"Mohammed, Imran",,United Kingdom,1,1541
ALL,All domains,dua-h,"Dua, Harminder S",,United Kingdom,1,1542
ALL,All domains,wallace-g,"Wallace, Graham R",,United Kingdom,1,1543
ALL,All domains,hombrebueno-j,"Hombrebueno, Jose R",,United Kingdom,1,1544
ALL,All domains,rauz-s,"Rauz, Saaeha",,United Kingdom,1,1545
ALL,All domains,ting-d,"Ting, Darren S J",Duke-NUS Medical School,Singapore,1,1546
ALL,All domains,ren-h,"Ren, Hao",,China,1,1547
ALL,All domains,jing-f,"Jing, Fengshi",,China,1,1548
ALL,All domains,hu-s,"Hu, Siyue",,China,1,1549
ALL,All domains,luo-z,"Luo, Zeyu",,China,1,1550
ALL,All domains,luo-j,"Luo, Jinsong",,China,1,1551
ALL,All domains,han-y,"Han, Yuxin",,China,1,1552
ALL,All domains,cheng-w,"Cheng, Weibin",University of Hong Kong,China,1,1553
ALL,All domains,he-x,"He, Xi",,China,1,1554
ALL,All domains,ye-y,"Ye, Yang",,United States,1,1555
ALL,All domains,fan-j,"Fan, Jie",,China,1,1556
ALL,All domains,wu-d,"Wu, Dan",London School of Hygiene & Tropical Medicine,China,1,1557
ALL,All domains,tang-w,"Tang, Weiming",,China,1,1558
ALL,All domains,fong-k,"Fong, Khi Yung",Singapore General Hospital,Singapore,1,1559
ALL,All domains,abern-m,"Abern, Michael R",,,1,1560
ALL,All domains,leow-j,"Leow, Jeffrey Jj",Tan Tock Seng Hospital,Singapore,1,1561
ALL,All domains,chong-t,"Chong, Tsung Wen",Singapore General Hospital,Singapore,1,1562
ALL,All domains,tay-k,"Tay, Kae Jack",Singapore General Hospital,Singapore,1,1563
ALL,All domains,yuen-j,"Yuen, John Sp",Singapore General Hospital,Singapore,1,1564
ALL,All domains,hussain-s,"Hussain, Syed A",,United Kingdom,1,1565
ALL,All domains,teoh-j,"Teoh, Jeremy Yc",University of Hong Kong,Hong Kong SAR,1,1566
ALL,All domains,kamat-a,"Kamat, Ashish M",,,1,1567
ALL,All domains,wild-v,"Wild, Verina",,Germany,1,1568
ALL,All domains,agbih-s,"Agbih, Sylvia",,Germany,1,1569
ALL,All domains,landsman-k,"Landsman, Keren",,Germany,1,1570
ALL,All domains,sleumer-q,"Sleumer, Quintus",,Germany,1,1571
ALL,All domains,dawson-a,"Dawson, Angus",National University of Singapore,Singapore,1,1572
ALL,All domains,heilinger-j,"Heilinger, Jan-Christoph",,Germany,1,1573
ALL,All domains,lim-y,"Lim, Yi-Jun",University of Malaya,Malaysia,1,1574
ALL,All domains,chong-g,"Chong, Gordon Xue-Zhen",University of Malaya,Malaysia,1,1575
ALL,All domains,mohammedsyafiei-m,"Mohammed-Syafiei, Muhammed-Nur-Iman",University of Malaya,Malaysia,1,1576
ALL,All domains,suhaimi-m,"Suhaimi, Muhammad-Nasreen",University of Malaya,Malaysia,1,1577
ALL,All domains,nordin-s,"Nordin, Siti-Nursyazziana",University of Malaya,Malaysia,1,1578
ALL,All domains,fung-s,"Fung, Shin-Yee",University of Malaya,Malaysia,1,1579
ALL,All domains,tabo-h,"Tabo, Hazel Anne",,Philippines,1,1580
ALL,All domains,wilairatana-p,"Wilairatana, Polrat",Mahidol University,Thailand,1,1581
ALL,All domains,hailu-t,"Hailu, Tadesse",,Ethiopia,1,1582
ALL,All domains,nissapatorn-v,"Nissapatorn, Veeranoot",,Thailand,1,1583
ALL,All domains,robins-j,"Robins, James",Harvard University,United States,1,1584
ALL,All domains,stambekova-a,"Stambekova, Assel",,,1,1585
ALL,All domains,yu-h,"Yu, Hui-Ying",,Taiwan,1,1586
ALL,All domains,chen-b,"Chen, Bo-Yu",,Taiwan,1,1587
ALL,All domains,huang-w,"Huang, Wei-Kang",,Taiwan,1,1588
ALL,All domains,wu-y,"Wu, Yung-Chieh",,Taiwan,1,1589
ALL,All domains,wan-m,"Wan, Mei-Hsiu",,Taiwan,1,1590
ALL,All domains,yeh-w,"Yeh, Wen-Sheng",,Taiwan,1,1591
ALL,All domains,goh-f,"Goh, Feng-Guang",National University of Singapore,Singapore,1,1592
ALL,All domains,hou-x,"Hou, Xinjun",National University of Singapore,Singapore,1,1593
ALL,All domains,toh-p,"Toh, Pui-Kuan",National University of Singapore,Singapore,1,1594
ALL,All domains,ng-s,"Ng, Sui-Hann",National University of Singapore,Singapore,1,1595
ALL,All domains,liu-w,"Liu, Wei-Liang",,Taiwan,1,1596
ALL,All domains,pichitphorn-a,"Pichitphorn, Apisith",,Thailand,1,1597
ALL,All domains,faksri-k,"Faksri, Kiatichai",,Thailand,1,1598
ALL,All domains,kaewseekhao-b,"Kaewseekhao, Benjawan",,Thailand,1,1599
ALL,All domains,potisap-c,"Potisap, Chotima",,Thailand,1,1600
ALL,All domains,duongthai-t,"Duong Thai, Tran",,Thailand,1,1601
ALL,All domains,eisiri-j,"Eisiri, Jukgarin",,Thailand,1,1602
ALL,All domains,juntagran-c,"Juntagran, Chadatan",,Thailand,1,1603
ALL,All domains,namwat-w,"Namwat, Wises",,Thailand,1,1604
ALL,All domains,khwansirikul-p,"Khwansirikul, Priyakorn",,Thailand,1,1605
ALL,All domains,salao-k,"Salao, Kanin",National University of Singapore,Singapore,1,1606
ALL,All domains,chaisri-s,"Chaisri, Suwit",,Thailand,1,1607
ALL,All domains,phoksawat-w,"Phoksawat, Wisitsak",,Thailand,1,1608
ALL,All domains,halliwell-b,"Halliwell, Barry",National University of Singapore,Singapore,1,1609
ALL,All domains,burner-d,"Burner, Danielle N",,United States,1,1610
ALL,All domains,lopez-g,"López, Giselle Y",,United States,1,1611
ALL,All domains,kam-k,"Kam, Kai-Qian",Duke-NUS Medical School,Singapore,1,1612
ALL,All domains,nadua-k,"Nadua, Karen Donceras",Duke-NUS Medical School,Singapore,1,1613
ALL,All domains,wei-y,"Wei, Yifeng",,Singapore,1,1614
ALL,All domains,liu-d,"Liu, Dazhi",,China,1,1615
ALL,All domains,tong-y,"Tong, Yang",,China,1,1616
ALL,All domains,yin-j,"Yin, Jinyu",,China,1,1617
ALL,All domains,urs-a,"Urs, Ankanahalli N Nanjaraj",,China,1,1618
ALL,All domains,xing-m,"Xing, Meining",,China,1,1619
ALL,All domains,harrison-m,"Harrison, Mark A",London School of Hygiene & Tropical Medicine,United Kingdom,1,1620
ALL,All domains,ang-e,"Ang, Ee Lui",,Singapore,1,1621
ALL,All domains,lu-l,"Lu, Li",,China,1,1622
ALL,All domains,xiong-y,"Xiong, Yuan",,China,1,1623
ALL,All domains,liao-j,"Liao, Jiewen",,China,1,1624
ALL,All domains,zhong-x,"Zhong, Xiaodan",,China,1,1625
ALL,All domains,zha-k,"Zha, Kangkang",,China,1,1626
ALL,All domains,alsmadi-f,"Al-Smadi, Fawwaz",,China,1,1627
ALL,All domains,liu-g,"Liu, Guohui",,China,1,1628
ALL,All domains,mi-b,"Mi, Bobin",Nanyang Technological University,China,1,1629
ALL,All domains,reynolds-n,"Reynolds, Nancy",Johns Hopkins University,United States,1,1630
ALL,All domains,qin-z,"Qin, Ziqi",,China,1,1631
ALL,All domains,duan-y,"Duan, Yuqiong",,China,1,1632
ALL,All domains,xiao-x,"Xiao, Xueling",,China,1,1633
ALL,All domains,lu-p,"Lu, Po-Liang",,Taiwan,1,1634
ALL,All domains,ryu-j,"Ryu, Julie",,,1,1635
ALL,All domains,harrison-r,"Harrison, Rebecca",,United Kingdom,1,1636
ALL,All domains,chang-j,"Chang, Jack",,Taiwan,1,1637
ALL,All domains,mo-b,"Mo, Billy",,Hong Kong SAR,1,1638
ALL,All domains,soo-j,"Soo, Joel Z Y",National University of Singapore,Singapore,1,1639
ALL,All domains,zhao-w,"Zhao, Wenshuo",,China,1,1640
ALL,All domains,lian-r,"Lian, Rongna",,China,1,1641
ALL,All domains,yang-f,"Yang, Fengwen",,China,1,1642
ALL,All domains,tian-j,"Tian, Jinhui",,China,1,1643
ALL,All domains,ng-x,"Ng, Xin Rong",Nanyang Technological University,Singapore,1,1644
ALL,All domains,quek-i,"Quek, Imm Pin",,Singapore,1,1645
ALL,All domains,pereira-m,"Pereira, Michelle Jessica",,Singapore,1,1646
ALL,All domains,molina-j,"Molina, Joseph Antonio",Nanyang Technological University,Singapore,1,1647
ALL,All domains,ngeow-j,"Ngeow, Joanne",Duke-NUS Medical School,Singapore,1,1648
ALL,All domains,nadarajah-n,"Nadarajah, Nandhini",Tan Tock Seng Hospital,Singapore,1,1649
ALL,All domains,amanda-l,"Amanda, Lim Xiu Ming",Woodlands Health,Singapore,1,1650
ALL,All domains,dempsey-k,"Dempsey, Kathy",,Australia,1,1651
ALL,All domains,ling-j,"Ling, Jolene Oon Ee",National University Hospital,Singapore,1,1652
ALL,All domains,seah-b,"Seah, Betsy",National University of Singapore,Singapore,1,1653
ALL,All domains,tranduy-a,"Tran-Duy, An",University of Melbourne,Australia,1,1654
ALL,All domains,asbury-s,"Asbury, Sarah",,Australia,1,1655
ALL,All domains,spelman-t,"Spelman, Tim",University of Melbourne,Australia,1,1656
ALL,All domains,buising-k,"Buising, Kirsty L",University of Melbourne,Australia,1,1657
ALL,All domains,mcdougall-c,"McDougall, Catherine",,Australia,1,1658
ALL,All domains,solomon-m,"Solomon, Michael",,Australia,1,1659
ALL,All domains,crawford-r,"Crawford, Ross",,Australia,1,1660
ALL,All domains,adie-s,"Adie, Sam",,Australia,1,1661
ALL,All domains,molnar-r,"Molnar, Robert",,Australia,1,1662
ALL,All domains,mulford-j,"Mulford, Johnthan",,Australia,1,1663
ALL,All domains,harrisbrown-t,"Harris-Brown, Tiffany",,Australia,1,1664
ALL,All domains,roney-j,"Roney, Janine",,Australia,1,1665
ALL,All domains,desteiger-r,"de Steiger, Richard",University of Melbourne,Australia,1,1666
ALL,All domains,peel-t,"Peel, Trisha N",,Australia,1,1667
ALL,All domains,carson-j,"Carson, Jake",,United Kingdom,1,1668
ALL,All domains,crellen-t,"Crellen, Thomas",National University of Singapore,Singapore,1,1669
ALL,All domains,borlase-a,"Borlase, Anna",University of Oxford,United Kingdom,1,1670
ALL,All domains,prada-j,"Prada, Joaquin M",,United Kingdom,1,1671
ALL,All domains,bailey-r,"Bailey, Robin",London School of Hygiene & Tropical Medicine,United Kingdom,1,1672
ALL,All domains,hollingsworth-t,"Hollingsworth, T Déirdre",University of Oxford,United Kingdom,1,1673
ALL,All domains,spencer-s,"Spencer, Simon E F",,United Kingdom,1,1674
ALL,All domains,lingford-j,"Lingford, James P",,Australia,1,1675
ALL,All domains,jowsey-w,"Jowsey, William J",,New Zealand,1,1676
ALL,All domains,mccall-r,"McCall, Rita M",,United States,1,1677
ALL,All domains,rae-c,"Rae, Christopher D",,United States,1,1678
ALL,All domains,harold-l,"Harold, Liam K",,New Zealand,1,1679
ALL,All domains,edwards-d,"Edwards, David",,Australia,1,1680
ALL,All domains,peppertunick-e,"Pepper-Tunick, Evan",,United States,1,1681
ALL,All domains,neville-s,"Neville, Stephanie L",University of Melbourne,Australia,1,1682
ALL,All domains,maher-m,"Maher, Megan J",University of Melbourne,Australia,1,1683
ALL,All domains,canaldabaltrons-a,"Canalda-Baltrons, Aleix",University of Melbourne,Australia,1,1684
ALL,All domains,holt-k,"Holt, Kathryn E",London School of Hygiene & Tropical Medicine,Australia,1,1685
ALL,All domains,baliga-n,"Baliga, Nitin S",,United States,1,1686
ALL,All domains,cook-g,"Cook, Gregory M",,Australia,1,1687
ALL,All domains,hawn-t,"Hawn, Thomas R",,United States,1,1688
ALL,All domains,greening-c,"Greening, Chris",,Australia,1,1689
ALL,All domains,mcdevitt-c,"McDevitt, Christopher A",University of Melbourne,Australia,1,1690
ALL,All domains,cox-j,"Cox, Jeffery S",,United States,1,1691
ALL,All domains,mcneil-m,"McNeil, Matthew B",,New Zealand,1,1692
ALL,All domains,jabbour-j,"Jabbour, Jean-Francois",,Lebanon,1,1693
ALL,All domains,kadri-h,"Kadri, Hind",,Lebanon,1,1694
ALL,All domains,jabra-e,"Jabra, Elio",,Lebanon,1,1695
ALL,All domains,hindy-j,"Hindy, Joya-Rita",,Lebanon,1,1696
ALL,All domains,haddad-s,"Haddad, Sara F",,Lebanon,1,1697
ALL,All domains,kanafani-z,"Kanafani, Zeina A",,Lebanon,1,1698
ALL,All domains,zahreddine-n,"Zahreddine, Nada K",,Lebanon,1,1699
ALL,All domains,aboufayad-a,"Abou Fayad, Antoine G",World Health Organization,Lebanon,1,1700
ALL,All domains,araj-g,"Araj, George F",,Lebanon,1,1701
ALL,All domains,matar-g,"Matar, Ghassan M",World Health Organization,Lebanon,1,1702
ALL,All domains,kanj-s,"Kanj, Souha S",,Lebanon,1,1703
ALL,All domains,mertis-a,"Mertis, Andres",,Estonia,1,1704
ALL,All domains,vythilingam-i,"Vythilingam, Indra",University of Malaya,Malaysia,1,1705
ALL,All domains,jeyaprakasam-n,"Jeyaprakasam, Nantha K",,Malaysia,1,1706
ALL,All domains,irish-s,"Irish, Seth R",World Health Organization,Switzerland,1,1707
ALL,All domains,chung-d,"Chung, Donghoon",,United States,1,1708
ALL,All domains,otsuka-y,"Otsuka, Yuka",,United States,1,1709
ALL,All domains,kim-e,"Kim, Eunjung",,United States,1,1710
ALL,All domains,ullah-s,"Ullah, Sultan",,United States,1,1711
ALL,All domains,kennedy-n,"Kennedy, Nicole M",,United States,1,1712
ALL,All domains,kang-j,"Kang, Jinjoo",,United States,1,1713
ALL,All domains,tomlinson-r,"Tomlinson, Reece",,United States,1,1714
ALL,All domains,alejandro-b,"Alejandro, Brian",,United States,1,1715
ALL,All domains,barnaby-k,"Barnaby, Koji",,United States,1,1716
ALL,All domains,miller-j,"Miller, Jeffrey",,United States,1,1717
ALL,All domains,shumate-j,"Shumate, Justin",,United States,1,1718
ALL,All domains,chew-c,"Chew, Che Shin",Nanyang Technological University,Singapore,1,1719
ALL,All domains,scampavia-l,"Scampavia, Louis",,United States,1,1720
ALL,All domains,spicer-t,"Spicer, Timothy P",,United States,1,1721
ALL,All domains,bannister-t,"Bannister, Thomas D",,United States,1,1722
ALL,All domains,chekamaruddin-n,"Che-Kamaruddin, Naim",University of Malaya,Malaysia,1,1723
ALL,All domains,johari-j,"Johari, Jefree",University of Malaya,Malaysia,1,1724
ALL,All domains,yahaya-h,"Yahaya, Hasmawati",University of Malaya,Malaysia,1,1725
ALL,All domains,zainal-n,"Zainal, Nurhafiza",University of Malaya,Malaysia,1,1726
ALL,All domains,hontz-r,"Hontz, Robert D",,Singapore,1,1727
ALL,All domains,ou-a,"Ou, Alison Yt",,Hong Kong SAR,1,1728
ALL,All domains,shi-t,"Shi, Tony Lei",,China,1,1729
ALL,All domains,hagger-m,"Hagger, Martin S",,Australia,1,1730
ALL,All domains,xiong-z,"Xiong, Zhennan",,Hong Kong SAR,1,1731
ALL,All domains,fong-s,"Fong, Shirley Sm",University of Hong Kong,Hong Kong SAR,1,1732
ALL,All domains,zhong-l,"Zhong, Linda L D",Nanyang Technological University,Singapore,1,1733
ALL,All domains,baker-j,"Baker, Julien S",,China,1,1734
ALL,All domains,thuy-n,"Thuy, Ngo Ngoc Phuong",Oxford University Clinical Research Unit,Viet Nam,1,1735
ALL,All domains,phat-v,"Phat, Voong Vinh",Oxford University Clinical Research Unit,Viet Nam,1,1736
ALL,All domains,dongol-s,"Dongol, Sabina",Oxford University Clinical Research Unit,Nepal,1,1737
ALL,All domains,trang-n,"Trang, Nguyen Hoang Thu",Oxford University Clinical Research Unit,Viet Nam,1,1738
ALL,All domains,bista-s,"Bista, Sumit",Oxford University Clinical Research Unit,Nepal,1,1739
ALL,All domains,vinh-c,"Vinh, Chau",Oxford University Clinical Research Unit,Viet Nam,1,1740
ALL,All domains,thwaites-g,"Thwaites, Guy E",Oxford University Clinical Research Unit,United Kingdom,1,1741
ALL,All domains,basnyat-b,"Basnyat, Buddha",Oxford University Clinical Research Unit,Nepal,1,1742
ALL,All domains,parry-c,"Parry, Christopher M",University of Oxford,United Kingdom,1,1743
ALL,All domains,rabaa-m,"Rabaa, Maia A",Oxford University Clinical Research Unit,United Kingdom,1,1744
ALL,All domains,hinton-j,"Hinton, Jay C D",,United Kingdom,1,1745
ALL,All domains,duy-p,"Duy, Pham Thanh",Oxford University Clinical Research Unit,United Kingdom,1,1746
ALL,All domains,vanhnollat-c,"Vanhnollat, Chittaphone",,Lao PDR,1,1747
ALL,All domains,chonephetsarath-s,"Chonephetsarath, Somsanith",,Lao PDR,1,1748
ALL,All domains,somlor-s,"Somlor, Somphavanh",,Lao PDR,1,1749
ALL,All domains,vungkyly-v,"Vungkyly, Veaky",,Lao PDR,1,1750
ALL,All domains,soulaphy-t,"Soulaphy, Tiger",,Lao PDR,1,1751
ALL,All domains,vongsanga-s,"Vongsanga, Sopha",,Lao PDR,1,1752
ALL,All domains,bigot-t,"Bigot, Thomas",,France,1,1753
ALL,All domains,wong-g,"Wong, Gary",,Lao PDR,1,1754
ALL,All domains,brey-p,"Brey, Paul T",,Lao PDR,1,1755
ALL,All domains,buchy-p,"Buchy, Philippe",,Lao PDR,1,1756
ALL,All domains,vongphayloth-k,"Vongphayloth, Khamsing",,Lao PDR,1,1757
ALL,All domains,kiousis-d,"Kiousis, Dimitrios",,Greece,1,1758
ALL,All domains,kalyva-g,"Kalyva, Georgia",,Greece,1,1759
ALL,All domains,giannioti-d,"Giannioti, Despoina",,Greece,1,1760
ALL,All domains,katsigianni-k,"Katsigianni, Konstantina",,Greece,1,1761
ALL,All domains,zogali-v,"Zogali, Vasiliki",,Greece,1,1762
ALL,All domains,mahid-m,"Mahid, Maharah Binte Abdul",Duke-NUS Medical School,Singapore,1,1763
ALL,All domains,matsoukas-m,"Matsoukas, Minos-Timotheos",,Greece,1,1764
ALL,All domains,rassias-g,"Rassias, Gerasimos",,Greece,1,1765
ALL,All domains,karguth-n,"Karguth, Nina E",,Portugal,1,1766
ALL,All domains,sarmento-m,"Sarmento, Maria J",,Portugal,1,1767
ALL,All domains,vasquez-k,"Vasquez, Kathryn",Environmental Health Institute,Singapore,1,1768
ALL,All domains,chau-m,"Chau, Man Ling",Environmental Health Institute,Singapore,1,1769
ALL,All domains,paulin-o,"Paulin, Olivia K A",A*STAR Infectious Diseases Labs,Singapore,1,1770
ALL,All domains,chow-e,"Chow, Eve W L",A*STAR Infectious Diseases Labs,Singapore,1,1771
ALL,All domains,pang-l,"Pang, Li Mei",A*STAR Infectious Diseases Labs,Singapore,1,1772
ALL,All domains,hernday-a,"Hernday, Aaron D",,United States,1,1773
ALL,All domains,richardson-j,"Richardson, Jonathan P",,United Kingdom,1,1774
ALL,All domains,naglik-j,"Naglik, Julian R",,United Kingdom,1,1775
ALL,All domains,hu-j,"Hu, Jiawen",,China,1,1776
ALL,All domains,chen-n,"Chen, Nan",National University of Singapore,Singapore,1,1777
ALL,All domains,tee-w,"Tee, Wei Jie",Changi General Hospital,Singapore,1,1778
ALL,All domains,tunkuahmadyahaya-t,"Tunku Ahmad Yahaya, Tunku Sara",,,1,1779
ALL,All domains,chauhan-a,"Chauhan, Arohi",,India,1,1780
ALL,All domains,govani-k,"Govani, Kapil",,India,1,1781
ALL,All domains,kshatri-j,"Kshatri, Jaya Singh",,India,1,1782
ALL,All domains,chauhan-s,"Chauhan, Sandeep",World Health Organization,India,1,1783
ALL,All domains,patel-p,"Patel, Punit",,India,1,1784
ALL,All domains,baluku-j,"Baluku, Joseph",,Uganda,1,1785
ALL,All domains,sinha-a,"Sinha, Abhinav",,India,1,1786
ALL,All domains,vandenakker-m,"Van Den Akker, Marjan",,Germany,1,1787
ALL,All domains,jansen-j,"Jansen, Jesse",,Netherlands,1,1788
ALL,All domains,valderas-j,"Valderas, Jose",National University of Singapore,Singapore,1,1789
ALL,All domains,pati-s,"Pati, Sanghamitra",,India,1,1790
ALL,All domains,jit-m,"Jit, Mark",London School of Hygiene & Tropical Medicine,China,1,1791
ALL,All domains,shankar-r,"Shankar, Ravi",Tan Tock Seng Hospital,Singapore,1,1792
ALL,All domains,liew-m,"Liew, Mei Fong",National University Health System,Singapore,1,1793
ALL,All domains,kumargollamudi-s,"Kumar Gollamudi, Satya Pavan",Alexandra Hospital,Singapore,1,1794
ALL,All domains,wong-t,"Wong, Tze Chin",Alexandra Hospital,Singapore,1,1795
ALL,All domains,lin-x,"Lin, Xiqing",Institute of Mental Health,Singapore,1,1796
ALL,All domains,shi-z,"Shi, Zhanpo",Institute of Mental Health,Singapore,1,1797
ALL,All domains,lin-r,"Lin, Raymond Tzer Pin",National University of Singapore,Singapore,1,1798
ALL,All domains,feng-j,"Feng, Jinxian",Institute of Mental Health,Singapore,1,1799
ALL,All domains,mok-c,"Mok, Cynthia Qi Yi",Institute of Mental Health,Singapore,1,1800
ALL,All domains,xue-s,"Xue, Siyan",,China,1,1801
ALL,All domains,hou-l,"Hou, Lingxuan",National University of Singapore,Singapore,1,1802
ALL,All domains,yuan-k,"Yuan, Kaixuan",,China,1,1803
ALL,All domains,kong-c,"Kong, Chui",,China,1,1804
ALL,All domains,gu-b,"Gu, Bing",,China,1,1805
ALL,All domains,whiley-d,"Whiley, David",,Australia,1,1806
ALL,All domains,zaini-a,"Zaini, Adilahtul Bushro Binti",,Malaysia,1,1807
ALL,All domains,azzato-f,"Azzato, Francesca",Peter Doherty Institute for Infection and Immunity,Australia,1,1808
ALL,All domains,putcharoen-o,"Putcharoen, Opass",,Thailand,1,1809
ALL,All domains,ku-s,"Ku, Stephane Wen-Wei",,Taiwan,1,1810
ALL,All domains,wee-b,"Wee, Benson Yeo Koon",National Skin Centre,Singapore,1,1811
ALL,All domains,ibrahim-n,"Ibrahim, Norliza",,Malaysia,1,1812
ALL,All domains,hamasuna-r,"Hamasuna, Ryoichi",,Japan,1,1813
ALL,All domains,trang-t,"Trang, Tran Thi Nhat Thien",,Viet Nam,1,1814
ALL,All domains,sood-s,"Sood, Seema",,India,1,1815
ALL,All domains,bradshaw-c,"Bradshaw, Catriona S",,Australia,1,1816
ALL,All domains,wang-f,"Wang, Feizuo",National University of Singapore,Singapore,1,1817
ALL,All domains,wang-b,"Wang, Boyang",,China,1,1818
ALL,All domains,wong-x,"Wong, Xin Yu",National University of Singapore,Singapore,1,1819
ALL,All domains,ma-s,"Ma, Shengsheng",National University of Singapore,Singapore,1,1820
ALL,All domains,yao-f,"Yao, Fangyao",National University of Singapore,Singapore,1,1821
ALL,All domains,zeng-z,"Zeng, Zhifeng",National University of Singapore,Singapore,1,1822
ALL,All domains,liu-k,"Liu, Kunming",National University of Singapore,Singapore,1,1823
ALL,All domains,wang-q,"Wang, Qi",National University of Singapore,Singapore,1,1824
ALL,All domains,zang-y,"Zang, Yunxiang",,China,1,1825
ALL,All domains,huang-x,"Huang, Xingxu",,China,1,1826
ALL,All domains,li-s,"Li, Shao",,China,1,1827
ALL,All domains,ji-q,"Ji, Quanquan",National University of Singapore,Singapore,1,1828
ALL,All domains,hu-c,"Hu, Chunyi",National University of Singapore,Singapore,1,1829
ALL,All domains,atshemyan-h,"Atshemyan, Hakob",,,1,1830
ALL,All domains,samieva-n,"Samieva, Nazgul",,,1,1831
ALL,All domains,siraj-f,"Siraj, Faisal",,Pakistan,1,1832
ALL,All domains,ndjeka-n,"Ndjeka, Norbert",,South Africa,1,1833
ALL,All domains,adenov-m,"Adenov, Malik",,,1,1834
ALL,All domains,monoi-a,"Monoi, Ayaka",London School of Hygiene & Tropical Medicine,Germany,1,1835
ALL,All domains,kriznar-m,"Kriznar, Matej",,Germany,1,1836
ALL,All domains,suzuki-m,"Suzuki, Motoi",,Japan,1,1837
ALL,All domains,flasche-s,"Flasche, Stefan",London School of Hygiene & Tropical Medicine,Germany,1,1838
ALL,All domains,marti-a,"Marti, Andrea",,Switzerland,1,1839
ALL,All domains,nater-a,"Nater, Alexander",,Switzerland,1,1840
ALL,All domains,magalhaes-j,"Magalhaes, Jenny Pego",,Switzerland,1,1841
ALL,All domains,donze-n,"Donzé, Noelle",,Switzerland,1,1842
ALL,All domains,gerber-m,"Gerber, Markus",,Switzerland,1,1843
ALL,All domains,almeida-l,"Almeida, Lea",,Switzerland,1,1844
ALL,All domains,liniger-m,"Liniger, Matthias",,Switzerland,1,1845
ALL,All domains,chenaux-s,"Chenaux, Sandra",,Switzerland,1,1846
ALL,All domains,ruggli-n,"Ruggli, Nicolas",,Switzerland,1,1847
ALL,All domains,garcianicolas-o,"Garcia-Nicolas, Obdulio",,Switzerland,1,1848
ALL,All domains,summerfield-a,"Summerfield, Artur",,Switzerland,1,1849
ALL,All domains,lew-r,"Lew, Ryan Z Z",National University of Singapore,Singapore,1,1850
ALL,All domains,tay-d,"Tay, Douglas J W",National University of Singapore,Singapore,1,1851
ALL,All domains,andiappan-a,"Andiappan, Anand Kumar",Singapore Immunology Network,Singapore,1,1852
ALL,All domains,lin-j,"Lin, Jia-Hui",,China,1,1853
ALL,All domains,zhengyu-j,"Zhengyu, Jiahui",,China,1,1854
ALL,All domains,chen-m,"Chen, Mu",,China,1,1855
ALL,All domains,zhong-r,"Zhong, Rongcui",,China,1,1856
ALL,All domains,chong-x,"Chong, Xing",,China,1,1857
ALL,All domains,dang-y,"Dang, Yuanye",,China,1,1858
ALL,All domains,chang-h,"Chang, Huili",,China,1,1859
ALL,All domains,lin-s,"Lin, Shuimu",,China,1,1860
ALL,All domains,kung-k,"Kung, Karon",National University of Singapore,Singapore,1,1861
ALL,All domains,teo-j,"Teo, Jeanette",National University Hospital,Singapore,1,1862
ALL,All domains,philip-m,"Philip, Mary",,France,1,1863
ALL,All domains,dumonceau-r,"Dumonceau, Robinson Gravier",,France,1,1864
ALL,All domains,citro-r,"Citro, Rodolfo",,Italy,1,1865
ALL,All domains,cosyns-b,"Cosyns, Bernard",,Belgium,1,1866
ALL,All domains,donal-e,"Donal, Erwan",,France,1,1867
ALL,All domains,erba-p,"Erba, Paola Anna",,Italy,1,1868
ALL,All domains,gouriet-f,"Gouriet, Frédérique",,France,1,1869
ALL,All domains,iung-b,"Iung, Bernard",,France,1,1870
ALL,All domains,kong-w,"Kong, William K F",,Singapore,1,1871
ALL,All domains,lancellotti-p,"Lancellotti, Patrizio",,Belgium,1,1872
ALL,All domains,maggioni-a,"Maggioni, Aldo",,Italy,1,1873
ALL,All domains,mancini-j,"Mancini, Julien",,France,1,1874
ALL,All domains,popescu-b,"Popescu, Bogdan A",,Romania,1,1875
ALL,All domains,prendergast-b,"Prendergast, Bernard",,United Kingdom,1,1876
ALL,All domains,sambola-a,"Sambola, Antonia",,Spain,1,1877
ALL,All domains,sengupta-s,"Sengupta, Shantanu P",,India,1,1878
ALL,All domains,timoteo-a,"Timoteo, Ana",,Portugal,1,1879
ALL,All domains,tribouilloy-c,"Tribouilloy, Christophe",,France,1,1880
ALL,All domains,vanmelle-j,"van Melle, Joost P",,Netherlands,1,1881
ALL,All domains,giorgi-r,"Giorgi, Roch",,France,1,1882
ALL,All domains,habib-g,"Habib, Gilbert",,France,1,1883
ALL,All domains,ravindrarajah-r,"Ravindrarajah, Rathi",,United Kingdom,1,1884
ALL,All domains,gittins-m,"Gittins, Matthew",,United Kingdom,1,1885
ALL,All domains,paterson-l,"Paterson, Luke",,United Kingdom,1,1886
ALL,All domains,rogers-g,"Rogers, Gabriel",,United Kingdom,1,1887
ALL,All domains,tilson-g,"Tilson, George",,United Kingdom,1,1888
ALL,All domains,wake-d,"Wake, Deborah J",,United Kingdom,1,1889
ALL,All domains,brodie-d,"Brodie, Doogie",,United Kingdom,1,1890
ALL,All domains,cunningham-s,"Cunningham, Scott G",,United Kingdom,1,1891
ALL,All domains,kanumilli-n,"Kanumilli, Naresh",,United Kingdom,1,1892
ALL,All domains,jones-e,"Jones, Ewan",,United Kingdom,1,1893
ALL,All domains,elton-p,"Elton, Peter",,United Kingdom,1,1894
ALL,All domains,milne-n,"Milne, Nicola",,United Kingdom,1,1895
ALL,All domains,morgancurran-m,"Morgan-Curran, Michael",,United Kingdom,1,1896
ALL,All domains,kontopantelis-e,"Kontopantelis, Evangelos",National University of Singapore,Singapore,1,1897
ALL,All domains,allen-t,"Allen, Thomas",,Denmark,1,1898
ALL,All domains,rutter-m,"Rutter, Martin K",,United Kingdom,1,1899
ALL,All domains,stott-c,"Stott, Christopher James",,Thailand,1,1900
ALL,All domains,mahawan-t,"Mahawan, Tanakamol",,Thailand,1,1901
ALL,All domains,pineyro-p,"Piñeyro, Pablo",,United States,1,1902
ALL,All domains,tantituvanont-a,"Tantituvanont, Angkana",,Thailand,1,1903
ALL,All domains,nilubol-d,"Nilubol, Dachrit",,Thailand,1,1904
ALL,All domains,zhou-l,"Zhou, Lirun",,China,1,1905
ALL,All domains,yang-t,"Yang, Tong",,China,1,1906
ALL,All domains,chu-z,"Chu, Zheng",,China,1,1907
ALL,All domains,tang-h,"Tang, Hechen",,China,1,1908
ALL,All domains,ma-a,"Ma, Ang",,China,1,1909
ALL,All domains,gao-p,"Gao, Peng",,China,1,1910
ALL,All domains,shen-s,"Shen, Shengnan",,China,1,1911
ALL,All domains,shi-q,"Shi, Qiaoli",,China,1,1912
ALL,All domains,holt-h,"Holt, Hannah",London School of Hygiene & Tropical Medicine,United Kingdom,1,1913
ALL,All domains,leung-w,"Leung, William T M",London School of Hygiene & Tropical Medicine,United Kingdom,1,1914
ALL,All domains,chhour-m,"Chhour, Monivan",,Cambodia,1,1915
ALL,All domains,yib-s,"Yib, Sokmony",,Cambodia,1,1916
ALL,All domains,chou-m,"Chou, Monidarin",,Cambodia,1,1917
ALL,All domains,saphonn-v,"Saphonn, Vonthanak",,Cambodia,1,1918
ALL,All domains,phoeung-c,"Phoeung, Chan Leakhena",,Cambodia,1,1919
ALL,All domains,chhay-t,"Chhay, Ty",,Cambodia,1,1920
ALL,All domains,vor-s,"Vor, Sina",,Cambodia,1,1921
ALL,All domains,huy-s,"Huy, Sokchea",,Cambodia,1,1922
ALL,All domains,sorn-s,"Sorn, San",,Cambodia,1,1923
ALL,All domains,wong-f,"Wong, Foong Ying",Duke-NUS Medical School,Singapore,1,1924
ALL,All domains,zeller-m,"Zeller, Michael",Duke-NUS Medical School,Singapore,1,1925
ALL,All domains,su-y,"Su, Yvonne C F",Duke-NUS Medical School,Singapore,1,1926
ALL,All domains,law-s,"Law, Stephanie",,Canada,1,1927
ALL,All domains,fulcher-i,"Fulcher, Isabel",,United States,1,1928
ALL,All domains,ashraf-s,"Ashraf, Samreen",,Pakistan,1,1929
ALL,All domains,docteur-w,"Docteur, Wisny",,Haiti,1,1930
ALL,All domains,guerra-d,"Guerra, Dalia",,Peru,1,1931
ALL,All domains,kliescikova-j,"Kliescikova, Jarmila",,,1,1932
ALL,All domains,tricou-v,"Tricou, Vianney",Takeda Pharmaceuticals,Switzerland,1,1933
ALL,All domains,saezllorens-x,"Saez-Llorens, Xavier",,Panama,1,1934
ALL,All domains,kosalaraksa-p,"Kosalaraksa, Pope",,Thailand,1,1935
ALL,All domains,reynales-h,"Reynales, Humberto",,Colombia,1,1936
ALL,All domains,sirivichayakul-c,"Sirivichayakul, Chukiat",Mahidol University,Thailand,1,1937
ALL,All domains,borjatabora-c,"Borja-Tabora, Charissa",,Philippines,1,1938
ALL,All domains,messer-w,"Messer, William B",,United States,1,1939
ALL,All domains,moss-k,"Moss, Kelley J",Takeda Pharmaceuticals,United States,1,1940
ALL,All domains,mandaric-s,"Mandaric, Sanja",Takeda Pharmaceuticals,Switzerland,1,1941
ALL,All domains,roubinis-n,"Roubinis, Nicholas",Takeda Pharmaceuticals,Switzerland,1,1942
ALL,All domains,sharma-m,"Sharma, Mayuri",Takeda Pharmaceuticals,United States,1,1943
ALL,All domains,livengood-j,"Livengood, Jill",Takeda Pharmaceuticals,United States,1,1944
ALL,All domains,pang-h,"Pang, Hang",Takeda Pharmaceuticals,United States,1,1945
ALL,All domains,rauscher-m,"Rauscher, Martina",Takeda Pharmaceuticals,Switzerland,1,1946
ALL,All domains,biswal-s,"Biswal, Shibadas",Takeda Pharmaceuticals,United States,1,1947
ALL,All domains,ou-t,"Ou, Tey Putita",,Cambodia,1,1948
ALL,All domains,guillebaud-j,"Guillebaud, Julia",,Cambodia,1,1949
ALL,All domains,baidaliuk-a,"Baidaliuk, Artem",,France,1,1950
ALL,All domains,chheang-d,"Chheang, Dany",,Cambodia,1,1951
ALL,All domains,delaune-d,"Delaune, Deborah",,France,1,1952
ALL,All domains,prot-m,"Prot, Matthieu",,France,1,1953
ALL,All domains,bruder-e,"Bruder, Elise",,France,1,1954
ALL,All domains,machado-r,"Machado, Rafael Rahal Guaragna",,France,1,1955
ALL,All domains,pum-l,"Pum, Leakhena",,Cambodia,1,1956
ALL,All domains,hul-v,"Hul, Vibol",,Cambodia,1,1957
ALL,All domains,hoem-t,"Hoem, Thavry",,Cambodia,1,1958
ALL,All domains,ly-s,"Ly, Sovann",,Cambodia,1,1959
ALL,All domains,auerswald-h,"Auerswald, Heidi",,Cambodia,1,1960
ALL,All domains,arnaud-f,"Arnaud, Frederick",,France,1,1961
ALL,All domains,dussart-p,"Dussart, Philippe",,Madagascar,1,1962
ALL,All domains,chevalier-v,"Chevalier, Véronique",,France,1,1963
ALL,All domains,cappelle-j,"Cappelle, Julien",,France,1,1964
ALL,All domains,duong-v,"Duong, Veasna",,Cambodia,1,1965
ALL,All domains,simonloriere-e,"Simon-Loriere, Etienne",,France,1,1966
ALL,All domains,wagatsuma-k,"Wagatsuma, Keita",,Japan,1,1967
ALL,All domains,song-z,"Song, Zoe",University of Hong Kong,China,1,1968
ALL,All domains,lam-t,"Lam, Tommy T Y",University of Hong Kong,China,1,1969
ALL,All domains,kwok-k,"Kwok, Kin On",University of Hong Kong,China,1,1970
ALL,All domains,vanbeek-j,"van Beek, Janko",,Netherlands,1,1971
ALL,All domains,dilcher-m,"Dilcher, Meik",,New Zealand,1,1972
ALL,All domains,jennings-l,"Jennings, Lance C",,New Zealand,1,1973
ALL,All domains,foley-d,"Foley, David A",,Australia,1,1974
ALL,All domains,levy-a,"Levy, Avram",,Australia,1,1975
ALL,All domains,dwyer-d,"Dwyer, Dominic E",,Australia,1,1976
ALL,All domains,kok-j,"Kok, Jen",,Australia,1,1977
ALL,All domains,bialasiewicz-s,"Bialasiewicz, Seweryn",,Australia,1,1978
ALL,All domains,saito-r,"Saito, Reiko",,Japan,1,1979
ALL,All domains,bird-p,"Bird, Paul W",,United Kingdom,1,1980
ALL,All domains,kung-p,"Kung, Po-Jen",National University of Singapore,Singapore,1,1981
ALL,All domains,chang-y,"Chang, Ying-Ying",,Taiwan,1,1982
ALL,All domains,chang-l,"Chang, Li-Yin",,Taiwan,1,1983
ALL,All domains,tsai-r,"Tsai, Ren Jie",National Skin Centre,Singapore,1,1984
ALL,All domains,rohan-h,"Rohan, Hana",,United States,1,1985
ALL,All domains,bochner-a,"Bochner, Aaron F",,United States,1,1986
ALL,All domains,brown-l,"Brown, Lauren",,United States,1,1987
ALL,All domains,ortiz-e,"Ortiz, Elizabeth M",,United States,1,1988
ALL,All domains,mcclelland-a,"McClelland, Amanda",,United States,1,1989
ALL,All domains,hudson-a,"Hudson, Andrew",,United States,1,1990
ALL,All domains,verdolin-m,"Verdolin, Michael",,United States,1,1991
ALL,All domains,reeves-r,"Reeves, R Keith",,United States,1,1992
ALL,All domains,manickam-c,"Manickam, Cordelia",,United States,1,1993
ALL,All domains,shin-a,"Shin, Areum",,Republic of Korea,1,1994
ALL,All domains,ravikumar-s,"Ravikumar, Sharada",National University Health System,Singapore,1,1995
ALL,All domains,chua-y,"Chua, Ying Ying",Singapore General Hospital,Singapore,1,1996
ALL,All domains,kim-d,"Kim, Doo Ri",,Republic of Korea,1,1997
ALL,All domains,gil-h,"Gil, Hyun-Il",,Republic of Korea,1,1998
ALL,All domains,ko-j,"Ko, Jae-Hoon",,Republic of Korea,1,1999
ALL,All domains,jhun-b,"Jhun, Byung Woo",,Republic of Korea,1,2000
ALL,All domains,chai-l,"Chai, Louis Yi Ann",National University Health System,Singapore,1,2001
ALL,All domains,mauel-k,"Mauel, Katharina",Peter Doherty Institute for Infection and Immunity,Australia,1,2002
ALL,All domains,hirschmann-d,"Hirschmann, Daria",Peter Doherty Institute for Infection and Immunity,Australia,1,2003
ALL,All domains,blankstein-n,"Blank-Stein, Nelli",,Germany,1,2004
ALL,All domains,diefenbachwilke-m,"Diefenbach-Wilke, Marie-Louise",,Germany,1,2005
ALL,All domains,eulgem-t,"Eulgem, Theresa",,Germany,1,2006
ALL,All domains,le-s,"Le, Shirley",Peter Doherty Institute for Infection and Immunity,Australia,1,2007
ALL,All domains,breit-s,"Breit, Samuel N",,Australia,1,2008
ALL,All domains,soares-m,"Soares, Miguel P",,Portugal,1,2009
ALL,All domains,tsai-v,"Tsai, Vicky Wang-Wei",,Australia,1,2010
ALL,All domains,heath-w,"Heath, William R",Peter Doherty Institute for Infection and Immunity,Australia,1,2011
ALL,All domains,beattie-l,"Beattie, Lynette",Peter Doherty Institute for Infection and Immunity,Australia,1,2012
ALL,All domains,mass-e,"Mass, Elvira",,Germany,1,2013
ALL,All domains,rusu-r,"Rusu, Rada",,Canada,1,2014
ALL,All domains,durbin-a,"Durbin, Anna",,United States,1,2015
ALL,All domains,clements-i,"Clements, Isabella",,United Kingdom,1,2016
ALL,All domains,frost-h,"Frost, Hannah",,United Kingdom,1,2017
ALL,All domains,marinergoff-d,"Mariner-Goff, Danielle",,United Kingdom,1,2018
ALL,All domains,massey-k,"Massey, Katherine",,Singapore,1,2019
ALL,All domains,murton-m,"Murton, Molly",,United Kingdom,1,2020
ALL,All domains,sylvester-s,"Sylvester, Shirley V",,Switzerland,1,2021
ALL,All domains,schmidt-h,"Schmidt, Heather-Marie A",World Health Organization,Switzerland,1,2022
ALL,All domains,tieosapjaroen-w,"Tieosapjaroen, Warittha",,Australia,1,2023
ALL,All domains,green-k,"Green, Kimberly E",,Viet Nam,1,2024
ALL,All domains,cassell-m,"Cassell, Michael M",,,1,2025
ALL,All domains,poonkasetwattana-m,"Poonkasetwattana, Midnight",,Thailand,1,2026
ALL,All domains,boonyapisomparn-h,"Boonyapisomparn, Hua",,Thailand,1,2027
ALL,All domains,suwandi-n,"Suwandi, Nicky",,Thailand,1,2028
ALL,All domains,zhang-l,"Zhang, Lei",,Australia,1,2029
ALL,All domains,bavinton-b,"Bavinton, Benjamin R",,Australia,1,2030
ALL,All domains,zhou-m,"Zhou, Min",,China,1,2031
ALL,All domains,zhong-n,"Zhong, Nanshan",,China,1,2032
ALL,All domains,hou-p,"Hou, Panpan",,China,1,2033
ALL,All domains,zhou-z,"Zhou, Ziqing",,China,1,2034
ALL,All domains,peng-y,"Peng, Yang",,China,1,2035
ALL,All domains,blancoarevalo-a,"Blanco-Arévalo, Alejandro",National University of Singapore,Singapore,1,2036
ALL,All domains,gupta-a,"Gupta, Atharvi",National University of Singapore,Singapore,1,2037
ALL,All domains,chee-j,"Chee, Jia Yi",National University of Singapore,Singapore,1,2038
ALL,All domains,aligui-a,"Aligui, Alec Ann Alissa F",National University of Singapore,Philippines,1,2039
ALL,All domains,hor-s,"Hor, Stanton Winter",,United States,1,2040
ALL,All domains,shou-y,"Shou, Yiyun",National University of Singapore,Australia,1,2041
ALL,All domains,saravanan-r,"Saravanan, Rathi",Duke-NUS Medical School,Singapore,1,2042
ALL,All domains,leong-j,"Leong, James",Duke-NUS Medical School,Singapore,1,2043
ALL,All domains,charani-e,"Charani, Esmita",,South Africa,1,2044
ALL,All domains,tunaung-t,"Tun Aung, Thet",,Singapore,1,2045
ALL,All domains,venkatesh-m,"Venkatesh, Mayandi",,Singapore,1,2046
ALL,All domains,chikkamadiah-r,"Chikkamadiah, Ravisha",,India,1,2047
ALL,All domains,yong-h,"Yong, Hoi Cheng",,Singapore,1,2048
ALL,All domains,goh-e,"Goh, Eunice TzeLeng",,Singapore,1,2049
ALL,All domains,barathi-v,"Barathi, Veluchamy A",Duke-NUS Medical School,Singapore,1,2050
ALL,All domains,sriram-b,"Sriram, Bharathi",,India,1,2051
ALL,All domains,tan-d,"Tan, Donald Tiang-Hwee",,Singapore,1,2052
ALL,All domains,verma-n,"Verma, Navin Kumar",Nanyang Technological University,Singapore,1,2053
ALL,All domains,rajamani-l,"Rajamani, Lakshminarayanan",Duke-NUS Medical School,Singapore,1,2054
ALL,All domains,yong-g,"Yong, Glenn Khai Wern",Tan Tock Seng Hospital,Singapore,1,2055
ALL,All domains,lim-q,"Lim, Qishan",Tan Tock Seng Hospital,Singapore,1,2056
ALL,All domains,lee-h,"Lee, Haiquan",Tan Tock Seng Hospital,Singapore,1,2057
ALL,All domains,goh-y,"Goh, Yvonne Si Hua",Tan Tock Seng Hospital,Singapore,1,2058
ALL,All domains,wee-s,"Wee, Soon Keong",Nanyang Technological University,Singapore,1,2059
ALL,All domains,yap-o,"Yap, Odelia",Nanyang Technological University,Singapore,1,2060
ALL,All domains,yap-e,"Yap, Eric Peng Huat",Nanyang Technological University,Singapore,1,2061
ALL,All domains,peri-a,"Peri, Anna Maria",,Australia,1,2062
ALL,All domains,greenslade-j,"Greenslade, Jaimi H",,Australia,1,2063
ALL,All domains,hills-a,"Hills, Angela Z",,Australia,1,2064
ALL,All domains,ray-m,"Ray, Mercedes T",,Australia,1,2065
ALL,All domains,williams-j,"Williams, Julian M",,Australia,1,2066
ALL,All domains,sun-r,"Sun, Rui-Ming",,China,1,2067
ALL,All domains,yang-x,"Yang, Xiao-Xu",,China,1,2068
ALL,All domains,ji-p,"Ji, Ping",,China,1,2069
ALL,All domains,fan-x,"Fan, Xiao-Yong",,China,1,2070
ALL,All domains,duan-h,"Duan, Huang-Qi",,China,1,2071
ALL,All domains,shen-h,"Shen, Hai-Bo",,China,1,2072
ALL,All domains,ye-d,"Ye, Dan",,China,1,2073
ALL,All domains,lu-s,"Lu, Shun",,China,1,2074
ALL,All domains,guo-l,"Guo, Lei",,China,1,2075
ALL,All domains,guo-f,"Guo, Feng",,China,1,2076
ALL,All domains,jiang-w,"Jiang, Weixi",,China,1,2077
ALL,All domains,dong-d,"Dong, Di",,,1,2078
ALL,All domains,wan-q,"Wan, Quan",,China,1,2079
ALL,All domains,paris-v,"Paris, Véronique",University of Melbourne,Australia,1,2080
ALL,All domains,buultjens-a,"Buultjens, Andrew H",University of Melbourne,Australia,1,2081
ALL,All domains,bell-n,"Bell, Nicholas",University of Melbourne,Australia,1,2082
ALL,All domains,schmidt-t,"Schmidt, Thomas L",,Australia,1,2083
ALL,All domains,bamberg-w,"Bamberg, Wendy M",,Australia,1,2084
ALL,All domains,birrell-m,"Birrell, Michael T",,Australia,1,2085
ALL,All domains,romanes-f,"Romanes, Finn",,Australia,1,2086
ALL,All domains,antao-c,"Antao, Catarina A",,Australia,1,2087
ALL,All domains,globan-m,"Globan, Maria",Peter Doherty Institute for Infection and Immunity,Australia,1,2088
ALL,All domains,lavender-c,"Lavender, Caroline",Peter Doherty Institute for Infection and Immunity,Australia,1,2089
ALL,All domains,bond-k,"Bond, Katherine",Peter Doherty Institute for Infection and Immunity,Australia,1,2090
ALL,All domains,dougall-s,"Dougall, Sally",University of Melbourne,Australia,1,2091
ALL,All domains,lacey-j,"Lacey, Jake A",University of Melbourne,Australia,1,2092
ALL,All domains,guo-p,"Guo, Peihong",Nanyang Technological University,Singapore,1,2093
ALL,All domains,sherry-n,"Sherry, Norelle L",University of Melbourne,Australia,1,2094
ALL,All domains,gibney-k,"Gibney, Katherine B",Peter Doherty Institute for Infection and Immunity,Australia,1,2095
ALL,All domains,johnson-p,"Johnson, Paul D R",University of Melbourne,Australia,1,2096
ALL,All domains,stinear-t,"Stinear, Timothy P",Peter Doherty Institute for Infection and Immunity,Australia,1,2097
ALL,All domains,jingteo-a,"Jing Teo, Alvin Kuo",National University of Singapore,Australia,1,2098
ALL,All domains,wan-y,"Wan, Yanxin",,China,1,2099
ALL,All domains,wu-r,"Wu, Rongqian",,China,1,2100
ALL,All domains,du-z,"Du, Zhaoqing",,China,1,2101
ALL,All domains,yen-t,"Yen, Ting-An",,Taiwan,1,2102
ALL,All domains,yeo-s,"Yeo, See-Hwee",,Singapore,1,2103
ALL,All domains,patel-d,"Patel, Dony",,United Kingdom,1,2104
ALL,All domains,puthanveettil-h,"Puthanveettil, Harsha",,India,1,2105
ALL,All domains,balamurugan-s,"Bala Murugan, Siva Raman",,India,1,2106
ALL,All domains,gurnani-b,"Gurnani, Bharat",,India,1,2107
ALL,All domains,kaur-k,"Kaur, Kirandeep",,India,1,2108
ALL,All domains,fang-q,"Fang, Qian",,China,1,2109
ALL,All domains,ong-y,"Ong, Yin Jie",University of Malaya,Malaysia,1,2110
ALL,All domains,sam-i,"Sam, I-Ching",University of Malaya,Malaysia,1,2111
ALL,All domains,hayden-f,"Hayden, Frederick G",,United States,1,2112
ALL,All domains,dou-x,"Dou, Xinyue",,Malaysia,1,2113
ALL,All domains,saalah-s,"Saalah, Sariah",,Malaysia,1,2114
ALL,All domains,chiam-c,"Chiam, Chel-Ken",,Malaysia,1,2115
ALL,All domains,xie-j,"Xie, Jianping",National University of Singapore,Singapore,1,2116
ALL,All domains,sipaut-c,"Sipaut, Coswald Stephen",,Malaysia,1,2117
ALL,All domains,kang-s,"Kang, Su Yeon",,Republic of Korea,1,2118
ALL,All domains,yoo-j,"Yoo, Jeong Rae",,Republic of Korea,1,2119
ALL,All domains,bae-e,"Bae, EunJin",,Republic of Korea,1,2120
ALL,All domains,park-y,"Park, Yejin",,Republic of Korea,1,2121
ALL,All domains,kim-m,"Kim, Misun",,Republic of Korea,1,2122
ALL,All domains,ro-h,"Ro, Hyo-Jin",,Republic of Korea,1,2123
ALL,All domains,hwang-d,"Hwang, Daehee",,Republic of Korea,1,2124
ALL,All domains,cho-d,"Cho, Dongcharn",,Republic of Korea,1,2125
ALL,All domains,hallam-h,"Hallam, Hoai Jaclyn",,Singapore,1,2126
ALL,All domains,heo-s,"Heo, Sang Taek",,Republic of Korea,1,2127
ALL,All domains,cho-n,"Cho, Nam-Hyuk",,Republic of Korea,1,2128
ALL,All domains,walia-k,"Walia, Kamini",,India,1,2129
ALL,All domains,saiyed-t,"Saiyed, Taslimarif",,India,1,2130
ALL,All domains,veeraraghavan-b,"Veeraraghavan, Balaji",,India,1,2131
ALL,All domains,ren-d,"Ren, Dongdong",Singapore General Hospital,Singapore,1,2132
ALL,All domains,sampath-v,"Sampath, Venkata Sreekanth",Tan Tock Seng Hospital,Singapore,1,2133
ALL,All domains,chan-m,"Chan, Monica",National Centre for Infectious Diseases,Singapore,1,2134
ALL,All domains,gong-p,"Gong, Pei Pei",SingHealth,Singapore,1,2135
ALL,All domains,koh-g,"Koh, Gerald Choon Huat",National University of Singapore,Singapore,1,2136
ALL,All domains,pei-z,"Pei, Zhongfei",,China,1,2137
ALL,All domains,hon-c,"Hon, Chitin",,China,1,2138
ALL,All domains,borrenberghs-d,"Borrenberghs, Doortje",,Belgium,1,2139
ALL,All domains,vanbrandt-s,"Van Brandt, Sven",,Belgium,1,2140
ALL,All domains,jaensch-s,"Jaensch, Steffen",,Belgium,1,2141
ALL,All domains,choy-m,"Choy, Milly Ming Ju",Duke-NUS Medical School,Singapore,1,2142
ALL,All domains,geluykens-p,"Geluykens, Peggy",,Belgium,1,2143
ALL,All domains,bouayadi-a,"Bouayadi, Asmae El",,Belgium,1,2144
ALL,All domains,lauwers-d,"Lauwers, Dax",,Belgium,1,2145
ALL,All domains,bist-p,"Bist, Pradeep",Duke-NUS Medical School,Singapore,1,2146
ALL,All domains,stoops-b,"Stoops, Bart",,Belgium,1,2147
ALL,All domains,vandeven-j,"Van de Ven, Jeroen",,Belgium,1,2148
ALL,All domains,vermeulen-p,"Vermeulen, Peter",,Belgium,1,2149
ALL,All domains,megens-s,"Megens, Sarah",,Belgium,1,2150
ALL,All domains,thys-k,"Thys, Kim",,Belgium,1,2151
ALL,All domains,peeters-d,"Peeters, Daniëlle",,Belgium,1,2152
ALL,All domains,kaptein-s,"Kaptein, Suzanne J F",,Belgium,1,2153
ALL,All domains,neyts-j,"Neyts, Johan",,Belgium,1,2154
ALL,All domains,koul-a,"Koul, Anil",,Belgium,1,2155
ALL,All domains,goethals-o,"Goethals, Olivia",,Belgium,1,2156
ALL,All domains,lattmann-s,"Lattmann, Simon",Nanyang Technological University,Singapore,1,2157
ALL,All domains,anindita-p,"Anindita, Paulina Duhita",Nanyang Technological University,Singapore,1,2158
ALL,All domains,liew-c,"Liew, Chong Wai",Experimental Drug Development Centre,Singapore,1,2159
ALL,All domains,harris-r,"Harris, Reuben S",,United States,1,2160
ALL,All domains,sundaresan-a,"Sundaresan, Ajitha",Temasek Life Sciences Laboratory,Singapore,1,2161
ALL,All domains,cheong-i,"Cheong, Ian",National University of Singapore,Singapore,1,2162
ALL,All domains,sivanandam-p,"Sivanandam, Punitha",Duke-NUS Medical School,Singapore,1,2163
ALL,All domains,gan-e,"Gan, Esther S",Duke-NUS Medical School,Singapore,1,2164
ALL,All domains,green-t,"Green, Tessa D",Harvard University,United States,1,2165
ALL,All domains,mcwilliams-c,"McWilliams, Chris",,United Kingdom,1,2166
ALL,All domains,defigueiredo-l,"de Figueiredo, Leonardo",,United States,1,2167
ALL,All domains,soares-l,"Soares, Letícia",,United States,1,2168
ALL,All domains,pollack-b,"Pollack, Beth",,United States,1,2169
ALL,All domains,cohen-a,"Cohen, Alison K",,United States,1,2170
ALL,All domains,zhixuan-t,"Zhi-Xuan, Tan",National University of Singapore,Singapore,1,2171
ALL,All domains,falor-t,"Falor, Tess",,United States,1,2172
ALL,All domains,davis-h,"Davis, Hannah E",,United States,1,2173
ALL,All domains,boretsky-a,"Boretsky, Allison",,United States,1,2174
ALL,All domains,lo-e,"Lo, Elaine Ah Gi",National University Hospital,Singapore,1,2175
ALL,All domains,phang-k,"Phang, Kee Fong",Alexandra Hospital,Singapore,1,2176
ALL,All domains,cho-j,"Cho, Jiacai",National University Hospital,Singapore,1,2177
ALL,All domains,tang-m,"Tang, May Shuen",National University Hospital,Singapore,1,2178
ALL,All domains,quek-a,"Quek, Amy May Lin",National University Hospital,Singapore,1,2179
ALL,All domains,teng-o,"Teng, Ooiean",National University of Singapore,Singapore,1,2180
ALL,All domains,foon-c,"Foon, Chin Han",National University of Singapore,Singapore,1,2181
ALL,All domains,li-p,"Li, Ping Ping",National University of Singapore,Singapore,1,2182
ALL,All domains,er-b,"Er, Bernadette Guek Cheng",National University of Singapore,Singapore,1,2183
ALL,All domains,mahmud-n,"Mahmud, Nor Fa'izah Binte",National University of Singapore,Singapore,1,2184
ALL,All domains,shunmuganathan-b,"Shunmuganathan, Bhuvaneshwari",National University of Singapore,Singapore,1,2185
ALL,All domains,macary-p,"MacAry, Paul A",National University of Singapore,Singapore,1,2186
ALL,All domains,lim-e,"Lim, Erle Chuen Hian",National University Hospital,Singapore,1,2187
ALL,All domains,seet-r,"Seet, Raymond Chee Seong",National University Hospital,Singapore,1,2188
ALL,All domains,chansamouth-v,"Chansamouth, Vilada",University of Oxford,Lao PDR,1,2189
ALL,All domains,chommanam-d,"Chommanam, Danoy",,Lao PDR,1,2190
ALL,All domains,vongphachanh-s,"Vongphachanh, Susath",,Lao PDR,1,2191
ALL,All domains,keomany-s,"Keomany, Sommay",,Lao PDR,1,2192
ALL,All domains,paphasiri-v,"Paphasiri, Viladeth",,Lao PDR,1,2193
ALL,All domains,phamisith-c,"Phamisith, Chanthala",,Lao PDR,1,2194
ALL,All domains,sengsavang-s,"Sengsavang, Siho",,Lao PDR,1,2195
ALL,All domains,douangdala-p,"Douangdala, Phouvieng",,Lao PDR,1,2196
ALL,All domains,detleuxay-k,"Detleuxay, Khamsay",,Lao PDR,1,2197
ALL,All domains,rattana-s,"Rattana, Sommana",,Lao PDR,1,2198
ALL,All domains,soumphonphakdy-b,"Soumphonphakdy, Bandith",,Lao PDR,1,2199
ALL,All domains,keoluangkhot-v,"Keoluangkhot, Valy",,Lao PDR,1,2200
ALL,All domains,vandoorn-h,"van Doorn, H Rogier",Oxford University Clinical Research Unit,United Kingdom,1,2201
ALL,All domains,hsiung-a,"Hsiung, Alton",National University of Singapore,Singapore,1,2202
ALL,All domains,fraise-c,"Fraise, Christiana",National University of Singapore,Singapore,1,2203
ALL,All domains,seres-g,"Seres, Gyula",National University of Singapore,Singapore,1,2204
ALL,All domains,chong-l,"Chong, Li Ming",National University of Singapore,Singapore,1,2205
ALL,All domains,you-k,"You, Kui",National University of Singapore,Singapore,1,2206
ALL,All domains,moh-a,"Moh, Angelina",National University of Singapore,Singapore,1,2207
ALL,All domains,su-c,"Su, Chengxun",National University of Singapore,Singapore,1,2208
ALL,All domains,sapanel-y,"Sapanel, Yoann",National University of Singapore,Singapore,1,2209
ALL,All domains,zhuang-i,"Zhuang, Isaiah",National University of Singapore,Singapore,1,2210
ALL,All domains,hooi-l,"Hooi, Lissa",National University of Singapore,Singapore,1,2211
ALL,All domains,ho-d,"Ho, Dean",National University of Singapore,Singapore,1,2212
ALL,All domains,phimolsannousith-v,"Phimolsannousith, Vilayouth",,,1,2213
ALL,All domains,sibounheuang-b,"Sibounheuang, Bountoy",,,1,2214
ALL,All domains,chanthongthip-a,"Chanthongthip, Anisone",,,1,2215
ALL,All domains,luangraj-m,"Luangraj, Manophab",,,1,2216
ALL,All domains,hopkins-h,"Hopkins, Heidi",London School of Hygiene & Tropical Medicine,United Kingdom,1,2217
ALL,All domains,dubotperes-a,"Dubot-Pérès, Audrey",University of Oxford,France,1,2218
ALL,All domains,chavatte-j,"Chavatte, Jean-Marc",National Public Health Laboratory,Singapore,1,2219
ALL,All domains,apisarnthanarak-a,"Apisarnthanarak, Anucha",,Thailand,1,2220
ALL,All domains,ching-p,"Ching, Patricia",University of Hong Kong,Hong Kong SAR,1,2221
ALL,All domains,harrington-g,"Harrington, Glenys",,Australia,1,2222
ALL,All domains,huh-j,"Huh, Jin-Won",,Republic of Korea,1,2223
ALL,All domains,jaggi-n,"Jaggi, Namita",,India,1,2224
ALL,All domains,morikane-k,"Morikane, Keita",,Japan,1,2225
ALL,All domains,poonyathawon-s,"Poonyathawon, Sahadol",,Thailand,1,2226
ALL,All domains,huyen-t,"Huyen, Tran Bang",Oxford University Clinical Research Unit,United Kingdom,1,2227
ALL,All domains,thein-t,"Thein, Tun-Linn",National Centre for Infectious Diseases,Singapore,1,2228
ALL,All domains,le-k,"Le, Khoi Minh",Oxford University Clinical Research Unit,Viet Nam,1,2229
ALL,All domains,luu-t,"Luu, Tran",Oxford University Clinical Research Unit,Viet Nam,1,2230
ALL,All domains,huy-n,"Huy, Nguyen Quang",Oxford University Clinical Research Unit,Viet Nam,1,2231
ALL,All domains,harriss-e,"Harriss, Eli",University of Oxford,United Kingdom,1,2232
ALL,All domains,kain-m,"Kain, Matthew J W",,United Kingdom,1,2233
ALL,All domains,cattrall-j,"Cattrall, Jonathan",University of Oxford,United Kingdom,1,2234
ALL,All domains,naylor-c,"Naylor, Caitlin",University of Oxford,United Kingdom,1,2235
ALL,All domains,munblit-d,"Munblit, Daniel",,Russian Federation,1,2236
ALL,All domains,shu-c,"Shu, Chin Chung",,Taiwan,1,2237
ALL,All domains,chien-y,"Chien, Ying-Chun",,Taiwan,1,2238
ALL,All domains,nyanti-l,"Nyanti, Larry Ellee",,Malaysia,1,2239
ALL,All domains,huan-n,"Huan, Nai-Chien",,Malaysia,1,2240
ALL,All domains,chatterjee-a,"Chatterjee, Aparna",,India,1,2241
ALL,All domains,jash-d,"Jash, Debraj",,India,1,2242
ALL,All domains,ling-k,"Ling, Kwun Cheung",University of Hong Kong,China,1,2243
ALL,All domains,leung-r,"Leung, Roland",University of Hong Kong,China,1,2244
ALL,All domains,hui-d,"Hui, David Shu Cheong",University of Hong Kong,China,1,2245
ALL,All domains,low-v,"Low, Van Lun",University of Malaya,Malaysia,1,2246
ALL,All domains,soe-b,"Soe, Babi Kyi",,Myanmar,1,2247
ALL,All domains,matsuno-k,"Matsuno, Keita",,Japan,1,2248
ALL,All domains,nakao-r,"Nakao, Ryo",,Japan,1,2249
ALL,All domains,goodman-a,"Goodman, Anna L",,United Kingdom,1,2250
ALL,All domains,easom-n,"Easom, Nicholas",,United Kingdom,1,2251
ALL,All domains,bielopolski-d,"Bielopolski, Dana",,United Kingdom,1,2252
ALL,All domains,sutherland-r,"Sutherland, Rebecca K",,United Kingdom,1,2253
ALL,All domains,marks-m,"Marks, Michael",London School of Hygiene & Tropical Medicine,United Kingdom,1,2254
ALL,All domains,hensgens-m,"Hensgens, Marjolein P M",,Netherlands,1,2255
ALL,All domains,bonten-m,"Bonten, Marc",,Netherlands,1,2256
ALL,All domains,bostock-j,"Bostock, Jennifer",,United Kingdom,1,2257
ALL,All domains,walls-g,"Walls, Genevieve",,New Zealand,1,2258
ALL,All domains,boyles-t,"Boyles, Tom",,South Africa,1,2259
ALL,All domains,yahav-d,"Yahav, Dafna",,Israel,1,2260
ALL,All domains,cheng-m,"Cheng, Matthew P",,Canada,1,2261
ALL,All domains,legg-a,"Legg, Amy",,Australia,1,2262
ALL,All domains,paul-m,"Paul, Mical",,Israel,1,2263
ALL,All domains,lescure-f,"Lescure, François-Xavier",,France,1,2264
ALL,All domains,lee-t,"Lee, Todd C",,Canada,1,2265
ALL,All domains,chatfield-m,"Chatfield, Mark D",,Australia,1,2266
ALL,All domains,sulaiman-h,"Sulaiman, Helmi",University of Malaya,Malaysia,1,2267
ALL,All domains,yilmaz-m,"Yilmaz, Mesut",,Türkiye,1,2268
ALL,All domains,salmuna-z,"Salmuna, Zeti Norfidiyati",,Malaysia,1,2269
ALL,All domains,sirijatuphat-r,"Sirijatuphat, Rujipas",Mahidol University,Thailand,1,2270
ALL,All domains,aslan-a,"Aslan, Abdullah T",,Australia,1,2271
ALL,All domains,thamlikitkul-v,"Thamlikitkul, Visanu",Mahidol University,Thailand,1,2272
ALL,All domains,cheng-o,"Cheng, Ong Hang",University of Malaya,Malaysia,1,2273
ALL,All domains,tseng-c,"Tseng, Chien-Hao",,Taiwan,1,2274
ALL,All domains,colaco-c,"Colaco, Clinton M G",,Australia,1,2275
ALL,All domains,hu-l,"Hu, Li-Fen",National University of Singapore,China,1,2276
ALL,All domains,tu-m,"Tu, Meng-Ya",,China,1,2277
ALL,All domains,zhang-d,"Zhang, Ding-Ye",,China,1,2278
ALL,All domains,sun-m,"Sun, Meng-Rui",,China,1,2279
ALL,All domains,thay-s,"Thay, Sovannara",,Singapore,1,2280
ALL,All domains,vantha-t,"Vantha, Te",,Cambodia,1,2281
ALL,All domains,norman-j,"Norman, Judy",,Cambodia,1,2282
ALL,All domains,vanthanax-c,"Vanthanax, Chhut",,Cambodia,1,2283
ALL,All domains,eav-f,"Eav, Fanine",,Cambodia,1,2284
ALL,All domains,goldstein-a,"Goldstein, Amelia R",,United States,1,2285
ALL,All domains,skovronsky-g,"Skovronsky, Gabriella",,United States,1,2286
ALL,All domains,gersh-m,"Gersh, Mallory",,United States,1,2287
ALL,All domains,kopits-i,"Kopits, Isabella",,United States,1,2288
ALL,All domains,okeefe-k,"O'Keefe, Karen",,United States,1,2289
ALL,All domains,okeefe-c,"O'Keefe, Casey",,United States,1,2290
ALL,All domains,bedell-s,"Bedell, Sarah",,United States,1,2291
ALL,All domains,goldstein-g,"Goldstein, Gail",,United States,1,2292
ALL,All domains,guillen-d,"Guillén, Diego",,Costa Rica,1,2293
ALL,All domains,moss-c,"Moss, Chailee",,United States,1,2294
ALL,All domains,cigna-s,"Cigna, Sarah",,United States,1,2295
ALL,All domains,salada-b,"Salada, Brenda Mae Alferez",National University Hospital,Singapore,1,2296
ALL,All domains,pandya-g,"Pandya, Garvi",National University Hospital,Singapore,1,2297
ALL,All domains,hu-x,"Hu, Xin",National University Hospital,Singapore,1,2298
ALL,All domains,fisher-d,"Fisher, Dale Andrew",National University Hospital,Singapore,1,2299
ALL,All domains,abdulqader-a,"Abdulqader, Ali",,Iraq,1,2300
ALL,All domains,arkah-z,"Arkah, Zinah Mohsin",,Iraq,1,2301
ALL,All domains,ali-f,"Ali, Faisal",,Singapore,1,2302
ALL,All domains,shamsir-m,"Shamsir, Mohd Shahir",,Malaysia,1,2303
ALL,All domains,pinton-p,"Pinton, Philippe",,Denmark,1,2304
ALL,All domains,kawano-h,"Kawano, Haruna",,Japan,1,2305
ALL,All domains,patschan-o,"Patschan, Oliver",,Denmark,1,2306
ALL,All domains,ravi-a,"Ravi, Arjun",,Denmark,1,2307
ALL,All domains,nakano-a,"Nakano, Atsushi",,Japan,1,2308
ALL,All domains,auvaro-p,"Auvaro, Philippe",,Japan,1,2309
ALL,All domains,mukherjee-a,"Mukherjee, Apurba",,Singapore,1,2310
ALL,All domains,rahman-n,"Rahman, Nurlilah Ab",Nanyang Technological University,Singapore,1,2311
ALL,All domains,kawai-a,"Kawai, Akito",,Japan,1,2312
ALL,All domains,mcelheny-c,"McElheny, Christi L",,United States,1,2313
ALL,All domains,shields-r,"Shields, Ryan K",,United States,1,2314
ALL,All domains,chiang-s,"Chiang, Suzanna",Environmental Health Institute,Singapore,1,2315
ALL,All domains,koou-s,"Koou, Sin-Ying",Environmental Health Institute,Singapore,1,2316
ALL,All domains,abdolrahman-m,"Abdol Rahman, Mohd Zulkefli",National Environment Agency,Singapore,1,2317
ALL,All domains,ng-p,"Ng, Pearly Shuyi",Experimental Drug Development Centre,Singapore,1,2318
ALL,All domains,lakshmanan-u,"Lakshmanan, Umayal",Experimental Drug Development Centre,Singapore,1,2319
ALL,All domains,mathiyazakan-v,"Mathiyazakan, Vikneswaran",Nanyang Technological University,Singapore,1,2320
ALL,All domains,ang-s,"Ang, Shi Hua",Experimental Drug Development Centre,Singapore,1,2321
ALL,All domains,linsim-s,"Lin Sim, Sandra Wei",Experimental Drug Development Centre,Singapore,1,2322
ALL,All domains,gruber-g,"Grüber, Gerhard",Nanyang Technological University,Singapore,1,2323
ALL,All domains,davidson-s,"Davidson, Silas",,,1,2324
ALL,All domains,lindroth-e,"Lindroth, Erica",,Thailand,1,2325
ALL,All domains,rigby-l,"Rigby, Lisa",,,1,2326
ALL,All domains,mann-a,"Mann, Alyssa",,Thailand,1,2327
ALL,All domains,chow-w,"Chow, Weng",,,1,2328
ALL,All domains,petousisharris-d,"Petousis-Harris, Danyon",,New Zealand,1,2329
ALL,All domains,hunn-s,"Hunn, Steve",,New Zealand,1,2330
ALL,All domains,buekerman-c,"Buekerman, Christopher",,New Zealand,1,2331
ALL,All domains,frances-s,"Frances, Stephen",,,1,2332
ALL,All domains,debboun-m,"Debboun, Mustapha",,,1,2333
ALL,All domains,adams-a,"Adams, Alexandra M",,United States,1,2334
ALL,All domains,pimentel-e,"Pimentel, Edward B",,United States,1,2335
ALL,All domains,loh-n,"Loh, N Duane",National University of Singapore,Singapore,1,2336
ALL,All domains,gidi-y,"Gidi, Yasser",,United States,1,2337
ALL,All domains,hein-l,"Hein, Linus A",,United States,1,2338
ALL,All domains,eisenstein-m,"Eisenstein, Michael",,United States,1,2339
ALL,All domains,soh-h,"Soh, H Tom",,United States,1,2340
ALL,All domains,cheong-t,"Cheong, Teddy",Changi General Hospital,Singapore,1,2341
ALL,All domains,mehta-k,"Mehta, Kinjal",Changi General Hospital,Singapore,1,2342
ALL,All domains,alvarezfraga-l,"Álvarez-Fraga, Laura",,France,1,2343
ALL,All domains,amarasiri-m,"Amarasiri, Mohan",,Japan,1,2344
ALL,All domains,arnal-c,"Arnal, Charlotte",,France,1,2345
ALL,All domains,bellanger-x,"Bellanger, Xavier",,France,1,2346
ALL,All domains,benoit-p,"Benoit, Pierre",,France,1,2347
ALL,All domains,berendonk-t,"Berendonk, Thomas",,Germany,1,2348
ALL,All domains,bourdin-t,"Bourdin, Thibault",,France,1,2349
ALL,All domains,carson-c,"Carson, Carolee Anne",,Canada,1,2350
ALL,All domains,cytryn-e,"Cytryn, Eddie",,Israel,1,2351
ALL,All domains,dellanegra-o,"Della-Negra, Oriane",,France,1,2352
ALL,All domains,dicesare-a,"Di Cesare, Andrea",,Italy,1,2353
ALL,All domains,djordjevic-s,"Djordjevic, Steven P",,Australia,1,2354
ALL,All domains,drigo-b,"Drigo, Barbara",,Australia,1,2355
ALL,All domains,donner-e,"Donner, Erica",,Australia,1,2356
ALL,All domains,drei-p,"Drei, Pietro",,Italy,1,2357
ALL,All domains,frigon-d,"Frigon, Dominic",,Canada,1,2358
ALL,All domains,gagoferrero-p,"Gago-Ferrero, Pablo",,Spain,1,2359
ALL,All domains,gaze-w,"Gaze, William H",,United Kingdom,1,2360
ALL,All domains,yewhoonggin-k,"Yew-Hoong Gin, Karina",National University of Singapore,Singapore,1,2361
ALL,All domains,greenwald-d,"Greenwald, Danny",,Israel,1,2362
ALL,All domains,guo-b,"Guo, Bing",,United Kingdom,1,2363
ALL,All domains,hocquet-d,"Hocquet, Didier",,France,1,2364
ALL,All domains,honda-r,"Honda, Ryo",,Japan,1,2365
ALL,All domains,lejeune-j,"LeJeune, Jeffrey",,Italy,1,2366
ALL,All domains,lemarechal-c,"Le Maréchal, Caroline",,France,1,2367
ALL,All domains,maffettone-r,"Maffettone, Roberta",,Italy,1,2368
ALL,All domains,manaia-c,"Manaia, Célia M",,Portugal,1,2369
ALL,All domains,martak-d,"Martak, Daniel",,France,1,2370
ALL,All domains,martinlaurent-f,"Martin-Laurent, Fabrice",,France,1,2371
ALL,All domains,merlin-c,"Merlin, Christophe",,France,1,2372
ALL,All domains,mrozinski-a,"Mrozinski, Alexandre",,France,1,2373
ALL,All domains,patureau-d,"Patureau, Dominique",,France,1,2374
ALL,All domains,pollice-a,"Pollice, Alfieri",,Italy,1,2375
ALL,All domains,pruden-a,"Pruden, Amy",,United States,1,2376
ALL,All domains,vandenakker-b,"van den Akker, Ben",,Australia,1,2377
ALL,All domains,vasileiadis-s,"Vasileiadis, Sotirios",,Greece,1,2378
ALL,All domains,wery-n,"Wéry, Nathalie",,France,1,2379
ALL,All domains,topp-e,"Topp, Edward",,Canada,1,2380
ALL,All domains,perezramirez-i,"Pérez-Ramírez, Ian",,Chile,1,2381
ALL,All domains,galvezsilva-m,"Gálvez-Silva, Matías",,Chile,1,2382
ALL,All domains,ramos-a,"Ramos, Antonia",,Chile,1,2383
ALL,All domains,bravo-m,"Bravo, Miranda",,Chile,1,2384
ALL,All domains,chavez-f,"Chávez, Francisco P",,Chile,1,2385
ALL,All domains,marcoleta-a,"Marcoleta, Andrés E",,Chile,1,2386
ALL,All domains,song-y,"Song, Yongteng",Nanyang Technological University,China,1,2387
ALL,All domains,gao-x,"Gao, Xinchao",Nanyang Technological University,Singapore,1,2388
ALL,All domains,hu-q,"Hu, Qingxi",,China,1,2389
ALL,All domains,mu-r,"Mu, Rong",National University of Singapore,Singapore,1,2390
ALL,All domains,ho-v,"Ho, Vanessa",,Singapore,1,2391
ALL,All domains,toh-s,"Toh, Sook Lin",,Singapore,1,2392
ALL,All domains,koh-s,"Koh, Shermaine",,Singapore,1,2393
ALL,All domains,pancadarma-n,"Pancadarma, Nur Binte Sarah",,Singapore,1,2394
ALL,All domains,liao-d,"Liao, Dan",National University of Singapore,Singapore,1,2395
ALL,All domains,kini-r,"Kini, R Manjunatha",National University of Singapore,Singapore,1,2396
ALL,All domains,mok-y,"Mok, Yu Keung",National University of Singapore,Singapore,1,2397
ALL,All domains,lackritz-e,"Lackritz, Eve M",,United States,1,2398
ALL,All domains,marques-e,"Marques, Ernesto T A",,Brazil,1,2399
ALL,All domains,bourne-n,"Bourne, Nigel",,United States,1,2400
ALL,All domains,staples-j,"Staples, J Erin",US Centers for Disease Control and Prevention,United States,1,2401
ALL,All domains,harris-e,"Harris, Eva",,United States,1,2402
ALL,All domains,brault-a,"Brault, Aaron C",US Centers for Disease Control and Prevention,United States,1,2403
ALL,All domains,ko-a,"Ko, Albert I",,Brazil,1,2404
ALL,All domains,beasley-d,"Beasley, David W C",,United States,1,2405
ALL,All domains,leighton-t,"Leighton, Tabitha",,United States,1,2406
ALL,All domains,wildersmith-a,"Wilder-Smith, Annelies",World Health Organization,Switzerland,1,2407
ALL,All domains,ostrowsky-j,"Ostrowsky, Julia T",,United States,1,2408
ALL,All domains,mehr-a,"Mehr, Angela J",,United States,1,2409
ALL,All domains,ulrich-a,"Ulrich, Angela K",,United States,1,2410
ALL,All domains,golding-j,"Golding, Josephine P",,United Kingdom,1,2411
ALL,All domains,fay-p,"Fay, Petra C",,United Kingdom,1,2412
ALL,All domains,cehovin-a,"Cehovin, Ana",,United Kingdom,1,2413
ALL,All domains,moua-n,"Moua, Nicolina M",,United States,1,2414
ALL,All domains,moore-k,"Moore, Kristine A",,United States,1,2415
ALL,All domains,osterholm-m,"Osterholm, Michael T",,United States,1,2416
ALL,All domains,barrett-a,"Barrett, Alan D T",,United States,1,2417
ALL,All domains,cifuentesgonzalez-c,"Cifuentes-González, Carlos",Tan Tock Seng Hospital,Colombia,1,2418
ALL,All domains,walter-c,"Walter, Cheong Fu Yuan",National University of Singapore,Singapore,1,2419
ALL,All domains,mejiasalgado-g,"Mejía-Salgado, Germán",,Colombia,1,2420
ALL,All domains,letong-y,"Le Tong, Yong",Universitas Indonesia,Indonesia,1,2421
ALL,All domains,chan-r,"Chan, Reo",Universitas Indonesia,Indonesia,1,2422
ALL,All domains,rojascarabali-w,"Rojas-Carabali, William",Nanyang Technological University,Singapore,1,2423
ALL,All domains,song-x,"Song, Xin Ying Rachel",Tan Tock Seng Hospital,Singapore,1,2424
ALL,All domains,mobasserian-a,"Mobasserian, Azadeh",,United States,1,2425
ALL,All domains,nora-r,"Nora, Rina La Distia",,Netherlands,1,2426
ALL,All domains,pulido-j,"Pulido, Jose S",,United States,1,2427
ALL,All domains,kempen-j,"Kempen, John H",Harvard University,Ethiopia,1,2428
ALL,All domains,delatorre-a,"de-la-Torre, Alejandra",,Colombia,1,2429
ALL,All domains,rosenbaum-j,"Rosenbaum, James T",,United States,1,2430
ALL,All domains,giallongo-e,"Giallongo, Elisa",,United Kingdom,1,2431
ALL,All domains,munkhjargal-g,"Munkhjargal, Ganzorig",,Mongolia,1,2432
ALL,All domains,khukhuukhen-z,"Khukhuukhen, Zayakhuu",,Mongolia,1,2433
ALL,All domains,bolormaa-e,"Bolormaa, Enkhjin",,Mongolia,1,2434
ALL,All domains,raash-e,"Raash, Enkhtuvshin",,Mongolia,1,2435
ALL,All domains,nyamdavaa-n,"Nyamdavaa, Naranbat",,Mongolia,1,2436
ALL,All domains,bronson-g,"Bronson, Gay",,United States,1,2437
ALL,All domains,naidu-k,"Naidu, Kuhanesan N C",National University Health System,Singapore,1,2438
ALL,All domains,ching-c,"Ching, Chia Siok",National University Health System,Singapore,1,2439
ALL,All domains,chia-t,"Chia, Timothy Pang Chern",National University Health System,Singapore,1,2440
ALL,All domains,sari-c,"Sari, Cut Yulia Indah",,Indonesia,1,2441
ALL,All domains,faqirzai-j,"Faqirzai, Jamil",,,1,2442
ALL,All domains,beauchamp-j,"Beauchamp, Jude",,Haiti,1,2443
ALL,All domains,nkunkanyirazo-p,"Nkunkanyirazo, Patrick",,,1,2444
ALL,All domains,algozhin-y,"Algozhin, Yerkebulan",,,1,2445
ALL,All domains,saki-n,"Saki, Nazis Arefin",,Bangladesh,1,2446
ALL,All domains,fatima-r,"Fatima, Razia",,Pakistan,1,2447
ALL,All domains,naing-y,"Naing, Ye Yint",,Myanmar,1,2448
ALL,All domains,murali-s,"Murali, Shravya",Duke-NUS Medical School,Singapore,1,2449
ALL,All domains,aravindhan-a,"Aravindhan, Amudha",Duke-NUS Medical School,Singapore,1,2450
ALL,All domains,wong-w,"Wong, Wei Jian",Environmental Health Institute,Singapore,1,2451
ALL,All domains,verkaik-m,"Verkaik, Matthew Gregory",Environmental Health Institute,Singapore,1,2452
ALL,All domains,permana-b,"Permana, Budi",,Australia,1,2453
ALL,All domains,falconer-c,"Falconer, Caitlin",,Australia,1,2454
ALL,All domains,mayercoverdale-j,"Mayer-Coverdale, Johanna",,Australia,1,2455
ALL,All domains,robson-j,"Robson, Jennifer",,Australia,1,2456
ALL,All domains,cuddihy-t,"Cuddihy, Thom",,Australia,1,2457
ALL,All domains,schembri-m,"Schembri, Mark A",,Australia,1,2458
ALL,All domains,forde-b,"Forde, Brian M",,Australia,1,2459
ALL,All domains,shi-m,"Shi, Minjuan",,China,1,2460
ALL,All domains,liao-y,"Liao, Yu",,China,1,2461
ALL,All domains,qin-t,"Qin, Tongxue",,China,1,2462
ALL,All domains,wen-z,"Wen, Ziyu",,China,1,2463
ALL,All domains,ye-l,"Ye, Li",,China,1,2464
ALL,All domains,liang-h,"Liang, Hao",,China,1,2465
ALL,All domains,sun-c,"Sun, Caijun",,China,1,2466
ALL,All domains,bousfield-r,"Bousfield, Rachel",,United Kingdom,1,2467
ALL,All domains,kappeler-r,"Kappeler, Ruth",,United Kingdom,1,2468
ALL,All domains,pai-s,"Pai, Sumita",,United Kingdom,1,2469
ALL,All domains,allen-o,"Allen, Olly",,United Kingdom,1,2470
ALL,All domains,randall-k,"Randall, Kathy",,United Kingdom,1,2471
ALL,All domains,keane-j,"Keane, Jacqueline",,United Kingdom,1,2472
ALL,All domains,angkodjojo-s,"Angkodjojo, Stanley",Sengkang General Hospital,Singapore,1,2473
ALL,All domains,cheung-p,"Cheung, Peter Pak Moon",National University Hospital,Singapore,1,2474
ALL,All domains,chew-l,"Chew, Li-Ching",Singapore General Hospital,Singapore,1,2475
ALL,All domains,choong-c,"Choong, Caroline Victoria",Tan Tock Seng Hospital,Singapore,1,2476
ALL,All domains,fong-w,"Fong, Warren",Singapore General Hospital,Singapore,1,2477
ALL,All domains,law-w,"Law, Weng Giap",,Singapore,1,2478
ALL,All domains,manghani-m,"Manghani, Mona",Tan Tock Seng Hospital,Singapore,1,2479
ALL,All domains,teng-g,"Teng, Gim Gee",Alexandra Hospital,Singapore,1,2480
ALL,All domains,lahiri-m,"Lahiri, Manjari",National University Hospital,Singapore,1,2481
ALL,All domains,kyiwin-k,"Kyi-Win, KhinMar",National Centre for Infectious Diseases,Singapore,1,2482
ALL,All domains,oh-k,"Oh, Kyung Hyun",World Health Organization,Philippines,1,2483
ALL,All domains,yanagawa-m,"Yanagawa, Manami",World Health Organization,Philippines,1,2484
ALL,All domains,miller-c,"Miller, Cecily",World Health Organization,Switzerland,1,2485
ALL,All domains,falzon-d,"Falzon, Dennis",World Health Organization,Switzerland,1,2486
ALL,All domains,kanchar-a,"Kanchar, Avinash",World Health Organization,Switzerland,1,2487
ALL,All domains,choi-y,"Choi, Youngeun",,Republic of Korea,1,2488
ALL,All domains,morishita-f,"Morishita, Fukushi",World Health Organization,Philippines,1,2489
ALL,All domains,rahevar-k,"Rahevar, Kalpeshsinh",World Health Organization,Philippines,1,2490
ALL,All domains,yadav-r,"Yadav, Rajendra Prasad Hubraj",World Health Organization,Philippines,1,2491
ALL,All domains,tran-h,"Tran, Huong Thi Giang",World Health Organization,Philippines,1,2492
ALL,All domains,ratnakumar-s,"Ratnakumar, Sharina",,United Kingdom,1,2493
ALL,All domains,hayward-s,"Hayward, Sally E",,United Kingdom,1,2494
ALL,All domains,denneny-e,"Denneny, Emma K",,United Kingdom,1,2495
ALL,All domains,goldsmith-l,"Goldsmith, Lucy P",,United Kingdom,1,2496
ALL,All domains,evans-r,"Evans, Rebecca",,United Kingdom,1,2497
ALL,All domains,checkley-w,"Checkley, William",Johns Hopkins University,United States,1,2498
ALL,All domains,goletti-d,"Goletti, Delia",,Italy,1,2499
ALL,All domains,gotowiec-m,"Gotowiec, Mateusz",,Poland,1,2500
ALL,All domains,friedland-j,"Friedland, Jon S",,United Kingdom,1,2501
ALL,All domains,porter-j,"Porter, Joanna C",,United Kingdom,1,2502
ALL,All domains,xuan-q,"Xuan, Qize",,China,1,2503
ALL,All domains,qiao-x,"Qiao, Xinchi",,China,1,2504
ALL,All domains,feng-y,"Feng, Yifan",,China,1,2505
ALL,All domains,yu-x,"Yu, Xinyu",,China,1,2506
ALL,All domains,cai-j,"Cai, Jiazhe",,China,1,2507
ALL,All domains,jin-t,"Jin, Tonghui",,Switzerland,1,2508
ALL,All domains,liu-b,"Liu, Bin",,Switzerland,1,2509
ALL,All domains,peydayesh-m,"Peydayesh, Mohammad",,Switzerland,1,2510
ALL,All domains,su-j,"Su, Jiaqi",,Switzerland,1,2511
ALL,All domains,fischer-p,"Fischer, Peter",,Switzerland,1,2512
ALL,All domains,mezzenga-r,"Mezzenga, Raffaele",,Switzerland,1,2513
ALL,All domains,tan-f,"Tan, Faith",National Skin Centre,Singapore,1,2514
ALL,All domains,song-h,"Song, Haolong",National University of Singapore,Singapore,1,2515
ALL,All domains,yang-g,"Yang, Guo Jing",National University of Singapore,Singapore,1,2516
ALL,All domains,lim-n,"Lim, Nigel W H",National University of Singapore,Singapore,1,2517
ALL,All domains,seddon-j,"Seddon, James A",Imperial College London,South Africa,1,2518
ALL,All domains,achar-j,"Achar, Jay",,South Africa,1,2519
ALL,All domains,hughes-j,"Hughes, Jennifer",,South Africa,1,2520
ALL,All domains,burzynski-j,"Burzynski, Joseph",,United States,1,2521
ALL,All domains,dravniece-g,"Dravniece, Gunta",,Ukraine,1,2522
ALL,All domains,furin-j,"Furin, Jennifer",Harvard University,United States,1,2523
ALL,All domains,geliukh-e,"Geliukh, Evgenia",,Ukraine,1,2524
ALL,All domains,goncharova-o,"Goncharova, Olga",,,1,2525
ALL,All domains,harries-a,"Harries, Anthony D",London School of Hygiene & Tropical Medicine,France,1,2526
ALL,All domains,hesseling-a,"Hesseling, Anneke C",,South Africa,1,2527
ALL,All domains,nguyen-b,"Nguyen, Binh Hoa",,Viet Nam,1,2528
ALL,All domains,kavenga-f,"Kavenga, Fungai",,Zimbabwe,1,2529
ALL,All domains,kock-y,"Kock, Yulene",,South Africa,1,2530
ALL,All domains,liu-q,"Liu, Qiao",,China,1,2531
ALL,All domains,mesic-a,"Mesic, Anita",,Belgium,1,2532
ALL,All domains,moore-d,"Moore, David A J",London School of Hygiene & Tropical Medicine,United Kingdom,1,2533
ALL,All domains,mubanga-a,"Mubanga, Angel",,Zambia,1,2534
ALL,All domains,nilsen-d,"Nilsen, Diana",,United States,1,2535
ALL,All domains,reuter-a,"Reuter, Anja",,South Africa,1,2536
ALL,All domains,satyanarayana-s,"Satyanarayana, Srinath",,France,1,2537
ALL,All domains,schaaf-h,"Schaaf, H Simon",,South Africa,1,2538
ALL,All domains,schoeman-i,"Schoeman, Ingrid",,South Africa,1,2539
ALL,All domains,udwadia-z,"Udwadia, Zarir",,India,1,2540
ALL,All domains,martinez-l,"Martinez, Leonardo",,United States,1,2541
ALL,All domains,pereira-j,"Pereira, Jarett Vanz-Brian",Singapore General Hospital,Singapore,1,2542
ALL,All domains,pandey-d,"Pandey, Divya",KK Women's and Children's Hospital,Singapore,1,2543
ALL,All domains,logarajah-v,"Logarajah, Veena",KK Women's and Children's Hospital,Singapore,1,2544
ALL,All domains,goh-l,"Goh, Lynette",KK Women's and Children's Hospital,Singapore,1,2545
ALL,All domains,choo-j,"Choo, Jonathan",KK Women's and Children's Hospital,Singapore,1,2546
ALL,All domains,wai-p,"Wai, Pui Ling",KK Women's and Children's Hospital,Singapore,1,2547
ALL,All domains,chiou-f,"Chiou, Fang Kuan",KK Women's and Children's Hospital,Singapore,1,2548
ALL,All domains,cabahug-m,"Cabahug, Maria Theresa",Changi General Hospital,Singapore,1,2549
ALL,All domains,chai-h,"Chai, Hairu",Changi General Hospital,Singapore,1,2550
ALL,All domains,an-r,"An, Rongyan",Changi General Hospital,Singapore,1,2551
ALL,All domains,teoh-n,"Teoh, Nicole Shu Ning",Changi General Hospital,Singapore,1,2552
ALL,All domains,yu-l,"Yu, Liang Fang",Changi General Hospital,Singapore,1,2553
ALL,All domains,alias-z,"Alias, Zaleha Binte",Changi General Hospital,Singapore,1,2554
ALL,All domains,foo-s,"Foo, Shi Yun",Sengkang General Hospital,Singapore,1,2555
ALL,All domains,nasir-s,"Nasir, Suhailah Binte",Changi General Hospital,Singapore,1,2556
ALL,All domains,liew-p,"Liew, Philomena",Changi General Hospital,Singapore,1,2557
ALL,All domains,yam-l,"Yam, Lo Yan Esabelle",National University of Singapore,Singapore,1,2558
ALL,All domains,sameth-s,"Sameth, Sovannarith",,Cambodia,1,2559
ALL,All domains,ngauv-b,"Ngauv, Bora",,Cambodia,1,2560
ALL,All domains,grinyoescuer-a,"Grinyo-Escuer, Ariadna",,United States,1,2561
ALL,All domains,reddy-s,"Reddy, Srikar",,United States,1,2562
ALL,All domains,chenine-a,"Chenine, Agnes L",,United States,1,2563
ALL,All domains,whitbeck-j,"Whitbeck, J Charles",,United States,1,2564
ALL,All domains,jacobsen-s,"Jacobsen, Sonya",,United States,1,2565
ALL,All domains,sheetz-a,"Sheetz, Allison",,United States,1,2566
ALL,All domains,doolan-k,"Doolan, Kyle",,United States,1,2567
ALL,All domains,norden-d,"Norden, Diana M",,United States,1,2568
ALL,All domains,frey-n,"Frey, Nolan",,United States,1,2569
ALL,All domains,holtsberg-f,"Holtsberg, Frederick W",,United States,1,2570
ALL,All domains,aman-m,"Aman, M Javad",,United States,1,2571
ALL,All domains,fink-k,"Fink, Katja","Agency for Science, Technology and Research",Singapore,1,2572
ALL,All domains,diamond-m,"Diamond, Michael S",,United States,1,2573
ALL,All domains,schieffelin-j,"Schieffelin, John S",,United States,1,2574
ALL,All domains,crowe-j,"Crowe, James E",,United States,1,2575
ALL,All domains,davidson-e,"Davidson, Edgar",,United States,1,2576
ALL,All domains,doranz-b,"Doranz, Benjamin J",,United States,1,2577
ALL,All domains,nandakumar-v,"Nandakumar, Vivekanathan",,Singapore,1,2578
ALL,All domains,krishnan-s,"Krishnan, Satheeskumar",,Singapore,1,2579
ALL,All domains,yee-s,"Yee, Sidney",,Singapore,1,2580
ALL,All domains,pholpong-c,"Pholpong, Chavis",,Thailand,1,2581
ALL,All domains,pankam-t,"Pankam, Tippawan",,Thailand,1,2582
ALL,All domains,buranapraditkun-s,"Buranapraditkun, Supranee",,Thailand,1,2583
ALL,All domains,kitkumthorn-n,"Kitkumthorn, Nakarin",,Thailand,1,2584
ALL,All domains,bhattarakosol-p,"Bhattarakosol, Parvapan",,Thailand,1,2585
ALL,All domains,chaiwongkot-a,"Chaiwongkot, Arkom",,Thailand,1,2586
ALL,All domains,saenjun-p,"Saenjun, Pairin",Mahidol University,Thailand,1,2587
ALL,All domains,vongsirimas-n,"Vongsirimas, Nopporn",Mahidol University,Thailand,1,2588
ALL,All domains,klaininyobas-p,"Klainin-Yobas, Piyanee",National University of Singapore,Singapore,1,2589
ALL,All domains,moretti-r,"Moretti, Riccardo",,Italy,1,2590
ALL,All domains,ferreira-a,"Ferreira, Alvaro Gil Araujo",,Brazil,1,2591
ALL,All domains,ponti-l,"Ponti, Luigi",,Italy,1,2592
ALL,All domains,giovanetti-m,"Giovanetti, Marta",,Brazil,1,2593
ALL,All domains,tewari-p,"Tewari, Pranav",Nanyang Technological University,Singapore,1,2594
ALL,All domains,cholvi-m,"Cholvi, Maria",,Spain,1,2595
ALL,All domains,crawford-j,"Crawford, Jacob",,United States,1,2596
ALL,All domains,gutierrez-a,"Gutierrez, Andrew Paul",,United States,1,2597
ALL,All domains,dobson-s,"Dobson, Stephen L",,United States,1,2598
ALL,All domains,ross-p,"Ross, Perran A",University of Melbourne,Australia,1,2599
ALL,All domains,corpuz-c,"Corpuz, Carmen",,Philippines,1,2600
ALL,All domains,keng-b,"Keng, Bryan M H",National University of Singapore,Singapore,1,2601
ALL,All domains,han-p,"Han, Pandora",Singapore Food Agency,Singapore,1,2602
ALL,All domains,aung-k,"Aung, Kyaw Thu",Nanyang Technological University,Singapore,1,2603
ALL,All domains,khor-w,"Khor, Wei Ching",Singapore Food Agency,Singapore,1,2604
ALL,All domains,loo-l,"Loo, Liat Hui",KK Women's and Children's Hospital,Singapore,1,2605
ALL,All domains,oon-l,"Oon, Lynette",National University of Singapore,Singapore,1,2606
ALL,All domains,koh-t,"Koh, Tse Hsien",National University of Singapore,Singapore,1,2607
ALL,All domains,boucher-y,"Boucher, Yann Felix",National University of Singapore,Singapore,1,2608
ALL,All domains,ji-x,"Ji, X",Singapore General Hospital,Singapore,1,2609
ALL,All domains,ismail-b,"Ismail, B S",Singapore General Hospital,Singapore,1,2610
ALL,All domains,cousins-c,"Cousins, Christopher",National University of Singapore,Singapore,1,2611
ALL,All domains,ng-n,"Ng, Nan-Kai",National University of Singapore,Singapore,1,2612
ALL,All domains,suresh-c,"Suresh, Celina",National University of Singapore,Singapore,1,2613
ALL,All domains,kusmiati-t,"Kusmiati, Tutik",,Indonesia,1,2614
ALL,All domains,ruslami-r,"Ruslami, Rovina",,Indonesia,1,2615
ALL,All domains,djaharuddin-i,"Djaharuddin, Irawaty",,Indonesia,1,2616
ALL,All domains,sugiri-j,"Sugiri, Jani J R",,Indonesia,1,2617
ALL,All domains,veto-r,"Veto, Rholine S",,Philippines,1,2618
ALL,All domains,sekaggyawiltshire-c,"Sekaggya-Wiltshire, Christine",,Uganda,1,2619
ALL,All domains,saini-j,"Saini, Jitendra Kumar",,India,1,2620
ALL,All domains,papineni-p,"Papineni, Padmasayee",National University of Singapore,Singapore,1,2621
ALL,All domains,crook-a,"Crook, Angela M",,United Kingdom,1,2622
ALL,All domains,qiao-w,"Qiao, Wenjie",,,1,2623
ALL,All domains,xie-x,"Xie, Xuping",,,1,2624
ALL,All domains,shi-p,"Shi, Pei-Yong",,,1,2625
ALL,All domains,ooi-y,"Ooi, Yaw Shin",A*STAR Infectious Diseases Labs,Singapore,1,2626
ALL,All domains,carette-j,"Carette, Jan E",,,1,2627
ALL,All domains,yong-m,"Yong, Melvin",National University of Singapore,Singapore,1,2628
ALL,All domains,low-w,"Low, Wen Wen",National University of Singapore,Singapore,1,2629
ALL,All domains,mishra-s,"Mishra, Swapnil",National University of Singapore,Singapore,1,2630
ALL,All domains,williams-g,"Williams, Galain",,Australia,1,2631
ALL,All domains,mileto-s,"Mileto, Steven",,Australia,1,2632
ALL,All domains,chwa-c,"Chwa, Channe",National University of Singapore,Singapore,1,2633
ALL,All domains,oo-g,"Oo, Guodong",National University of Singapore,Singapore,1,2634
ALL,All domains,lyras-d,"Lyras, Dena",,Australia,1,2635
ALL,All domains,chew-n,"Chew, Natalie",National University Hospital,Singapore,1,2636
ALL,All domains,yun-s,"Yun, Sean",National University of Singapore,Singapore,1,2637
ALL,All domains,tung-g,"Tung, Grace",National University Health System,Singapore,1,2638
ALL,All domains,yin-m,"Yin, Mo",Mahidol University,Singapore,1,2639
ALL,All domains,s-a,"S, Abi Manesh",National University of Singapore,India,1,2640
ALL,All domains,choo-y,"Choo, Yun Ying",National University of Singapore,Singapore,1,2641
ALL,All domains,chua-j,"Chua, John Jia En",National University of Singapore,Singapore,1,2642
ALL,All domains,foo-m,"Foo, Mabel Zhi Qi",Singapore General Hospital,Singapore,1,2643
ALL,All domains,yong-y,"Yong, Yang",Singapore General Hospital,Singapore,1,2644
ALL,All domains,oo-a,"Oo, Aung Myat",Singapore General Hospital,Singapore,1,2645
ALL,All domains,chan-d,"Chan, Darius Yak Weng",Singapore General Hospital,Singapore,1,2646
ALL,All domains,lui-g,"Lui, Grace",University of Hong Kong,Hong Kong SAR,1,2647
ALL,All domains,leung-j,"Leung, Jason",University of Hong Kong,Hong Kong SAR,1,2648
ALL,All domains,li-g,"Li, Guanlin",University of Hong Kong,Hong Kong SAR,1,2649
ALL,All domains,wong-v,"Wong, Vivian",University of Hong Kong,Hong Kong SAR,1,2650
ALL,All domains,shanlee-s,"Shan Lee, Shui",University of Hong Kong,Hong Kong SAR,1,2651
ALL,All domains,kwok-t,"Kwok, Timothy",University of Hong Kong,Hong Kong SAR,1,2652
ALL,All domains,finch-e,"Finch, Emilie",London School of Hygiene & Tropical Medicine,United Kingdom,1,2653
ALL,All domains,kucharski-a,"Kucharski, Adam",London School of Hygiene & Tropical Medicine,United Kingdom,1,2654
ALL,All domains,lowe-r,"Lowe, Rachel",London School of Hygiene & Tropical Medicine,Singapore,1,2655
ALL,All domains,thu-w,"Thu, Win Pa Pa",National University of Singapore,Singapore,1,2656
ALL,All domains,kityo-c,"Kityo, Cissy",,Uganda,1,2657
ALL,All domains,mambule-i,"Mambule, Ivan K",,Uganda,1,2658
ALL,All domains,musaazi-j,"Musaazi, Joseph",,Uganda,1,2659
ALL,All domains,sokhela-s,"Sokhela, Simiso",,South Africa,1,2660
ALL,All domains,mugerwa-h,"Mugerwa, Henry",,Uganda,1,2661
ALL,All domains,yawe-i,"Yawe, Ibrahim",,Uganda,1,2662
ALL,All domains,cresswell-f,"Cresswell, Fiona",London School of Hygiene & Tropical Medicine,Uganda,1,2663
ALL,All domains,siika-a,"Siika, Abraham",,Kenya,1,2664
ALL,All domains,kosgei-j,"Kosgei, Josphat",,Kenya,1,2665
ALL,All domains,shah-r,"Shah, Reena",,Kenya,1,2666
ALL,All domains,opiyo-k,"Opiyo, Kimton",,Uganda,1,2667
ALL,All domains,otike-c,"Otike, Caroline",,Uganda,1,2668
ALL,All domains,moller-k,"Möller, Karlien",,South Africa,1,2669
ALL,All domains,okwero-m,"Okwero, Max",,Uganda,1,2670
ALL,All domains,wambui-c,"Wambui, Charity",,Kenya,1,2671
ALL,All domains,vaneygen-v,"Van Eygen, Veerle",,Belgium,1,2672
ALL,All domains,mohammed-p,"Mohammed, Perry",,United Kingdom,1,2673
ALL,All domains,addoboateng-f,"Addo Boateng, Fafa",,Ghana,1,2674
ALL,All domains,leong-r,"Leong, Rachel W",Tan Tock Seng Hospital,Singapore,1,2675
ALL,All domains,gan-j,"Gan, Jereme Y",Tan Tock Seng Hospital,Singapore,1,2676
ALL,All domains,velasquez-g,"Velásquez, Gustavo E",,United States,1,2677
ALL,All domains,gouillou-m,"Gouillou, Maelenn",,France,1,2678
ALL,All domains,ali-m,"Ali, Muhammad Hammad",,Pakistan,1,2679
ALL,All domains,amjad-s,"Amjad, Samreen",,Pakistan,1,2680
ALL,All domains,kamal-f,"Kamal, Farees",,Pakistan,1,2681
ALL,All domains,abubakirov-a,"Abubakirov, Amanzhan",,,1,2682
ALL,All domains,ardizzoni-e,"Ardizzoni, Elisa",,Belgium,1,2683
ALL,All domains,baudin-e,"Baudin, Elisabeth",,France,1,2684
ALL,All domains,bektassov-s,"Bektassov, Sagit",,,1,2685
ALL,All domains,berry-c,"Berry, Catherine",,United Kingdom,1,2686
ALL,All domains,bonnet-m,"Bonnet, Maryline",,France,1,2687
ALL,All domains,chavan-v,"Chavan, Vijay",,India,1,2688
ALL,All domains,coutisson-s,"Coutisson, Sylvine",,Switzerland,1,2689
ALL,All domains,dakenova-z,"Dakenova, Zhanna",,,1,2690
ALL,All domains,dejong-b,"de Jong, Bouke Catherine",,Belgium,1,2691
ALL,All domains,dinh-l,"Dinh, Luong Van",,Viet Nam,1,2692
ALL,All domains,ferlazzo-g,"Ferlazzo, Gabriella",,Switzerland,1,2693
ALL,All domains,lecca-l,"Lecca, Leonid",Harvard University,Peru,1,2694
ALL,All domains,mcilleron-h,"McIlleron, Helen",,South Africa,1,2695
ALL,All domains,mikanda-k,"Mikanda, Kwabisha Kunda",,,1,2696
ALL,All domains,mucchingtoscano-s,"Mucching-Toscano, Sergio",,Peru,1,2697
ALL,All domains,mulders-w,"Mulders, Wim",,Belgium,1,2698
ALL,All domains,mushtaque-h,"Mushtaque, Hebah",,Pakistan,1,2699
ALL,All domains,nahid-p,"Nahid, Payam",,United States,1,2700
ALL,All domains,nguyen-d,"Nguyen, Dong Van",,Viet Nam,1,2701
ALL,All domains,nguyen-n,"Nguyen, Nhung Viet",,Viet Nam,1,2702
ALL,All domains,motta-i,"Motta, Ilaria",,Switzerland,1,2703
ALL,All domains,panda-s,"Panda, Samiran",,India,1,2704
ALL,All domains,patil-s,"Patil, Sandip",,India,1,2705
ALL,All domains,phan-d,"Phan, Dat Thuong",,Viet Nam,1,2706
ALL,All domains,phan-h,"Phan, Ha Thi Thu",,United States,1,2707
ALL,All domains,phillips-p,"Phillips, Patrick P J",,United States,1,2708
ALL,All domains,ruiz-j,"Ruiz, Jimena",,Peru,1,2709
ALL,All domains,rupasinghe-p,"Rupasinghe, Praharshinie",,Belgium,1,2710
ALL,All domains,sanchezgaravito-e,"Sanchez-Garavito, Epifanio",,Peru,1,2711
ALL,All domains,asfaw-m,"Asfaw, Meseret Tamirat",,,1,2712
ALL,All domains,vargasvasquez-d,"Vargas Vasquez, Dante",,Peru,1,2713
ALL,All domains,abrazaldo-j,"Abrazaldo, Josephine",,Philippines,1,2714
ALL,All domains,devera-p,"de Vera, Patrick",,Philippines,1,2715
ALL,All domains,shu-b,"Shu, Bo",National University of Singapore,Singapore,1,2716
ALL,All domains,ng-t,"Ng, Thiam-Seng",National University of Singapore,Singapore,1,2717
ALL,All domains,lim-x,"Lim, Xin-Ni",National University of Singapore,Singapore,1,2718
ALL,All domains,kostyuchenko-v,"Kostyuchenko, Victor A",National University of Singapore,Singapore,1,2719
ALL,All domains,fibriansah-g,"Fibriansah, Guntur",National University of Singapore,Singapore,1,2720
ALL,All domains,mcelvany-b,"McElvany, Benjamin D",,,1,2721
ALL,All domains,desilva-a,"de Silva, Aravinda M",,,1,2722
ALL,All domains,diehl-s,"Diehl, Sean A",,,1,2723
ALL,All domains,lok-s,"Lok, Shee-Mei",National University of Singapore,Singapore,1,2724
ALL,All domains,wang-s,"Wang, Shouming",Nanyang Technological University,China,1,2725
ALL,All domains,hu-b,"Hu, Bingtao",,China,1,2726
ALL,All domains,wali-a,"Wali, Ahmad",,Norway,1,2727
ALL,All domains,safdar-n,"Safdar, Nauman",,Singapore,1,2728
ALL,All domains,ambreen-a,"Ambreen, Atiqa",,Pakistan,1,2729
ALL,All domains,loya-a,"Loya, Asif",,Pakistan,1,2730
ALL,All domains,mustafa-t,"Mustafa, Tehmina",,Norway,1,2731
ALL,All domains,lu-d,"Lu, Deng",Environmental Health Institute,Singapore,1,2732
ALL,All domains,casandra-t,"Casandra, Tan Ai Zhu",Nanyang Technological University,Singapore,1,2733
ALL,All domains,carvalho-f,"Carvalho, Filomena A",,Portugal,1,2734
ALL,All domains,nascimento-a,"Nascimento, André R",,Portugal,1,2735
ALL,All domains,rebelo-t,"Rebelo, Teresa V",,Portugal,1,2736
ALL,All domains,faustino-a,"Faustino, André F",,Portugal,1,2737
ALL,All domains,lim-p,"Lim, Preston Lj",National University of Singapore,Singapore,1,2738
ALL,All domains,cook-a,"Cook, Alex R",National University of Singapore,Singapore,1,2739
ALL,All domains,chew-y,"Chew, Yi Rong",National Centre for Infectious Diseases,Singapore,1,2740
ALL,All domains,kho-s,"Kho, Sooyeon",,United States,1,2741
ALL,All domains,zhizhilashvili-d,"Zhizhilashvili, Dali",,,1,2742
ALL,All domains,yeghiazaryan-l,"Yeghiazaryan, Lusine",,,1,2743
ALL,All domains,nikolenko-e,"Nikolenko, Elena Nikolaevna",,,1,2744
ALL,All domains,zarli-k,"Zarli, Khin",,Myanmar,1,2745
ALL,All domains,adnan-s,"Adnan, Sana",,Pakistan,1,2746
ALL,All domains,vargas-z,"Vargas, Zully Haydee Ruíz",,Peru,1,2747
ALL,All domains,shaimerdenova-a,"Shaimerdenova, Aiman",,,1,2748
ALL,All domains,gelin-a,"Gelin, Alain",,Haiti,1,2749
ALL,All domains,cheong-h,"Cheong, Hau Yiang",Changi General Hospital,Singapore,1,2750
ALL,All domains,chlebicki-p,"Chlebicki, Piotr Maciej",Singapore General Hospital,Singapore,1,2751
ALL,All domains,kaw-g,"Kaw, Gregory Jon Leng",Tan Tock Seng Hospital,Singapore,1,2752
ALL,All domains,kee-a,"Kee, Adrian Chin Leong",National University Hospital,Singapore,1,2753
ALL,All domains,ng-m,"Ng, Mark Chung Wai",SingHealth,Singapore,1,2754
ALL,All domains,selvamani-d,"Selvamani, D/O Balasubramaniam",,Singapore,1,2755
ALL,All domains,teo-l,"Teo, Lynette Li San",National University Hospital,Singapore,1,2756
ALL,All domains,yan-g,"Yan, Gabriel Zherong",National University Hospital,Singapore,1,2757
ALL,All domains,hud-b,"Hud, Bin Mohammed Helmi",National University of Singapore,Singapore,1,2758
ALL,All domains,lee-d,"Lee, Dawn Yi Xin",National University of Singapore,Singapore,1,2759
ALL,All domains,ng-b,"Ng, Bob Xian Yi",National University of Singapore,Singapore,1,2760
ALL,All domains,park-j,"Park, Jia Ying",National University of Singapore,Singapore,1,2761
ALL,All domains,yang-q,"Yang, Qian",National University of Singapore,Singapore,1,2762
ALL,All domains,burkill-s,"Burkill, Sarah M",,Singapore,1,2763
ALL,All domains,yap-c,"Yap, Chee Woei",,Singapore,1,2764
ALL,All domains,quyet-d,"Quyet, Do",,Viet Nam,1,2765
ALL,All domains,gutierrez-e,"Gutierrez, Emmanuel",,Philippines,1,2766
ALL,All domains,kelleher-a,"Kelleher, Anthony D",,Australia,1,2767
ALL,All domains,odoherty-j,"O'Doherty, Jim",National University of Singapore,Singapore,1,2768
ALL,All domains,goodall-r,"Goodall, Ruth L",,United Kingdom,1,2769
ALL,All domains,meredith-s,"Meredith, Sarah K",,United Kingdom,1,2770
ALL,All domains,bayissa-a,"Bayissa, Adamu",,Ethiopia,1,2771
ALL,All domains,bhatnagar-a,"Bhatnagar, Anuj K",,India,1,2772
ALL,All domains,gopalan-n,"Gopalan, Narendran",,India,1,2773
ALL,All domains,kirenga-b,"Kirenga, Bruce",,Uganda,1,2774
ALL,All domains,meressa-d,"Meressa, Daniel",,Ethiopia,1,2775
ALL,All domains,moodliar-r,"Moodliar, Ronelle",,South Africa,1,2776
ALL,All domains,ngubane-n,"Ngubane, Nosipho",,South Africa,1,2777
ALL,All domains,rassool-m,"Rassool, Mohammed",,South Africa,1,2778
ALL,All domains,solanki-r,"Solanki, Rajesh",,India,1,2779
ALL,All domains,squire-s,"Squire, S Bertel",,United Kingdom,1,2780
ALL,All domains,teferi-m,"Teferi, Mekonnen",,Ethiopia,1,2781
ALL,All domains,torrea-g,"Torrea, Gabriela",,Belgium,1,2782
ALL,All domains,tudor-e,"Tudor, Elena",,,1,2783
ALL,All domains,vandeun-a,"Van Deun, Armand",,Belgium,1,2784
ALL,All domains,rusen-i,"Rusen, I D",,United States,1,2785
ALL,All domains,loh-y,"Loh, Ying Ru",Experimental Drug Development Centre,Singapore,1,2786
ALL,All domains,li-q,"Li, Qingxin",,China,1,2787
ALL,All domains,geng-l,"Geng, Lin",Nanyang Technological University,Singapore,1,2788
ALL,All domains,kakani-e,"Kakani, Evdoxia G",,Singapore,1,2789
ALL,All domains,yoong-y,"Yoong, Yanni",,Singapore,1,2790
ALL,All domains,duyu-d,"Du Yu, David",,Singapore,1,2791
ALL,All domains,mahasirimongkol-s,"Mahasirimongkol, Surakameth",,Thailand,1,2792
ALL,All domains,sawaengdee-w,"Sawaengdee, Waritta",,Thailand,1,2793
ALL,All domains,abdelbasset-m,"Abdelbasset, Muhammad",National University of Singapore,Singapore,1,2794
ALL,All domains,saron-w,"Saron, Wilfried A A",National University of Singapore,Singapore,1,2795
ALL,All domains,kozaki-t,"Kozaki, Tatsuya",Singapore Immunology Network,Singapore,1,2796
ALL,All domains,zhong-c,"Zhong, Chengwei",Singapore Immunology Network,Singapore,1,2797
ALL,All domains,mantri-c,"Mantri, Chinmay Kumar",National University of Singapore,Singapore,1,2798
ALL,All domains,tung-c,"Tung, Chi-Ching",National University of Singapore,Singapore,1,2799
ALL,All domains,tey-h,"Tey, Hong Liang",National Skin Centre,Singapore,1,2800
ALL,All domains,geric-c,"Geric, Coralie",,Canada,1,2801
ALL,All domains,tavaziva-g,"Tavaziva, Gamuchirai",,Canada,1,2802
ALL,All domains,breuninger-m,"Breuninger, Marianne",,Germany,1,2803
ALL,All domains,dheda-k,"Dheda, Keertan",London School of Hygiene & Tropical Medicine,South Africa,1,2804
ALL,All domains,esmail-a,"Esmail, Ali",,South Africa,1,2805
ALL,All domains,scott-a,"Scott, Alex",,South Africa,1,2806
ALL,All domains,kagujje-m,"Kagujje, Mary",,Zambia,1,2807
ALL,All domains,muyoyeta-m,"Muyoyeta, Monde",,Zambia,1,2808
ALL,All domains,reither-k,"Reither, Klaus",,Switzerland,1,2809
ALL,All domains,benedetti-a,"Benedetti, Andrea",,Canada,1,2810
ALL,All domains,ahmadkhan-f,"Ahmad Khan, Faiz",,Canada,1,2811
ALL,All domains,shaw-e,"Shaw, Emily S",,United Kingdom,1,2812
ALL,All domains,stoker-n,"Stoker, Neil G",,United Kingdom,1,2813
ALL,All domains,potter-j,"Potter, Jessica L",,United Kingdom,1,2814
ALL,All domains,claassen-h,"Claassen, Helgard",,South Africa,1,2815
ALL,All domains,leslie-a,"Leslie, Alasdair",,South Africa,1,2816
ALL,All domains,tweed-c,"Tweed, Conor D",,United Kingdom,1,2817
ALL,All domains,lange-c,"Lange, Christoph",,Germany,1,2818
ALL,All domains,pinto-l,"Pinto, Lancelot",,India,1,2819
ALL,All domains,rucsineanu-o,"Rucsineanu, Oxana",,,1,2820
ALL,All domains,sloan-d,"Sloan, Derek J",,United Kingdom,1,2821
ALL,All domains,theron-g,"Theron, Grant",,South Africa,1,2822
ALL,All domains,tisile-p,"Tisile, Phumeza",,South Africa,1,2823
ALL,All domains,voo-t,"Voo, Teck Chuan",SingHealth,Singapore,1,2824
ALL,All domains,warren-r,"Warren, Robin M",,South Africa,1,2825
ALL,All domains,lebina-l,"Lebina, Limakatso",,South Africa,1,2826
ALL,All domains,lipman-m,"Lipman, Marc",,United Kingdom,1,2827
ALL,All domains,cheong-y,"Cheong, Yoon Ling",,Malaysia,1,2828
ALL,All domains,ahmad-n,"Ahmad, Nazni Wasi",,Malaysia,1,2829
ALL,All domains,leek-f,"Leek, Francesca",National University of Singapore,Singapore,1,2830
ALL,All domains,kwan-p,"Kwan, Philip",National University of Singapore,Singapore,1,2831
ALL,All domains,koh-h,"Koh, Hiromi W L",National University of Singapore,Singapore,1,2832
ALL,All domains,molton-j,"Molton, James",National University of Singapore,Singapore,1,2833
ALL,All domains,mortera-l,"Mortera, Lalaine",,Philippines,1,2834
ALL,All domains,naval-s,"Naval, Sullian",,Philippines,1,2835
ALL,All domains,bakar-z,"Bakar, Zamzurina Abu",,Malaysia,1,2836
ALL,All domains,pang-y,"Pang, Yong-Kek",University of Malaya,Malaysia,1,2837
ALL,All domains,lum-l,"Lum, Lionel",National University of Singapore,Singapore,1,2838
ALL,All domains,lekurwale-g,"Lekurwale, Ganesh",,Singapore,1,2839
ALL,All domains,au-v,"Au, Veonice",,Singapore,1,2840
ALL,All domains,hibberd-m,"Hibberd, Martin",London School of Hygiene & Tropical Medicine,Singapore,1,2841
ALL,All domains,green-j,"Green, Justin A",GlaxoSmithKline,United Kingdom,1,2842
ALL,All domains,schrijver-b,"Schrijver, Benjamin",,Netherlands,1,2843
ALL,All domains,kolijn-p,"Kolijn, P Martijn",,Netherlands,1,2844
ALL,All domains,vanstigt-a,"van Stigt, Astrid C",,Netherlands,1,2845
ALL,All domains,tenberge-j,"Ten Berge, Josianne C E M",,Netherlands,1,2846
ALL,All domains,ijspeert-h,"IJspeert, Hanna",,Netherlands,1,2847
ALL,All domains,nagtzaam-n,"Nagtzaam, Nicole M A",,Netherlands,1,2848
ALL,All domains,swagemakers-s,"Swagemakers, Sigrid M A",,Netherlands,1,2849
ALL,All domains,vanlaar-j,"van Laar, Jan A M",,Netherlands,1,2850
ALL,All domains,rombach-s,"Rombach, Saskia M",,Netherlands,1,2851
ALL,All domains,vanhagen-p,"van Hagen, P Martin",,Netherlands,1,2852
ALL,All domains,dik-w,"Dik, Willem A",,Netherlands,1,2853
amr_hai,AMR and healthcare-associated infections,paterson-d,"Paterson, David Leslie",National University of Singapore,Singapore,9,1
amr_hai,AMR and healthcare-associated infections,rich-m,"Rich, M L",,United States,9,2
amr_hai,AMR and healthcare-associated infections,khan-p,"Khan, P Y",London School of Hygiene & Tropical Medicine,Singapore,8,3
amr_hai,AMR and healthcare-associated infections,mitnick-c,"Mitnick, C D",Harvard University,United States,8,4
amr_hai,AMR and healthcare-associated infections,bastard-m,"Bastard, Mathieu",,France,7,5
amr_hai,AMR and healthcare-associated infections,hewison-c,"Hewison, C",,France,7,6
amr_hai,AMR and healthcare-associated infections,huerga-h,"Huerga, H",,France,7,7
amr_hai,AMR and healthcare-associated infections,khan-u,"Khan, U",,Singapore,7,8
amr_hai,AMR and healthcare-associated infections,franke-m,"Franke, M F",Harvard University,United States,7,9
amr_hai,AMR and healthcare-associated infections,zhang-y,"Zhang, Ye",,China,6,10
amr_hai,AMR and healthcare-associated infections,seung-k,"Seung, Kwonjun",Harvard University,United States,6,11
amr_hai,AMR and healthcare-associated infections,chen-y,"Chen, Yinzhe",,China,5,12
amr_hai,AMR and healthcare-associated infections,mo-y,"Mo, Yin",Mahidol University,Singapore,5,13
amr_hai,AMR and healthcare-associated infections,doi-y,"Doi, Yohei",,Japan,4,14
amr_hai,AMR and healthcare-associated infections,li-y,"Li, Yujie",Nanyang Technological University,Singapore,4,15
amr_hai,AMR and healthcare-associated infections,wang-j,"Wang, Jing",,Singapore,4,16
amr_hai,AMR and healthcare-associated infections,li-j,"Li, Jiahui",KK Women's and Children's Hospital,Singapore,4,17
amr_hai,AMR and healthcare-associated infections,chen-c,"Chen, Chih-Hwa",,Taiwan,4,18
amr_hai,AMR and healthcare-associated infections,ling-m,"Ling, Moi Lin",SingHealth,Singapore,4,19
amr_hai,AMR and healthcare-associated infections,harris-p,"Harris, Patrick N A",,Australia,4,20
amr_hai,AMR and healthcare-associated infections,lahood-a,"LaHood, Allison",Harvard University,United States,4,21
amr_hai,AMR and healthcare-associated infections,siddiqui-m,"Siddiqui, Muhammad Rafi",,Pakistan,4,22
amr_hai,AMR and healthcare-associated infections,skrahina-a,"Skrahina, Alena",,,4,23
amr_hai,AMR and healthcare-associated infections,oyewusi-l,"Oyewusi, Lawrence",,,4,24
amr_hai,AMR and healthcare-associated infections,tan-c,"Tan, Chongyun",Nanyang Technological University,Singapore,3,25
amr_hai,AMR and healthcare-associated infections,khan-m,"Khan, Muhammad Zameel",,Pakistan,3,26
amr_hai,AMR and healthcare-associated infections,koh-m,"Koh, M C Y",National University Health System,Singapore,3,27
amr_hai,AMR and healthcare-associated infections,ngiam-j,"Ngiam, Jinghao Nicholas",Communicable Diseases Agency,Singapore,3,28
amr_hai,AMR and healthcare-associated infections,fowler-v,"Fowler, Vance G",,United States,3,29
amr_hai,AMR and healthcare-associated infections,vanduin-d,"van Duin, David",,United States,3,30
amr_hai,AMR and healthcare-associated infections,marimuthu-k,"Marimuthu, Kalisvar",National Centre for Infectious Diseases,Singapore,3,31
amr_hai,AMR and healthcare-associated infections,pethe-k,"Pethe, Kevin",Nanyang Technological University,Singapore,3,32
amr_hai,AMR and healthcare-associated infections,lee-j,"Lee, Jonathan Wei Jie",National University Hospital,Singapore,3,33
amr_hai,AMR and healthcare-associated infections,wang-c,"Wang, Claire",,,3,34
amr_hai,AMR and healthcare-associated infections,lim-d,"Lim, Diane",Experimental Drug Development Centre,Singapore,3,35
amr_hai,AMR and healthcare-associated infections,aung-m,"Aung, May Kyawt",Singapore General Hospital,Singapore,3,36
amr_hai,AMR and healthcare-associated infections,venkatachalam-i,"Venkatachalam, Indumathi",Singapore General Hospital,Singapore,3,37
amr_hai,AMR and healthcare-associated infections,gan-y,"Gan, Yunn-Hwen",National University of Singapore,Singapore,3,38
amr_hai,AMR and healthcare-associated infections,stagg-h,"Stagg, Helen R",London School of Hygiene & Tropical Medicine,United Kingdom,3,39
amr_hai,AMR and healthcare-associated infections,ahmed-s,"Ahmed, Saman",,Pakistan,3,40
amr_hai,AMR and healthcare-associated infections,guglielmetti-l,"Guglielmetti, Lorenzo",,Italy,3,41
amr_hai,AMR and healthcare-associated infections,tefera-g,"Tefera, Girum B",,,3,42
amr_hai,AMR and healthcare-associated infections,liu-x,"Liu, Xumei",,China,3,43
amr_hai,AMR and healthcare-associated infections,lye-d,"Lye, David",Communicable Diseases Agency,Singapore,3,44
amr_hai,AMR and healthcare-associated infections,romo-m,"Romo, M",Harvard University,United States,3,45
amr_hai,AMR and healthcare-associated infections,trevisi-l,"Trevisi, Letizia",Harvard University,United States,3,46
amr_hai,AMR and healthcare-associated infections,rashitov-m,"Rashitov, Mahmud",,,3,47
amr_hai,AMR and healthcare-associated infections,gomezrestrepo-c,"Gómez-Restrepo, Camilo",,Myanmar,3,48
amr_hai,AMR and healthcare-associated infections,krisnanda-a,"Krisnanda, Aga",,Indonesia,3,49
amr_hai,AMR and healthcare-associated infections,kotrikadze-t,"Kotrikadze, Tinatin",,,3,50
amr_hai,AMR and healthcare-associated infections,singh-s,"Singh, Shweta R",National University of Singapore,Singapore,3,51
amr_hai,AMR and healthcare-associated infections,kiria-n,"Kiria, Nana",,,3,52
amr_hai,AMR and healthcare-associated infections,kirakosyan-o,"Kirakosyan, Ohanna",,,3,53
amr_hai,AMR and healthcare-associated infections,lakshminarayanan-r,"Lakshminarayanan, Rajamani",Duke-NUS Medical School,Singapore,2,54
amr_hai,AMR and healthcare-associated infections,zhang-q,"Zhang, Qian",,China,2,55
amr_hai,AMR and healthcare-associated infections,lim-c,"Lim, Cherry",Mahidol University,Thailand,2,56
amr_hai,AMR and healthcare-associated infections,lee-s,"Lee, Sue J",Mahidol University,Australia,2,57
amr_hai,AMR and healthcare-associated infections,turner-p,"Turner, Paul",University of Oxford,Cambodia,2,58
amr_hai,AMR and healthcare-associated infections,kwa-a,"Kwa, Andrea Lay-Hoon",Singapore General Hospital,Singapore,2,59
amr_hai,AMR and healthcare-associated infections,wang-m,"Wang, Minggui",,China,2,60
amr_hai,AMR and healthcare-associated infections,smitasin-n,"Smitasin, N",National University Health System,Singapore,2,61
amr_hai,AMR and healthcare-associated infections,chow-a,"Chow, A",Tan Tock Seng Hospital,Singapore,2,62
amr_hai,AMR and healthcare-associated infections,komarow-l,"Komarow, Lauren",,United States,2,63
amr_hai,AMR and healthcare-associated infections,arias-c,"Arias, Cesar A",,United States,2,64
amr_hai,AMR and healthcare-associated infections,bonomo-r,"Bonomo, Robert A",,United States,2,65
amr_hai,AMR and healthcare-associated infections,patel-r,"Patel, Robin",,United States,2,66
amr_hai,AMR and healthcare-associated infections,satlin-m,"Satlin, Michael J",,United States,2,67
amr_hai,AMR and healthcare-associated infections,lee-y,"Lee, Yew Fong",,Malaysia,2,68
amr_hai,AMR and healthcare-associated infections,yucel-e,"Yucel, Emre",,United States,2,69
amr_hai,AMR and healthcare-associated infections,soriano-a,"Soriano, Alex",,Spain,2,70
amr_hai,AMR and healthcare-associated infections,thalhammer-f,"Thalhammer, Florian",,Austria,2,71
amr_hai,AMR and healthcare-associated infections,kluge-s,"Kluge, Stefan",,Germany,2,72
amr_hai,AMR and healthcare-associated infections,allen-m,"Allen, Mike",,United Kingdom,2,73
amr_hai,AMR and healthcare-associated infections,levy-j,"Levy, Jessica",,United States,2,74
amr_hai,AMR and healthcare-associated infections,yang-h,"Yang, Huina",Tan Tock Seng Hospital,Singapore,2,75
amr_hai,AMR and healthcare-associated infections,kaul-s,"Kaul, Sunny",,United Kingdom,2,76
amr_hai,AMR and healthcare-associated infections,newton-p,"Newton, Paul N",Mahidol University,Thailand,2,77
amr_hai,AMR and healthcare-associated infections,day-n,"Day, Nicholas P J",Mahidol University,Thailand,2,78
amr_hai,AMR and healthcare-associated infections,pee-c,"Pee, Carmen J E",Nanyang Technological University,Singapore,2,79
amr_hai,AMR and healthcare-associated infections,santos-m,"Santos, May Delos",,Singapore,2,80
amr_hai,AMR and healthcare-associated infections,low-a,"Low, Adrian",National University of Singapore,Singapore,2,81
amr_hai,AMR and healthcare-associated infections,zhao-s,"Zhao, Siyan",National University of Singapore,Singapore,2,82
amr_hai,AMR and healthcare-associated infections,chungthe-h,"Chung The, Hao",National University of Singapore,Singapore,2,83
amr_hai,AMR and healthcare-associated infections,wang-x,"Wang, Xianli",,China,2,84
amr_hai,AMR and healthcare-associated infections,xu-m,"Xu, Man",,China,2,85
amr_hai,AMR and healthcare-associated infections,zhao-y,"Zhao, Yonghao",,China,2,86
amr_hai,AMR and healthcare-associated infections,goh-s,"Goh, Si Hui",KK Women's and Children's Hospital,Singapore,2,87
amr_hai,AMR and healthcare-associated infections,tan-k,"Tan, Kelvin Bryan",Nanyang Technological University,Singapore,2,88
amr_hai,AMR and healthcare-associated infections,chan-s,"Chan, Shiao-Yng","Agency for Science, Technology and Research",Singapore,2,89
amr_hai,AMR and healthcare-associated infections,lai-j,"Lai, Jun Shi","Agency for Science, Technology and Research",Singapore,2,90
amr_hai,AMR and healthcare-associated infections,lee-b,"Lee, Bei Shi",Nanyang Technological University,Singapore,2,91
amr_hai,AMR and healthcare-associated infections,liu-y,"Liu, Yanfei",,China,2,92
amr_hai,AMR and healthcare-associated infections,huang-y,"Huang, Yhu-Chering",,Taiwan,2,93
amr_hai,AMR and healthcare-associated infections,arora-s,"Arora, Shalvi",Singapore General Hospital,Singapore,2,94
amr_hai,AMR and healthcare-associated infections,jin-p,"Jin, Pinhong",Singapore General Hospital,Singapore,2,95
amr_hai,AMR and healthcare-associated infections,sim-j,"Sim, Jean Xiang Ying",Singapore General Hospital,Singapore,2,96
amr_hai,AMR and healthcare-associated infections,how-m,"How, Molly Kue Bien",Singapore General Hospital,Singapore,2,97
amr_hai,AMR and healthcare-associated infections,lee-l,"Lee, Lai Chee",Singapore General Hospital,Singapore,2,98
amr_hai,AMR and healthcare-associated infections,tan-a,"Tan, Ade Xin Ning",KK Women's and Children's Hospital,Singapore,2,99
amr_hai,AMR and healthcare-associated infections,chong-c,"Chong, Chia Yin",KK Women's and Children's Hospital,Singapore,2,100
amr_hai,AMR and healthcare-associated infections,maiwald-m,"Maiwald, Matthias",KK Women's and Children's Hospital,Singapore,2,101
amr_hai,AMR and healthcare-associated infections,tan-n,"Tan, Ngiap Chuan",SingHealth,Singapore,2,102
amr_hai,AMR and healthcare-associated infections,sun-l,"Sun, Louisa",National University Health System,Singapore,2,103
amr_hai,AMR and healthcare-associated infections,cheam-g,"Cheam, Guoxiang",National University of Singapore,Singapore,2,104
amr_hai,AMR and healthcare-associated infections,ho-j,"Ho, Joses",Bioinformatics Institute,Singapore,2,105
amr_hai,AMR and healthcare-associated infections,khan-a,"Khan, Asifullah",,Pakistan,2,106
amr_hai,AMR and healthcare-associated infections,guo-y,"Guo, Yuan",National University of Singapore,Singapore,2,107
amr_hai,AMR and healthcare-associated infections,li-d,"Li, Dan",National University of Singapore,China,2,108
amr_hai,AMR and healthcare-associated infections,isani-a,"Isani, Afshan K",US Centers for Disease Control and Prevention,Pakistan,2,109
amr_hai,AMR and healthcare-associated infections,lomtadze-n,"Lomtadze, Nino",,,2,110
amr_hai,AMR and healthcare-associated infections,mamsa-s,"Mamsa, Shahid",,Pakistan,2,111
amr_hai,AMR and healthcare-associated infections,melikyan-n,"Melikyan, Nara",,France,2,112
amr_hai,AMR and healthcare-associated infections,seow-c,"Seow, Christopher Wen-Xing",Duke-NUS Medical School,Singapore,2,113
amr_hai,AMR and healthcare-associated infections,zhou-j,"Zhou, Juan",,China,2,114
amr_hai,AMR and healthcare-associated infections,tong-s,"Tong, Steven Y C",University of Melbourne,Australia,2,115
amr_hai,AMR and healthcare-associated infections,davis-j,"Davis, Janet L",,,2,116
amr_hai,AMR and healthcare-associated infections,zhang-z,"Zhang, Zhixuan",,China,2,117
amr_hai,AMR and healthcare-associated infections,herreraflores-e,"Herrera Flores, Edwin",,Peru,2,118
amr_hai,AMR and healthcare-associated infections,kumsa-a,"Kumsa, Andargachew",,Ethiopia,2,119
amr_hai,AMR and healthcare-associated infections,liu-j,"Liu, Jin-He",National University of Singapore,China,2,120
amr_hai,AMR and healthcare-associated infections,li-h,"Li, Hai",,China,2,121
amr_hai,AMR and healthcare-associated infections,putri-f,"Putri, Fauziah Asnely",,Indonesia,2,122
amr_hai,AMR and healthcare-associated infections,tamirat-m,"Tamirat, Meseret",,United States,2,123
amr_hai,AMR and healthcare-associated infections,vo-l,"Vo, Luan Nguyen Quang",,Viet Nam,2,124
amr_hai,AMR and healthcare-associated infections,ong-s,"Ong, Say How",Institute of Mental Health,Singapore,2,125
amr_hai,AMR and healthcare-associated infections,wang-p,"Wang, Pingwu",,China,2,126
amr_hai,AMR and healthcare-associated infections,berney-m,"Berney, Michael",,Switzerland,2,127
amr_hai,AMR and healthcare-associated infections,moraski-g,"Moraski, Garrett",,United States,2,128
amr_hai,AMR and healthcare-associated infections,elangovan-s,"Elangovan, Shalini",Duke-NUS Medical School,Singapore,2,129
amr_hai,AMR and healthcare-associated infections,graves-n,"Graves, Nicholas",Duke-NUS Medical School,Singapore,2,130
amr_hai,AMR and healthcare-associated infections,tsogt-b,"Tsogt, Bazarragchaa",,Mongolia,2,131
amr_hai,AMR and healthcare-associated infections,gurumurthy-m,"Gurumurthy, Meera",,Singapore,2,132
amr_hai,AMR and healthcare-associated infections,sanders-k,"Sanders, Karen",,United Kingdom,2,133
amr_hai,AMR and healthcare-associated infections,lachenal-n,"Lachenal, Nathalie",,Switzerland,2,134
amr_hai,AMR and healthcare-associated infections,bekele-a,"Bekele, Amsalu",,Ethiopia,2,135
amr_hai,AMR and healthcare-associated infections,varaine-f,"Varaine, Francis",,France,2,136
amr_hai,AMR and healthcare-associated infections,flores-e,"Flores, Edwin Herrera",,Peru,2,137
amr_hai,AMR and healthcare-associated infections,vilbrun-s,"Vilbrun, Stalz C",,Haiti,2,138
amr_hai,AMR and healthcare-associated infections,islam-s,"Islam, Shirajul",,Bangladesh,2,139
amr_hai,AMR and healthcare-associated infections,esmail-h,"Esmail, Hanif",World Health Organization,United Kingdom,2,140
amr_hai,AMR and healthcare-associated infections,getchell-m,"Getchell, Marya",Duke-NUS Medical School,Singapore,2,141
amr_hai,AMR and healthcare-associated infections,ansah-j,"Ansah, John Pastor",,United States,2,142
amr_hai,AMR and healthcare-associated infections,basilio-r,"Basilio, Ramon",,Philippines,2,143
amr_hai,AMR and healthcare-associated infections,tablizo-f,"Tablizo, Francis",,Philippines,2,144
amr_hai,AMR and healthcare-associated infections,matchar-d,"Matchar, David",Duke-NUS Medical School,Singapore,2,145
amr_hai,AMR and healthcare-associated infections,lai-d,"Lai, Deborah Chooi Mun",Singapore General Hospital,Singapore,2,146
amr_hai,AMR and healthcare-associated infections,padayachee-s,"Padayachee, Shrivani",,South Africa,2,147
amr_hai,AMR and healthcare-associated infections,toktogonova-a,"Toktogonova, Atyrkul",,,2,148
amr_hai,AMR and healthcare-associated infections,pham-t,"Pham, Thach Ngoc",,Viet Nam,2,149
amr_hai,AMR and healthcare-associated infections,salahuddin-n,"Salahuddin, Naseem",,Pakistan,2,150
amr_hai,AMR and healthcare-associated infections,chiang-c,"Chiang, Chen-Yuan",,France,2,151
amr_hai,AMR and healthcare-associated infections,conradie-f,"Conradie, Francesca",,South Africa,2,152
amr_hai,AMR and healthcare-associated infections,zwe-y,"Zwe, Ye Htut",National University of Singapore,Singapore,1,153
amr_hai,AMR and healthcare-associated infections,yuk-h,"Yuk, Hyun-Gyun",,Republic of Korea,1,154
amr_hai,AMR and healthcare-associated infections,barcelli-v,"Barcelli, Valeria",Nanyang Technological University,Singapore,1,155
amr_hai,AMR and healthcare-associated infections,shin-b,"Shin, Bora",National University of Singapore,Singapore,1,156
amr_hai,AMR and healthcare-associated infections,choo-b,"Choo, Barry Boon Liang",National University of Singapore,Singapore,1,157
amr_hai,AMR and healthcare-associated infections,dorett-s,"Dorett, Sarah Leela",National University of Singapore,Singapore,1,158
amr_hai,AMR and healthcare-associated infections,bifani-p,"Bifani, Pablo",A*STAR Infectious Diseases Labs,Singapore,1,159
amr_hai,AMR and healthcare-associated infections,eze-a,"Eze, Anthony N",,,1,160
amr_hai,AMR and healthcare-associated infections,yu-j,"Yu, Junette",Duke-NUS Medical School,Singapore,1,161
amr_hai,AMR and healthcare-associated infections,cui-c,"Cui, Christina L",,,1,162
amr_hai,AMR and healthcare-associated infections,kim-y,"Kim, Young",,,1,163
amr_hai,AMR and healthcare-associated infections,vu-q,"Vu, Quang Huy Nhat",Nanyang Technological University,Singapore,1,164
amr_hai,AMR and healthcare-associated infections,lambu-m,"Lambu, Mallikharjuna Rao",Nanyang Technological University,Singapore,1,165
amr_hai,AMR and healthcare-associated infections,wang-z,"Wang, Zheng",Nanyang Technological University,Singapore,1,166
amr_hai,AMR and healthcare-associated infections,tan-s,"Tan, Shiow Han",Nanyang Technological University,Singapore,1,167
amr_hai,AMR and healthcare-associated infections,koh-c,"Koh, Chong Hui",Nanyang Technological University,Singapore,1,168
amr_hai,AMR and healthcare-associated infections,tonanon-p,"Tonanon, Panyawut",Nanyang Technological University,Singapore,1,169
amr_hai,AMR and healthcare-associated infections,wei-g,"Wei, Guangmin",Nanyang Technological University,Singapore,1,170
amr_hai,AMR and healthcare-associated infections,webster-r,"Webster, Richard D",Nanyang Technological University,Singapore,1,171
amr_hai,AMR and healthcare-associated infections,chanpark-m,"Chan-Park, Mary B",Nanyang Technological University,Singapore,1,172
amr_hai,AMR and healthcare-associated infections,malkawi-r,"Malkawi, Ruba",,Jordan,1,173
amr_hai,AMR and healthcare-associated infections,weldonbee-j,"Weldon-Bee, James",,United Kingdom,1,174
amr_hai,AMR and healthcare-associated infections,kiptoo-e,"Kiptoo, Edwin",,United Kingdom,1,175
amr_hai,AMR and healthcare-associated infections,das-s,"Das, Sanjit",,United Kingdom,1,176
amr_hai,AMR and healthcare-associated infections,iyer-a,"Iyer, Abhishek",,United Kingdom,1,177
amr_hai,AMR and healthcare-associated infections,parmar-a,"Parmar, Anish",,United Kingdom,1,178
amr_hai,AMR and healthcare-associated infections,singh-i,"Singh, Ishwar",,United Kingdom,1,179
amr_hai,AMR and healthcare-associated infections,pouwels-k,"Pouwels, Koen B",University of Oxford,United Kingdom,1,180
amr_hai,AMR and healthcare-associated infections,vandoorn-r,"van Doorn, Rogier H",Oxford University Clinical Research Unit,United Kingdom,1,181
amr_hai,AMR and healthcare-associated infections,cooper-b,"Cooper, Ben S",Mahidol University,Thailand,1,182
amr_hai,AMR and healthcare-associated infections,taimoor-m,"Taimoor, Muhammad",,China,1,183
amr_hai,AMR and healthcare-associated infections,noor-h,"Noor, Hira",,Pakistan,1,184
amr_hai,AMR and healthcare-associated infections,mahfooz-a,"Mahfooz, Ashar",,Pakistan,1,185
amr_hai,AMR and healthcare-associated infections,ashar-a,"Ashar, Ambreen",,Pakistan,1,186
amr_hai,AMR and healthcare-associated infections,saleem-m,"Saleem, Muhammad Ijaz",,Pakistan,1,187
amr_hai,AMR and healthcare-associated infections,saleemi-m,"Saleemi, Muhammad Kashif",,Pakistan,1,188
amr_hai,AMR and healthcare-associated infections,tariq-m,"Tariq, Muhammad Saad",,Pakistan,1,189
amr_hai,AMR and healthcare-associated infections,naeem-a,"Naeem, Ammar Danyal",National University of Singapore,Pakistan,1,190
amr_hai,AMR and healthcare-associated infections,lee-k,"Lee, Kenneth Kwing Chin",,Malaysia,1,191
amr_hai,AMR and healthcare-associated infections,lim-j,"Lim, Jue Tao",Nanyang Technological University,Singapore,1,192
amr_hai,AMR and healthcare-associated infections,abubakar-s,"Abu Bakar, Shahril",,Malaysia,1,193
amr_hai,AMR and healthcare-associated infections,abdulrashid-n,"Abdul Rashid, Nurul Wahidah",,Malaysia,1,194
amr_hai,AMR and healthcare-associated infections,razak-n,"Razak, Nurul Fatira",,Malaysia,1,195
amr_hai,AMR and healthcare-associated infections,ahmatmohamadsiam-k,"Ahmat Mohamad Siam, Kamariah",,Malaysia,1,196
amr_hai,AMR and healthcare-associated infections,ahmadkamal-n,"Ahmad Kamal, Nurhanisah",,Malaysia,1,197
amr_hai,AMR and healthcare-associated infections,mohdsaid-s,"Mohd Said, Siti Nor Atikah",,Malaysia,1,198
amr_hai,AMR and healthcare-associated infections,aguilar-j,"Aguilar, Julie Angela",,Singapore,1,199
amr_hai,AMR and healthcare-associated infections,park-h,"Park, HyeJin",,Republic of Korea,1,200
amr_hai,AMR and healthcare-associated infections,choon-w,"Choon, Wai Yee",,Malaysia,1,201
amr_hai,AMR and healthcare-associated infections,thanimalai-s,"Thanimalai, Subramaniam",,Malaysia,1,202
amr_hai,AMR and healthcare-associated infections,ang-w,"Ang, Wei Chern",,Malaysia,1,203
amr_hai,AMR and healthcare-associated infections,sellappans-r,"Sellappans, Renukha",,Malaysia,1,204
amr_hai,AMR and healthcare-associated infections,tan-j,"Tan, Jacqueline Wan Yu",National University of Singapore,Singapore,1,205
amr_hai,AMR and healthcare-associated infections,lian-b,"Lian, Bernice Jia Xin",National University of Singapore,Singapore,1,206
amr_hai,AMR and healthcare-associated infections,loh-c,"Loh, Cheryl Ying Xuan",National University of Singapore,Singapore,1,207
amr_hai,AMR and healthcare-associated infections,see-k,"See, Kay Choong",National University Hospital,Singapore,1,208
amr_hai,AMR and healthcare-associated infections,hao-x,"Hao, Xinxin",National University of Singapore,Singapore,1,209
amr_hai,AMR and healthcare-associated infections,ding-y,"Ding, Ying",National University of Singapore,Singapore,1,210
amr_hai,AMR and healthcare-associated infections,cao-y,"Cao, Yang",,Singapore,1,211
amr_hai,AMR and healthcare-associated infections,cai-y,"Cai, Yiying",National University of Singapore,Singapore,1,212
amr_hai,AMR and healthcare-associated infections,kitsaran-s,"Kitsaran, Suwatthiya",,Thailand,1,213
amr_hai,AMR and healthcare-associated infections,chua-h,"Chua, Hock Hin",,Malaysia,1,214
amr_hai,AMR and healthcare-associated infections,bory-s,"Bory, Sotharith",,Cambodia,1,215
amr_hai,AMR and healthcare-associated infections,srilasriponnampalavanar-s,"Sri La Sri Ponnampalavanar, Sasheela",,Malaysia,1,216
amr_hai,AMR and healthcare-associated infections,anunnatsiri-s,"Anunnatsiri, Siriluck",,Thailand,1,217
amr_hai,AMR and healthcare-associated infections,mazlan-m,"Mazlan, Mohd Zulfakar",,Malaysia,1,218
amr_hai,AMR and healthcare-associated infections,dhiloo-a,"Dhiloo, Azizullah Khan",,Pakistan,1,219
amr_hai,AMR and healthcare-associated infections,plongla-r,"Plongla, Rongpong",,Thailand,1,220
amr_hai,AMR and healthcare-associated infections,mahmood-s,"Mahmood, Syed Faisal",,Pakistan,1,221
amr_hai,AMR and healthcare-associated infections,roman-a,"Roman, Arthur Dessi",,Philippines,1,222
amr_hai,AMR and healthcare-associated infections,thwaites-l,"Thwaites, Louise",Oxford University Clinical Research Unit,United Kingdom,1,223
amr_hai,AMR and healthcare-associated infections,tho-p,"Tho, Phan Vinh",,Viet Nam,1,224
amr_hai,AMR and healthcare-associated infections,wu-s,"Wu, Sheng",,China,1,225
amr_hai,AMR and healthcare-associated infections,chotiprasitsakul-d,"Chotiprasitsakul, Darunee",Mahidol University,Thailand,1,226
amr_hai,AMR and healthcare-associated infections,wong-k,"Wong, Ke Juin",,Malaysia,1,227
amr_hai,AMR and healthcare-associated infections,wijaya-h,"Wijaya, Hendri",,Indonesia,1,228
amr_hai,AMR and healthcare-associated infections,abad-c,"Abad, Cybele L",,Philippines,1,229
amr_hai,AMR and healthcare-associated infections,khalid-m,"Khalid, Muhammad Osama Rehman",,Pakistan,1,230
amr_hai,AMR and healthcare-associated infections,mamun-g,"Mamun, Gazi Md Salahuddin",,Bangladesh,1,231
amr_hai,AMR and healthcare-associated infections,rajahram-g,"Rajahram, Giri",,Malaysia,1,232
amr_hai,AMR and healthcare-associated infections,guterres-h,"Guterres, Helio",,Timor-Leste,1,233
amr_hai,AMR and healthcare-associated infections,hon-h,"Hon, Huynh Ngoc",,Viet Nam,1,234
amr_hai,AMR and healthcare-associated infections,pham-n,"Pham, Ngoc Thach",,Viet Nam,1,235
amr_hai,AMR and healthcare-associated infections,tran-v,"Tran, Van Giang",,Viet Nam,1,236
amr_hai,AMR and healthcare-associated infections,karkey-a,"Karkey, Abhilasha",Oxford University Clinical Research Unit,Nepal,1,237
amr_hai,AMR and healthcare-associated infections,gunasekara-s,"Gunasekara, Samanmalee",,Sri Lanka,1,238
amr_hai,AMR and healthcare-associated infections,hamers-r,"Hamers, Raph L",Oxford University Clinical Research Unit,Indonesia,1,239
amr_hai,AMR and healthcare-associated infections,sinto-r,"Sinto, Robert",Universitas Indonesia,Indonesia,1,240
amr_hai,AMR and healthcare-associated infections,lubis-i,"Lubis, Inke Nadia D",,Indonesia,1,241
amr_hai,AMR and healthcare-associated infections,moni-m,"Moni, Merlin",,India,1,242
amr_hai,AMR and healthcare-associated infections,liu-p,"Liu, Po-Yu",,Taiwan,1,243
amr_hai,AMR and healthcare-associated infections,xiao-y,"Xiao, Yonghong",,China,1,244
amr_hai,AMR and healthcare-associated infections,khanal-b,"Khanal, Basudha",,Nepal,1,245
amr_hai,AMR and healthcare-associated infections,priya-n,"Priya, N Lakshmi",,India,1,246
amr_hai,AMR and healthcare-associated infections,honda-h,"Honda, Hitoshi",,Japan,1,247
amr_hai,AMR and healthcare-associated infections,baljin-b,"Baljin, Bayaraa",,Mongolia,1,248
amr_hai,AMR and healthcare-associated infections,asli-r,"Asli, Rosmonaliza",,Brunei Darussalam,1,249
amr_hai,AMR and healthcare-associated infections,gurjav-u,"Gurjav, Ulziijargal",,Mongolia,1,250
amr_hai,AMR and healthcare-associated infections,ling-l,"Ling, Lowell",University of Hong Kong,China,1,251
amr_hai,AMR and healthcare-associated infections,dhungana-a,"Dhungana, Ashesh",,Nepal,1,252
amr_hai,AMR and healthcare-associated infections,hsu-l,"Hsu, Li Yang",National University of Singapore,Singapore,1,253
amr_hai,AMR and healthcare-associated infections,tang-y,"Tang, Y W",Tan Tock Seng Hospital,Singapore,1,254
amr_hai,AMR and healthcare-associated infections,wu-j,"Wu, J E",National University Health System,Singapore,1,255
amr_hai,AMR and healthcare-associated infections,aung-a,"Aung, A H",Tan Tock Seng Hospital,Singapore,1,256
amr_hai,AMR and healthcare-associated infections,chia-g,"Chia, G",Tan Tock Seng Hospital,Singapore,1,257
amr_hai,AMR and healthcare-associated infections,quah-j,"Quah, J",National University Health System,Singapore,1,258
amr_hai,AMR and healthcare-associated infections,beh-d,"Beh, D",Tan Tock Seng Hospital,Singapore,1,259
amr_hai,AMR and healthcare-associated infections,wahab-m,"Wahab, M T",National University Health System,Singapore,1,260
amr_hai,AMR and healthcare-associated infections,somani-j,"Somani, J",,United States,1,261
amr_hai,AMR and healthcare-associated infections,ang-b,"Ang, B",Tan Tock Seng Hospital,Singapore,1,262
amr_hai,AMR and healthcare-associated infections,gottesdiener-l,"Gottesdiener, Lee S",,United States,1,263
amr_hai,AMR and healthcare-associated infections,greenwoodquaintance-k,"Greenwood-Quaintance, Kerryl E",,United States,1,264
amr_hai,AMR and healthcare-associated infections,cober-e,"Cober, Eric",,United States,1,265
amr_hai,AMR and healthcare-associated infections,herc-e,"Herc, Erica S",,United States,1,266
amr_hai,AMR and healthcare-associated infections,kaye-k,"Kaye, Keith S",,United States,1,267
amr_hai,AMR and healthcare-associated infections,huskins-w,"Huskins, W Charles",,United States,1,268
amr_hai,AMR and healthcare-associated infections,figueroa-j,"Figueroa, Jairo",,Colombia,1,269
amr_hai,AMR and healthcare-associated infections,vilchez-s,"Vilchez, Samuel",,United States,1,270
amr_hai,AMR and healthcare-associated infections,fries-b,"Fries, Bettina C",,United States,1,271
amr_hai,AMR and healthcare-associated infections,leroi-m,"Leroi, Marcel",,Australia,1,272
amr_hai,AMR and healthcare-associated infections,mccarty-t,"McCarty, Todd P",,United States,1,273
amr_hai,AMR and healthcare-associated infections,rioseco-m,"Rioseco, María L",,Chile,1,274
amr_hai,AMR and healthcare-associated infections,munita-j,"Munita, Jose M",,Chile,1,275
amr_hai,AMR and healthcare-associated infections,stryjewski-m,"Stryjewski, Martin E",,Argentina,1,276
amr_hai,AMR and healthcare-associated infections,reyes-j,"Reyes, Jinnethe",,Colombia,1,277
amr_hai,AMR and healthcare-associated infections,chen-l,"Chen, Liang",,United States,1,278
amr_hai,AMR and healthcare-associated infections,kreiswirth-b,"Kreiswirth, Barry N",,United States,1,279
amr_hai,AMR and healthcare-associated infections,hill-c,"Hill, Carol",,United States,1,280
amr_hai,AMR and healthcare-associated infections,baum-k,"Baum, Keri",,United States,1,281
amr_hai,AMR and healthcare-associated infections,villegas-m,"Villegas, Maria Virginia",,Colombia,1,282
amr_hai,AMR and healthcare-associated infections,chambers-h,"Chambers, Henry F",,United States,1,283
amr_hai,AMR and healthcare-associated infections,zhang-h,"Zhang, Huifen",,China,1,284
amr_hai,AMR and healthcare-associated infections,zhou-b,"Zhou, Bin",,Germany,1,285
amr_hai,AMR and healthcare-associated infections,huang-s,"Huang, Sheng",National University of Singapore,Singapore,1,286
amr_hai,AMR and healthcare-associated infections,you-l,"You, Luhua",National University of Singapore,Singapore,1,287
amr_hai,AMR and healthcare-associated infections,gin-k,"Gin, Karina Yew-Hoong",National University of Singapore,Singapore,1,288
amr_hai,AMR and healthcare-associated infections,spruijtenburg-b,"Spruijtenburg, Bram",,Netherlands,1,289
amr_hai,AMR and healthcare-associated infections,marek-a,"Marek, Aleksandra",,United Kingdom,1,290
amr_hai,AMR and healthcare-associated infections,meis-j,"Meis, Jacques F",,Germany,1,291
amr_hai,AMR and healthcare-associated infections,chowdhary-a,"Chowdhary, Anuradha",,India,1,292
amr_hai,AMR and healthcare-associated infections,verweij-p,"Verweij, Paul E",,Netherlands,1,293
amr_hai,AMR and healthcare-associated infections,voss-a,"Voss, Andreas",,Netherlands,1,294
amr_hai,AMR and healthcare-associated infections,bagrade-l,"Bagrade, Linda",,United Kingdom,1,295
amr_hai,AMR and healthcare-associated infections,kiernan-m,"Kiernan, Martin",,Australia,1,296
amr_hai,AMR and healthcare-associated infections,severin-j,"Severin, Juliëtte A",,Netherlands,1,297
amr_hai,AMR and healthcare-associated infections,bal-a,"Bal, Abhijit M",,United Kingdom,1,298
amr_hai,AMR and healthcare-associated infections,meijer-e,"Meijer, Eelco F J",,Netherlands,1,299
amr_hai,AMR and healthcare-associated infections,blacksell-s,"Blacksell, Stuart D",Mahidol University,Australia,1,300
amr_hai,AMR and healthcare-associated infections,robinson-m,"Robinson, Matthew T",University of Oxford,United Kingdom,1,301
amr_hai,AMR and healthcare-associated infections,saraswati-k,"Saraswati, Kartika",Mahidol University,Singapore,1,302
amr_hai,AMR and healthcare-associated infections,perrone-c,"Perrone, Carlo",Mahidol University,Thailand,1,303
amr_hai,AMR and healthcare-associated infections,batty-e,"Batty, Elizabeth M",Mahidol University,Thailand,1,304
amr_hai,AMR and healthcare-associated infections,wongsantichon-j,"Wongsantichon, Jantana",Mahidol University,Thailand,1,305
amr_hai,AMR and healthcare-associated infections,sonthayanon-p,"Sonthayanon, Piengchan",Mahidol University,Thailand,1,306
amr_hai,AMR and healthcare-associated infections,wangrangsimakul-t,"Wangrangsimakul, Tri",University of Oxford,United Kingdom,1,307
amr_hai,AMR and healthcare-associated infections,elliott-i,"Elliott, Ivo",University of Oxford,United Kingdom,1,308
amr_hai,AMR and healthcare-associated infections,ling-s,"Ling, Stacy Ng Wei",KK Women's and Children's Hospital,Singapore,1,309
amr_hai,AMR and healthcare-associated infections,kuan-n,"Kuan, Nicole Lee Kim",KK Women's and Children's Hospital,Singapore,1,310
amr_hai,AMR and healthcare-associated infections,abraham-m,"Abraham, Mini",KK Women's and Children's Hospital,Singapore,1,311
amr_hai,AMR and healthcare-associated infections,jack-p,"Jack, Pan Woei",KK Women's and Children's Hospital,Singapore,1,312
amr_hai,AMR and healthcare-associated infections,leong-k,"Leong, Kevin Lim Boon",KK Women's and Children's Hospital,Singapore,1,313
amr_hai,AMR and healthcare-associated infections,yang-z,"Yang, Zhuoya",National University of Singapore,Singapore,1,314
amr_hai,AMR and healthcare-associated infections,anantaya-k,"Anantaya, Kylin Treruangrachada",National University of Singapore,Singapore,1,315
amr_hai,AMR and healthcare-associated infections,tan-w,"Tan, Wei Cong",National University Hospital,Singapore,1,316
amr_hai,AMR and healthcare-associated infections,perez-r,"Perez, Rebecca Lynn",National University of Singapore,Singapore,1,317
amr_hai,AMR and healthcare-associated infections,lim-s,"Lim, Soon Kok",Communicable Diseases Agency,Singapore,1,318
amr_hai,AMR and healthcare-associated infections,liu-l,"Liu, Lin",National University of Singapore,Singapore,1,319
amr_hai,AMR and healthcare-associated infections,gounot-j,"Gounot, Jean-Sebastien",Genome Institute of Singapore,Singapore,1,320
amr_hai,AMR and healthcare-associated infections,kwah-j,"Kwah, Junmei Samantha",Genome Institute of Singapore,Singapore,1,321
amr_hai,AMR and healthcare-associated infections,ong-r,"Ong, Rick Twee-Hee",National University of Singapore,Singapore,1,322
amr_hai,AMR and healthcare-associated infections,nagarajan-n,"Nagarajan, Niranjan",Genome Institute of Singapore,Singapore,1,323
amr_hai,AMR and healthcare-associated infections,wen-y,"Wen, Yuting",National University of Singapore,Singapore,1,324
amr_hai,AMR and healthcare-associated infections,sun-k,"Sun, Ke",,China,1,325
amr_hai,AMR and healthcare-associated infections,liu-h,"Liu, Huan",,China,1,326
amr_hai,AMR and healthcare-associated infections,chen-d,"Chen, Dongfang",,China,1,327
amr_hai,AMR and healthcare-associated infections,chu-c,"Chu, Chenglin",,China,1,328
amr_hai,AMR and healthcare-associated infections,xue-f,"Xue, Feng",,China,1,329
amr_hai,AMR and healthcare-associated infections,bai-j,"Bai, Jing",,China,1,330
amr_hai,AMR and healthcare-associated infections,ng-d,"Ng, Deborah Hee Ling",National Centre for Infectious Diseases,Singapore,1,331
amr_hai,AMR and healthcare-associated infections,yap-g,"Yap, Gaik Chin",National University of Singapore,Singapore,1,332
amr_hai,AMR and healthcare-associated infections,tay-c,"Tay, Carina J X",National University of Singapore,Singapore,1,333
amr_hai,AMR and healthcare-associated infections,huang-c,"Huang, Chiung-Hui",National University of Singapore,Singapore,1,334
amr_hai,AMR and healthcare-associated infections,tham-e,"Tham, Elizabeth Huiwen",National University Hospital,Singapore,1,335
amr_hai,AMR and healthcare-associated infections,loo-e,"Loo, Evelyn Xiu Ling","Agency for Science, Technology and Research",Singapore,1,336
amr_hai,AMR and healthcare-associated infections,shek-l,"Shek, Lynette P",National University Hospital,Singapore,1,337
amr_hai,AMR and healthcare-associated infections,goh-a,"Goh, Anne",KK Women's and Children's Hospital,Singapore,1,338
amr_hai,AMR and healthcare-associated infections,chong-k,"Chong, Kok Wee",KK Women's and Children's Hospital,Singapore,1,339
amr_hai,AMR and healthcare-associated infections,cheng-z,"Cheng, Zai Ru",KK Women's and Children's Hospital,Singapore,1,340
amr_hai,AMR and healthcare-associated infections,vanbever-h,"Van Bever, Hugo P S","Agency for Science, Technology and Research",Singapore,1,341
amr_hai,AMR and healthcare-associated infections,teoh-o,"Teoh, Oon Hoe",KK Women's and Children's Hospital,Singapore,1,342
amr_hai,AMR and healthcare-associated infections,yap-f,"Yap, Fabian",KK Women's and Children's Hospital,Singapore,1,343
amr_hai,AMR and healthcare-associated infections,chong-y,"Chong, Yap-Seng","Agency for Science, Technology and Research",Singapore,1,344
amr_hai,AMR and healthcare-associated infections,eriksson-j,"Eriksson, Johan Gunnar","Agency for Science, Technology and Research",Finland,1,345
amr_hai,AMR and healthcare-associated infections,godfrey-k,"Godfrey, Keith M",,United Kingdom,1,346
amr_hai,AMR and healthcare-associated infections,lay-c,"Lay, Christophe",National University of Singapore,Singapore,1,347
amr_hai,AMR and healthcare-associated infections,knol-j,"Knol, Jan",,Ireland,1,348
amr_hai,AMR and healthcare-associated infections,schuster-s,"Schuster, Stephan C",Nanyang Technological University,Singapore,1,349
amr_hai,AMR and healthcare-associated infections,chong-m,"Chong, Mary Foong-Fong","Agency for Science, Technology and Research",Singapore,1,350
amr_hai,AMR and healthcare-associated infections,chan-e,"Chan, Eric Chun Yong",National University of Singapore,Singapore,1,351
amr_hai,AMR and healthcare-associated infections,ta-l,"Ta, Le Duc Huy",National University of Singapore,Singapore,1,352
amr_hai,AMR and healthcare-associated infections,hsiao-c,"Hsiao, Ching-Hsi",,Taiwan,1,353
amr_hai,AMR and healthcare-associated infections,kang-e,"Kang, Eugene Yu-Chuan",,Taiwan,1,354
amr_hai,AMR and healthcare-associated infections,chen-h,"Chen, Haobo",,China,1,355
amr_hai,AMR and healthcare-associated infections,yeh-l,"Yeh, Lung-Kun",,Taiwan,1,356
amr_hai,AMR and healthcare-associated infections,ma-d,"Ma, David H K",,Taiwan,1,357
amr_hai,AMR and healthcare-associated infections,hung-k,"Hung, Kuo-Hsuan",,Taiwan,1,358
amr_hai,AMR and healthcare-associated infections,teong-s,"Teong, Siew Ping","Agency for Science, Technology and Research",Singapore,1,359
amr_hai,AMR and healthcare-associated infections,vu-t,"Vu, Trung Thang",Nanyang Technological University,Singapore,1,360
amr_hai,AMR and healthcare-associated infections,aleem-a,"Aleem, Afrah",Nanyang Technological University,Singapore,1,361
amr_hai,AMR and healthcare-associated infections,hadinoto-k,"Hadinoto, Kunn",Nanyang Technological University,Singapore,1,362
amr_hai,AMR and healthcare-associated infections,mir-t,"Mir, Tanveer Ahmad",,India,1,363
amr_hai,AMR and healthcare-associated infections,shareef-t,"Shareef, Talib",,India,1,364
amr_hai,AMR and healthcare-associated infections,lone-s,"Lone, Showkat Ahmad",,India,1,365
amr_hai,AMR and healthcare-associated infections,mir-s,"Mir, Sajad Ahmad",Nanyang Technological University,Singapore,1,366
amr_hai,AMR and healthcare-associated infections,ahmad-j,"Ahmad, Junaid",,India,1,367
amr_hai,AMR and healthcare-associated infections,ganai-b,"Ganai, Bashir Ahmad",,India,1,368
amr_hai,AMR and healthcare-associated infections,rethi-l,"Rethi, Lekha",,Taiwan,1,369
amr_hai,AMR and healthcare-associated infections,lin-y,"Lin, Yi-Cheng",,Taiwan,1,370
amr_hai,AMR and healthcare-associated infections,chuang-e,"Chuang, Er-Yuan",,Taiwan,1,371
amr_hai,AMR and healthcare-associated infections,yeh-y,"Yeh, Yi-Yen",,Taiwan,1,372
amr_hai,AMR and healthcare-associated infections,tsai-y,"Tsai, Yin-Tai",,Taiwan,1,373
amr_hai,AMR and healthcare-associated infections,wong-c,"Wong, Chin Wai",,Singapore,1,374
amr_hai,AMR and healthcare-associated infections,schermerhorn-j,"Schermerhorn, Janse T",,,1,375
amr_hai,AMR and healthcare-associated infections,mcglone-p,"McGlone, Patrick J",,,1,376
amr_hai,AMR and healthcare-associated infections,torrie-a,"Torrie, Arissa M",,,1,377
amr_hai,AMR and healthcare-associated infections,carlini-a,"Carlini, Anthony R",Johns Hopkins University,United States,1,378
amr_hai,AMR and healthcare-associated infections,castillo-r,"Castillo, Renan C",Johns Hopkins University,United States,1,379
amr_hai,AMR and healthcare-associated infections,abar-b,"Abar, Bijan",,,1,380
amr_hai,AMR and healthcare-associated infections,hendren-s,"Hendren, Stephanie",,,1,381
amr_hai,AMR and healthcare-associated infections,wesorick-b,"Wesorick, Benjamin R",,,1,382
amr_hai,AMR and healthcare-associated infections,helbling-a,"Helbling, Alex V",,,1,383
amr_hai,AMR and healthcare-associated infections,mann-t,"Mann, Tara K",,,1,384
amr_hai,AMR and healthcare-associated infections,kelly-c,"Kelly, Cambre",,,1,385
amr_hai,AMR and healthcare-associated infections,otoole-r,"O'Toole, Robert V",,,1,386
amr_hai,AMR and healthcare-associated infections,myatoo-a,"Myat Oo, Aung",Singapore General Hospital,Singapore,1,387
amr_hai,AMR and healthcare-associated infections,conceicao-e,"Conceicao, Edwin Philip",Changi General Hospital,Singapore,1,388
amr_hai,AMR and healthcare-associated infections,yang-y,"Yang, Yi Yan","Agency for Science, Technology and Research",Singapore,1,389
amr_hai,AMR and healthcare-associated infections,binsazali-i,"Bin Sazali, Ismail",Singapore General Hospital,Singapore,1,390
amr_hai,AMR and healthcare-associated infections,hussin-i,"Hussin, Ilyas",KK Women's and Children's Hospital,Singapore,1,391
amr_hai,AMR and healthcare-associated infections,chiong-t,"Chiong, Terri Xiao-Bei",KK Women's and Children's Hospital,Singapore,1,392
amr_hai,AMR and healthcare-associated infections,sripol-p,"Sripol, Pongsatorn",,Thailand,1,393
amr_hai,AMR and healthcare-associated infections,suchartlikitwong-p,"Suchartlikitwong, Pintip",,Thailand,1,394
amr_hai,AMR and healthcare-associated infections,punakabutra-n,"Punakabutra, Napawan",,Thailand,1,395
amr_hai,AMR and healthcare-associated infections,sophonphan-j,"Sophonphan, Jiratchaya",,Thailand,1,396
amr_hai,AMR and healthcare-associated infections,makangli-n,"Ma Kang Li, Nina",,Singapore,1,397
amr_hai,AMR and healthcare-associated infections,anugulruengkitt-s,"Anugulruengkitt, Suvaporn",,Thailand,1,398
amr_hai,AMR and healthcare-associated infections,chuaeeyong-p,"Chua Ee-Yong, Pearleen",National University Health System,Singapore,1,399
amr_hai,AMR and healthcare-associated infections,mukherjee-s,"Mukherjee, Shilpa",National University Health System,Singapore,1,400
amr_hai,AMR and healthcare-associated infections,ann-k,"Ann, Kua Jo",National University Health System,Singapore,1,401
amr_hai,AMR and healthcare-associated infections,guo-h,"Guo, Huiling",Tan Tock Seng Hospital,Singapore,1,402
amr_hai,AMR and healthcare-associated infections,hilbig-a,"Hilbig, Antonia",,United Kingdom,1,403
amr_hai,AMR and healthcare-associated infections,crestani-c,"Crestani, Chiara",,France,1,404
amr_hai,AMR and healthcare-associated infections,barkham-t,"Barkham, Timothy",Tan Tock Seng Hospital,Singapore,1,405
amr_hai,AMR and healthcare-associated infections,chen-s,"Chen, Shiyan",National University of Singapore,Singapore,1,406
amr_hai,AMR and healthcare-associated infections,coboangel-c,"Cobo-Angel, Claudia",,Denmark,1,407
amr_hai,AMR and healthcare-associated infections,ceballosmarquez-a,"Ceballos-Marquez, Alejandro",,Denmark,1,408
amr_hai,AMR and healthcare-associated infections,sirimanapong-w,"Sirimanapong, Wanna",Mahidol University,Thailand,1,409
amr_hai,AMR and healthcare-associated infections,aminnordin-s,"Amin-Nordin, Syafinaz",,Malaysia,1,410
amr_hai,AMR and healthcare-associated infections,phuoc-n,"Phuoc, Nguyen Ngoc",,Viet Nam,1,411
amr_hai,AMR and healthcare-associated infections,pinto-t,"Pinto, Tatiana Castro Abreu",,Brazil,1,412
amr_hai,AMR and healthcare-associated infections,oliveira-l,"Oliveira, Laura",,Brazil,1,413
amr_hai,AMR and healthcare-associated infections,garbarino-c,"Garbarino, Chiara Anna",,Italy,1,414
amr_hai,AMR and healthcare-associated infections,ricchi-m,"Ricchi, Matteo",,Italy,1,415
amr_hai,AMR and healthcare-associated infections,lembo-t,"Lembo, Tiziana",,United Kingdom,1,416
amr_hai,AMR and healthcare-associated infections,lycett-s,"Lycett, Samantha",,United Kingdom,1,417
amr_hai,AMR and healthcare-associated infections,biek-r,"Biek, Roman",,United Kingdom,1,418
amr_hai,AMR and healthcare-associated infections,forde-t,"Forde, Taya",,United Kingdom,1,419
amr_hai,AMR and healthcare-associated infections,zadoks-r,"Zadoks, Ruth Nicolet",,Australia,1,420
amr_hai,AMR and healthcare-associated infections,sun-w,"Sun, Weiguo",,China,1,421
amr_hai,AMR and healthcare-associated infections,xiao-m,"Xiao, Meng",National University of Singapore,China,1,422
amr_hai,AMR and healthcare-associated infections,ali-s,"Ali, Sowkath",Khoo Teck Puat Hospital,Singapore,1,423
amr_hai,AMR and healthcare-associated infections,jin-c,"Jin, Chanyuan",,China,1,424
amr_hai,AMR and healthcare-associated infections,shakirullah,Shakirullah,,Pakistan,1,425
amr_hai,AMR and healthcare-associated infections,ni-r,"Ni, Ruizi",,China,1,426
amr_hai,AMR and healthcare-associated infections,an-y,"An, Yajing",,China,1,427
amr_hai,AMR and healthcare-associated infections,zhang-m,"Zhang, Mingming",,China,1,428
amr_hai,AMR and healthcare-associated infections,tian-y,"Tian, Yuan",,China,1,429
amr_hai,AMR and healthcare-associated infections,kaushik-s,"Kaushik, Shradha",,Canada,1,430
amr_hai,AMR and healthcare-associated infections,gong-w,"Gong, Wenping",,China,1,431
amr_hai,AMR and healthcare-associated infections,mitchell-b,"Mitchell, B G",,Australia,1,432
amr_hai,AMR and healthcare-associated infections,matterson-g,"Matterson, G",,Australia,1,433
amr_hai,AMR and healthcare-associated infections,carroll-m,"Carroll, Miles",University of Oxford,United Kingdom,1,434
amr_hai,AMR and healthcare-associated infections,donnelly-h,"Donnelly, H",,Australia,1,435
amr_hai,AMR and healthcare-associated infections,tehan-p,"Tehan, P E",,Australia,1,436
amr_hai,AMR and healthcare-associated infections,lin-z,"Lin, Zejia",National University of Singapore,Singapore,1,437
amr_hai,AMR and healthcare-associated infections,deng-d,"Deng, Dini",National University of Singapore,Singapore,1,438
amr_hai,AMR and healthcare-associated infections,li-x,"Li, Xianzhe",National University of Singapore,Singapore,1,439
amr_hai,AMR and healthcare-associated infections,koay-e,"Koay, Emma Y H",,Singapore,1,440
amr_hai,AMR and healthcare-associated infections,chin-m,"Chin, Mario P S",,Singapore,1,441
amr_hai,AMR and healthcare-associated infections,chan-c,"Chan, Candice Yuen Yue",Duke-NUS Medical School,Singapore,1,442
amr_hai,AMR and healthcare-associated infections,manesh-a,"Manesh, Abi",National University of Singapore,India,1,443
amr_hai,AMR and healthcare-associated infections,lim-b,"Lim, Bin",,Singapore,1,444
amr_hai,AMR and healthcare-associated infections,chua-s,"Chua, Sonja Cjh",,,1,445
amr_hai,AMR and healthcare-associated infections,xu-r,"Xu, Rujia",,,1,446
amr_hai,AMR and healthcare-associated infections,ricci-v,"Ricci, Valentina",,,1,447
amr_hai,AMR and healthcare-associated infections,kim-p,"Kim, Phyllis Al",,,1,448
amr_hai,AMR and healthcare-associated infections,barahim-e,"Barahim, Eman Khalid",,Saudi Arabia,1,449
amr_hai,AMR and healthcare-associated infections,smith-e,"Smith, Ella P",,United Kingdom,1,450
amr_hai,AMR and healthcare-associated infections,yong-s,"Yong, Sheau Ting",,United Kingdom,1,451
amr_hai,AMR and healthcare-associated infections,aung-t,"Aung, Thet Tun",Duke-NUS Medical School,Singapore,1,452
amr_hai,AMR and healthcare-associated infections,mohammed-i,"Mohammed, Imran",,United Kingdom,1,453
amr_hai,AMR and healthcare-associated infections,dua-h,"Dua, Harminder S",,United Kingdom,1,454
amr_hai,AMR and healthcare-associated infections,wallace-g,"Wallace, Graham R",,United Kingdom,1,455
amr_hai,AMR and healthcare-associated infections,hombrebueno-j,"Hombrebueno, Jose R",,United Kingdom,1,456
amr_hai,AMR and healthcare-associated infections,rauz-s,"Rauz, Saaeha",,United Kingdom,1,457
amr_hai,AMR and healthcare-associated infections,ting-d,"Ting, Darren S J",Duke-NUS Medical School,Singapore,1,458
amr_hai,AMR and healthcare-associated infections,hardy-m,"Hardy, Melissa J",,Australia,1,459
amr_hai,AMR and healthcare-associated infections,robins-j,"Robins, James",Harvard University,United States,1,460
amr_hai,AMR and healthcare-associated infections,sauer-s,"Sauer, S",Harvard University,United States,1,461
amr_hai,AMR and healthcare-associated infections,stambekova-a,"Stambekova, Assel",,,1,462
amr_hai,AMR and healthcare-associated infections,kam-k,"Kam, Kai-Qian",Duke-NUS Medical School,Singapore,1,463
amr_hai,AMR and healthcare-associated infections,seah-x,"Seah, Xue Fen Valerie",KK Women's and Children's Hospital,Singapore,1,464
amr_hai,AMR and healthcare-associated infections,sng-l,"Sng, Li-Hwei",Duke-NUS Medical School,Singapore,1,465
amr_hai,AMR and healthcare-associated infections,nadua-k,"Nadua, Karen Donceras",Duke-NUS Medical School,Singapore,1,466
amr_hai,AMR and healthcare-associated infections,yung-c,"Yung, Chee-Fu",KK Women's and Children's Hospital,Singapore,1,467
amr_hai,AMR and healthcare-associated infections,thoon-k,"Thoon, Koh Cheng",KK Women's and Children's Hospital,Singapore,1,468
amr_hai,AMR and healthcare-associated infections,jiang-l,"Jiang, Li",,China,1,469
amr_hai,AMR and healthcare-associated infections,wei-y,"Wei, Yifeng",,Singapore,1,470
amr_hai,AMR and healthcare-associated infections,liu-d,"Liu, Dazhi",,China,1,471
amr_hai,AMR and healthcare-associated infections,liu-z,"Liu, Zhaoyuan",,China,1,472
amr_hai,AMR and healthcare-associated infections,tong-y,"Tong, Yang",,China,1,473
amr_hai,AMR and healthcare-associated infections,yin-j,"Yin, Jinyu",,China,1,474
amr_hai,AMR and healthcare-associated infections,urs-a,"Urs, Ankanahalli N Nanjaraj",,China,1,475
amr_hai,AMR and healthcare-associated infections,xing-m,"Xing, Meining",,China,1,476
amr_hai,AMR and healthcare-associated infections,harrison-m,"Harrison, Mark A",London School of Hygiene & Tropical Medicine,United Kingdom,1,477
amr_hai,AMR and healthcare-associated infections,zhang-c,"Zhang, Chuqiu",,China,1,478
amr_hai,AMR and healthcare-associated infections,yang-s,"Yang, Sheng",,China,1,479
amr_hai,AMR and healthcare-associated infections,luo-y,"Luo, Yunzi",,China,1,480
amr_hai,AMR and healthcare-associated infections,ang-e,"Ang, Ee Lui",,Singapore,1,481
amr_hai,AMR and healthcare-associated infections,zhao-h,"Zhao, Huiwei",,China,1,482
amr_hai,AMR and healthcare-associated infections,lu-l,"Lu, Li",,China,1,483
amr_hai,AMR and healthcare-associated infections,xiong-y,"Xiong, Yuan",,China,1,484
amr_hai,AMR and healthcare-associated infections,liao-j,"Liao, Jiewen",,China,1,485
amr_hai,AMR and healthcare-associated infections,wang-g,"Wang, Gang",,China,1,486
amr_hai,AMR and healthcare-associated infections,qin-y,"Qin, Yating",,China,1,487
amr_hai,AMR and healthcare-associated infections,zhang-s,"Zhang, Shengming",,China,1,488
amr_hai,AMR and healthcare-associated infections,zhong-x,"Zhong, Xiaodan",,China,1,489
amr_hai,AMR and healthcare-associated infections,zha-k,"Zha, Kangkang",,China,1,490
amr_hai,AMR and healthcare-associated infections,alsmadi-f,"Al-Smadi, Fawwaz",,China,1,491
amr_hai,AMR and healthcare-associated infections,liu-g,"Liu, Guohui",,China,1,492
amr_hai,AMR and healthcare-associated infections,mi-b,"Mi, Bobin",Nanyang Technological University,China,1,493
amr_hai,AMR and healthcare-associated infections,soo-j,"Soo, Joel Z Y",National University of Singapore,Singapore,1,494
amr_hai,AMR and healthcare-associated infections,lim-t,"Lim, Tony Kiat Hon",Duke-NUS Medical School,Singapore,1,495
amr_hai,AMR and healthcare-associated infections,tranduy-a,"Tran-Duy, An",University of Melbourne,Australia,1,496
amr_hai,AMR and healthcare-associated infections,asbury-s,"Asbury, Sarah",,Australia,1,497
amr_hai,AMR and healthcare-associated infections,spelman-t,"Spelman, Tim",University of Melbourne,Australia,1,498
amr_hai,AMR and healthcare-associated infections,buising-k,"Buising, Kirsty L",University of Melbourne,Australia,1,499
amr_hai,AMR and healthcare-associated infections,mcdougall-c,"McDougall, Catherine",,Australia,1,500
amr_hai,AMR and healthcare-associated infections,solomon-m,"Solomon, Michael",,Australia,1,501
amr_hai,AMR and healthcare-associated infections,crawford-r,"Crawford, Ross",,Australia,1,502
amr_hai,AMR and healthcare-associated infections,adie-s,"Adie, Sam",,Australia,1,503
amr_hai,AMR and healthcare-associated infections,molnar-r,"Molnar, Robert",,Australia,1,504
amr_hai,AMR and healthcare-associated infections,mulford-j,"Mulford, Johnthan",,Australia,1,505
amr_hai,AMR and healthcare-associated infections,harrisbrown-t,"Harris-Brown, Tiffany",,Australia,1,506
amr_hai,AMR and healthcare-associated infections,roney-j,"Roney, Janine",,Australia,1,507
amr_hai,AMR and healthcare-associated infections,desteiger-r,"de Steiger, Richard",University of Melbourne,Australia,1,508
amr_hai,AMR and healthcare-associated infections,peel-t,"Peel, Trisha N",,Australia,1,509
amr_hai,AMR and healthcare-associated infections,jabbour-j,"Jabbour, Jean-Francois",,Lebanon,1,510
amr_hai,AMR and healthcare-associated infections,kadri-h,"Kadri, Hind",,Lebanon,1,511
amr_hai,AMR and healthcare-associated infections,jabra-e,"Jabra, Elio",,Lebanon,1,512
amr_hai,AMR and healthcare-associated infections,hindy-j,"Hindy, Joya-Rita",,Lebanon,1,513
amr_hai,AMR and healthcare-associated infections,haddad-s,"Haddad, Sara F",,Lebanon,1,514
amr_hai,AMR and healthcare-associated infections,kanafani-z,"Kanafani, Zeina A",,Lebanon,1,515
amr_hai,AMR and healthcare-associated infections,zahreddine-n,"Zahreddine, Nada K",,Lebanon,1,516
amr_hai,AMR and healthcare-associated infections,aboufayad-a,"Abou Fayad, Antoine G",World Health Organization,Lebanon,1,517
amr_hai,AMR and healthcare-associated infections,jiang-j,"Jiang, Jianping",,United States,1,518
amr_hai,AMR and healthcare-associated infections,araj-g,"Araj, George F",,Lebanon,1,519
amr_hai,AMR and healthcare-associated infections,matar-g,"Matar, Ghassan M",World Health Organization,Lebanon,1,520
amr_hai,AMR and healthcare-associated infections,kanj-s,"Kanj, Souha S",,Lebanon,1,521
amr_hai,AMR and healthcare-associated infections,lin-x,"Lin, Xiqing",Institute of Mental Health,Singapore,1,522
amr_hai,AMR and healthcare-associated infections,shi-z,"Shi, Zhanpo",Institute of Mental Health,Singapore,1,523
amr_hai,AMR and healthcare-associated infections,lin-r,"Lin, Raymond Tzer Pin",National University of Singapore,Singapore,1,524
amr_hai,AMR and healthcare-associated infections,ang-m,"Ang, Michelle Lt",Communicable Diseases Agency,Singapore,1,525
amr_hai,AMR and healthcare-associated infections,feng-j,"Feng, Jinxian",Institute of Mental Health,Singapore,1,526
amr_hai,AMR and healthcare-associated infections,mok-c,"Mok, Cynthia Qi Yi",Institute of Mental Health,Singapore,1,527
amr_hai,AMR and healthcare-associated infections,xue-s,"Xue, Siyan",,China,1,528
amr_hai,AMR and healthcare-associated infections,hou-l,"Hou, Lingxuan",National University of Singapore,Singapore,1,529
amr_hai,AMR and healthcare-associated infections,yuan-k,"Yuan, Kaixuan",,China,1,530
amr_hai,AMR and healthcare-associated infections,chen-x,"Chen, Xi",,China,1,531
amr_hai,AMR and healthcare-associated infections,kong-c,"Kong, Chui",,China,1,532
amr_hai,AMR and healthcare-associated infections,wang-l,"Wang, Lin-Fa",Duke-NUS Medical School,Singapore,1,533
amr_hai,AMR and healthcare-associated infections,gu-b,"Gu, Bing",,China,1,534
amr_hai,AMR and healthcare-associated infections,atshemyan-h,"Atshemyan, Hakob",,,1,535
amr_hai,AMR and healthcare-associated infections,samieva-n,"Samieva, Nazgul",,,1,536
amr_hai,AMR and healthcare-associated infections,siraj-f,"Siraj, Faisal",,Pakistan,1,537
amr_hai,AMR and healthcare-associated infections,ndjeka-n,"Ndjeka, Norbert",,South Africa,1,538
amr_hai,AMR and healthcare-associated infections,adenov-m,"Adenov, Malik",,,1,539
amr_hai,AMR and healthcare-associated infections,lin-j,"Lin, Jia-Hui",,China,1,540
amr_hai,AMR and healthcare-associated infections,wang-w,"Wang, Wenru",National University of Singapore,Singapore,1,541
amr_hai,AMR and healthcare-associated infections,zhengyu-j,"Zhengyu, Jiahui",,China,1,542
amr_hai,AMR and healthcare-associated infections,chen-m,"Chen, Mu",,China,1,543
amr_hai,AMR and healthcare-associated infections,zhong-r,"Zhong, Rongcui",,China,1,544
amr_hai,AMR and healthcare-associated infections,chong-x,"Chong, Xing",,China,1,545
amr_hai,AMR and healthcare-associated infections,dang-y,"Dang, Yuanye",,China,1,546
amr_hai,AMR and healthcare-associated infections,chang-h,"Chang, Huili",,China,1,547
amr_hai,AMR and healthcare-associated infections,liu-s,"Liu, Shouping",,China,1,548
amr_hai,AMR and healthcare-associated infections,lin-s,"Lin, Shuimu",,China,1,549
amr_hai,AMR and healthcare-associated infections,philip-m,"Philip, Mary",,France,1,550
amr_hai,AMR and healthcare-associated infections,dumonceau-r,"Dumonceau, Robinson Gravier",,France,1,551
amr_hai,AMR and healthcare-associated infections,citro-r,"Citro, Rodolfo",,Italy,1,552
amr_hai,AMR and healthcare-associated infections,cosyns-b,"Cosyns, Bernard",,Belgium,1,553
amr_hai,AMR and healthcare-associated infections,donal-e,"Donal, Erwan",,France,1,554
amr_hai,AMR and healthcare-associated infections,erba-p,"Erba, Paola Anna",,Italy,1,555
amr_hai,AMR and healthcare-associated infections,gouriet-f,"Gouriet, Frédérique",,France,1,556
amr_hai,AMR and healthcare-associated infections,iung-b,"Iung, Bernard",,France,1,557
amr_hai,AMR and healthcare-associated infections,kong-w,"Kong, William K F",,Singapore,1,558
amr_hai,AMR and healthcare-associated infections,lancellotti-p,"Lancellotti, Patrizio",,Belgium,1,559
amr_hai,AMR and healthcare-associated infections,maggioni-a,"Maggioni, Aldo",,Italy,1,560
amr_hai,AMR and healthcare-associated infections,mancini-j,"Mancini, Julien",,France,1,561
amr_hai,AMR and healthcare-associated infections,popescu-b,"Popescu, Bogdan A",,Romania,1,562
amr_hai,AMR and healthcare-associated infections,prendergast-b,"Prendergast, Bernard",,United Kingdom,1,563
amr_hai,AMR and healthcare-associated infections,sambola-a,"Sambola, Antonia",,Spain,1,564
amr_hai,AMR and healthcare-associated infections,sengupta-s,"Sengupta, Shantanu P",,India,1,565
amr_hai,AMR and healthcare-associated infections,timoteo-a,"Timoteo, Ana",,Portugal,1,566
amr_hai,AMR and healthcare-associated infections,tribouilloy-c,"Tribouilloy, Christophe",,France,1,567
amr_hai,AMR and healthcare-associated infections,vanmelle-j,"van Melle, Joost P",,Netherlands,1,568
amr_hai,AMR and healthcare-associated infections,giorgi-r,"Giorgi, Roch",,France,1,569
amr_hai,AMR and healthcare-associated infections,habib-g,"Habib, Gilbert",,France,1,570
amr_hai,AMR and healthcare-associated infections,zhou-l,"Zhou, Lirun",,China,1,571
amr_hai,AMR and healthcare-associated infections,yang-t,"Yang, Tong",,China,1,572
amr_hai,AMR and healthcare-associated infections,chu-z,"Chu, Zheng",,China,1,573
amr_hai,AMR and healthcare-associated infections,tang-h,"Tang, Hechen",,China,1,574
amr_hai,AMR and healthcare-associated infections,ma-a,"Ma, Ang",,China,1,575
amr_hai,AMR and healthcare-associated infections,gao-p,"Gao, Peng",,China,1,576
amr_hai,AMR and healthcare-associated infections,wong-y,"Wong, Yeow Yang John",KK Women's and Children's Hospital,Singapore,1,577
amr_hai,AMR and healthcare-associated infections,liu-c,"Liu, Congqiang",,China,1,578
amr_hai,AMR and healthcare-associated infections,shen-s,"Shen, Shengnan",,China,1,579
amr_hai,AMR and healthcare-associated infections,zhang-j,"Zhang, Junhua",,China,1,580
amr_hai,AMR and healthcare-associated infections,shi-q,"Shi, Qiaoli",,China,1,581
amr_hai,AMR and healthcare-associated infections,law-s,"Law, Stephanie",,Canada,1,582
amr_hai,AMR and healthcare-associated infections,fulcher-i,"Fulcher, Isabel",,United States,1,583
amr_hai,AMR and healthcare-associated infections,ashraf-s,"Ashraf, Samreen",,Pakistan,1,584
amr_hai,AMR and healthcare-associated infections,docteur-w,"Docteur, Wisny",,Haiti,1,585
amr_hai,AMR and healthcare-associated infections,guerra-d,"Guerra, Dalia",,Peru,1,586
amr_hai,AMR and healthcare-associated infections,kliescikova-j,"Kliescikova, Jarmila",,,1,587
amr_hai,AMR and healthcare-associated infections,kung-p,"Kung, Po-Jen",National University of Singapore,Singapore,1,588
amr_hai,AMR and healthcare-associated infections,chen-k,"Chen, Kenneth",Singapore General Hospital,Singapore,1,589
amr_hai,AMR and healthcare-associated infections,chang-y,"Chang, Ying-Ying",,Taiwan,1,590
amr_hai,AMR and healthcare-associated infections,chang-l,"Chang, Li-Yin",,Taiwan,1,591
amr_hai,AMR and healthcare-associated infections,tsai-r,"Tsai, Ren Jie",National Skin Centre,Singapore,1,592
amr_hai,AMR and healthcare-associated infections,cheng-l,"Cheng, Ling Jie",National University of Singapore,Singapore,1,593
amr_hai,AMR and healthcare-associated infections,yeo-b,"Yeo, Benson Koon Wee",National Skin Centre,Singapore,1,594
amr_hai,AMR and healthcare-associated infections,blancoarevalo-a,"Blanco-Arévalo, Alejandro",National University of Singapore,Singapore,1,595
amr_hai,AMR and healthcare-associated infections,gupta-a,"Gupta, Atharvi",National University of Singapore,Singapore,1,596
amr_hai,AMR and healthcare-associated infections,chee-j,"Chee, Jia Yi",National University of Singapore,Singapore,1,597
amr_hai,AMR and healthcare-associated infections,aligui-a,"Aligui, Alec Ann Alissa F",National University of Singapore,Philippines,1,598
amr_hai,AMR and healthcare-associated infections,hor-s,"Hor, Stanton Winter",,United States,1,599
amr_hai,AMR and healthcare-associated infections,shou-y,"Shou, Yiyun",National University of Singapore,Australia,1,600
amr_hai,AMR and healthcare-associated infections,saravanan-r,"Saravanan, Rathi",Duke-NUS Medical School,Singapore,1,601
amr_hai,AMR and healthcare-associated infections,leong-j,"Leong, James",Duke-NUS Medical School,Singapore,1,602
amr_hai,AMR and healthcare-associated infections,charani-e,"Charani, Esmita",,South Africa,1,603
amr_hai,AMR and healthcare-associated infections,low-s,"Low, Su Chong Albert",Singapore General Hospital,Singapore,1,604
amr_hai,AMR and healthcare-associated infections,tunaung-t,"Tun Aung, Thet",,Singapore,1,605
amr_hai,AMR and healthcare-associated infections,venkatesh-m,"Venkatesh, Mayandi",,Singapore,1,606
amr_hai,AMR and healthcare-associated infections,chikkamadiah-r,"Chikkamadiah, Ravisha",,India,1,607
amr_hai,AMR and healthcare-associated infections,yong-h,"Yong, Hoi Cheng",,Singapore,1,608
amr_hai,AMR and healthcare-associated infections,goh-e,"Goh, Eunice TzeLeng",,Singapore,1,609
amr_hai,AMR and healthcare-associated infections,barathi-v,"Barathi, Veluchamy A",Duke-NUS Medical School,Singapore,1,610
amr_hai,AMR and healthcare-associated infections,sriram-b,"Sriram, Bharathi",,India,1,611
amr_hai,AMR and healthcare-associated infections,tan-d,"Tan, Donald Tiang-Hwee",,Singapore,1,612
amr_hai,AMR and healthcare-associated infections,verma-n,"Verma, Navin Kumar",Nanyang Technological University,Singapore,1,613
amr_hai,AMR and healthcare-associated infections,rajamani-l,"Rajamani, Lakshminarayanan",Duke-NUS Medical School,Singapore,1,614
amr_hai,AMR and healthcare-associated infections,pang-s,"Pang, Sean Jia Le",Nanyang Technological University,Singapore,1,615
amr_hai,AMR and healthcare-associated infections,wee-s,"Wee, Soon Keong",Nanyang Technological University,Singapore,1,616
amr_hai,AMR and healthcare-associated infections,yap-o,"Yap, Odelia",Nanyang Technological University,Singapore,1,617
amr_hai,AMR and healthcare-associated infections,yap-e,"Yap, Eric Peng Huat",Nanyang Technological University,Singapore,1,618
amr_hai,AMR and healthcare-associated infections,peri-a,"Peri, Anna Maria",,Australia,1,619
amr_hai,AMR and healthcare-associated infections,greenslade-j,"Greenslade, Jaimi H",,Australia,1,620
amr_hai,AMR and healthcare-associated infections,hills-a,"Hills, Angela Z",,Australia,1,621
amr_hai,AMR and healthcare-associated infections,ray-m,"Ray, Mercedes T",,Australia,1,622
amr_hai,AMR and healthcare-associated infections,williams-j,"Williams, Julian M",,Australia,1,623
amr_hai,AMR and healthcare-associated infections,fang-q,"Fang, Qian",,China,1,624
amr_hai,AMR and healthcare-associated infections,dou-x,"Dou, Xinyue",,Malaysia,1,625
amr_hai,AMR and healthcare-associated infections,saalah-s,"Saalah, Sariah",,Malaysia,1,626
amr_hai,AMR and healthcare-associated infections,chiam-c,"Chiam, Chel-Ken",,Malaysia,1,627
amr_hai,AMR and healthcare-associated infections,xie-j,"Xie, Jianping",National University of Singapore,Singapore,1,628
amr_hai,AMR and healthcare-associated infections,sipaut-c,"Sipaut, Coswald Stephen",,Malaysia,1,629
amr_hai,AMR and healthcare-associated infections,pei-z,"Pei, Zhongfei",,China,1,630
amr_hai,AMR and healthcare-associated infections,yi-s,"Yi, Siyan",National University of Singapore,Cambodia,1,631
amr_hai,AMR and healthcare-associated infections,hon-c,"Hon, Chitin",,China,1,632
amr_hai,AMR and healthcare-associated infections,sundaresan-a,"Sundaresan, Ajitha",Temasek Life Sciences Laboratory,Singapore,1,633
amr_hai,AMR and healthcare-associated infections,cheong-i,"Cheong, Ian",National University of Singapore,Singapore,1,634
amr_hai,AMR and healthcare-associated infections,chansamouth-v,"Chansamouth, Vilada",University of Oxford,Lao PDR,1,635
amr_hai,AMR and healthcare-associated infections,chommanam-d,"Chommanam, Danoy",,Lao PDR,1,636
amr_hai,AMR and healthcare-associated infections,vongphachanh-s,"Vongphachanh, Susath",,Lao PDR,1,637
amr_hai,AMR and healthcare-associated infections,vongsouvath-m,"Vongsouvath, Manivanh",,,1,638
amr_hai,AMR and healthcare-associated infections,keomany-s,"Keomany, Sommay",,Lao PDR,1,639
amr_hai,AMR and healthcare-associated infections,paphasiri-v,"Paphasiri, Viladeth",,Lao PDR,1,640
amr_hai,AMR and healthcare-associated infections,phamisith-c,"Phamisith, Chanthala",,Lao PDR,1,641
amr_hai,AMR and healthcare-associated infections,sengsavang-s,"Sengsavang, Siho",,Lao PDR,1,642
amr_hai,AMR and healthcare-associated infections,douangdala-p,"Douangdala, Phouvieng",,Lao PDR,1,643
amr_hai,AMR and healthcare-associated infections,detleuxay-k,"Detleuxay, Khamsay",,Lao PDR,1,644
amr_hai,AMR and healthcare-associated infections,rattana-s,"Rattana, Sommana",,Lao PDR,1,645
amr_hai,AMR and healthcare-associated infections,soumphonphakdy-b,"Soumphonphakdy, Bandith",,Lao PDR,1,646
amr_hai,AMR and healthcare-associated infections,keoluangkhot-v,"Keoluangkhot, Valy",,Lao PDR,1,647
amr_hai,AMR and healthcare-associated infections,mukaka-m,"Mukaka, Mavuto",Mahidol University,Thailand,1,648
amr_hai,AMR and healthcare-associated infections,vandoorn-h,"van Doorn, H Rogier",Oxford University Clinical Research Unit,United Kingdom,1,649
amr_hai,AMR and healthcare-associated infections,mayxay-m,"Mayxay, Mayfong",National University of Singapore,Singapore,1,650
amr_hai,AMR and healthcare-associated infections,ashley-e,"Ashley, Elizabeth A",University of Oxford,United Kingdom,1,651
amr_hai,AMR and healthcare-associated infections,hsiung-a,"Hsiung, Alton",National University of Singapore,Singapore,1,652
amr_hai,AMR and healthcare-associated infections,fraise-c,"Fraise, Christiana",National University of Singapore,Singapore,1,653
amr_hai,AMR and healthcare-associated infections,seres-g,"Seres, Gyula",National University of Singapore,Singapore,1,654
amr_hai,AMR and healthcare-associated infections,chong-l,"Chong, Li Ming",National University of Singapore,Singapore,1,655
amr_hai,AMR and healthcare-associated infections,you-k,"You, Kui",National University of Singapore,Singapore,1,656
amr_hai,AMR and healthcare-associated infections,moh-a,"Moh, Angelina",National University of Singapore,Singapore,1,657
amr_hai,AMR and healthcare-associated infections,su-c,"Su, Chengxun",National University of Singapore,Singapore,1,658
amr_hai,AMR and healthcare-associated infections,sapanel-y,"Sapanel, Yoann",National University of Singapore,Singapore,1,659
amr_hai,AMR and healthcare-associated infections,zhuang-i,"Zhuang, Isaiah",National University of Singapore,Singapore,1,660
amr_hai,AMR and healthcare-associated infections,hooi-l,"Hooi, Lissa",National University of Singapore,Singapore,1,661
amr_hai,AMR and healthcare-associated infections,ng-o,"Ng, Oon Tek",National Centre for Infectious Diseases,Singapore,1,662
amr_hai,AMR and healthcare-associated infections,vasoo-s,"Vasoo, Shawn",National Centre for Infectious Diseases,Singapore,1,663
amr_hai,AMR and healthcare-associated infections,ho-d,"Ho, Dean",National University of Singapore,Singapore,1,664
amr_hai,AMR and healthcare-associated infections,apisarnthanarak-a,"Apisarnthanarak, Anucha",,Thailand,1,665
amr_hai,AMR and healthcare-associated infections,ching-p,"Ching, Patricia",University of Hong Kong,Hong Kong SAR,1,666
amr_hai,AMR and healthcare-associated infections,harrington-g,"Harrington, Glenys",,Australia,1,667
amr_hai,AMR and healthcare-associated infections,huh-j,"Huh, Jin-Won",,Republic of Korea,1,668
amr_hai,AMR and healthcare-associated infections,jaggi-n,"Jaggi, Namita",,India,1,669
amr_hai,AMR and healthcare-associated infections,morikane-k,"Morikane, Keita",,Japan,1,670
amr_hai,AMR and healthcare-associated infections,poonyathawon-s,"Poonyathawon, Sahadol",,Thailand,1,671
amr_hai,AMR and healthcare-associated infections,goodman-a,"Goodman, Anna L",,United Kingdom,1,672
amr_hai,AMR and healthcare-associated infections,easom-n,"Easom, Nicholas",,United Kingdom,1,673
amr_hai,AMR and healthcare-associated infections,bielopolski-d,"Bielopolski, Dana",,United Kingdom,1,674
amr_hai,AMR and healthcare-associated infections,sutherland-r,"Sutherland, Rebecca K",,United Kingdom,1,675
amr_hai,AMR and healthcare-associated infections,marks-m,"Marks, Michael",London School of Hygiene & Tropical Medicine,United Kingdom,1,676
amr_hai,AMR and healthcare-associated infections,hensgens-m,"Hensgens, Marjolein P M",,Netherlands,1,677
amr_hai,AMR and healthcare-associated infections,bonten-m,"Bonten, Marc",,Netherlands,1,678
amr_hai,AMR and healthcare-associated infections,bostock-j,"Bostock, Jennifer",,United Kingdom,1,679
amr_hai,AMR and healthcare-associated infections,walls-g,"Walls, Genevieve",,New Zealand,1,680
amr_hai,AMR and healthcare-associated infections,boyles-t,"Boyles, Tom",,South Africa,1,681
amr_hai,AMR and healthcare-associated infections,yahav-d,"Yahav, Dafna",,Israel,1,682
amr_hai,AMR and healthcare-associated infections,cheng-m,"Cheng, Matthew P",,Canada,1,683
amr_hai,AMR and healthcare-associated infections,legg-a,"Legg, Amy",,Australia,1,684
amr_hai,AMR and healthcare-associated infections,paul-m,"Paul, Mical",,Israel,1,685
amr_hai,AMR and healthcare-associated infections,lescure-f,"Lescure, François-Xavier",,France,1,686
amr_hai,AMR and healthcare-associated infections,lee-t,"Lee, Todd C",,Canada,1,687
amr_hai,AMR and healthcare-associated infections,salada-b,"Salada, Brenda Mae Alferez",National University Hospital,Singapore,1,688
amr_hai,AMR and healthcare-associated infections,teo-c,"Teo, Chwee Fang",Nanyang Technological University,Singapore,1,689
amr_hai,AMR and healthcare-associated infections,pandya-g,"Pandya, Garvi",National University Hospital,Singapore,1,690
amr_hai,AMR and healthcare-associated infections,hu-x,"Hu, Xin",National University Hospital,Singapore,1,691
amr_hai,AMR and healthcare-associated infections,fisher-d,"Fisher, Dale Andrew",National University Hospital,Singapore,1,692
amr_hai,AMR and healthcare-associated infections,sorayah-r,"Sorayah, Ria",Nanyang Technological University,Singapore,1,693
amr_hai,AMR and healthcare-associated infections,mulholland-c,"Mulholland, Claire V",,United States,1,694
amr_hai,AMR and healthcare-associated infections,daher-w,"Daher, Wassim",,France,1,695
amr_hai,AMR and healthcare-associated infections,wee-d,"Wee, Denise",A*STAR Infectious Diseases Labs,Singapore,1,696
amr_hai,AMR and healthcare-associated infections,chen-z,"Chen, Zhenfeng",,China,1,697
amr_hai,AMR and healthcare-associated infections,oehlers-s,"Oehlers, Stefan H",A*STAR Infectious Diseases Labs,Singapore,1,698
amr_hai,AMR and healthcare-associated infections,kline-k,"Kline, Kimberly A",Nanyang Technological University,Singapore,1,699
amr_hai,AMR and healthcare-associated infections,chng-s,"Chng, Shu Sin",Nanyang Technological University,Singapore,1,700
amr_hai,AMR and healthcare-associated infections,kremer-l,"Kremer, Laurent",,France,1,701
amr_hai,AMR and healthcare-associated infections,rahman-n,"Rahman, Nurlilah Ab",Nanyang Technological University,Singapore,1,702
amr_hai,AMR and healthcare-associated infections,wiggins-t,"Wiggins, Thomas",,United States,1,703
amr_hai,AMR and healthcare-associated infections,miller-m,"Miller, Marvin J",,United States,1,704
amr_hai,AMR and healthcare-associated infections,kawai-a,"Kawai, Akito",,Japan,1,705
amr_hai,AMR and healthcare-associated infections,mcelheny-c,"McElheny, Christi L",,United States,1,706
amr_hai,AMR and healthcare-associated infections,shields-r,"Shields, Ryan K",,United States,1,707
amr_hai,AMR and healthcare-associated infections,alvarezfraga-l,"Álvarez-Fraga, Laura",,France,1,708
amr_hai,AMR and healthcare-associated infections,amarasiri-m,"Amarasiri, Mohan",,Japan,1,709
amr_hai,AMR and healthcare-associated infections,arnal-c,"Arnal, Charlotte",,France,1,710
amr_hai,AMR and healthcare-associated infections,bellanger-x,"Bellanger, Xavier",,France,1,711
amr_hai,AMR and healthcare-associated infections,benoit-p,"Benoit, Pierre",,France,1,712
amr_hai,AMR and healthcare-associated infections,berendonk-t,"Berendonk, Thomas",,Germany,1,713
amr_hai,AMR and healthcare-associated infections,bourdin-t,"Bourdin, Thibault",,France,1,714
amr_hai,AMR and healthcare-associated infections,carson-c,"Carson, Carolee Anne",,Canada,1,715
amr_hai,AMR and healthcare-associated infections,cytryn-e,"Cytryn, Eddie",,Israel,1,716
amr_hai,AMR and healthcare-associated infections,dellanegra-o,"Della-Negra, Oriane",,France,1,717
amr_hai,AMR and healthcare-associated infections,dicesare-a,"Di Cesare, Andrea",,Italy,1,718
amr_hai,AMR and healthcare-associated infections,djordjevic-s,"Djordjevic, Steven P",,Australia,1,719
amr_hai,AMR and healthcare-associated infections,drigo-b,"Drigo, Barbara",,Australia,1,720
amr_hai,AMR and healthcare-associated infections,donner-e,"Donner, Erica",,Australia,1,721
amr_hai,AMR and healthcare-associated infections,drei-p,"Drei, Pietro",,Italy,1,722
amr_hai,AMR and healthcare-associated infections,frigon-d,"Frigon, Dominic",,Canada,1,723
amr_hai,AMR and healthcare-associated infections,gagoferrero-p,"Gago-Ferrero, Pablo",,Spain,1,724
amr_hai,AMR and healthcare-associated infections,gaze-w,"Gaze, William H",,United Kingdom,1,725
amr_hai,AMR and healthcare-associated infections,yewhoonggin-k,"Yew-Hoong Gin, Karina",National University of Singapore,Singapore,1,726
amr_hai,AMR and healthcare-associated infections,greenwald-d,"Greenwald, Danny",,Israel,1,727
amr_hai,AMR and healthcare-associated infections,guo-b,"Guo, Bing",,United Kingdom,1,728
amr_hai,AMR and healthcare-associated infections,hocquet-d,"Hocquet, Didier",,France,1,729
amr_hai,AMR and healthcare-associated infections,honda-r,"Honda, Ryo",,Japan,1,730
amr_hai,AMR and healthcare-associated infections,lejeune-j,"LeJeune, Jeffrey",,Italy,1,731
amr_hai,AMR and healthcare-associated infections,lemarechal-c,"Le Maréchal, Caroline",,France,1,732
amr_hai,AMR and healthcare-associated infections,maffettone-r,"Maffettone, Roberta",,Italy,1,733
amr_hai,AMR and healthcare-associated infections,manaia-c,"Manaia, Célia M",,Portugal,1,734
amr_hai,AMR and healthcare-associated infections,martak-d,"Martak, Daniel",,France,1,735
amr_hai,AMR and healthcare-associated infections,martinlaurent-f,"Martin-Laurent, Fabrice",,France,1,736
amr_hai,AMR and healthcare-associated infections,merlin-c,"Merlin, Christophe",,France,1,737
amr_hai,AMR and healthcare-associated infections,mrozinski-a,"Mrozinski, Alexandre",,France,1,738
amr_hai,AMR and healthcare-associated infections,patureau-d,"Patureau, Dominique",,France,1,739
amr_hai,AMR and healthcare-associated infections,pollice-a,"Pollice, Alfieri",,Italy,1,740
amr_hai,AMR and healthcare-associated infections,pruden-a,"Pruden, Amy",,United States,1,741
amr_hai,AMR and healthcare-associated infections,vandenakker-b,"van den Akker, Ben",,Australia,1,742
amr_hai,AMR and healthcare-associated infections,vasileiadis-s,"Vasileiadis, Sotirios",,Greece,1,743
amr_hai,AMR and healthcare-associated infections,wery-n,"Wéry, Nathalie",,France,1,744
amr_hai,AMR and healthcare-associated infections,topp-e,"Topp, Edward",,Canada,1,745
amr_hai,AMR and healthcare-associated infections,perezramirez-i,"Pérez-Ramírez, Ian",,Chile,1,746
amr_hai,AMR and healthcare-associated infections,galvezsilva-m,"Gálvez-Silva, Matías",,Chile,1,747
amr_hai,AMR and healthcare-associated infections,rojas-d,"Rojas, Diana P",World Health Organization,Switzerland,1,748
amr_hai,AMR and healthcare-associated infections,ramos-a,"Ramos, Antonia",,Chile,1,749
amr_hai,AMR and healthcare-associated infections,bravo-m,"Bravo, Miranda",,Chile,1,750
amr_hai,AMR and healthcare-associated infections,chavez-f,"Chávez, Francisco P",,Chile,1,751
amr_hai,AMR and healthcare-associated infections,marcoleta-a,"Marcoleta, Andrés E",,Chile,1,752
amr_hai,AMR and healthcare-associated infections,giallongo-e,"Giallongo, Elisa",,United Kingdom,1,753
amr_hai,AMR and healthcare-associated infections,munkhjargal-g,"Munkhjargal, Ganzorig",,Mongolia,1,754
amr_hai,AMR and healthcare-associated infections,khukhuukhen-z,"Khukhuukhen, Zayakhuu",,Mongolia,1,755
amr_hai,AMR and healthcare-associated infections,bolormaa-e,"Bolormaa, Enkhjin",,Mongolia,1,756
amr_hai,AMR and healthcare-associated infections,raash-e,"Raash, Enkhtuvshin",,Mongolia,1,757
amr_hai,AMR and healthcare-associated infections,nyamdavaa-n,"Nyamdavaa, Naranbat",,Mongolia,1,758
amr_hai,AMR and healthcare-associated infections,bronson-g,"Bronson, Gay",,United States,1,759
amr_hai,AMR and healthcare-associated infections,sari-c,"Sari, Cut Yulia Indah",,Indonesia,1,760
amr_hai,AMR and healthcare-associated infections,faqirzai-j,"Faqirzai, Jamil",,,1,761
amr_hai,AMR and healthcare-associated infections,beauchamp-j,"Beauchamp, Jude",,Haiti,1,762
amr_hai,AMR and healthcare-associated infections,nkunkanyirazo-p,"Nkunkanyirazo, Patrick",,,1,763
amr_hai,AMR and healthcare-associated infections,algozhin-y,"Algozhin, Yerkebulan",,,1,764
amr_hai,AMR and healthcare-associated infections,saki-n,"Saki, Nazis Arefin",,Bangladesh,1,765
amr_hai,AMR and healthcare-associated infections,fatima-r,"Fatima, Razia",,Pakistan,1,766
amr_hai,AMR and healthcare-associated infections,naing-y,"Naing, Ye Yint",,Myanmar,1,767
amr_hai,AMR and healthcare-associated infections,murali-s,"Murali, Shravya",Duke-NUS Medical School,Singapore,1,768
amr_hai,AMR and healthcare-associated infections,aravindhan-a,"Aravindhan, Amudha",Duke-NUS Medical School,Singapore,1,769
amr_hai,AMR and healthcare-associated infections,permana-b,"Permana, Budi",,Australia,1,770
amr_hai,AMR and healthcare-associated infections,falconer-c,"Falconer, Caitlin",,Australia,1,771
amr_hai,AMR and healthcare-associated infections,mayercoverdale-j,"Mayer-Coverdale, Johanna",,Australia,1,772
amr_hai,AMR and healthcare-associated infections,robson-j,"Robson, Jennifer",,Australia,1,773
amr_hai,AMR and healthcare-associated infections,cuddihy-t,"Cuddihy, Thom",,Australia,1,774
amr_hai,AMR and healthcare-associated infections,schembri-m,"Schembri, Mark A",,Australia,1,775
amr_hai,AMR and healthcare-associated infections,forde-b,"Forde, Brian M",,Australia,1,776
amr_hai,AMR and healthcare-associated infections,bousfield-r,"Bousfield, Rachel",,United Kingdom,1,777
amr_hai,AMR and healthcare-associated infections,kappeler-r,"Kappeler, Ruth",,United Kingdom,1,778
amr_hai,AMR and healthcare-associated infections,pai-s,"Pai, Sumita",,United Kingdom,1,779
amr_hai,AMR and healthcare-associated infections,allen-o,"Allen, Olly",,United Kingdom,1,780
amr_hai,AMR and healthcare-associated infections,randall-k,"Randall, Kathy",,United Kingdom,1,781
amr_hai,AMR and healthcare-associated infections,keane-j,"Keane, Jacqueline",,United Kingdom,1,782
amr_hai,AMR and healthcare-associated infections,baker-s,"Baker, Stephen",A*STAR Infectious Diseases Labs,Singapore,1,783
amr_hai,AMR and healthcare-associated infections,xuan-q,"Xuan, Qize",,China,1,784
amr_hai,AMR and healthcare-associated infections,gao-y,"Gao, Yanxiao",,China,1,785
amr_hai,AMR and healthcare-associated infections,qiao-x,"Qiao, Xinchi",,China,1,786
amr_hai,AMR and healthcare-associated infections,feng-y,"Feng, Yifan",,China,1,787
amr_hai,AMR and healthcare-associated infections,yu-x,"Yu, Xinyu",,China,1,788
amr_hai,AMR and healthcare-associated infections,cai-j,"Cai, Jiazhe",,China,1,789
amr_hai,AMR and healthcare-associated infections,jin-t,"Jin, Tonghui",,Switzerland,1,790
amr_hai,AMR and healthcare-associated infections,liu-b,"Liu, Bin",,Switzerland,1,791
amr_hai,AMR and healthcare-associated infections,peydayesh-m,"Peydayesh, Mohammad",,Switzerland,1,792
amr_hai,AMR and healthcare-associated infections,su-j,"Su, Jiaqi",,Switzerland,1,793
amr_hai,AMR and healthcare-associated infections,fischer-p,"Fischer, Peter",,Switzerland,1,794
amr_hai,AMR and healthcare-associated infections,mezzenga-r,"Mezzenga, Raffaele",,Switzerland,1,795
amr_hai,AMR and healthcare-associated infections,seddon-j,"Seddon, James A",Imperial College London,South Africa,1,796
amr_hai,AMR and healthcare-associated infections,achar-j,"Achar, Jay",,South Africa,1,797
amr_hai,AMR and healthcare-associated infections,malik-a,"Malik, Amyn A",,Singapore,1,798
amr_hai,AMR and healthcare-associated infections,hughes-j,"Hughes, Jennifer",,South Africa,1,799
amr_hai,AMR and healthcare-associated infections,burzynski-j,"Burzynski, Joseph",,United States,1,800
amr_hai,AMR and healthcare-associated infections,denholm-j,"Denholm, Justin T",University of Melbourne,Australia,1,801
amr_hai,AMR and healthcare-associated infections,dravniece-g,"Dravniece, Gunta",,Ukraine,1,802
amr_hai,AMR and healthcare-associated infections,fox-g,"Fox, Greg J",,Australia,1,803
amr_hai,AMR and healthcare-associated infections,furin-j,"Furin, Jennifer",Harvard University,United States,1,804
amr_hai,AMR and healthcare-associated infections,geliukh-e,"Geliukh, Evgenia",,Ukraine,1,805
amr_hai,AMR and healthcare-associated infections,goncharova-o,"Goncharova, Olga",,,1,806
amr_hai,AMR and healthcare-associated infections,harries-a,"Harries, Anthony D",London School of Hygiene & Tropical Medicine,France,1,807
amr_hai,AMR and healthcare-associated infections,hesseling-a,"Hesseling, Anneke C",,South Africa,1,808
amr_hai,AMR and healthcare-associated infections,nguyen-b,"Nguyen, Binh Hoa",,Viet Nam,1,809
amr_hai,AMR and healthcare-associated infections,kavenga-f,"Kavenga, Fungai",,Zimbabwe,1,810
amr_hai,AMR and healthcare-associated infections,kherabi-y,"Kherabi, Yousra",,France,1,811
amr_hai,AMR and healthcare-associated infections,kock-y,"Kock, Yulene",,South Africa,1,812
amr_hai,AMR and healthcare-associated infections,liu-q,"Liu, Qiao",,China,1,813
amr_hai,AMR and healthcare-associated infections,mesic-a,"Mesic, Anita",,Belgium,1,814
amr_hai,AMR and healthcare-associated infections,moore-d,"Moore, David A J",London School of Hygiene & Tropical Medicine,United Kingdom,1,815
amr_hai,AMR and healthcare-associated infections,mubanga-a,"Mubanga, Angel",,Zambia,1,816
amr_hai,AMR and healthcare-associated infections,naidoo-l,"Naidoo, Lenny",,South Africa,1,817
amr_hai,AMR and healthcare-associated infections,nilsen-d,"Nilsen, Diana",,United States,1,818
amr_hai,AMR and healthcare-associated infections,piubello-a,"Piubello, Alberto",,Belgium,1,819
amr_hai,AMR and healthcare-associated infections,reuter-a,"Reuter, Anja",,South Africa,1,820
amr_hai,AMR and healthcare-associated infections,satyanarayana-s,"Satyanarayana, Srinath",,France,1,821
amr_hai,AMR and healthcare-associated infections,schaaf-h,"Schaaf, H Simon",,South Africa,1,822
amr_hai,AMR and healthcare-associated infections,schoeman-i,"Schoeman, Ingrid",,South Africa,1,823
amr_hai,AMR and healthcare-associated infections,udwadia-z,"Udwadia, Zarir",,India,1,824
amr_hai,AMR and healthcare-associated infections,martinez-l,"Martinez, Leonardo",,United States,1,825
amr_hai,AMR and healthcare-associated infections,cabahug-m,"Cabahug, Maria Theresa",Changi General Hospital,Singapore,1,826
amr_hai,AMR and healthcare-associated infections,wu-t,"Wu, Tong",National University of Singapore,Singapore,1,827
amr_hai,AMR and healthcare-associated infections,chai-h,"Chai, Hairu",Changi General Hospital,Singapore,1,828
amr_hai,AMR and healthcare-associated infections,an-r,"An, Rongyan",Changi General Hospital,Singapore,1,829
amr_hai,AMR and healthcare-associated infections,teoh-n,"Teoh, Nicole Shu Ning",Changi General Hospital,Singapore,1,830
amr_hai,AMR and healthcare-associated infections,yu-l,"Yu, Liang Fang",Changi General Hospital,Singapore,1,831
amr_hai,AMR and healthcare-associated infections,alias-z,"Alias, Zaleha Binte",Changi General Hospital,Singapore,1,832
amr_hai,AMR and healthcare-associated infections,foo-s,"Foo, Shi Yun",Sengkang General Hospital,Singapore,1,833
amr_hai,AMR and healthcare-associated infections,nasir-s,"Nasir, Suhailah Binte",Changi General Hospital,Singapore,1,834
amr_hai,AMR and healthcare-associated infections,seow-w,"Seow, Wenyi",Changi General Hospital,Singapore,1,835
amr_hai,AMR and healthcare-associated infections,liew-p,"Liew, Philomena",Changi General Hospital,Singapore,1,836
amr_hai,AMR and healthcare-associated infections,tan-t,"Tan, Teck Choon",,Singapore,1,837
amr_hai,AMR and healthcare-associated infections,corpuz-c,"Corpuz, Carmen",,Philippines,1,838
amr_hai,AMR and healthcare-associated infections,ji-x,"Ji, X",Singapore General Hospital,Singapore,1,839
amr_hai,AMR and healthcare-associated infections,toh-h,"Toh, Hui Xian",Singapore General Hospital,Singapore,1,840
amr_hai,AMR and healthcare-associated infections,seah-j,"Seah, Jiahua",National Cancer Centre Singapore,Singapore,1,841
amr_hai,AMR and healthcare-associated infections,ismail-b,"Ismail, B S",Singapore General Hospital,Singapore,1,842
amr_hai,AMR and healthcare-associated infections,yong-m,"Yong, Melvin",National University of Singapore,Singapore,1,843
amr_hai,AMR and healthcare-associated infections,low-w,"Low, Wen Wen",National University of Singapore,Singapore,1,844
amr_hai,AMR and healthcare-associated infections,mishra-s,"Mishra, Swapnil",National University of Singapore,Singapore,1,845
amr_hai,AMR and healthcare-associated infections,williams-g,"Williams, Galain",,Australia,1,846
amr_hai,AMR and healthcare-associated infections,mileto-s,"Mileto, Steven",,Australia,1,847
amr_hai,AMR and healthcare-associated infections,chwa-c,"Chwa, Channe",National University of Singapore,Singapore,1,848
amr_hai,AMR and healthcare-associated infections,oo-g,"Oo, Guodong",National University of Singapore,Singapore,1,849
amr_hai,AMR and healthcare-associated infections,lyras-d,"Lyras, Dena",,Australia,1,850
amr_hai,AMR and healthcare-associated infections,tung-g,"Tung, Grace",National University Health System,Singapore,1,851
amr_hai,AMR and healthcare-associated infections,yin-m,"Yin, Mo",Mahidol University,Singapore,1,852
amr_hai,AMR and healthcare-associated infections,s-a,"S, Abi Manesh",National University of Singapore,India,1,853
amr_hai,AMR and healthcare-associated infections,foo-m,"Foo, Mabel Zhi Qi",Singapore General Hospital,Singapore,1,854
amr_hai,AMR and healthcare-associated infections,yong-y,"Yong, Yang",Singapore General Hospital,Singapore,1,855
amr_hai,AMR and healthcare-associated infections,oo-a,"Oo, Aung Myat",Singapore General Hospital,Singapore,1,856
amr_hai,AMR and healthcare-associated infections,chan-d,"Chan, Darius Yak Weng",Singapore General Hospital,Singapore,1,857
amr_hai,AMR and healthcare-associated infections,wee-l,"Wee, Liang En",Communicable Diseases Agency,Singapore,1,858
amr_hai,AMR and healthcare-associated infections,velasquez-g,"Velásquez, Gustavo E",,United States,1,859
amr_hai,AMR and healthcare-associated infections,gouillou-m,"Gouillou, Maelenn",,France,1,860
amr_hai,AMR and healthcare-associated infections,ali-m,"Ali, Muhammad Hammad",,Pakistan,1,861
amr_hai,AMR and healthcare-associated infections,amjad-s,"Amjad, Samreen",,Pakistan,1,862
amr_hai,AMR and healthcare-associated infections,kamal-f,"Kamal, Farees",,Pakistan,1,863
amr_hai,AMR and healthcare-associated infections,abubakirov-a,"Abubakirov, Amanzhan",,,1,864
amr_hai,AMR and healthcare-associated infections,ardizzoni-e,"Ardizzoni, Elisa",,Belgium,1,865
amr_hai,AMR and healthcare-associated infections,baudin-e,"Baudin, Elisabeth",,France,1,866
amr_hai,AMR and healthcare-associated infections,bektassov-s,"Bektassov, Sagit",,,1,867
amr_hai,AMR and healthcare-associated infections,berry-c,"Berry, Catherine",,United Kingdom,1,868
amr_hai,AMR and healthcare-associated infections,bonnet-m,"Bonnet, Maryline",,France,1,869
amr_hai,AMR and healthcare-associated infections,chavan-v,"Chavan, Vijay",,India,1,870
amr_hai,AMR and healthcare-associated infections,coutisson-s,"Coutisson, Sylvine",,Switzerland,1,871
amr_hai,AMR and healthcare-associated infections,dakenova-z,"Dakenova, Zhanna",,,1,872
amr_hai,AMR and healthcare-associated infections,dejong-b,"de Jong, Bouke Catherine",,Belgium,1,873
amr_hai,AMR and healthcare-associated infections,dinh-l,"Dinh, Luong Van",,Viet Nam,1,874
amr_hai,AMR and healthcare-associated infections,ferlazzo-g,"Ferlazzo, Gabriella",,Switzerland,1,875
amr_hai,AMR and healthcare-associated infections,lecca-l,"Lecca, Leonid",Harvard University,Peru,1,876
amr_hai,AMR and healthcare-associated infections,mcilleron-h,"McIlleron, Helen",,South Africa,1,877
amr_hai,AMR and healthcare-associated infections,mikanda-k,"Mikanda, Kwabisha Kunda",,,1,878
amr_hai,AMR and healthcare-associated infections,mucchingtoscano-s,"Mucching-Toscano, Sergio",,Peru,1,879
amr_hai,AMR and healthcare-associated infections,mulders-w,"Mulders, Wim",,Belgium,1,880
amr_hai,AMR and healthcare-associated infections,mushtaque-h,"Mushtaque, Hebah",,Pakistan,1,881
amr_hai,AMR and healthcare-associated infections,nahid-p,"Nahid, Payam",,United States,1,882
amr_hai,AMR and healthcare-associated infections,nguyen-d,"Nguyen, Dong Van",,Viet Nam,1,883
amr_hai,AMR and healthcare-associated infections,nguyen-n,"Nguyen, Nhung Viet",,Viet Nam,1,884
amr_hai,AMR and healthcare-associated infections,motta-i,"Motta, Ilaria",,Switzerland,1,885
amr_hai,AMR and healthcare-associated infections,panda-s,"Panda, Samiran",,India,1,886
amr_hai,AMR and healthcare-associated infections,patil-s,"Patil, Sandip",,India,1,887
amr_hai,AMR and healthcare-associated infections,phan-d,"Phan, Dat Thuong",,Viet Nam,1,888
amr_hai,AMR and healthcare-associated infections,phan-h,"Phan, Ha Thi Thu",,United States,1,889
amr_hai,AMR and healthcare-associated infections,phillips-p,"Phillips, Patrick P J",,United States,1,890
amr_hai,AMR and healthcare-associated infections,ruiz-j,"Ruiz, Jimena",,Peru,1,891
amr_hai,AMR and healthcare-associated infections,rupasinghe-p,"Rupasinghe, Praharshinie",,Belgium,1,892
amr_hai,AMR and healthcare-associated infections,sanchezgaravito-e,"Sanchez-Garavito, Epifanio",,Peru,1,893
amr_hai,AMR and healthcare-associated infections,asfaw-m,"Asfaw, Meseret Tamirat",,,1,894
amr_hai,AMR and healthcare-associated infections,vargasvasquez-d,"Vargas Vasquez, Dante",,Peru,1,895
amr_hai,AMR and healthcare-associated infections,ng-c,"Ng, Chirk Jenn",SingHealth,Singapore,1,896
amr_hai,AMR and healthcare-associated infections,abrazaldo-j,"Abrazaldo, Josephine",,Philippines,1,897
amr_hai,AMR and healthcare-associated infections,devera-p,"de Vera, Patrick",,Philippines,1,898
amr_hai,AMR and healthcare-associated infections,tan-b,"Tan, Ban Hock",SingHealth,Singapore,1,899
amr_hai,AMR and healthcare-associated infections,wang-s,"Wang, Shouming",Nanyang Technological University,China,1,900
amr_hai,AMR and healthcare-associated infections,niu-h,"Niu, Hongtao",,China,1,901
amr_hai,AMR and healthcare-associated infections,huang-l,"Huang, Ling-Ya",,Taiwan,1,902
amr_hai,AMR and healthcare-associated infections,hu-b,"Hu, Bingtao",,China,1,903
amr_hai,AMR and healthcare-associated infections,yuan-j,"Yuan, Jian-Min",,United States,1,904
amr_hai,AMR and healthcare-associated infections,kho-s,"Kho, Sooyeon",,United States,1,905
amr_hai,AMR and healthcare-associated infections,zhizhilashvili-d,"Zhizhilashvili, Dali",,,1,906
amr_hai,AMR and healthcare-associated infections,yeghiazaryan-l,"Yeghiazaryan, Lusine",,,1,907
amr_hai,AMR and healthcare-associated infections,nikolenko-e,"Nikolenko, Elena Nikolaevna",,,1,908
amr_hai,AMR and healthcare-associated infections,zarli-k,"Zarli, Khin",,Myanmar,1,909
amr_hai,AMR and healthcare-associated infections,adnan-s,"Adnan, Sana",,Pakistan,1,910
amr_hai,AMR and healthcare-associated infections,vargas-z,"Vargas, Zully Haydee Ruíz",,Peru,1,911
amr_hai,AMR and healthcare-associated infections,shaimerdenova-a,"Shaimerdenova, Aiman",,,1,912
amr_hai,AMR and healthcare-associated infections,gelin-a,"Gelin, Alain",,Haiti,1,913
amr_hai,AMR and healthcare-associated infections,goodall-r,"Goodall, Ruth L",,United Kingdom,1,914
amr_hai,AMR and healthcare-associated infections,nunn-a,"Nunn, Andrew J",,United Kingdom,1,915
amr_hai,AMR and healthcare-associated infections,meredith-s,"Meredith, Sarah K",,United Kingdom,1,916
amr_hai,AMR and healthcare-associated infections,bayissa-a,"Bayissa, Adamu",,Ethiopia,1,917
amr_hai,AMR and healthcare-associated infections,bhatnagar-a,"Bhatnagar, Anuj K",,India,1,918
amr_hai,AMR and healthcare-associated infections,gopalan-n,"Gopalan, Narendran",,India,1,919
amr_hai,AMR and healthcare-associated infections,kirenga-b,"Kirenga, Bruce",,Uganda,1,920
amr_hai,AMR and healthcare-associated infections,meressa-d,"Meressa, Daniel",,Ethiopia,1,921
amr_hai,AMR and healthcare-associated infections,moodliar-r,"Moodliar, Ronelle",,South Africa,1,922
amr_hai,AMR and healthcare-associated infections,ngubane-n,"Ngubane, Nosipho",,South Africa,1,923
amr_hai,AMR and healthcare-associated infections,rassool-m,"Rassool, Mohammed",,South Africa,1,924
amr_hai,AMR and healthcare-associated infections,solanki-r,"Solanki, Rajesh",,India,1,925
amr_hai,AMR and healthcare-associated infections,squire-s,"Squire, S Bertel",,United Kingdom,1,926
amr_hai,AMR and healthcare-associated infections,teferi-m,"Teferi, Mekonnen",,Ethiopia,1,927
amr_hai,AMR and healthcare-associated infections,torrea-g,"Torrea, Gabriela",,Belgium,1,928
amr_hai,AMR and healthcare-associated infections,tudor-e,"Tudor, Elena",,,1,929
amr_hai,AMR and healthcare-associated infections,vandeun-a,"Van Deun, Armand",,Belgium,1,930
amr_hai,AMR and healthcare-associated infections,rusen-i,"Rusen, I D",,United States,1,931
amr_hai,AMR and healthcare-associated infections,mahasirimongkol-s,"Mahasirimongkol, Surakameth",,Thailand,1,932
amr_hai,AMR and healthcare-associated infections,sawaengdee-w,"Sawaengdee, Waritta",,Thailand,1,933
amr_hai,AMR and healthcare-associated infections,shaw-e,"Shaw, Emily S",,United Kingdom,1,934
amr_hai,AMR and healthcare-associated infections,stoker-n,"Stoker, Neil G",,United Kingdom,1,935
amr_hai,AMR and healthcare-associated infections,potter-j,"Potter, Jessica L",,United Kingdom,1,936
amr_hai,AMR and healthcare-associated infections,claassen-h,"Claassen, Helgard",,South Africa,1,937
amr_hai,AMR and healthcare-associated infections,leslie-a,"Leslie, Alasdair",,South Africa,1,938
amr_hai,AMR and healthcare-associated infections,tweed-c,"Tweed, Conor D",,United Kingdom,1,939
amr_hai,AMR and healthcare-associated infections,lange-c,"Lange, Christoph",,Germany,1,940
amr_hai,AMR and healthcare-associated infections,pinto-l,"Pinto, Lancelot",,India,1,941
amr_hai,AMR and healthcare-associated infections,rucsineanu-o,"Rucsineanu, Oxana",,,1,942
amr_hai,AMR and healthcare-associated infections,sloan-d,"Sloan, Derek J",,United Kingdom,1,943
amr_hai,AMR and healthcare-associated infections,theron-g,"Theron, Grant",,South Africa,1,944
amr_hai,AMR and healthcare-associated infections,tisile-p,"Tisile, Phumeza",,South Africa,1,945
amr_hai,AMR and healthcare-associated infections,voo-t,"Voo, Teck Chuan",SingHealth,Singapore,1,946
amr_hai,AMR and healthcare-associated infections,warren-r,"Warren, Robin M",,South Africa,1,947
amr_hai,AMR and healthcare-associated infections,lebina-l,"Lebina, Limakatso",,South Africa,1,948
amr_hai,AMR and healthcare-associated infections,lipman-m,"Lipman, Marc",,United Kingdom,1,949
other_id,Other infectious disease,chan-y,"Chan, Yu-Jiun",,Taiwan,3,1
other_id,Other infectious disease,feng-z,"Feng, Zhong",,China,2,2
other_id,Other infectious disease,chen-y,"Chen, Yinzhe",,China,2,3
other_id,Other infectious disease,luftig-m,"Luftig, Micah A",National University of Singapore,Singapore,2,4
other_id,Other infectious disease,oehlers-s,"Oehlers, Stefan H",A*STAR Infectious Diseases Labs,Singapore,2,5
other_id,Other infectious disease,pethe-k,"Pethe, Kevin",Nanyang Technological University,Singapore,2,6
other_id,Other infectious disease,kline-k,"Kline, Kimberly A",Nanyang Technological University,Singapore,2,7
other_id,Other infectious disease,wang-y,"Wang, Yi",National University of Singapore,Singapore,2,8
other_id,Other infectious disease,chew-k,"Chew, Ka Lip",National University Hospital,Singapore,2,9
other_id,Other infectious disease,wang-d,"Wang, De Yun",National University of Singapore,Singapore,2,10
other_id,Other infectious disease,huang-c,"Huang, Chiung-Hui",National University of Singapore,Singapore,2,11
other_id,Other infectious disease,li-j,"Li, Jiahui",KK Women's and Children's Hospital,Singapore,2,12
other_id,Other infectious disease,wang-l,"Wang, Lin-Fa",Duke-NUS Medical School,Singapore,2,13
other_id,Other infectious disease,wang-j,"Wang, Jing",,Singapore,2,14
other_id,Other infectious disease,paterson-d,"Paterson, David Leslie",National University of Singapore,Singapore,2,15
other_id,Other infectious disease,kalimuddin-s,"Kalimuddin, Shirin",Duke-NUS Medical School,Singapore,2,16
other_id,Other infectious disease,yang-y,"Yang, Yi Yan","Agency for Science, Technology and Research",Singapore,2,17
other_id,Other infectious disease,ou-l,"Ou, Ling",,China,1,18
other_id,Other infectious disease,lu-b,"Lu, Bingyun",,China,1,19
other_id,Other infectious disease,chen-h,"Chen, Haobo",,China,1,20
other_id,Other infectious disease,zou-y,"Zou, Yuanjing",,China,1,21
other_id,Other infectious disease,zhang-c,"Zhang, Chuqiu",,China,1,22
other_id,Other infectious disease,chen-q,"Chen, Qingchang",National University of Singapore,Singapore,1,23
other_id,Other infectious disease,peng-c,"Peng, Chang",,China,1,24
other_id,Other infectious disease,yao-m,"Yao, Meicun",,China,1,25
other_id,Other infectious disease,lee-g,"Lee, Gayoung",,United States,1,26
other_id,Other infectious disease,kim-h,"Kim, Hyun-Kyung",,Republic of Korea,1,27
other_id,Other infectious disease,hidano-a,"Hidano, Arata",London School of Hygiene & Tropical Medicine,Japan,1,28
other_id,Other infectious disease,jung-s,"Jung, Sung-Mok",National University of Singapore,Japan,1,29
other_id,Other infectious disease,hill-k,"Hill, Kaeden K",,,1,30
other_id,Other infectious disease,barry-a,"Barry, Ashley P",,,1,31
other_id,Other infectious disease,reinosovizcaino-n,"Reinoso-Vizcaino, Nicolas M",,,1,32
other_id,Other infectious disease,haynes-l,"Haynes, Lauren E",,,1,33
other_id,Other infectious disease,bonglack-e,"Bonglack, Emmanuela N",University of Cambridge,United Kingdom,1,34
other_id,Other infectious disease,ferreira-d,"Ferreira, Davis F",,,1,35
other_id,Other infectious disease,miller-s,"Miller, Sara E",,,1,36
other_id,Other infectious disease,hirschey-m,"Hirschey, Matthew D",,,1,37
other_id,Other infectious disease,chiang-l,"Chiang, Lillian W",,,1,38
other_id,Other infectious disease,remiszewski-s,"Remiszewski, Stacy",,,1,39
other_id,Other infectious disease,liu-y,"Liu, Yanfei",,China,1,40
other_id,Other infectious disease,zhao-h,"Zhao, Huiwei",,China,1,41
other_id,Other infectious disease,cao-x,"Cao, Xinyue",,China,1,42
other_id,Other infectious disease,jiang-s,"Jiang, Shize",,China,1,43
other_id,Other infectious disease,fu-j,"Fu, Jun",,China,1,44
other_id,Other infectious disease,xue-j,"Xue, Junjing",,China,1,45
other_id,Other infectious disease,li-c,"Li, Caiming",National University of Singapore,Singapore,1,46
other_id,Other infectious disease,xu-z,"Xu, Zhangrun",,China,1,47
other_id,Other infectious disease,li-m,"Li, Ming",,China,1,48
other_id,Other infectious disease,du-w,"Du, Wenbin",,China,1,49
other_id,Other infectious disease,sui-x,"Sui, Xiangyu",A*STAR Infectious Diseases Labs,Singapore,1,50
other_id,Other infectious disease,han-d,"Han, Darryl Jy",A*STAR Infectious Diseases Labs,Singapore,1,51
other_id,Other infectious disease,costa-d,"Costa, David M",A*STAR Infectious Diseases Labs,Singapore,1,52
other_id,Other infectious disease,jacob-v,"Jacob, Vinitha A",,United States,1,53
other_id,Other infectious disease,wani-m,"Wani, Mohmmad Younus",,Saudi Arabia,1,54
other_id,Other infectious disease,elsaid-w,"El-Said, Waleed Ahmed",,Saudi Arabia,1,55
other_id,Other infectious disease,albogami-a,"Al-Bogami, Abdullah S",,Saudi Arabia,1,56
other_id,Other infectious disease,khan-z,"Khan, Zar-Tashiya B",National University of Singapore,Singapore,1,57
other_id,Other infectious disease,ahmad-a,"Ahmad, Aijaz",,South Africa,1,58
other_id,Other infectious disease,xu-q,"Xu, Qing-Hua",National University of Singapore,China,1,59
other_id,Other infectious disease,mitchener-m,"Mitchener, Michelle M",,Singapore,1,60
other_id,Other infectious disease,anderson-c,"Anderson, Caleb M",,Switzerland,1,61
other_id,Other infectious disease,veleba-m,"Veleba, Mark",Nanyang Technological University,Singapore,1,62
other_id,Other infectious disease,teo-k,"Teo, Kayla",,Singapore,1,63
other_id,Other infectious disease,roch-m,"Roch, Mélanie",,Switzerland,1,64
other_id,Other infectious disease,chen-r,"Chen, Ruixi",,United States,1,65
other_id,Other infectious disease,yuan-y,"Yuan, Yifeng",,United States,1,66
other_id,Other infectious disease,han-i,"Han, Isaiah",,Singapore,1,67
other_id,Other infectious disease,dziergowska-a,"Dziergowska, Agnieszka",,Poland,1,68
other_id,Other infectious disease,begley-t,"Begley, Thomas J",,United States,1,69
other_id,Other infectious disease,dedon-p,"Dedon, Peter C",,Singapore,1,70
other_id,Other infectious disease,durrancebagale-a,"Durrance-Bagale, Anna",London School of Hygiene & Tropical Medicine,United Kingdom,1,71
other_id,Other infectious disease,basnet-h,"Basnet, Hari",,Nepal,1,72
other_id,Other infectious disease,singh-n,"Singh, Nanda Bahadur",,Nepal,1,73
other_id,Other infectious disease,belmain-s,"Belmain, Steven R",,United Kingdom,1,74
other_id,Other infectious disease,rudge-j,"Rudge, James W",London School of Hygiene & Tropical Medicine,United Kingdom,1,75
other_id,Other infectious disease,howard-n,"Howard, Natasha",London School of Hygiene & Tropical Medicine,Singapore,1,76
other_id,Other infectious disease,pichitphorn-a,"Pichitphorn, Apisith",,Thailand,1,77
other_id,Other infectious disease,faksri-k,"Faksri, Kiatichai",,Thailand,1,78
other_id,Other infectious disease,kaewseekhao-b,"Kaewseekhao, Benjawan",,Thailand,1,79
other_id,Other infectious disease,potisap-c,"Potisap, Chotima",,Thailand,1,80
other_id,Other infectious disease,duongthai-t,"Duong Thai, Tran",,Thailand,1,81
other_id,Other infectious disease,eisiri-j,"Eisiri, Jukgarin",,Thailand,1,82
other_id,Other infectious disease,juntagran-c,"Juntagran, Chadatan",,Thailand,1,83
other_id,Other infectious disease,namwat-w,"Namwat, Wises",,Thailand,1,84
other_id,Other infectious disease,khwansirikul-p,"Khwansirikul, Priyakorn",,Thailand,1,85
other_id,Other infectious disease,salao-k,"Salao, Kanin",National University of Singapore,Singapore,1,86
other_id,Other infectious disease,chaisri-s,"Chaisri, Suwit",,Thailand,1,87
other_id,Other infectious disease,phoksawat-w,"Phoksawat, Wisitsak",,Thailand,1,88
other_id,Other infectious disease,burner-d,"Burner, Danielle N",,United States,1,89
other_id,Other infectious disease,lopez-g,"López, Giselle Y",,United States,1,90
other_id,Other infectious disease,low-j,"Low, Jenny Guek Hong",Singapore General Hospital,Singapore,1,91
other_id,Other infectious disease,thuy-n,"Thuy, Ngo Ngoc Phuong",Oxford University Clinical Research Unit,Viet Nam,1,92
other_id,Other infectious disease,phat-v,"Phat, Voong Vinh",Oxford University Clinical Research Unit,Viet Nam,1,93
other_id,Other infectious disease,dongol-s,"Dongol, Sabina",Oxford University Clinical Research Unit,Nepal,1,94
other_id,Other infectious disease,trang-n,"Trang, Nguyen Hoang Thu",Oxford University Clinical Research Unit,Viet Nam,1,95
other_id,Other infectious disease,bista-s,"Bista, Sumit",Oxford University Clinical Research Unit,Nepal,1,96
other_id,Other infectious disease,nguyen-q,"Nguyen, Quan Dong",,,1,97
other_id,Other infectious disease,vinh-c,"Vinh, Chau",Oxford University Clinical Research Unit,Viet Nam,1,98
other_id,Other infectious disease,thwaites-g,"Thwaites, Guy E",Oxford University Clinical Research Unit,United Kingdom,1,99
other_id,Other infectious disease,basnyat-b,"Basnyat, Buddha",Oxford University Clinical Research Unit,Nepal,1,100
other_id,Other infectious disease,parry-c,"Parry, Christopher M",University of Oxford,United Kingdom,1,101
other_id,Other infectious disease,baker-s,"Baker, Stephen",A*STAR Infectious Diseases Labs,Singapore,1,102
other_id,Other infectious disease,rabaa-m,"Rabaa, Maia A",Oxford University Clinical Research Unit,United Kingdom,1,103
other_id,Other infectious disease,hinton-j,"Hinton, Jay C D",,United Kingdom,1,104
other_id,Other infectious disease,karkey-a,"Karkey, Abhilasha",Oxford University Clinical Research Unit,Nepal,1,105
other_id,Other infectious disease,duy-p,"Duy, Pham Thanh",Oxford University Clinical Research Unit,United Kingdom,1,106
other_id,Other infectious disease,paulin-o,"Paulin, Olivia K A",A*STAR Infectious Diseases Labs,Singapore,1,107
other_id,Other infectious disease,xu-x,"Xu, Xiaoli",A*STAR Infectious Diseases Labs,Singapore,1,108
other_id,Other infectious disease,chong-s,"Chong, Shao Yuan",,Singapore,1,109
other_id,Other infectious disease,chow-e,"Chow, Eve W L",A*STAR Infectious Diseases Labs,Singapore,1,110
other_id,Other infectious disease,pang-l,"Pang, Li Mei",A*STAR Infectious Diseases Labs,Singapore,1,111
other_id,Other infectious disease,hernday-a,"Hernday, Aaron D",,United States,1,112
other_id,Other infectious disease,richardson-j,"Richardson, Jonathan P",,United Kingdom,1,113
other_id,Other infectious disease,naglik-j,"Naglik, Julian R",,United Kingdom,1,114
other_id,Other infectious disease,koh-m,"Koh, M C Y",National University Health System,Singapore,1,115
other_id,Other infectious disease,ngiam-j,"Ngiam, Jinghao Nicholas",Communicable Diseases Agency,Singapore,1,116
other_id,Other infectious disease,teo-j,"Teo, Jeanette",National University Hospital,Singapore,1,117
other_id,Other infectious disease,hudson-a,"Hudson, Andrew",,United States,1,118
other_id,Other infectious disease,wong-m,"Wong, Min Jia",Singapore General Hospital,Singapore,1,119
other_id,Other infectious disease,verdolin-m,"Verdolin, Michael",,United States,1,120
other_id,Other infectious disease,reeves-r,"Reeves, R Keith",,United States,1,121
other_id,Other infectious disease,manickam-c,"Manickam, Cordelia",,United States,1,122
other_id,Other infectious disease,tan-z,"Tan, Zhi Hui",National Centre for Infectious Diseases,Singapore,1,123
other_id,Other infectious disease,shin-a,"Shin, Areum",,Republic of Korea,1,124
other_id,Other infectious disease,tan-r,"Tan, Rayner Kay Jin",National University of Singapore,Singapore,1,125
other_id,Other infectious disease,ravikumar-s,"Ravikumar, Sharada",National University Health System,Singapore,1,126
other_id,Other infectious disease,wee-l,"Wee, Liang En",Communicable Diseases Agency,Singapore,1,127
other_id,Other infectious disease,chua-y,"Chua, Ying Ying",Singapore General Hospital,Singapore,1,128
other_id,Other infectious disease,tay-s,"Tay, Sun Kuie",Singapore General Hospital,Singapore,1,129
other_id,Other infectious disease,santosa-a,"Santosa, Anindita",Changi General Hospital,Singapore,1,130
other_id,Other infectious disease,tan-g,"Tan, Gek San",Singapore General Hospital,Singapore,1,131
other_id,Other infectious disease,kim-d,"Kim, Doo Ri",,Republic of Korea,1,132
other_id,Other infectious disease,gil-h,"Gil, Hyun-Il",,Republic of Korea,1,133
other_id,Other infectious disease,ko-j,"Ko, Jae-Hoon",,Republic of Korea,1,134
other_id,Other infectious disease,shin-s,"Shin, Sanghyuk S",,United States,1,135
other_id,Other infectious disease,jhun-b,"Jhun, Byung Woo",,Republic of Korea,1,136
other_id,Other infectious disease,sim-s,"Sim, Shuzhen",Environmental Health Institute,Singapore,1,137
other_id,Other infectious disease,kim-y,"Kim, Young",,,1,138
other_id,Other infectious disease,chai-l,"Chai, Louis Yi Ann",National University Health System,Singapore,1,139
other_id,Other infectious disease,chen-z,"Chen, Zhenfeng",,China,1,140
other_id,Other infectious disease,qin-y,"Qin, Yating",,China,1,141
other_id,Other infectious disease,lin-b,"Lin, Brenda",,Australia,1,142
other_id,Other infectious disease,jiang-l,"Jiang, Li",,China,1,143
other_id,Other infectious disease,chen-s,"Chen, Shiyan",National University of Singapore,Singapore,1,144
other_id,Other infectious disease,ye-z,"Ye, Zhi-Sheng",National University of Singapore,Singapore,1,145
other_id,Other infectious disease,zhou-m,"Zhou, Min",,China,1,146
other_id,Other infectious disease,zhong-n,"Zhong, Nanshan",,China,1,147
other_id,Other infectious disease,hou-p,"Hou, Panpan",,China,1,148
other_id,Other infectious disease,zhou-z,"Zhou, Ziqing",,China,1,149
other_id,Other infectious disease,peng-y,"Peng, Yang",,China,1,150
other_id,Other infectious disease,lin-z,"Lin, Zejia",National University of Singapore,Singapore,1,151
other_id,Other infectious disease,chen-l,"Chen, Liang",,United States,1,152
other_id,Other infectious disease,yang-z,"Yang, Zhuoya",National University of Singapore,Singapore,1,153
other_id,Other infectious disease,li-d,"Li, Dan",National University of Singapore,China,1,154
other_id,Other infectious disease,wan-y,"Wan, Yanxin",,China,1,155
other_id,Other infectious disease,wu-r,"Wu, Rongqian",,China,1,156
other_id,Other infectious disease,zhang-y,"Zhang, Ye",,China,1,157
other_id,Other infectious disease,du-z,"Du, Zhaoqing",,China,1,158
other_id,Other infectious disease,manesh-a,"Manesh, Abi",National University of Singapore,India,1,159
other_id,Other infectious disease,walia-k,"Walia, Kamini",,India,1,160
other_id,Other infectious disease,saiyed-t,"Saiyed, Taslimarif",,India,1,161
other_id,Other infectious disease,veeraraghavan-b,"Veeraraghavan, Balaji",,India,1,162
other_id,Other infectious disease,sivanandam-p,"Sivanandam, Punitha",Duke-NUS Medical School,Singapore,1,163
other_id,Other infectious disease,syenina-a,"Syenina, Ayesa",Duke-NUS Medical School,Singapore,1,164
other_id,Other infectious disease,ng-d,"Ng, Deborah Hee Ling",National Centre for Infectious Diseases,Singapore,1,165
other_id,Other infectious disease,gan-e,"Gan, Esther S",Duke-NUS Medical School,Singapore,1,166
other_id,Other infectious disease,yee-j,"Yee, Jia Xin",Duke-NUS Medical School,Singapore,1,167
other_id,Other infectious disease,tham-c,"Tham, Christine Y L",Duke-NUS Medical School,Singapore,1,168
other_id,Other infectious disease,tan-h,"Tan, Hwee Cheng",Duke-NUS Medical School,Singapore,1,169
other_id,Other infectious disease,ong-e,"Ong, Eleanor J",National University of Singapore,Singapore,1,170
other_id,Other infectious disease,ooi-e,"Ooi, Eng Eong",Duke-NUS Medical School,Singapore,1,171
other_id,Other infectious disease,hardy-m,"Hardy, Melissa J",,Australia,1,172
other_id,Other infectious disease,harris-p,"Harris, Patrick N A",,Australia,1,173
other_id,Other infectious disease,mo-y,"Mo, Yin",Mahidol University,Singapore,1,174
other_id,Other infectious disease,chatfield-m,"Chatfield, Mark D",,Australia,1,175
other_id,Other infectious disease,sulaiman-h,"Sulaiman, Helmi",University of Malaya,Malaysia,1,176
other_id,Other infectious disease,liu-p,"Liu, Po-Yu",,Taiwan,1,177
other_id,Other infectious disease,yilmaz-m,"Yilmaz, Mesut",,Türkiye,1,178
other_id,Other infectious disease,salmuna-z,"Salmuna, Zeti Norfidiyati",,Malaysia,1,179
other_id,Other infectious disease,mazlan-m,"Mazlan, Mohd Zulfakar",,Malaysia,1,180
other_id,Other infectious disease,anunnatsiri-s,"Anunnatsiri, Siriluck",,Thailand,1,181
other_id,Other infectious disease,sirijatuphat-r,"Sirijatuphat, Rujipas",Mahidol University,Thailand,1,182
other_id,Other infectious disease,chotiprasitsakul-d,"Chotiprasitsakul, Darunee",Mahidol University,Thailand,1,183
other_id,Other infectious disease,lye-d,"Lye, David",Communicable Diseases Agency,Singapore,1,184
other_id,Other infectious disease,somani-j,"Somani, J",,United States,1,185
other_id,Other infectious disease,aslan-a,"Aslan, Abdullah T",,Australia,1,186
other_id,Other infectious disease,thamlikitkul-v,"Thamlikitkul, Visanu",Mahidol University,Thailand,1,187
other_id,Other infectious disease,lee-y,"Lee, Yew Fong",,Malaysia,1,188
other_id,Other infectious disease,lin-y,"Lin, Yi-Cheng",,Taiwan,1,189
other_id,Other infectious disease,cheng-o,"Cheng, Ong Hang",University of Malaya,Malaysia,1,190
other_id,Other infectious disease,tseng-c,"Tseng, Chien-Hao",,Taiwan,1,191
other_id,Other infectious disease,archuleta-s,"Archuleta, Sophia",National University Hospital,Singapore,1,192
other_id,Other infectious disease,colaco-c,"Colaco, Clinton M G",,Australia,1,193
other_id,Other infectious disease,hu-l,"Hu, Li-Fen",National University of Singapore,China,1,194
other_id,Other infectious disease,tu-m,"Tu, Meng-Ya",,China,1,195
other_id,Other infectious disease,zhang-d,"Zhang, Ding-Ye",,China,1,196
other_id,Other infectious disease,sun-m,"Sun, Meng-Rui",,China,1,197
other_id,Other infectious disease,liu-s,"Liu, Shouping",,China,1,198
other_id,Other infectious disease,li-y,"Li, Yujie",Nanyang Technological University,Singapore,1,199
other_id,Other infectious disease,liu-m,"Liu, Ming",Nanyang Technological University,Singapore,1,200
other_id,Other infectious disease,lim-b,"Lim, Bin",,Singapore,1,201
other_id,Other infectious disease,tan-c,"Tan, Chongyun",Nanyang Technological University,Singapore,1,202
other_id,Other infectious disease,song-y,"Song, Yongteng",Nanyang Technological University,China,1,203
other_id,Other infectious disease,zhang-h,"Zhang, Huifen",,China,1,204
other_id,Other infectious disease,tang-y,"Tang, Y W",Tan Tock Seng Hospital,Singapore,1,205
other_id,Other infectious disease,zhang-s,"Zhang, Shengming",,China,1,206
other_id,Other infectious disease,gao-x,"Gao, Xinchao",Nanyang Technological University,Singapore,1,207
other_id,Other infectious disease,hu-q,"Hu, Qingxi",,China,1,208
other_id,Other infectious disease,pandey-d,"Pandey, Divya",KK Women's and Children's Hospital,Singapore,1,209
other_id,Other infectious disease,logarajah-v,"Logarajah, Veena",KK Women's and Children's Hospital,Singapore,1,210
other_id,Other infectious disease,ng-l,"Ng, Lee Ching",Environmental Health Institute,Singapore,1,211
other_id,Other infectious disease,goh-l,"Goh, Lynette",KK Women's and Children's Hospital,Singapore,1,212
other_id,Other infectious disease,ho-c,"Ho, Cyrus S H",National University of Singapore,Singapore,1,213
other_id,Other infectious disease,choo-j,"Choo, Jonathan",KK Women's and Children's Hospital,Singapore,1,214
other_id,Other infectious disease,wai-p,"Wai, Pui Ling",KK Women's and Children's Hospital,Singapore,1,215
other_id,Other infectious disease,chiou-f,"Chiou, Fang Kuan",KK Women's and Children's Hospital,Singapore,1,216
other_id,Other infectious disease,keng-b,"Keng, Bryan M H",National University of Singapore,Singapore,1,217
other_id,Other infectious disease,han-p,"Han, Pandora",Singapore Food Agency,Singapore,1,218
other_id,Other infectious disease,low-a,"Low, Adrian",National University of Singapore,Singapore,1,219
other_id,Other infectious disease,aung-k,"Aung, Kyaw Thu",Nanyang Technological University,Singapore,1,220
other_id,Other infectious disease,khor-w,"Khor, Wei Ching",Singapore Food Agency,Singapore,1,221
other_id,Other infectious disease,maiwald-m,"Maiwald, Matthias",KK Women's and Children's Hospital,Singapore,1,222
other_id,Other infectious disease,loo-l,"Loo, Liat Hui",KK Women's and Children's Hospital,Singapore,1,223
other_id,Other infectious disease,oon-l,"Oon, Lynette",National University of Singapore,Singapore,1,224
other_id,Other infectious disease,koh-t,"Koh, Tse Hsien",National University of Singapore,Singapore,1,225
other_id,Other infectious disease,wong-c,"Wong, Chin Wai",,Singapore,1,226
other_id,Other infectious disease,seow-w,"Seow, Wenyi",Changi General Hospital,Singapore,1,227
other_id,Other infectious disease,boucher-y,"Boucher, Yann Felix",National University of Singapore,Singapore,1,228
other_id,Other infectious disease,singh-s,"Singh, Shweta R",National University of Singapore,Singapore,1,229
other_id,Other infectious disease,sorayah-r,"Sorayah, Ria",Nanyang Technological University,Singapore,1,230
other_id,Other infectious disease,mulholland-c,"Mulholland, Claire V",,United States,1,231
other_id,Other infectious disease,daher-w,"Daher, Wassim",,France,1,232
other_id,Other infectious disease,pee-c,"Pee, Carmen J E",Nanyang Technological University,Singapore,1,233
other_id,Other infectious disease,casandra-t,"Casandra, Tan Ai Zhu",Nanyang Technological University,Singapore,1,234
other_id,Other infectious disease,wee-d,"Wee, Denise",A*STAR Infectious Diseases Labs,Singapore,1,235
other_id,Other infectious disease,chng-s,"Chng, Shu Sin",Nanyang Technological University,Singapore,1,236
other_id,Other infectious disease,berney-m,"Berney, Michael",,Switzerland,1,237
other_id,Other infectious disease,kremer-l,"Kremer, Laurent",,France,1,238
other_id,Other infectious disease,moraski-g,"Moraski, Garrett",,United States,1,239
rti,Respiratory-tract infections,tan-k,"Tan, Kelvin Bryan",Nanyang Technological University,Singapore,4,1
rti,Respiratory-tract infections,nguyen-h,"Nguyen, Ha Thu Thi",,Viet Nam,3,2
rti,Respiratory-tract infections,smith-g,"Smith, Gavin J D",Duke-NUS Medical School,Singapore,3,3
rti,Respiratory-tract infections,zhang-y,"Zhang, Ye",,China,3,4
rti,Respiratory-tract infections,low-j,"Low, Jenny Guek Hong",Singapore General Hospital,Singapore,3,5
rti,Respiratory-tract infections,lee-c,"Lee, Cornelius","Agency for Science, Technology and Research",Singapore,3,6
rti,Respiratory-tract infections,wee-l,"Wee, Liang En",Communicable Diseases Agency,Singapore,2,7
rti,Respiratory-tract infections,ho-r,"Ho, Reen Wan-Li",National Centre for Infectious Diseases,Singapore,2,8
rti,Respiratory-tract infections,lim-j,"Lim, Jue Tao",Nanyang Technological University,Singapore,2,9
rti,Respiratory-tract infections,ngiam-j,"Ngiam, Jinghao Nicholas",Communicable Diseases Agency,Singapore,2,10
rti,Respiratory-tract infections,lim-s,"Lim, Soon Kok",Communicable Diseases Agency,Singapore,2,11
rti,Respiratory-tract infections,chiew-c,"Chiew, Calvin",Communicable Diseases Agency,Singapore,2,12
rti,Respiratory-tract infections,chong-c,"Chong, Chia Yin",KK Women's and Children's Hospital,Singapore,2,13
rti,Respiratory-tract infections,lee-v,"Lee, Vernon",Communicable Diseases Agency,Singapore,2,14
rti,Respiratory-tract infections,lye-d,"Lye, David",Communicable Diseases Agency,Singapore,2,15
rti,Respiratory-tract infections,zhong-y,"Zhong, Youjia",National University Health System,Singapore,2,16
rti,Respiratory-tract infections,liu-j,"Liu, Jin-He",National University of Singapore,China,2,17
rti,Respiratory-tract infections,tan-n,"Tan, Ngiap Chuan",SingHealth,Singapore,2,18
rti,Respiratory-tract infections,wong-s,"Wong, Siew Tin",KK Women's and Children's Hospital,Singapore,2,19
rti,Respiratory-tract infections,chow-v,"Chow, Vincent T K",National University of Singapore,Singapore,2,20
rti,Respiratory-tract infections,ip-m,"Ip, Margaret",University of Hong Kong,Hong Kong SAR,2,21
rti,Respiratory-tract infections,yamada-e,"Yamada, Eriko",,Singapore,2,22
rti,Respiratory-tract infections,kim-j,"Kim, Jin Oh",,Republic of Korea,2,23
rti,Respiratory-tract infections,sukarom-i,"Sukarom, Isaya",,Thailand,2,24
rti,Respiratory-tract infections,wang-y,"Wang, Yi",National University of Singapore,Singapore,2,25
rti,Respiratory-tract infections,ong-s,"Ong, Say How",Institute of Mental Health,Singapore,2,26
rti,Respiratory-tract infections,lim-c,"Lim, Cherry",Mahidol University,Thailand,2,27
rti,Respiratory-tract infections,wang-l,"Wang, Lin-Fa",Duke-NUS Medical School,Singapore,2,28
rti,Respiratory-tract infections,baker-s,"Baker, Stephen",A*STAR Infectious Diseases Labs,Singapore,2,29
rti,Respiratory-tract infections,li-h,"Li, Hai",,China,2,30
rti,Respiratory-tract infections,ooi-d,"Ooi, Delicia S Q",National University of Singapore,Singapore,2,31
rti,Respiratory-tract infections,sato-k,"Sato, Kei",Duke-NUS Medical School,Japan,2,32
rti,Respiratory-tract infections,goh-s,"Goh, Si Hui",KK Women's and Children's Hospital,Singapore,2,33
rti,Respiratory-tract infections,ricci-v,"Ricci, Valentina",,,2,34
rti,Respiratory-tract infections,kim-p,"Kim, Phyllis Al",,,2,35
rti,Respiratory-tract infections,gao-y,"Gao, Yanxiao",,China,2,36
rti,Respiratory-tract infections,letizia-a,"Letizia, Andrew G",,Singapore,2,37
rti,Respiratory-tract infections,wang-j,"Wang, Jing",,Singapore,2,38
rti,Respiratory-tract infections,lin-h,"Lin, Hongyao",,Singapore,2,39
rti,Respiratory-tract infections,tum-s,"Tum, Sothyra",,Cambodia,2,40
rti,Respiratory-tract infections,goh-n,"Goh, Nicole Shu-En",National Centre for Infectious Diseases,Singapore,1,41
rti,Respiratory-tract infections,li-r,"Li, Russell Jingxian",National Centre for Infectious Diseases,Singapore,1,42
rti,Respiratory-tract infections,li-j,"Li, Jiahui",KK Women's and Children's Hospital,Singapore,1,43
rti,Respiratory-tract infections,yung-c,"Yung, Chee-Fu",KK Women's and Children's Hospital,Singapore,1,44
rti,Respiratory-tract infections,choolani-m,"Choolani, Mahesh",National University Health System,Singapore,1,45
rti,Respiratory-tract infections,phan-t,"Phan, Thuong Huyen Thi",,Viet Nam,1,46
rti,Respiratory-tract infections,duong-g,"Duong, Giang Tra Thi",,Viet Nam,1,47
rti,Respiratory-tract infections,do-l,"Do, Linh Anh",,Viet Nam,1,48
rti,Respiratory-tract infections,vu-h,"Vu, Ha Ngoc",,Viet Nam,1,49
rti,Respiratory-tract infections,nguyen-t,"Nguyen, Tham Thi",,France,1,50
rti,Respiratory-tract infections,fernandes-s,"Fernandes, Sara",,France,1,51
rti,Respiratory-tract infections,boyer-l,"Boyer, Laurent",,France,1,52
rti,Respiratory-tract infections,auquier-p,"Auquier, Pascal",,France,1,53
rti,Respiratory-tract infections,nguyen-c,"Nguyen, Cuong Tat",,Viet Nam,1,54
rti,Respiratory-tract infections,ha-d,"Ha, Duc Anh",,Viet Nam,1,55
rti,Respiratory-tract infections,do-h,"Do, Huyen",,Republic of Korea,1,56
rti,Respiratory-tract infections,vu-g,"Vu, Giang Thu",,Viet Nam,1,57
rti,Respiratory-tract infections,ho-c,"Ho, Cyrus S H",National University of Singapore,Singapore,1,58
rti,Respiratory-tract infections,pongracz-t,"Pongrácz, Tamás",,Sweden,1,59
rti,Respiratory-tract infections,marking-u,"Marking, Ulrika",,Sweden,1,60
rti,Respiratory-tract infections,bladh-o,"Bladh, Oscar",,Sweden,1,61
rti,Respiratory-tract infections,aguilera-k,"Aguilera, Katherina",,Sweden,1,62
rti,Respiratory-tract infections,berkell-m,"Berkell, Matilda",,Sweden,1,63
rti,Respiratory-tract infections,havervall-s,"Havervall, Sebastian",,Sweden,1,64
rti,Respiratory-tract infections,greilertnorin-n,"Greilert-Norin, Nina",,Sweden,1,65
rti,Respiratory-tract infections,nouta-j,"Nouta, Jan",,Netherlands,1,66
rti,Respiratory-tract infections,gijze-s,"Gijze, Steinar",,Netherlands,1,67
rti,Respiratory-tract infections,wasynczuk-a,"Wasynczuk, Anna",,Netherlands,1,68
rti,Respiratory-tract infections,aberg-m,"Åberg, Mikael",,Sweden,1,69
rti,Respiratory-tract infections,vidarsson-g,"Vidarsson, Gestur",,Netherlands,1,70
rti,Respiratory-tract infections,falck-d,"Falck, David",,Netherlands,1,71
rti,Respiratory-tract infections,thalin-c,"Thålin, Charlotte",,Sweden,1,72
rti,Respiratory-tract infections,zang-j,"Zang, Jian",National University of Singapore,China,1,73
rti,Respiratory-tract infections,xu-j,"Xu, Jing-Ru",National University of Singapore,Singapore,1,74
rti,Respiratory-tract infections,ran-x,"Ran, Xue-Bin",National University of Singapore,Singapore,1,75
rti,Respiratory-tract infections,su-m,"Su, Min",,China,1,76
rti,Respiratory-tract infections,zhang-w,"Zhang, Wang-Ming",,China,1,77
rti,Respiratory-tract infections,ge-z,"Ge, Zhang-Wen",,China,1,78
rti,Respiratory-tract infections,sun-q,"Sun, Qiao-Yang",,Singapore,1,79
rti,Respiratory-tract infections,ding-l,"Ding, Ling-Wen",National University of Singapore,Singapore,1,80
rti,Respiratory-tract infections,zik-j,"Zik, Justin J",National University of Singapore,Singapore,1,81
rti,Respiratory-tract infections,fu-z,"Fu, Zeyu",National University of Singapore,Singapore,1,82
rti,Respiratory-tract infections,price-m,"Price, Morgan N",,United States,1,83
rti,Respiratory-tract infections,li-y,"Li, Yujie",Nanyang Technological University,Singapore,1,84
rti,Respiratory-tract infections,yuan-q,"Yuan, Qiao",Nanyang Technological University,Singapore,1,85
rti,Respiratory-tract infections,arkin-a,"Arkin, Adam P",,United States,1,86
rti,Respiratory-tract infections,deutschbauer-a,"Deutschbauer, Adam M",,United States,1,87
rti,Respiratory-tract infections,floreskim-j,"Flores-Kim, Josue",,United States,1,88
rti,Respiratory-tract infections,sham-l,"Sham, Lok-To",National University of Singapore,Singapore,1,89
rti,Respiratory-tract infections,abdulrahman-h,"Abdul Rahman, Hanif",National University of Singapore,Brunei Darussalam,1,90
rti,Respiratory-tract infections,zahari-n,"Zahari, Nurrabiatul Haziqah",,Brunei Darussalam,1,91
rti,Respiratory-tract infections,goh-z,"Goh, Ziying",SingHealth,Singapore,1,92
rti,Respiratory-tract infections,koh-y,"Koh, Yi Ling Eileen",SingHealth,Singapore,1,93
rti,Respiratory-tract infections,aau-w,"Aau, Wai Keong",SingHealth,Singapore,1,94
rti,Respiratory-tract infections,ng-c,"Ng, Chirk Jenn",SingHealth,Singapore,1,95
rti,Respiratory-tract infections,jayagobi-p,"Jayagobi, Pooja Agarwal",KK Women's and Children's Hospital,Singapore,1,96
rti,Respiratory-tract infections,ong-c,"Ong, Chengsi",KK Women's and Children's Hospital,Singapore,1,97
rti,Respiratory-tract infections,chanpang-c,"Chan Pang, Cynthia Pui",KK Women's and Children's Hospital,Singapore,1,98
rti,Respiratory-tract infections,wong-a,"Wong, Anng Anng",KK Women's and Children's Hospital,Singapore,1,99
rti,Respiratory-tract infections,ying-z,"Ying, Zheng",KK Women's and Children's Hospital,Singapore,1,100
rti,Respiratory-tract infections,chua-m,"Chua, Mei Chien",KK Women's and Children's Hospital,Singapore,1,101
rti,Respiratory-tract infections,how-w,"How, Wilson Z Y",National University of Singapore,Singapore,1,102
rti,Respiratory-tract infections,teh-l,"Teh, Le Xin",National University of Singapore,Singapore,1,103
rti,Respiratory-tract infections,lopeztoledano-m,"López Toledano, Max D",National University of Singapore,Singapore,1,104
rti,Respiratory-tract infections,alhaffar-m,"Alhaffar, Mervat",London School of Hygiene & Tropical Medicine,United Kingdom,1,105
rti,Respiratory-tract infections,alshalah-a,"Alshalah, Ali",,Iraq,1,106
rti,Respiratory-tract infections,saleh-m,"Saleh, Majd",London School of Hygiene & Tropical Medicine,United Kingdom,1,107
rti,Respiratory-tract infections,durrancebagale-a,"Durrance-Bagale, Anna",London School of Hygiene & Tropical Medicine,United Kingdom,1,108
rti,Respiratory-tract infections,nunes-c,"Nunes, Charnele",London School of Hygiene & Tropical Medicine,United Kingdom,1,109
rti,Respiratory-tract infections,sharma-e,"Sharma, Esther",,United Kingdom,1,110
rti,Respiratory-tract infections,howard-n,"Howard, Natasha",London School of Hygiene & Tropical Medicine,Singapore,1,111
rti,Respiratory-tract infections,ou-y,"Ou, Yifan",,Belgium,1,112
rti,Respiratory-tract infections,bruijn-g,"Bruijn, Gert-Jan de",,Belgium,1,113
rti,Respiratory-tract infections,schulz-p,"Schulz, Peter Johannes",Nanyang Technological University,Republic of Korea,1,114
rti,Respiratory-tract infections,seah-j,"Seah, Jiahua",National Cancer Centre Singapore,Singapore,1,115
rti,Respiratory-tract infections,lai-d,"Lai, Deborah Chooi Mun",Singapore General Hospital,Singapore,1,116
rti,Respiratory-tract infections,toh-h,"Toh, Hui Xian",Singapore General Hospital,Singapore,1,117
rti,Respiratory-tract infections,soh-c,"Soh, Chai Yin",Singapore General Hospital,Singapore,1,118
rti,Respiratory-tract infections,amin-i,"Amin, Ismawati Mohd",Singapore General Hospital,Singapore,1,119
rti,Respiratory-tract infections,ling-m,"Ling, Moi Lin",SingHealth,Singapore,1,120
rti,Respiratory-tract infections,zaidi-o,"Zaidi, Omer",,United States,1,121
rti,Respiratory-tract infections,choi-e,"Choi, Eun Hwa",National University Hospital,Republic of Korea,1,122
rti,Respiratory-tract infections,du-f,"Du, Frieda",,China,1,123
rti,Respiratory-tract infections,bernauer-m,"Bernauer, Mark",,United States,1,124
rti,Respiratory-tract infections,cheng-h,"Cheng, Hooi Swang",National University of Singapore,Singapore,1,125
rti,Respiratory-tract infections,tan-s,"Tan, Shiow Han",Nanyang Technological University,Singapore,1,126
rti,Respiratory-tract infections,ang-i,"Ang, Ian Yi Han",National University of Singapore,Singapore,1,127
rti,Respiratory-tract infections,mo-y,"Mo, Yin",Mahidol University,Singapore,1,128
rti,Respiratory-tract infections,hao-x,"Hao, Xinxin",National University of Singapore,Singapore,1,129
rti,Respiratory-tract infections,ding-y,"Ding, Ying",National University of Singapore,Singapore,1,130
rti,Respiratory-tract infections,cao-y,"Cao, Yang",,Singapore,1,131
rti,Respiratory-tract infections,cai-y,"Cai, Yiying",National University of Singapore,Singapore,1,132
rti,Respiratory-tract infections,kitsaran-s,"Kitsaran, Suwatthiya",,Thailand,1,133
rti,Respiratory-tract infections,chua-h,"Chua, Hock Hin",,Malaysia,1,134
rti,Respiratory-tract infections,bory-s,"Bory, Sotharith",,Cambodia,1,135
rti,Respiratory-tract infections,srilasriponnampalavanar-s,"Sri La Sri Ponnampalavanar, Sasheela",,Malaysia,1,136
rti,Respiratory-tract infections,anunnatsiri-s,"Anunnatsiri, Siriluck",,Thailand,1,137
rti,Respiratory-tract infections,mazlan-m,"Mazlan, Mohd Zulfakar",,Malaysia,1,138
rti,Respiratory-tract infections,dhiloo-a,"Dhiloo, Azizullah Khan",,Pakistan,1,139
rti,Respiratory-tract infections,plongla-r,"Plongla, Rongpong",,Thailand,1,140
rti,Respiratory-tract infections,kwa-a,"Kwa, Andrea Lay-Hoon",Singapore General Hospital,Singapore,1,141
rti,Respiratory-tract infections,mahmood-s,"Mahmood, Syed Faisal",,Pakistan,1,142
rti,Respiratory-tract infections,roman-a,"Roman, Arthur Dessi",,Philippines,1,143
rti,Respiratory-tract infections,thwaites-l,"Thwaites, Louise",Oxford University Clinical Research Unit,United Kingdom,1,144
rti,Respiratory-tract infections,tho-p,"Tho, Phan Vinh",,Viet Nam,1,145
rti,Respiratory-tract infections,wu-s,"Wu, Sheng",,China,1,146
rti,Respiratory-tract infections,chotiprasitsakul-d,"Chotiprasitsakul, Darunee",Mahidol University,Thailand,1,147
rti,Respiratory-tract infections,wong-k,"Wong, Ke Juin",,Malaysia,1,148
rti,Respiratory-tract infections,wijaya-h,"Wijaya, Hendri",,Indonesia,1,149
rti,Respiratory-tract infections,abad-c,"Abad, Cybele L",,Philippines,1,150
rti,Respiratory-tract infections,khalid-m,"Khalid, Muhammad Osama Rehman",,Pakistan,1,151
rti,Respiratory-tract infections,mamun-g,"Mamun, Gazi Md Salahuddin",,Bangladesh,1,152
rti,Respiratory-tract infections,rajahram-g,"Rajahram, Giri",,Malaysia,1,153
rti,Respiratory-tract infections,guterres-h,"Guterres, Helio",,Timor-Leste,1,154
rti,Respiratory-tract infections,hon-h,"Hon, Huynh Ngoc",,Viet Nam,1,155
rti,Respiratory-tract infections,pham-n,"Pham, Ngoc Thach",,Viet Nam,1,156
rti,Respiratory-tract infections,tran-v,"Tran, Van Giang",,Viet Nam,1,157
rti,Respiratory-tract infections,karkey-a,"Karkey, Abhilasha",Oxford University Clinical Research Unit,Nepal,1,158
rti,Respiratory-tract infections,gunasekara-s,"Gunasekara, Samanmalee",,Sri Lanka,1,159
rti,Respiratory-tract infections,hamers-r,"Hamers, Raph L",Oxford University Clinical Research Unit,Indonesia,1,160
rti,Respiratory-tract infections,sinto-r,"Sinto, Robert",Universitas Indonesia,Indonesia,1,161
rti,Respiratory-tract infections,lubis-i,"Lubis, Inke Nadia D",,Indonesia,1,162
rti,Respiratory-tract infections,wang-m,"Wang, Minggui",,China,1,163
rti,Respiratory-tract infections,moni-m,"Moni, Merlin",,India,1,164
rti,Respiratory-tract infections,liu-p,"Liu, Po-Yu",,Taiwan,1,165
rti,Respiratory-tract infections,xiao-y,"Xiao, Yonghong",,China,1,166
rti,Respiratory-tract infections,khanal-b,"Khanal, Basudha",,Nepal,1,167
rti,Respiratory-tract infections,priya-n,"Priya, N Lakshmi",,India,1,168
rti,Respiratory-tract infections,doi-y,"Doi, Yohei",,Japan,1,169
rti,Respiratory-tract infections,honda-h,"Honda, Hitoshi",,Japan,1,170
rti,Respiratory-tract infections,baljin-b,"Baljin, Bayaraa",,Mongolia,1,171
rti,Respiratory-tract infections,asli-r,"Asli, Rosmonaliza",,Brunei Darussalam,1,172
rti,Respiratory-tract infections,gurjav-u,"Gurjav, Ulziijargal",,Mongolia,1,173
rti,Respiratory-tract infections,ling-l,"Ling, Lowell",University of Hong Kong,China,1,174
rti,Respiratory-tract infections,dhungana-a,"Dhungana, Ashesh",,Nepal,1,175
rti,Respiratory-tract infections,hsu-l,"Hsu, Li Yang",National University of Singapore,Singapore,1,176
rti,Respiratory-tract infections,paterson-d,"Paterson, David Leslie",National University of Singapore,Singapore,1,177
rti,Respiratory-tract infections,tan-j,"Tan, Jacqueline Wan Yu",National University of Singapore,Singapore,1,178
rti,Respiratory-tract infections,yap-a,"Yap, Alex Jie Wei",National Centre for Infectious Diseases,Singapore,1,179
rti,Respiratory-tract infections,fung-d,"Fung, Daniel Shuen Sheng",Institute of Mental Health,Singapore,1,180
rti,Respiratory-tract infections,duong-h,"Duong, Hang",,Australia,1,181
rti,Respiratory-tract infections,kamaruzaman-n,"Kamaruzaman, Nor Kamila",,Australia,1,182
rti,Respiratory-tract infections,attwell-k,"Attwell, Katie",,Australia,1,183
rti,Respiratory-tract infections,ong-w,"Ong, Weiyee",Institute of Molecular and Cell Biology,Singapore,1,184
rti,Respiratory-tract infections,hopkins-r,"Hopkins, Richard Anthony",Institute of Molecular and Cell Biology,Singapore,1,185
rti,Respiratory-tract infections,yang-e,"Yang, Enjun",Institute of Molecular and Cell Biology,Singapore,1,186
rti,Respiratory-tract infections,novita,Novita,Institute of Molecular and Cell Biology,Singapore,1,187
rti,Respiratory-tract infections,talib-n,"Talib, Najwa",Institute of Molecular and Cell Biology,Singapore,1,188
rti,Respiratory-tract infections,au-b,"Au, Bijin",Institute of Molecular and Cell Biology,Singapore,1,189
rti,Respiratory-tract infections,connolly-j,"Connolly, John Edward",Institute of Molecular and Cell Biology,Singapore,1,190
rti,Respiratory-tract infections,linster-m,"Linster, Martin",Duke-NUS Medical School,Singapore,1,191
rti,Respiratory-tract infections,zahari-m,"Zahari, Marina",National University of Singapore,Singapore,1,192
rti,Respiratory-tract infections,zhuang-y,"Zhuang, Yan",Duke-NUS Medical School,Singapore,1,193
rti,Respiratory-tract infections,mah-m,"Mah, Marcus G",Duke-NUS Medical School,Singapore,1,194
rti,Respiratory-tract infections,carugati-m,"Carugati, Manuela",,United States,1,195
rti,Respiratory-tract infections,moorthy-g,"Moorthy, Ganga",,United States,1,196
rti,Respiratory-tract infections,madut-d,"Madut, Deng B",,United States,1,197
rti,Respiratory-tract infections,maze-m,"Maze, Michael J",,New Zealand,1,198
rti,Respiratory-tract infections,lwezaula-b,"Lwezaula, Bingileki",,Tanzania,1,199
rti,Respiratory-tract infections,marandu-a,"Marandu, Annette",,Tanzania,1,200
rti,Respiratory-tract infections,machare-c,"Machare, Calvin",,Tanzania,1,201
rti,Respiratory-tract infections,kilonzo-k,"Kilonzo, Kajiru G",,Tanzania,1,202
rti,Respiratory-tract infections,mbwasi-r,"Mbwasi, Ronald",,Tanzania,1,203
rti,Respiratory-tract infections,mmbaga-b,"Mmbaga, Blandina T",,Tanzania,1,204
rti,Respiratory-tract infections,ngocho-j,"Ngocho, James S",,Tanzania,1,205
rti,Respiratory-tract infections,bonnewell-j,"Bonnewell, John P",,United States,1,206
rti,Respiratory-tract infections,crump-j,"Crump, John A",,New Zealand,1,207
rti,Respiratory-tract infections,maro-v,"Maro, Venance P",,Tanzania,1,208
rti,Respiratory-tract infections,rubach-m,"Rubach, Matthew P",Duke-NUS Medical School,Singapore,1,209
rti,Respiratory-tract infections,jeffrey-m,"Jeffrey, Mark",University of Cambridge,United Kingdom,1,210
rti,Respiratory-tract infections,bartholdsonscott-j,"Bartholdson Scott, Josefin",University of Cambridge,United Kingdom,1,211
rti,Respiratory-tract infections,mazumdar-s,"Mazumdar, Shyamanova",University of Cambridge,United Kingdom,1,212
rti,Respiratory-tract infections,white-r,"White, Richard J",Bioinformatics Institute,United Kingdom,1,213
rti,Respiratory-tract infections,higginson-e,"Higginson, Ellen",University of Cambridge,United Kingdom,1,214
rti,Respiratory-tract infections,maes-m,"Maes, Mailis",University of Cambridge,United Kingdom,1,215
rti,Respiratory-tract infections,forrest-s,"Forrest, Sally",University of Cambridge,United Kingdom,1,216
rti,Respiratory-tract infections,pereiradias-j,"Pereira-Dias, Joana",University of Cambridge,United Kingdom,1,217
rti,Respiratory-tract infections,parmar-s,"Parmar, Surendra",UK Health Security Agency,United Kingdom,1,218
rti,Respiratory-tract infections,heasmanhunt-e,"Heasman-Hunt, Emma",UK Health Security Agency,United Kingdom,1,219
rti,Respiratory-tract infections,curran-m,"Curran, Martin D",UK Health Security Agency,United Kingdom,1,220
rti,Respiratory-tract infections,polgarova-p,"Polgarova, Petra",,United Kingdom,1,221
rti,Respiratory-tract infections,herre-j,"Herre, Jurgen",,United Kingdom,1,222
rti,Respiratory-tract infections,wauters-e,"Wauters, Els",,Belgium,1,223
rti,Respiratory-tract infections,lambrechts-d,"Lambrechts, Diether",,Belgium,1,224
rti,Respiratory-tract infections,vanmol-p,"Van Mol, Pierre",,Belgium,1,225
rti,Respiratory-tract infections,jacobs-c,"Jacobs, Cato",,Belgium,1,226
rti,Respiratory-tract infections,wauters-j,"Wauters, Joost",,Belgium,1,227
rti,Respiratory-tract infections,davenport-e,"Davenport, Emma E",,United Kingdom,1,228
rti,Respiratory-tract infections,dougan-g,"Dougan, Gordon",University of Cambridge,China,1,229
rti,Respiratory-tract infections,navapurkar-v,"Navapurkar, Vilas",,United Kingdom,1,230
rti,Respiratory-tract infections,conwaymorris-a,"Conway Morris, Andrew",University of Cambridge,United Kingdom,1,231
rti,Respiratory-tract infections,khalid-k,"Khalid, Kanwal",,Canada,1,232
rti,Respiratory-tract infections,ahmedabdelaal-a,"Ahmed Abd El-Aal, Amr Adel",,Egypt,1,233
rti,Respiratory-tract infections,lee-m,"Lee, Man Po",,Hong Kong SAR,1,234
rti,Respiratory-tract infections,song-j,"Song, Jingjing",National University of Singapore,China,1,235
rti,Respiratory-tract infections,wang-n,"Wang, Na",,China,1,236
rti,Respiratory-tract infections,zhu-z,"Zhu, Zhen",,China,1,237
rti,Respiratory-tract infections,mao-n,"Mao, Naiying",,China,1,238
rti,Respiratory-tract infections,cao-l,"Cao, Lei",,China,1,239
rti,Respiratory-tract infections,xia-b,"Xia, Baicheng",,China,1,240
rti,Respiratory-tract infections,liao-m,"Liao, Min",,China,1,241
rti,Respiratory-tract infections,zhu-w,"Zhu, Wuyang",,China,1,242
rti,Respiratory-tract infections,chong-e,"Chong, Elliot Yeung",Singapore General Hospital,Singapore,1,243
rti,Respiratory-tract infections,wee-i,"Wee, Ian Jun Yan",Singapore General Hospital,Singapore,1,244
rti,Respiratory-tract infections,tambyah-p,"Tambyah, Paul Anantharajah",National University of Singapore,Singapore,1,245
rti,Respiratory-tract infections,ng-d,"Ng, Deborah Hee Ling",National Centre for Infectious Diseases,Singapore,1,246
rti,Respiratory-tract infections,ayekyaw-y,"Aye Kyaw, Yunn Honey",National University of Singapore,Singapore,1,247
rti,Respiratory-tract infections,yip-p,"Yip, Pierre",National University of Singapore,Singapore,1,248
rti,Respiratory-tract infections,see-k,"See, Kay Choong",National University Hospital,Singapore,1,249
rti,Respiratory-tract infections,chanana-g,"Chanana, Gaurav",,India,1,250
rti,Respiratory-tract infections,arya-d,"Arya, Devavrat",,India,1,251
rti,Respiratory-tract infections,arora-r,"Arora, Ramandeep Singh",,India,1,252
rti,Respiratory-tract infections,pruthi-m,"Pruthi, Megha",,India,1,253
rti,Respiratory-tract infections,kaur-h,"Kaur, Harpreet",,Singapore,1,254
rti,Respiratory-tract infections,kumari-k,"Kumari, Kamlesh",,India,1,255
rti,Respiratory-tract infections,chaturvedi-h,"Chaturvedi, Harit",,India,1,256
rti,Respiratory-tract infections,rabow-m,"Rabow, Michael",,United States,1,257
rti,Respiratory-tract infections,velu-u,"Velu, Umesh",,India,1,258
rti,Respiratory-tract infections,sunilkumar-m,"Sunilkumar, M M",World Health Organization,India,1,259
rti,Respiratory-tract infections,tay-c,"Tay, Carina J X",National University of Singapore,Singapore,1,260
rti,Respiratory-tract infections,koh-c,"Koh, Chong Hui",Nanyang Technological University,Singapore,1,261
rti,Respiratory-tract infections,ooi-j,"Ooi, Justin S G",Duke-NUS Medical School,Singapore,1,262
rti,Respiratory-tract infections,kang-a,"Kang, Alicia Y H",National University of Singapore,Singapore,1,263
rti,Respiratory-tract infections,roslan-s,"Roslan, Siti Namirah Binte",National University of Singapore,Singapore,1,264
rti,Respiratory-tract infections,osman-n,"Osman, Nurul Elyana",National University of Singapore,Singapore,1,265
rti,Respiratory-tract infections,tham-e,"Tham, Elizabeth Huiwen",National University Hospital,Singapore,1,266
rti,Respiratory-tract infections,shek-l,"Shek, Lynette P",National University Hospital,Singapore,1,267
rti,Respiratory-tract infections,chan-k,"Chan, Kuan Rong",Duke-NUS Medical School,Singapore,1,268
rti,Respiratory-tract infections,le-d,"Le, Dao Thi Hong","Agency for Science, Technology and Research",Singapore,1,269
rti,Respiratory-tract infections,yang-c,"Yang, Chuan","Agency for Science, Technology and Research",Singapore,1,270
rti,Respiratory-tract infections,zhao-g,"Zhao, Gui","Agency for Science, Technology and Research",Singapore,1,271
rti,Respiratory-tract infections,seow-b,"Seow, Brandon Yi Loong","Agency for Science, Technology and Research",Singapore,1,272
rti,Respiratory-tract infections,zhao-x,"Zhao, Xinxin","Agency for Science, Technology and Research",Singapore,1,273
rti,Respiratory-tract infections,balakrishnan-n,"Balakrishnan, Nithiyaa","Agency for Science, Technology and Research",Singapore,1,274
rti,Respiratory-tract infections,bae-k,"Bae, Ki Hyun","Agency for Science, Technology and Research",Singapore,1,275
rti,Respiratory-tract infections,hui-j,"Hui, James H P",National University of Singapore,Singapore,1,276
rti,Respiratory-tract infections,yang-y,"Yang, Yi Yan","Agency for Science, Technology and Research",Singapore,1,277
rti,Respiratory-tract infections,houdkova-m,"Houdkova, Marketa",,Czechia,1,278
rti,Respiratory-tract infections,chaure-a,"Chaure, Aishwarya",,Czechia,1,279
rti,Respiratory-tract infections,rezek-j,"Rezek, Jan",,Czechia,1,280
rti,Respiratory-tract infections,leongskornickova-j,"Leong-Skornickova, Jana",,Singapore,1,281
rti,Respiratory-tract infections,bucar-f,"Bucar, Franz",,Austria,1,282
rti,Respiratory-tract infections,tulin-e,"Tulin, Edgardo E",,Philippines,1,283
rti,Respiratory-tract infections,soudek-p,"Soudek, Petr",,Czechia,1,284
rti,Respiratory-tract infections,kokoska-l,"Kokoska, Ladislav",,Czechia,1,285
rti,Respiratory-tract infections,fujita-s,"Fujita, Shigeru",,Japan,1,286
rti,Respiratory-tract infections,kajihara-m,"Kajihara, Masahiro",,Japan,1,287
rti,Respiratory-tract infections,changula-k,"Changula, Katendi",,Zambia,1,288
rti,Respiratory-tract infections,hangombe-b,"Hang'ombe, Bernard Mudenda",,Zambia,1,289
rti,Respiratory-tract infections,kawakubo-s,"Kawakubo, Shusuke",,Japan,1,290
rti,Respiratory-tract infections,lytras-s,"Lytras, Spyros",,Japan,1,291
rti,Respiratory-tract infections,ito-j,"Ito, Jumpei",,Japan,1,292
rti,Respiratory-tract infections,kanai-a,"Kanai, Akinori",,Japan,1,293
rti,Respiratory-tract infections,suzuki-y,"Suzuki, Yutaka",,Japan,1,294
rti,Respiratory-tract infections,takada-a,"Takada, Ayato",,Japan,1,295
rti,Respiratory-tract infections,bolding-a,"Bolding, Ashley",,United States,1,296
rti,Respiratory-tract infections,argimon-s,"Argimón, Silvia",World Health Organization,Germany,1,297
rti,Respiratory-tract infections,whistler-t,"Whistler, Toni",,United States,1,298
rti,Respiratory-tract infections,kele-b,"Kele, Beatrix",,United Kingdom,1,299
rti,Respiratory-tract infections,marklewitz-m,"Marklewitz, Marco",,Switzerland,1,300
rti,Respiratory-tract infections,jaguparov-a,"Jaguparov, Alexandr",World Health Organization,Denmark,1,301
rti,Respiratory-tract infections,musul-b,"Musul, Biran",World Health Organization,Türkiye,1,302
rti,Respiratory-tract infections,suresh-a,"Suresh, Anita",,Singapore,1,303
rti,Respiratory-tract infections,uplekar-s,"Uplekar, Swapna",,Switzerland,1,304
rti,Respiratory-tract infections,legarrec-j,"Le Garrec, Joanna Salvi",World Health Organization,Denmark,1,305
rti,Respiratory-tract infections,campos-j,"Campos, Josefina",World Health Organization,Germany,1,306
rti,Respiratory-tract infections,akande-o,"Akande, Oluwatosin Wuraola",World Health Organization,Switzerland,1,307
rti,Respiratory-tract infections,tong-w,"Tong, W Y",Duke-NUS Medical School,Singapore,1,308
rti,Respiratory-tract infections,ngeow-a,"Ngeow, A",Duke-NUS Medical School,Singapore,1,309
rti,Respiratory-tract infections,lim-a,"Lim, A",Duke-NUS Medical School,Singapore,1,310
rti,Respiratory-tract infections,sultana-r,"Sultana, R",Duke-NUS Medical School,Singapore,1,311
rti,Respiratory-tract infections,yeo-k,"Yeo, K T",Duke-NUS Medical School,Singapore,1,312
rti,Respiratory-tract infections,tan-l,"Tan, Lu",,United States,1,313
rti,Respiratory-tract infections,verma-a,"Verma, Abhishek K",,United States,1,314
rti,Respiratory-tract infections,lowery-s,"Lowery, Shea",,United States,1,315
rti,Respiratory-tract infections,thurman-a,"Thurman, Andrew",,United States,1,316
rti,Respiratory-tract infections,sariol-a,"Sariol, Alan",,United States,1,317
rti,Respiratory-tract infections,fain-c,"Fain, Cori",,United States,1,318
rti,Respiratory-tract infections,liu-z,"Liu, Zhaoyuan",,China,1,319
rti,Respiratory-tract infections,ginhoux-f,"Ginhoux, Florent",Singapore Immunology Network,Singapore,1,320
rti,Respiratory-tract infections,harty-j,"Harty, John",,United States,1,321
rti,Respiratory-tract infections,meyerholz-d,"Meyerholz, David K",,United States,1,322
rti,Respiratory-tract infections,perlman-s,"Perlman, Stanley",,United States,1,323
rti,Respiratory-tract infections,alnaji-f,"Alnaji, Fadi G","Agency for Science, Technology and Research",Singapore,1,324
rti,Respiratory-tract infections,farjo-m,"Farjo, Mireille",,United States,1,325
rti,Respiratory-tract infections,zhenghaoaw-d,"Zheng Hao Aw, Daryl","Agency for Science, Technology and Research",Singapore,1,326
rti,Respiratory-tract infections,lorenzini-p,"Lorenzini, Paolo Alberto","Agency for Science, Technology and Research",Singapore,1,327
rti,Respiratory-tract infections,liu-t,"Liu, Tongyu",,United States,1,328
rti,Respiratory-tract infections,linzhenchan-r,"Lin-Zhen Chan, Rebekah","Agency for Science, Technology and Research",Singapore,1,329
rti,Respiratory-tract infections,vignuzzi-m,"Vignuzzi, Marco","Agency for Science, Technology and Research",Singapore,1,330
rti,Respiratory-tract infections,brooke-c,"Brooke, Christopher B",,United States,1,331
rti,Respiratory-tract infections,raghuvamsi-p,"Raghuvamsi, Palur Venkata",Bioinformatics Institute,Singapore,1,332
rti,Respiratory-tract infections,loh-s,"Loh, Siyuan Brandon",,New Zealand,1,333
rti,Respiratory-tract infections,bhattacharya-p,"Bhattacharya, Prasanta","Agency for Science, Technology and Research",Singapore,1,334
rti,Respiratory-tract infections,ho-j,"Ho, Joses",Bioinformatics Institute,Singapore,1,335
rti,Respiratory-tract infections,chuen-r,"Chuen, Raphael Lee Tze",Bioinformatics Institute,Singapore,1,336
rti,Respiratory-tract infections,han-a,"Han, Alvin X",,Netherlands,1,337
rti,Respiratory-tract infections,maurerstroh-s,"Maurer-Stroh, Sebastian",Bioinformatics Institute,Singapore,1,338
rti,Respiratory-tract infections,madhukumar-l,"Madhukumar, Lekshmi",Singapore General Hospital,Singapore,1,339
rti,Respiratory-tract infections,tan-b,"Tan, Ban Hock",SingHealth,Singapore,1,340
rti,Respiratory-tract infections,tan-m,"Tan, Melinda Si Yun",Singapore General Hospital,Singapore,1,341
rti,Respiratory-tract infections,wong-h,"Wong, Hei Man",Singapore General Hospital,Singapore,1,342
rti,Respiratory-tract infections,eyre-m,"Eyre, Michael",,United Kingdom,1,343
rti,Respiratory-tract infections,han-v,"Han, Velda X",National University Health System,Singapore,1,344
rti,Respiratory-tract infections,thomas-t,"Thomas, Terrence",KK Women's and Children's Hospital,Singapore,1,345
rti,Respiratory-tract infections,sakuma-h,"Sakuma, Hiroshi",,Japan,1,346
rti,Respiratory-tract infections,mohammad-s,"Mohammad, Shekeeb S",,Australia,1,347
rti,Respiratory-tract infections,jones-h,"Jones, Hannah F",,New Zealand,1,348
rti,Respiratory-tract infections,mori-t,"Mori, Takayuki",,Japan,1,349
rti,Respiratory-tract infections,kawano-g,"Kawano, Go",,Japan,1,350
rti,Respiratory-tract infections,malone-s,"Malone, Stephen",,Australia,1,351
rti,Respiratory-tract infections,debinski-c,"Debinski, Carly",,Australia,1,352
rti,Respiratory-tract infections,nishida-h,"Nishida, Hiroya",,Japan,1,353
rti,Respiratory-tract infections,nosadini-m,"Nosadini, Margherita",,Italy,1,354
rti,Respiratory-tract infections,lim-m,"Lim, Ming",,China,1,355
rti,Respiratory-tract infections,dale-r,"Dale, Russell C",,Australia,1,356
rti,Respiratory-tract infections,thomas-b,"Thomas, Biju",KK Women's and Children's Hospital,Singapore,1,357
rti,Respiratory-tract infections,ho-m,"Ho, Michelle",National University of Singapore,Singapore,1,358
rti,Respiratory-tract infections,sim-c,"Sim, Ching Yee",KK Women's and Children's Hospital,Singapore,1,359
rti,Respiratory-tract infections,goh-b,"Goh, Bee Keow",KK Women's and Children's Hospital,Singapore,1,360
rti,Respiratory-tract infections,tan-y,"Tan, Yi Hua",KK Women's and Children's Hospital,Singapore,1,361
rti,Respiratory-tract infections,khoo-z,"Khoo, Zi Xean",KK Women's and Children's Hospital,Singapore,1,362
rti,Respiratory-tract infections,ng-y,"Ng, Yong Hong",KK Women's and Children's Hospital,Singapore,1,363
rti,Respiratory-tract infections,chong-k,"Chong, Kok Wee",KK Women's and Children's Hospital,Singapore,1,364
rti,Respiratory-tract infections,chan-y,"Chan, Yu-Jiun",,Taiwan,1,365
rti,Respiratory-tract infections,thoon-k,"Thoon, Koh Cheng",KK Women's and Children's Hospital,Singapore,1,366
rti,Respiratory-tract infections,sia-a,"Sia, Alex T",KK Women's and Children's Hospital,Singapore,1,367
rti,Respiratory-tract infections,lim-k,"Lim, Kok Ann Amos",KK Women's and Children's Hospital,Singapore,1,368
rti,Respiratory-tract infections,wong-y,"Wong, Yeow Yang John",KK Women's and Children's Hospital,Singapore,1,369
rti,Respiratory-tract infections,ganapathy-s,"Ganapathy, Sashikumar",KK Women's and Children's Hospital,Singapore,1,370
rti,Respiratory-tract infections,seah-x,"Seah, Xue Fen Valerie",KK Women's and Children's Hospital,Singapore,1,371
rti,Respiratory-tract infections,ackland-j,"Ackland, Jodie",,United Kingdom,1,372
rti,Respiratory-tract infections,barozi-v,"Barozi, Victor",,United Kingdom,1,373
rti,Respiratory-tract infections,penricerandal-r,"Penrice-Randal, Rebekah",,United Kingdom,1,374
rti,Respiratory-tract infections,hartley-c,"Hartley, Catherine",,United Kingdom,1,375
rti,Respiratory-tract infections,hiscox-j,"Hiscox, Julian A","Agency for Science, Technology and Research",Singapore,1,376
rti,Respiratory-tract infections,griffiths-g,"Griffiths, Gareth",,United Kingdom,1,377
rti,Respiratory-tract infections,page-c,"Page, Clive",,United Kingdom,1,378
rti,Respiratory-tract infections,carroll-m,"Carroll, Miles",University of Oxford,United Kingdom,1,379
rti,Respiratory-tract infections,singh-d,"Singh, Dave",,United Kingdom,1,380
rti,Respiratory-tract infections,niranjan-m,"Niranjan, Mahesan",,United Kingdom,1,381
rti,Respiratory-tract infections,baralle-d,"Baralle, Diana",,United Kingdom,1,382
rti,Respiratory-tract infections,vallejopulido-a,"Vallejo Pulido, Andres",,United Kingdom,1,383
rti,Respiratory-tract infections,wilkinson-t,"Wilkinson, Tom",,United Kingdom,1,384
rti,Respiratory-tract infections,hadley-l,"Hadley, Liza",University of Cambridge,United Kingdom,1,385
rti,Respiratory-tract infections,benmiled-s,"Ben Miled, Slimane",,Tunisia,1,386
rti,Respiratory-tract infections,clapham-h,"Clapham, Hannah E",National University of Singapore,Singapore,1,387
rti,Respiratory-tract infections,djaafara-b,"Djaafara, Bimandra A",National University of Singapore,Indonesia,1,388
rti,Respiratory-tract infections,dyson-l,"Dyson, Louise",,United Kingdom,1,389
rti,Respiratory-tract infections,funk-s,"Funk, Sebastian",London School of Hygiene & Tropical Medicine,United Kingdom,1,390
rti,Respiratory-tract infections,gog-j,"Gog, Julia R",University of Cambridge,United Kingdom,1,391
rti,Respiratory-tract infections,heesterbeek-h,"Heesterbeek, Hans",,Netherlands,1,392
rti,Respiratory-tract infections,hill-e,"Hill, Edward M",,United Kingdom,1,393
rti,Respiratory-tract infections,howerton-e,"Howerton, Emily",,United States,1,394
rti,Respiratory-tract infections,isham-v,"Isham, Valerie",,United Kingdom,1,395
rti,Respiratory-tract infections,kebir-a,"Kebir, Amira",,Tunisia,1,396
rti,Respiratory-tract infections,keeling-m,"Keeling, Matt",,United Kingdom,1,397
rti,Respiratory-tract infections,kissler-s,"Kissler, Stephen M",,United States,1,398
rti,Respiratory-tract infections,lessler-j,"Lessler, Justin",Johns Hopkins University,United States,1,399
rti,Respiratory-tract infections,leung-k,"Leung, Kathy",University of Hong Kong,China,1,400
rti,Respiratory-tract infections,mcbryde-e,"McBryde, Emma",,Australia,1,401
rti,Respiratory-tract infections,mccaw-j,"McCaw, James M",University of Melbourne,Australia,1,402
rti,Respiratory-tract infections,mercado-c,"Mercado, Chris Erwin G",National University of Singapore,Singapore,1,403
rti,Respiratory-tract infections,mollison-d,"Mollison, Denis",,United Kingdom,1,404
rti,Respiratory-tract infections,thumbi-s,"Thumbi, S M",,Kenya,1,405
rti,Respiratory-tract infections,panngum-w,"Pan-Ngum, Wirichada",Mahidol University,Thailand,1,406
rti,Respiratory-tract infections,pellis-l,"Pellis, Lorenzo",,United Kingdom,1,407
rti,Respiratory-tract infections,perezreche-f,"Pérez-Reche, Francisco J",,United Kingdom,1,408
rti,Respiratory-tract infections,plank-m,"Plank, Michael J",,New Zealand,1,409
rti,Respiratory-tract infections,thompson-r,"Thompson, Robin N",University of Oxford,United Kingdom,1,410
rti,Respiratory-tract infections,trankiem-c,"Tran-Kiem, Cécile",,United States,1,411
rti,Respiratory-tract infections,lien-v,"Lien, Victoria",,Singapore,1,412
rti,Respiratory-tract infections,hao-y,"Hao, Ying",National Centre for Infectious Diseases,Singapore,1,413
rti,Respiratory-tract infections,toh-m,"Toh, Matthias Paul Han Sim",National Centre for Infectious Diseases,Singapore,1,414
rti,Respiratory-tract infections,lim-b,"Lim, Bin",,Singapore,1,415
rti,Respiratory-tract infections,chua-s,"Chua, Sonja Cjh",,,1,416
rti,Respiratory-tract infections,xu-r,"Xu, Rujia",,,1,417
rti,Respiratory-tract infections,yang-j,"Yang, Jun",,China,1,418
rti,Respiratory-tract infections,kan-s,"Kan, Shu Jun",,,1,419
rti,Respiratory-tract infections,wild-v,"Wild, Verina",,Germany,1,420
rti,Respiratory-tract infections,agbih-s,"Agbih, Sylvia",,Germany,1,421
rti,Respiratory-tract infections,landsman-k,"Landsman, Keren",,Germany,1,422
rti,Respiratory-tract infections,sleumer-q,"Sleumer, Quintus",,Germany,1,423
rti,Respiratory-tract infections,dawson-a,"Dawson, Angus",National University of Singapore,Singapore,1,424
rti,Respiratory-tract infections,heilinger-j,"Heilinger, Jan-Christoph",,Germany,1,425
rti,Respiratory-tract infections,zhao-w,"Zhao, Wenshuo",,China,1,426
rti,Respiratory-tract infections,lian-r,"Lian, Rongna",,China,1,427
rti,Respiratory-tract infections,zhao-y,"Zhao, Yonghao",,China,1,428
rti,Respiratory-tract infections,li-z,"Li, Zheng",Genome Institute of Singapore,Singapore,1,429
rti,Respiratory-tract infections,liu-m,"Liu, Ming",Nanyang Technological University,Singapore,1,430
rti,Respiratory-tract infections,yang-f,"Yang, Fengwen",,China,1,431
rti,Respiratory-tract infections,zhang-j,"Zhang, Junhua",,China,1,432
rti,Respiratory-tract infections,tian-j,"Tian, Jinhui",,China,1,433
rti,Respiratory-tract infections,xue-f,"Xue, Feng",,China,1,434
rti,Respiratory-tract infections,nadarajah-n,"Nadarajah, Nandhini",Tan Tock Seng Hospital,Singapore,1,435
rti,Respiratory-tract infections,amanda-l,"Amanda, Lim Xiu Ming",Woodlands Health,Singapore,1,436
rti,Respiratory-tract infections,dempsey-k,"Dempsey, Kathy",,Australia,1,437
rti,Respiratory-tract infections,ling-j,"Ling, Jolene Oon Ee",National University Hospital,Singapore,1,438
rti,Respiratory-tract infections,seah-b,"Seah, Betsy",National University of Singapore,Singapore,1,439
rti,Respiratory-tract infections,chekamaruddin-n,"Che-Kamaruddin, Naim",University of Malaya,Malaysia,1,440
rti,Respiratory-tract infections,johari-j,"Johari, Jefree",University of Malaya,Malaysia,1,441
rti,Respiratory-tract infections,yahaya-h,"Yahaya, Hasmawati",University of Malaya,Malaysia,1,442
rti,Respiratory-tract infections,zainal-n,"Zainal, Nurhafiza",University of Malaya,Malaysia,1,443
rti,Respiratory-tract infections,hontz-r,"Hontz, Robert D",,Singapore,1,444
rti,Respiratory-tract infections,abubakar-s,"Abu Bakar, Shahril",,Malaysia,1,445
rti,Respiratory-tract infections,sun-y,"Sun, Yixuan",,China,1,446
rti,Respiratory-tract infections,ou-a,"Ou, Alison Yt",,Hong Kong SAR,1,447
rti,Respiratory-tract infections,shi-t,"Shi, Tony Lei",,China,1,448
rti,Respiratory-tract infections,hagger-m,"Hagger, Martin S",,Australia,1,449
rti,Respiratory-tract infections,xiong-z,"Xiong, Zhennan",,Hong Kong SAR,1,450
rti,Respiratory-tract infections,chen-x,"Chen, Xi",,China,1,451
rti,Respiratory-tract infections,fong-s,"Fong, Shirley Sm",University of Hong Kong,Hong Kong SAR,1,452
rti,Respiratory-tract infections,zhong-l,"Zhong, Linda L D",Nanyang Technological University,Singapore,1,453
rti,Respiratory-tract infections,xie-y,"Xie, Yewei",Duke-NUS Medical School,Singapore,1,454
rti,Respiratory-tract infections,baker-j,"Baker, Julien S",,China,1,455
rti,Respiratory-tract infections,shankar-r,"Shankar, Ravi",Tan Tock Seng Hospital,Singapore,1,456
rti,Respiratory-tract infections,ho-s,"Ho, Shirley S",Nanyang Technological University,Singapore,1,457
rti,Respiratory-tract infections,liew-m,"Liew, Mei Fong",National University Health System,Singapore,1,458
rti,Respiratory-tract infections,kumargollamudi-s,"Kumar Gollamudi, Satya Pavan",Alexandra Hospital,Singapore,1,459
rti,Respiratory-tract infections,wong-t,"Wong, Tze Chin",Alexandra Hospital,Singapore,1,460
rti,Respiratory-tract infections,wu-t,"Wu, Tong",National University of Singapore,Singapore,1,461
rti,Respiratory-tract infections,wang-f,"Wang, Feizuo",National University of Singapore,Singapore,1,462
rti,Respiratory-tract infections,wang-b,"Wang, Boyang",,China,1,463
rti,Respiratory-tract infections,wong-x,"Wong, Xin Yu",National University of Singapore,Singapore,1,464
rti,Respiratory-tract infections,zhang-s,"Zhang, Shengming",,China,1,465
rti,Respiratory-tract infections,ma-s,"Ma, Shengsheng",National University of Singapore,Singapore,1,466
rti,Respiratory-tract infections,liu-y,"Liu, Yanfei",,China,1,467
rti,Respiratory-tract infections,yao-f,"Yao, Fangyao",National University of Singapore,Singapore,1,468
rti,Respiratory-tract infections,zeng-z,"Zeng, Zhifeng",National University of Singapore,Singapore,1,469
rti,Respiratory-tract infections,yang-s,"Yang, Sheng",,China,1,470
rti,Respiratory-tract infections,liu-k,"Liu, Kunming",National University of Singapore,Singapore,1,471
rti,Respiratory-tract infections,wang-q,"Wang, Qi",National University of Singapore,Singapore,1,472
rti,Respiratory-tract infections,zang-y,"Zang, Yunxiang",,China,1,473
rti,Respiratory-tract infections,wang-x,"Wang, Xianli",,China,1,474
rti,Respiratory-tract infections,huang-x,"Huang, Xingxu",,China,1,475
rti,Respiratory-tract infections,li-s,"Li, Shao",,China,1,476
rti,Respiratory-tract infections,ji-q,"Ji, Quanquan",National University of Singapore,Singapore,1,477
rti,Respiratory-tract infections,hu-t,"Hu, Ting Huey",National University of Singapore,Singapore,1,478
rti,Respiratory-tract infections,hu-c,"Hu, Chunyi",National University of Singapore,Singapore,1,479
rti,Respiratory-tract infections,monoi-a,"Monoi, Ayaka",London School of Hygiene & Tropical Medicine,Germany,1,480
rti,Respiratory-tract infections,endo-a,"Endo, Akira",London School of Hygiene & Tropical Medicine,Japan,1,481
rti,Respiratory-tract infections,kriznar-m,"Kriznar, Matej",,Germany,1,482
rti,Respiratory-tract infections,suzuki-m,"Suzuki, Motoi",,Japan,1,483
rti,Respiratory-tract infections,flasche-s,"Flasche, Stefan",London School of Hygiene & Tropical Medicine,Germany,1,484
rti,Respiratory-tract infections,lew-r,"Lew, Ryan Z Z",National University of Singapore,Singapore,1,485
rti,Respiratory-tract infections,tay-d,"Tay, Douglas J W",National University of Singapore,Singapore,1,486
rti,Respiratory-tract infections,ong-j,"Ong, Johnny Chin-Ann",Duke-NUS Medical School,Singapore,1,487
rti,Respiratory-tract infections,wang-d,"Wang, De Yun",National University of Singapore,Singapore,1,488
rti,Respiratory-tract infections,chu-j,"Chu, Justin J H",National University of Singapore,Singapore,1,489
rti,Respiratory-tract infections,andiappan-a,"Andiappan, Anand Kumar",Singapore Immunology Network,Singapore,1,490
rti,Respiratory-tract infections,ravindrarajah-r,"Ravindrarajah, Rathi",,United Kingdom,1,491
rti,Respiratory-tract infections,gittins-m,"Gittins, Matthew",,United Kingdom,1,492
rti,Respiratory-tract infections,paterson-l,"Paterson, Luke",,United Kingdom,1,493
rti,Respiratory-tract infections,rogers-g,"Rogers, Gabriel",,United Kingdom,1,494
rti,Respiratory-tract infections,tilson-g,"Tilson, George",,United Kingdom,1,495
rti,Respiratory-tract infections,wake-d,"Wake, Deborah J",,United Kingdom,1,496
rti,Respiratory-tract infections,brodie-d,"Brodie, Doogie",,United Kingdom,1,497
rti,Respiratory-tract infections,cunningham-s,"Cunningham, Scott G",,United Kingdom,1,498
rti,Respiratory-tract infections,kanumilli-n,"Kanumilli, Naresh",,United Kingdom,1,499
rti,Respiratory-tract infections,jones-e,"Jones, Ewan",,United Kingdom,1,500
rti,Respiratory-tract infections,elton-p,"Elton, Peter",,United Kingdom,1,501
rti,Respiratory-tract infections,milne-n,"Milne, Nicola",,United Kingdom,1,502
rti,Respiratory-tract infections,morgancurran-m,"Morgan-Curran, Michael",,United Kingdom,1,503
rti,Respiratory-tract infections,kontopantelis-e,"Kontopantelis, Evangelos",National University of Singapore,Singapore,1,504
rti,Respiratory-tract infections,allen-t,"Allen, Thomas",,Denmark,1,505
rti,Respiratory-tract infections,rutter-m,"Rutter, Martin K",,United Kingdom,1,506
rti,Respiratory-tract infections,stott-c,"Stott, Christopher James",,Thailand,1,507
rti,Respiratory-tract infections,mahawan-t,"Mahawan, Tanakamol",,Thailand,1,508
rti,Respiratory-tract infections,pineyro-p,"Piñeyro, Pablo",,United States,1,509
rti,Respiratory-tract infections,tantituvanont-a,"Tantituvanont, Angkana",,Thailand,1,510
rti,Respiratory-tract infections,nilubol-d,"Nilubol, Dachrit",,Thailand,1,511
rti,Respiratory-tract infections,liew-j,"Liew, Jonathan Wee Kent",Environmental Health Institute,Singapore,1,512
rti,Respiratory-tract infections,holt-h,"Holt, Hannah",London School of Hygiene & Tropical Medicine,United Kingdom,1,513
rti,Respiratory-tract infections,hidano-a,"Hidano, Arata",London School of Hygiene & Tropical Medicine,Japan,1,514
rti,Respiratory-tract infections,leung-w,"Leung, William T M",London School of Hygiene & Tropical Medicine,United Kingdom,1,515
rti,Respiratory-tract infections,chhour-m,"Chhour, Monivan",,Cambodia,1,516
rti,Respiratory-tract infections,yib-s,"Yib, Sokmony",,Cambodia,1,517
rti,Respiratory-tract infections,chou-m,"Chou, Monidarin",,Cambodia,1,518
rti,Respiratory-tract infections,saphonn-v,"Saphonn, Vonthanak",,Cambodia,1,519
rti,Respiratory-tract infections,phoeung-c,"Phoeung, Chan Leakhena",,Cambodia,1,520
rti,Respiratory-tract infections,chhay-t,"Chhay, Ty",,Cambodia,1,521
rti,Respiratory-tract infections,vor-s,"Vor, Sina",,Cambodia,1,522
rti,Respiratory-tract infections,huy-s,"Huy, Sokchea",,Cambodia,1,523
rti,Respiratory-tract infections,sorn-s,"Sorn, San",,Cambodia,1,524
rti,Respiratory-tract infections,wong-f,"Wong, Foong Ying",Duke-NUS Medical School,Singapore,1,525
rti,Respiratory-tract infections,zeller-m,"Zeller, Michael",Duke-NUS Medical School,Singapore,1,526
rti,Respiratory-tract infections,su-y,"Su, Yvonne C F",Duke-NUS Medical School,Singapore,1,527
rti,Respiratory-tract infections,rudge-j,"Rudge, James W",London School of Hygiene & Tropical Medicine,United Kingdom,1,528
rti,Respiratory-tract infections,ou-t,"Ou, Tey Putita",,Cambodia,1,529
rti,Respiratory-tract infections,guillebaud-j,"Guillebaud, Julia",,Cambodia,1,530
rti,Respiratory-tract infections,baidaliuk-a,"Baidaliuk, Artem",,France,1,531
rti,Respiratory-tract infections,chheang-d,"Chheang, Dany",,Cambodia,1,532
rti,Respiratory-tract infections,delaune-d,"Delaune, Deborah",,France,1,533
rti,Respiratory-tract infections,prot-m,"Prot, Matthieu",,France,1,534
rti,Respiratory-tract infections,bruder-e,"Bruder, Elise",,France,1,535
rti,Respiratory-tract infections,machado-r,"Machado, Rafael Rahal Guaragna",,France,1,536
rti,Respiratory-tract infections,pum-l,"Pum, Leakhena",,Cambodia,1,537
rti,Respiratory-tract infections,hul-v,"Hul, Vibol",,Cambodia,1,538
rti,Respiratory-tract infections,hoem-t,"Hoem, Thavry",,Cambodia,1,539
rti,Respiratory-tract infections,ly-s,"Ly, Sovann",,Cambodia,1,540
rti,Respiratory-tract infections,auerswald-h,"Auerswald, Heidi",,Cambodia,1,541
rti,Respiratory-tract infections,arnaud-f,"Arnaud, Frederick",,France,1,542
rti,Respiratory-tract infections,dussart-p,"Dussart, Philippe",,Madagascar,1,543
rti,Respiratory-tract infections,karlsson-e,"Karlsson, Erik A",,Cambodia,1,544
rti,Respiratory-tract infections,chevalier-v,"Chevalier, Véronique",,France,1,545
rti,Respiratory-tract infections,cappelle-j,"Cappelle, Julien",,France,1,546
rti,Respiratory-tract infections,duong-v,"Duong, Veasna",,Cambodia,1,547
rti,Respiratory-tract infections,simonloriere-e,"Simon-Loriere, Etienne",,France,1,548
rti,Respiratory-tract infections,wagatsuma-k,"Wagatsuma, Keita",,Japan,1,549
rti,Respiratory-tract infections,song-z,"Song, Zoe",University of Hong Kong,China,1,550
rti,Respiratory-tract infections,lam-t,"Lam, Tommy T Y",University of Hong Kong,China,1,551
rti,Respiratory-tract infections,kwok-k,"Kwok, Kin On",University of Hong Kong,China,1,552
rti,Respiratory-tract infections,chong-m,"Chong, Mary Foong-Fong","Agency for Science, Technology and Research",Singapore,1,553
rti,Respiratory-tract infections,vanbeek-j,"van Beek, Janko",,Netherlands,1,554
rti,Respiratory-tract infections,dilcher-m,"Dilcher, Meik",,New Zealand,1,555
rti,Respiratory-tract infections,jennings-l,"Jennings, Lance C",,New Zealand,1,556
rti,Respiratory-tract infections,foley-d,"Foley, David A",,Australia,1,557
rti,Respiratory-tract infections,levy-a,"Levy, Avram",,Australia,1,558
rti,Respiratory-tract infections,dwyer-d,"Dwyer, Dominic E",,Australia,1,559
rti,Respiratory-tract infections,kok-j,"Kok, Jen",,Australia,1,560
rti,Respiratory-tract infections,bialasiewicz-s,"Bialasiewicz, Seweryn",,Australia,1,561
rti,Respiratory-tract infections,koopmans-m,"Koopmans, Marion P G",,Netherlands,1,562
rti,Respiratory-tract infections,saito-r,"Saito, Reiko",,Japan,1,563
rti,Respiratory-tract infections,bird-p,"Bird, Paul W",,United Kingdom,1,564
rti,Respiratory-tract infections,tang-j,"Tang, Julian W",,United Kingdom,1,565
rti,Respiratory-tract infections,kung-p,"Kung, Po-Jen",National University of Singapore,Singapore,1,566
rti,Respiratory-tract infections,chen-k,"Chen, Kenneth",Singapore General Hospital,Singapore,1,567
rti,Respiratory-tract infections,chang-y,"Chang, Ying-Ying",,Taiwan,1,568
rti,Respiratory-tract infections,chang-l,"Chang, Li-Yin",,Taiwan,1,569
rti,Respiratory-tract infections,chen-c,"Chen, Chih-Hwa",,Taiwan,1,570
rti,Respiratory-tract infections,rohan-h,"Rohan, Hana",,United States,1,571
rti,Respiratory-tract infections,bochner-a,"Bochner, Aaron F",,United States,1,572
rti,Respiratory-tract infections,brown-l,"Brown, Lauren",,United States,1,573
rti,Respiratory-tract infections,ortiz-e,"Ortiz, Elizabeth M",,United States,1,574
rti,Respiratory-tract infections,mcclelland-a,"McClelland, Amanda",,United States,1,575
rti,Respiratory-tract infections,guo-l,"Guo, Lei",,China,1,576
rti,Respiratory-tract infections,guo-f,"Guo, Feng",,China,1,577
rti,Respiratory-tract infections,jiang-w,"Jiang, Weixi",,China,1,578
rti,Respiratory-tract infections,zhang-x,"Zhang, Xiangjun",,United States,1,579
rti,Respiratory-tract infections,dong-d,"Dong, Di",,,1,580
rti,Respiratory-tract infections,chen-s,"Chen, Shiyan",National University of Singapore,Singapore,1,581
rti,Respiratory-tract infections,wan-q,"Wan, Quan",,China,1,582
rti,Respiratory-tract infections,tang-s,"Tang, Shenglan",SingHealth,China,1,583
rti,Respiratory-tract infections,wang-c,"Wang, Claire",,,1,584
rti,Respiratory-tract infections,yen-t,"Yen, Ting-An",,Taiwan,1,585
rti,Respiratory-tract infections,wu-j,"Wu, J E",National University Health System,Singapore,1,586
rti,Respiratory-tract infections,huang-l,"Huang, Ling-Ya",,Taiwan,1,587
rti,Respiratory-tract infections,yeo-s,"Yeo, See-Hwee",,Singapore,1,588
rti,Respiratory-tract infections,patel-d,"Patel, Dony",,United Kingdom,1,589
rti,Respiratory-tract infections,koh-m,"Koh, M C Y",National University Health System,Singapore,1,590
rti,Respiratory-tract infections,hayden-f,"Hayden, Frederick G",,United States,1,591
rti,Respiratory-tract infections,kang-s,"Kang, Su Yeon",,Republic of Korea,1,592
rti,Respiratory-tract infections,yoo-j,"Yoo, Jeong Rae",,Republic of Korea,1,593
rti,Respiratory-tract infections,bae-e,"Bae, EunJin",,Republic of Korea,1,594
rti,Respiratory-tract infections,park-y,"Park, Yejin",,Republic of Korea,1,595
rti,Respiratory-tract infections,kim-m,"Kim, Misun",,Republic of Korea,1,596
rti,Respiratory-tract infections,ro-h,"Ro, Hyo-Jin",,Republic of Korea,1,597
rti,Respiratory-tract infections,hwang-d,"Hwang, Daehee",,Republic of Korea,1,598
rti,Respiratory-tract infections,lee-j,"Lee, Jonathan Wei Jie",National University Hospital,Singapore,1,599
rti,Respiratory-tract infections,cho-d,"Cho, Dongcharn",,Republic of Korea,1,600
rti,Respiratory-tract infections,hallam-h,"Hallam, Hoai Jaclyn",,Singapore,1,601
rti,Respiratory-tract infections,heo-s,"Heo, Sang Taek",,Republic of Korea,1,602
rti,Respiratory-tract infections,cho-n,"Cho, Nam-Hyuk",,Republic of Korea,1,603
rti,Respiratory-tract infections,lee-k,"Lee, Kenneth Kwing Chin",,Malaysia,1,604
rti,Respiratory-tract infections,gong-p,"Gong, Pei Pei",SingHealth,Singapore,1,605
rti,Respiratory-tract infections,koh-g,"Koh, Gerald Choon Huat",National University of Singapore,Singapore,1,606
rti,Respiratory-tract infections,green-t,"Green, Tessa D",Harvard University,United States,1,607
rti,Respiratory-tract infections,mcwilliams-c,"McWilliams, Chris",,United Kingdom,1,608
rti,Respiratory-tract infections,defigueiredo-l,"de Figueiredo, Leonardo",,United States,1,609
rti,Respiratory-tract infections,soares-l,"Soares, Letícia",,United States,1,610
rti,Respiratory-tract infections,pollack-b,"Pollack, Beth",,United States,1,611
rti,Respiratory-tract infections,cohen-a,"Cohen, Alison K",,United States,1,612
rti,Respiratory-tract infections,zhixuan-t,"Zhi-Xuan, Tan",National University of Singapore,Singapore,1,613
rti,Respiratory-tract infections,falor-t,"Falor, Tess",,United States,1,614
rti,Respiratory-tract infections,davis-h,"Davis, Hannah E",,United States,1,615
rti,Respiratory-tract infections,ng-i,"Ng, Isaac Ks",National University Hospital,Singapore,1,616
rti,Respiratory-tract infections,loh-c,"Loh, Cheryl Ying Xuan",National University of Singapore,Singapore,1,617
rti,Respiratory-tract infections,goh-w,"Goh, Wilson Gw",National University Hospital,Singapore,1,618
rti,Respiratory-tract infections,lo-e,"Lo, Elaine Ah Gi",National University Hospital,Singapore,1,619
rti,Respiratory-tract infections,phang-k,"Phang, Kee Fong",Alexandra Hospital,Singapore,1,620
rti,Respiratory-tract infections,cho-j,"Cho, Jiacai",National University Hospital,Singapore,1,621
rti,Respiratory-tract infections,tang-m,"Tang, May Shuen",National University Hospital,Singapore,1,622
rti,Respiratory-tract infections,quek-a,"Quek, Amy May Lin",National University Hospital,Singapore,1,623
rti,Respiratory-tract infections,teng-o,"Teng, Ooiean",National University of Singapore,Singapore,1,624
rti,Respiratory-tract infections,foon-c,"Foon, Chin Han",National University of Singapore,Singapore,1,625
rti,Respiratory-tract infections,li-p,"Li, Ping Ping",National University of Singapore,Singapore,1,626
rti,Respiratory-tract infections,er-b,"Er, Bernadette Guek Cheng",National University of Singapore,Singapore,1,627
rti,Respiratory-tract infections,mahmud-n,"Mahmud, Nor Fa'izah Binte",National University of Singapore,Singapore,1,628
rti,Respiratory-tract infections,shunmuganathan-b,"Shunmuganathan, Bhuvaneshwari",National University of Singapore,Singapore,1,629
rti,Respiratory-tract infections,macary-p,"MacAry, Paul A",National University of Singapore,Singapore,1,630
rti,Respiratory-tract infections,lim-e,"Lim, Erle Chuen Hian",National University Hospital,Singapore,1,631
rti,Respiratory-tract infections,seet-r,"Seet, Raymond Chee Seong",National University Hospital,Singapore,1,632
rti,Respiratory-tract infections,sun-l,"Sun, Louisa",National University Health System,Singapore,1,633
rti,Respiratory-tract infections,smitasin-n,"Smitasin, N",National University Health System,Singapore,1,634
rti,Respiratory-tract infections,salada-b,"Salada, Brenda Mae Alferez",National University Hospital,Singapore,1,635
rti,Respiratory-tract infections,teo-c,"Teo, Chwee Fang",Nanyang Technological University,Singapore,1,636
rti,Respiratory-tract infections,pandya-g,"Pandya, Garvi",National University Hospital,Singapore,1,637
rti,Respiratory-tract infections,hu-x,"Hu, Xin",National University Hospital,Singapore,1,638
rti,Respiratory-tract infections,fisher-d,"Fisher, Dale Andrew",National University Hospital,Singapore,1,639
rti,Respiratory-tract infections,adams-a,"Adams, Alexandra M",,United States,1,640
rti,Respiratory-tract infections,pimentel-e,"Pimentel, Edward B",,United States,1,641
rti,Respiratory-tract infections,loh-n,"Loh, N Duane",National University of Singapore,Singapore,1,642
rti,Respiratory-tract infections,gidi-y,"Gidi, Yasser",,United States,1,643
rti,Respiratory-tract infections,hein-l,"Hein, Linus A",,United States,1,644
rti,Respiratory-tract infections,eisenstein-m,"Eisenstein, Michael",,United States,1,645
rti,Respiratory-tract infections,soh-h,"Soh, H Tom",,United States,1,646
rti,Respiratory-tract infections,elangovan-s,"Elangovan, Shalini",Duke-NUS Medical School,Singapore,1,647
rti,Respiratory-tract infections,graves-n,"Graves, Nicholas",Duke-NUS Medical School,Singapore,1,648
rti,Respiratory-tract infections,bousfield-r,"Bousfield, Rachel",,United Kingdom,1,649
rti,Respiratory-tract infections,kappeler-r,"Kappeler, Ruth",,United Kingdom,1,650
rti,Respiratory-tract infections,pai-s,"Pai, Sumita",,United Kingdom,1,651
rti,Respiratory-tract infections,allen-o,"Allen, Olly",,United Kingdom,1,652
rti,Respiratory-tract infections,randall-k,"Randall, Kathy",,United Kingdom,1,653
rti,Respiratory-tract infections,keane-j,"Keane, Jacqueline",,United Kingdom,1,654
sti,Sexually-transmitted infections,tan-r,"Tan, Rayner Kay Jin",National University of Singapore,Singapore,4,1
sti,Sexually-transmitted infections,zhou-y,"Zhou, Yaqin",,China,3,2
sti,Sexually-transmitted infections,zhang-x,"Zhang, Xiangjun",,United States,3,3
sti,Sexually-transmitted infections,wang-w,"Wang, Wenru",National University of Singapore,Singapore,3,4
sti,Sexually-transmitted infections,wang-h,"Wang, Honghong",,China,3,5
sti,Sexually-transmitted infections,dickens-b,"Dickens, Borame L",National University of Singapore,Singapore,3,6
sti,Sexually-transmitted infections,jin-s,"Jin, Shihui",National University of Singapore,Singapore,3,7
sti,Sexually-transmitted infections,prem-k,"Prem, Kiesha",London School of Hygiene & Tropical Medicine,Singapore,3,8
sti,Sexually-transmitted infections,endo-a,"Endo, Akira",London School of Hygiene & Tropical Medicine,Japan,3,9
sti,Sexually-transmitted infections,wong-c,"Wong, Chin Wai",,Singapore,3,10
sti,Sexually-transmitted infections,archuleta-s,"Archuleta, Sophia",National University Hospital,Singapore,3,11
sti,Sexually-transmitted infections,cheng-l,"Cheng, Ling Jie",National University of Singapore,Singapore,3,12
sti,Sexually-transmitted infections,khan-u,"Khan, U",,Singapore,2,13
sti,Sexually-transmitted infections,rich-m,"Rich, M L",,United States,2,14
sti,Sexually-transmitted infections,khan-p,"Khan, P Y",London School of Hygiene & Tropical Medicine,Singapore,2,15
sti,Sexually-transmitted infections,choi-j,"Choi, Jun Yong",,Republic of Korea,2,16
sti,Sexually-transmitted infections,ross-j,"Ross, Jeremy",,Thailand,2,17
sti,Sexually-transmitted infections,zuo-h,"Zuo, Hong",,China,2,18
sti,Sexually-transmitted infections,gao-y,"Gao, Yanxiao",,China,2,19
sti,Sexually-transmitted infections,chen-x,"Chen, Xi",,China,2,20
sti,Sexually-transmitted infections,tian-z,"Tian, Ziya",National University of Singapore,Singapore,2,21
sti,Sexually-transmitted infections,nagashimahayashi-m,"Nagashima-Hayashi, Michiko",National University of Singapore,Singapore,2,22
sti,Sexually-transmitted infections,chhoun-p,"Chhoun, Pheak",,Cambodia,2,23
sti,Sexually-transmitted infections,ouk-v,"Ouk, Vichea",,Cambodia,2,24
sti,Sexually-transmitted infections,tuot-s,"Tuot, Sovannary",,Cambodia,2,25
sti,Sexually-transmitted infections,yi-s,"Yi, Siyan",National University of Singapore,Cambodia,2,26
sti,Sexually-transmitted infections,choy-c,"Choy, Chiaw Yee",National Centre for Infectious Diseases,Singapore,2,27
sti,Sexually-transmitted infections,le-t,"Le, Tiane",National University Hospital,Singapore,2,28
sti,Sexually-transmitted infections,lee-s,"Lee, Sue J",Mahidol University,Australia,2,29
sti,Sexually-transmitted infections,howard-n,"Howard, Natasha",London School of Hygiene & Tropical Medicine,Singapore,2,30
sti,Sexually-transmitted infections,wang-c,"Wang, Claire",,,2,31
sti,Sexually-transmitted infections,wong-p,"Wong, Pui Li",University of Malaya,Malaysia,2,32
sti,Sexually-transmitted infections,rajasuriar-r,"Rajasuriar, Reena",University of Malaya,Malaysia,2,33
sti,Sexually-transmitted infections,ong-j,"Ong, Johnny Chin-Ann",Duke-NUS Medical School,Singapore,2,34
sti,Sexually-transmitted infections,lee-j,"Lee, Jonathan Wei Jie",National University Hospital,Singapore,2,35
sti,Sexually-transmitted infections,olszyna-d,"Olszyna, Dariusz P",National University Hospital,Singapore,2,36
sti,Sexually-transmitted infections,tang-s,"Tang, Shenglan",SingHealth,China,2,37
sti,Sexually-transmitted infections,tsai-h,"Tsai, Hung-Chin",,Taiwan,2,38
sti,Sexually-transmitted infections,hung-c,"Hung, Chien-Ching",,Taiwan,2,39
sti,Sexually-transmitted infections,wu-t,"Wu, Tong",National University of Singapore,Singapore,2,40
sti,Sexually-transmitted infections,lee-g,"Lee, Gayoung",,United States,2,41
sti,Sexually-transmitted infections,yeo-b,"Yeo, Benson Koon Wee",National Skin Centre,Singapore,2,42
sti,Sexually-transmitted infections,phanuphak-n,"Phanuphak, Nittaya",,Thailand,2,43
sti,Sexually-transmitted infections,teo-a,"Teo, Alvin Kuo Jing",National University of Singapore,Australia,2,44
sti,Sexually-transmitted infections,kiria-n,"Kiria, Nana",,,2,45
sti,Sexually-transmitted infections,naidoo-l,"Naidoo, Lenny",,South Africa,2,46
sti,Sexually-transmitted infections,barcellini-l,"Barcellini, L",,Italy,1,47
sti,Sexually-transmitted infections,sauer-s,"Sauer, S",Harvard University,United States,1,48
sti,Sexually-transmitted infections,romo-m,"Romo, M",Harvard University,United States,1,49
sti,Sexually-transmitted infections,mitnick-c,"Mitnick, C D",Harvard University,United States,1,50
sti,Sexually-transmitted infections,huerga-h,"Huerga, H",,France,1,51
sti,Sexually-transmitted infections,hewison-c,"Hewison, C",,France,1,52
sti,Sexually-transmitted infections,franke-m,"Franke, M F",Harvard University,United States,1,53
sti,Sexually-transmitted infections,pasayan-m,"Pasayan, Mark Kristoffer Ungos",,Philippines,1,54
sti,Sexually-transmitted infections,jiamsakul-a,"Jiamsakul, Awachana",,Australia,1,55
sti,Sexually-transmitted infections,yunihastuti-e,"Yunihastuti, Evy",Universitas Indonesia,Indonesia,1,56
sti,Sexually-transmitted infections,azwa-i,"Azwa, Iskandar",University of Malaya,Malaysia,1,57
sti,Sexually-transmitted infections,kumarasamy-n,"Kumarasamy, Nagalingeswaran",,India,1,58
sti,Sexually-transmitted infections,avihingsanon-a,"Avihingsanon, Anchalee",,Thailand,1,59
sti,Sexually-transmitted infections,chaiwarith-r,"Chaiwarith, Romanee",,Thailand,1,60
sti,Sexually-transmitted infections,chan-y,"Chan, Yu-Jiun",,Taiwan,1,61
sti,Sexually-transmitted infections,khol-v,"Khol, Vohith",,Cambodia,1,62
sti,Sexually-transmitted infections,kiertiburanakul-s,"Kiertiburanakul, Sasisopin",Mahidol University,Thailand,1,63
sti,Sexually-transmitted infections,lee-m,"Lee, Man Po",,Hong Kong SAR,1,64
sti,Sexually-transmitted infections,somia-i,"Somia, I Ketut Agus",,Indonesia,1,65
sti,Sexually-transmitted infections,pujari-s,"Pujari, Sanjay",,India,1,66
sti,Sexually-transmitted infections,do-c,"Do, Cuong Duy",,Viet Nam,1,67
sti,Sexually-transmitted infections,pham-t,"Pham, Thach Ngoc",,Viet Nam,1,68
sti,Sexually-transmitted infections,zhang-f,"Zhang, Fujie",,China,1,69
sti,Sexually-transmitted infections,khusuwan-s,"Khusuwan, Suwimon",,Thailand,1,70
sti,Sexually-transmitted infections,ng-o,"Ng, Oon Tek",National Centre for Infectious Diseases,Singapore,1,71
sti,Sexually-transmitted infections,tanuma-j,"Tanuma, Junko",,Japan,1,72
sti,Sexually-transmitted infections,gani-y,"Gani, Yasmin",,Malaysia,1,73
sti,Sexually-transmitted infections,borse-r,"Borse, Rohidas",,India,1,74
sti,Sexually-transmitted infections,ditangco-r,"Ditangco, Rossana",,Philippines,1,75
sti,Sexually-transmitted infections,tay-s,"Tay, Sun Kuie",Singapore General Hospital,Singapore,1,76
sti,Sexually-transmitted infections,lee-w,"Lee, Wai Yen",Singapore General Hospital,Singapore,1,77
sti,Sexually-transmitted infections,ang-j,"Ang, Joella Xiaohong",Singapore General Hospital,Singapore,1,78
sti,Sexually-transmitted infections,rossouw-j,"Rossouw, Jacques",,South Africa,1,79
sti,Sexually-transmitted infections,wallis-r,"Wallis, Robert",,South Africa,1,80
sti,Sexually-transmitted infections,kornfeld-h,"Kornfeld, Hardy",,United States,1,81
sti,Sexually-transmitted infections,singhal-a,"Singhal, Amit","Agency for Science, Technology and Research",Singapore,1,82
sti,Sexually-transmitted infections,maartens-g,"Maartens, Gary",,South Africa,1,83
sti,Sexually-transmitted infections,wiesner-l,"Wiesner, Lubbe",,South Africa,1,84
sti,Sexually-transmitted infections,denti-p,"Denti, Paolo",,South Africa,1,85
sti,Sexually-transmitted infections,wasmann-r,"Wasmann, Roeland E",,South Africa,1,86
sti,Sexually-transmitted infections,meng-j,"Meng, Jingjing",,China,1,87
sti,Sexually-transmitted infections,zou-x,"Zou, Xiaobai",,China,1,88
sti,Sexually-transmitted infections,he-j,"He, Jianmei",,China,1,89
sti,Sexually-transmitted infections,brisson-m,"Brisson, Marc",National University of Singapore,Canada,1,90
sti,Sexually-transmitted infections,drolet-m,"Drolet, Mélanie",,Canada,1,91
sti,Sexually-transmitted infections,gingras-g,"Gingras, Guillaume",,Canada,1,92
sti,Sexually-transmitted infections,laprise-j,"Laprise, Jean-François",,Canada,1,93
sti,Sexually-transmitted infections,chamberland-e,"Chamberland, Éléonore",,Canada,1,94
sti,Sexually-transmitted infections,bruni-l,"Bruni, Laia",,Spain,1,95
sti,Sexually-transmitted infections,sabourin-a,"Sabourin, Andrée-Anne",,Canada,1,96
sti,Sexually-transmitted infections,benard-e,"Bénard, Élodie",,Canada,1,97
sti,Sexually-transmitted infections,ndiaye-c,"Ndiaye, Cathy",,Senegal,1,98
sti,Sexually-transmitted infections,barnabas-r,"Barnabas, Ruanne V",Harvard University,United States,1,99
sti,Sexually-transmitted infections,khan-z,"Khan, Zar-Tashiya B",National University of Singapore,Singapore,1,100
sti,Sexually-transmitted infections,yam-e,"Yam, Esabelle Lo Yan",National University of Singapore,Singapore,1,101
sti,Sexually-transmitted infections,samreth-s,"Samreth, Sovannarith",,Cambodia,1,102
sti,Sexually-transmitted infections,ngau-b,"Ngau, Bora",,Cambodia,1,103
sti,Sexually-transmitted infections,murayama-h,"Murayama, Hiroaki",,Japan,1,104
sti,Sexually-transmitted infections,asakura-t,"Asakura, Toshiaki R",London School of Hygiene & Tropical Medicine,Japan,1,105
sti,Sexually-transmitted infections,boyle-d,"Boyle, Dorothy",National University of Singapore,Singapore,1,106
sti,Sexually-transmitted infections,foo-j,"Foo, Jen Han",National University of Singapore,Singapore,1,107
sti,Sexually-transmitted infections,mukadi-p,"Mukadi, Patrick K",,Democratic Republic of the Congo,1,108
sti,Sexually-transmitted infections,ejima-k,"Ejima, Keisuke",Nanyang Technological University,Singapore,1,109
sti,Sexually-transmitted infections,jung-s,"Jung, Sung-Mok",National University of Singapore,Japan,1,110
sti,Sexually-transmitted infections,nishi-a,"Nishi, Akihiro",,United States,1,111
sti,Sexually-transmitted infections,wakamba-a,"Wakamba, Audry M",,Democratic Republic of the Congo,1,112
sti,Sexually-transmitted infections,sailangita-d,"Saila-Ngita, Diafuka",,Democratic Republic of the Congo,1,113
sti,Sexually-transmitted infections,niyukuri-d,"Niyukuri, David",,South Africa,1,114
sti,Sexually-transmitted infections,sachan-d,"Sachan, Deepti",,India,1,115
sti,Sexually-transmitted infections,bhatnagar-s,"Bhatnagar, Sonu",,Singapore,1,116
sti,Sexually-transmitted infections,gundrajukuppam-d,"Gundrajukuppam, Deepthi Krishna",,India,1,117
sti,Sexually-transmitted infections,sundaramoorthy-s,"Sundaramoorthy, Subha",,India,1,118
sti,Sexually-transmitted infections,fan-s,"Fan, Sisi",,China,1,119
sti,Sexually-transmitted infections,zhao-t,"Zhao, Ting",,China,1,120
sti,Sexually-transmitted infections,luo-d,"Luo, Danyang",,United States,1,121
sti,Sexually-transmitted infections,fu-q,"Fu, Qiang",,China,1,122
sti,Sexually-transmitted infections,fei-y,"Fei, Yunqing",,United States,1,123
sti,Sexually-transmitted infections,yang-l,"Yang, Ligang",,China,1,124
sti,Sexually-transmitted infections,operario-d,"Operario, Don",,United States,1,125
sti,Sexually-transmitted infections,smith-m,"Smith, M Kumi",,United States,1,126
sti,Sexually-transmitted infections,hao-y,"Hao, Ying",National Centre for Infectious Diseases,Singapore,1,127
sti,Sexually-transmitted infections,toh-m,"Toh, Matthias Paul Han Sim",National Centre for Infectious Diseases,Singapore,1,128
sti,Sexually-transmitted infections,teh-y,"Teh, Yii Ean",Singapore General Hospital,Singapore,1,129
sti,Sexually-transmitted infections,chong-e,"Chong, Elliot Yeung",Singapore General Hospital,Singapore,1,130
sti,Sexually-transmitted infections,lee-p,"Lee, Pei Hua",National Centre for Infectious Diseases,Singapore,1,131
sti,Sexually-transmitted infections,young-b,"Young, Barnaby Edward",National Centre for Infectious Diseases,Singapore,1,132
sti,Sexually-transmitted infections,kumar-p,"Kumar, P Arun",National Centre for Infectious Diseases,Singapore,1,133
sti,Sexually-transmitted infections,ferdous-z,"Ferdous, Zannatul",National Centre for Infectious Diseases,Singapore,1,134
sti,Sexually-transmitted infections,tan-z,"Tan, Zhi Hui",National Centre for Infectious Diseases,Singapore,1,135
sti,Sexually-transmitted infections,chia-c,"Chia, Chern Pang Timothy",National University Hospital,Singapore,1,136
sti,Sexually-transmitted infections,hamid-l,"Hamid, Lizawati Binte",Singapore General Hospital,Singapore,1,137
sti,Sexually-transmitted infections,lee-a,"Lee, Andy",Changi General Hospital,Singapore,1,138
sti,Sexually-transmitted infections,a-j,"A, Janhavi",National University of Singapore,Singapore,1,139
sti,Sexually-transmitted infections,gan-g,"Gan, Gregory",National University of Singapore,Singapore,1,140
sti,Sexually-transmitted infections,ho-m,"Ho, Michelle",National University of Singapore,Singapore,1,141
sti,Sexually-transmitted infections,hertz-j,"Hertz, Julian T",,,1,142
sti,Sexually-transmitted infections,rahim-f,"Rahim, Faraan",Harvard University,United States,1,143
sti,Sexually-transmitted infections,vaidyanathan-a,"Vaidyanathan, Arthi",,,1,144
sti,Sexually-transmitted infections,wanda-l,"Wanda, Lisa",,Tanzania,1,145
sti,Sexually-transmitted infections,sakita-f,"Sakita, Francis M",,Tanzania,1,146
sti,Sexually-transmitted infections,mmbaga-b,"Mmbaga, Blandina T",,Tanzania,1,147
sti,Sexually-transmitted infections,kweka-g,"Kweka, Godfrey L",,Tanzania,1,148
sti,Sexually-transmitted infections,mlangi-j,"Mlangi, Jerome J",,Tanzania,1,149
sti,Sexually-transmitted infections,zebedayo-r,"Zebedayo, Rennyda",,Tanzania,1,150
sti,Sexually-transmitted infections,gwasma-f,"Gwasma, Francis",,Tanzania,1,151
sti,Sexually-transmitted infections,prakash-t,"Prakash, Tarun",,,1,152
sti,Sexually-transmitted infections,jafar-t,"Jafar, Tazeen H",Duke-NUS Medical School,Singapore,1,153
sti,Sexually-transmitted infections,bosworth-h,"Bosworth, Hayden B",,,1,154
sti,Sexually-transmitted infections,thielman-n,"Thielman, Nathan M",,,1,155
sti,Sexually-transmitted infections,manavalan-p,"Manavalan, Preeti",,,1,156
sti,Sexually-transmitted infections,kotal-h,"Kotal, Hiranmoy",,India,1,157
sti,Sexually-transmitted infections,kalyani-t,"Kalyani, Thangapandi",,India,1,158
sti,Sexually-transmitted infections,krishnan-v,"Krishnan, Vinoth",Nanyang Technological University,India,1,159
sti,Sexually-transmitted infections,kanagaraj-r,"Kanagaraj, Ramya",,India,1,160
sti,Sexually-transmitted infections,veerapandian-m,"Veerapandian, Murugan",,India,1,161
sti,Sexually-transmitted infections,jana-s,"Jana, Saikat Kumar",,India,1,162
sti,Sexually-transmitted infections,cooray-u,"Cooray, Upul",,Australia,1,163
sti,Sexually-transmitted infections,singh-a,"Singh, Ankur",,Australia,1,164
sti,Sexually-transmitted infections,peres-m,"Peres, Marco A",Duke-NUS Medical School,Singapore,1,165
sti,Sexually-transmitted infections,hasmukharay-k,"Hasmukharay, Kejal",University of Malaya,Malaysia,1,166
sti,Sexually-transmitted infections,minghui-h,"Ming Hui, Ho",University of Malaya,Malaysia,1,167
sti,Sexually-transmitted infections,mahyudin-n,"Mahyudin, Nazlin A",University of Malaya,Malaysia,1,168
sti,Sexually-transmitted infections,salleh-a,"Salleh, Anisa",University of Malaya,Malaysia,1,169
sti,Sexually-transmitted infections,kukreja-a,"Kukreja, Anjanna",University of Malaya,Malaysia,1,170
sti,Sexually-transmitted infections,mengli-c,"Meng Li, Chong",University of Malaya,Malaysia,1,171
sti,Sexually-transmitted infections,ong-e,"Ong, Eleanor J",National University of Singapore,Singapore,1,172
sti,Sexually-transmitted infections,xinwoen-t,"Xin Woen, Tan",University of Malaya,Malaysia,1,173
sti,Sexually-transmitted infections,hisham-s,"Hisham, Syaza",University of Malaya,Malaysia,1,174
sti,Sexually-transmitted infections,verma-a,"Verma, Abhishek K",,United States,1,175
sti,Sexually-transmitted infections,lovero-k,"Lovero, Kathryn L",,United States,1,176
sti,Sexually-transmitted infections,santa-m,"Santa, Maria",,Romania,1,177
sti,Sexually-transmitted infections,cenariu-d,"Cenariu, Diana",,Romania,1,178
sti,Sexually-transmitted infections,tigu-a,"Tigu, Adrian-Bogdan",,Romania,1,179
sti,Sexually-transmitted infections,damian-m,"Damian, Marc",,Romania,1,180
sti,Sexually-transmitted infections,rantshabeng-p,"Rantshabeng, Patricia",Harvard University,Botswana,1,181
sti,Sexually-transmitted infections,gaolathe-t,"Gaolathe, Tendani",Harvard University,Botswana,1,182
sti,Sexually-transmitted infections,ndlovu-a,"Ndlovu, Andrew K",Harvard University,Botswana,1,183
sti,Sexually-transmitted infections,abdelrahman-k,"Abdelrahman, Khalid",Harvard University,Botswana,1,184
sti,Sexually-transmitted infections,nistor-m,"Nistor, Madalina",,Romania,1,185
sti,Sexually-transmitted infections,kegyes-d,"Kegyes, David",,Romania,1,186
sti,Sexually-transmitted infections,gulei-d,"Gulei, Diana",,Romania,1,187
sti,Sexually-transmitted infections,jinca-c,"Jinca, Cristian",,Romania,1,188
sti,Sexually-transmitted infections,bancos-a,"Bancos, Anamaria",,Romania,1,189
sti,Sexually-transmitted infections,rus-i,"Rus, Ioana",,Romania,1,190
sti,Sexually-transmitted infections,bumbea-h,"Bumbea, Horia",,Romania,1,191
sti,Sexually-transmitted infections,tomacinschii-v,"Tomacinschii, Victor",,,1,192
sti,Sexually-transmitted infections,buruiana-s,"Buruiana, Sanda",,,1,193
sti,Sexually-transmitted infections,bilal-r,"Bilal, Rand",,Spain,1,194
sti,Sexually-transmitted infections,selicean-c,"Selicean, Cristina",,Romania,1,195
sti,Sexually-transmitted infections,zdrenghea-m,"Zdrenghea, Mihnea",,Romania,1,196
sti,Sexually-transmitted infections,fetica-b,"Fetica, Bogdan",,Romania,1,197
sti,Sexually-transmitted infections,stefan-c,"Stefan, Cristina",SingHealth,Rwanda,1,198
sti,Sexually-transmitted infections,fromm-j,"Fromm, Jonathan",,United States,1,199
sti,Sexually-transmitted infections,tomuleasa-c,"Tomuleasa, Ciprian",,Romania,1,200
sti,Sexually-transmitted infections,konan-b,"Konan, Bérenger",,Côte d'Ivoire,1,201
sti,Sexually-transmitted infections,segla-r,"Segla, Rose",,Côte d'Ivoire,1,202
sti,Sexually-transmitted infections,ong-h,"Ong, Haris",,Singapore,1,203
sti,Sexually-transmitted infections,demendoza-c,"de Mendoza, Carmen",,Spain,1,204
sti,Sexually-transmitted infections,kouadio-c,"Kouadio, Christ Hermann",,Côte d'Ivoire,1,205
sti,Sexually-transmitted infections,soriano-v,"Soriano, Vicente",,Spain,1,206
sti,Sexually-transmitted infections,oh-c,"Oh, Choon Chiat",Duke-NUS Medical School,Singapore,1,207
sti,Sexually-transmitted infections,tan-g,"Tan, Gek San",Singapore General Hospital,Singapore,1,208
sti,Sexually-transmitted infections,ng-j,"Ng, Jeremy Wee Kiat",Duke-NUS Medical School,Singapore,1,209
sti,Sexually-transmitted infections,lim-t,"Lim, Tony Kiat Hon",Duke-NUS Medical School,Singapore,1,210
sti,Sexually-transmitted infections,cheo-f,"Cheo, Fan Foon",Duke-NUS Medical School,Singapore,1,211
sti,Sexually-transmitted infections,tang-p,"Tang, Po Yin",Duke-NUS Medical School,Singapore,1,212
sti,Sexually-transmitted infections,iyer-n,"Iyer, N Gopalakrishna",Duke-NUS Medical School,Singapore,1,213
sti,Sexually-transmitted infections,tan-c,"Tan, Chongyun",Nanyang Technological University,Singapore,1,214
sti,Sexually-transmitted infections,lim-g,"Lim, Gek Hsiang",Duke-NUS Medical School,Singapore,1,215
sti,Sexually-transmitted infections,ooi-e,"Ooi, Eng Eong",Duke-NUS Medical School,Singapore,1,216
sti,Sexually-transmitted infections,jirapanakorn-s,"Jirapanakorn, Sutham",,Thailand,1,217
sti,Sexually-transmitted infections,hunsin-b,"Hunsin, Bannaporn",,Thailand,1,218
sti,Sexually-transmitted infections,lee-c,"Lee, Cornelius","Agency for Science, Technology and Research",Singapore,1,219
sti,Sexually-transmitted infections,thiparod-t,"Thiparod, Thitiya",,Thailand,1,220
sti,Sexually-transmitted infections,shrader-c,"Shrader, Cho-Hee",,United States,1,221
sti,Sexually-transmitted infections,park-s,"Park, Su Hyun",National University of Singapore,Singapore,1,222
sti,Sexually-transmitted infections,merriman-j,"Merriman, Jenesis",,United States,1,223
sti,Sexually-transmitted infections,dupontreyes-m,"DuPont-Reyes, Melissa",,United States,1,224
sti,Sexually-transmitted infections,makarem-n,"Makarem, Nour",,United States,1,225
sti,Sexually-transmitted infections,duncan-d,"Duncan, Dustin T",,United States,1,226
sti,Sexually-transmitted infections,tang-j,"Tang, Julian W",,United Kingdom,1,227
sti,Sexually-transmitted infections,stephenson-i,"Stephenson, Iain",,United Kingdom,1,228
sti,Sexually-transmitted infections,du-h,"Du, Heng",,China,1,229
sti,Sexually-transmitted infections,zhao-f,"Zhao, Fanghui",,China,1,230
sti,Sexually-transmitted infections,qiao-y,"Qiao, Youlin",,China,1,231
sti,Sexually-transmitted infections,puvaneyshwaran-d,"Puvaneyshwaran, David",National University of Singapore,Canada,1,232
sti,Sexually-transmitted infections,low-a,"Low, Adrian",National University of Singapore,Singapore,1,233
sti,Sexually-transmitted infections,chong-s,"Chong, Shao Yuan",,Singapore,1,234
sti,Sexually-transmitted infections,wee-y,"Wee, Ye Xuan",National University of Singapore,Singapore,1,235
sti,Sexually-transmitted infections,liang-p,"Liang, Peilin",National University of Singapore,Singapore,1,236
sti,Sexually-transmitted infections,ren-h,"Ren, Hao",,China,1,237
sti,Sexually-transmitted infections,jing-f,"Jing, Fengshi",,China,1,238
sti,Sexually-transmitted infections,hu-s,"Hu, Siyue",,China,1,239
sti,Sexually-transmitted infections,luo-z,"Luo, Zeyu",,China,1,240
sti,Sexually-transmitted infections,li-r,"Li, Russell Jingxian",National Centre for Infectious Diseases,Singapore,1,241
sti,Sexually-transmitted infections,luo-j,"Luo, Jinsong",,China,1,242
sti,Sexually-transmitted infections,han-y,"Han, Yuxin",,China,1,243
sti,Sexually-transmitted infections,xie-y,"Xie, Yewei",Duke-NUS Medical School,Singapore,1,244
sti,Sexually-transmitted infections,cheng-w,"Cheng, Weibin",University of Hong Kong,China,1,245
sti,Sexually-transmitted infections,he-x,"He, Xi",,China,1,246
sti,Sexually-transmitted infections,ye-y,"Ye, Yang",,United States,1,247
sti,Sexually-transmitted infections,fan-j,"Fan, Jie",,China,1,248
sti,Sexually-transmitted infections,wu-d,"Wu, Dan",London School of Hygiene & Tropical Medicine,China,1,249
sti,Sexually-transmitted infections,tang-w,"Tang, Weiming",,China,1,250
sti,Sexually-transmitted infections,li-y,"Li, Yujie",Nanyang Technological University,Singapore,1,251
sti,Sexually-transmitted infections,reynolds-n,"Reynolds, Nancy",Johns Hopkins University,United States,1,252
sti,Sexually-transmitted infections,lu-q,"Lu, Qiaoyue",,China,1,253
sti,Sexually-transmitted infections,qin-z,"Qin, Ziqi",,China,1,254
sti,Sexually-transmitted infections,duan-y,"Duan, Yuqiong",,China,1,255
sti,Sexually-transmitted infections,wang-p,"Wang, Pingwu",,China,1,256
sti,Sexually-transmitted infections,liu-t,"Liu, Tongyu",,United States,1,257
sti,Sexually-transmitted infections,xiao-x,"Xiao, Xueling",,China,1,258
sti,Sexually-transmitted infections,yang-c,"Yang, Chuan","Agency for Science, Technology and Research",Singapore,1,259
sti,Sexually-transmitted infections,kim-y,"Kim, Young",,,1,260
sti,Sexually-transmitted infections,lu-p,"Lu, Po-Liang",,Taiwan,1,261
sti,Sexually-transmitted infections,ryu-j,"Ryu, Julie",,,1,262
sti,Sexually-transmitted infections,harrison-r,"Harrison, Rebecca",,United Kingdom,1,263
sti,Sexually-transmitted infections,chang-j,"Chang, Jack",,Taiwan,1,264
sti,Sexually-transmitted infections,mo-b,"Mo, Billy",,Hong Kong SAR,1,265
sti,Sexually-transmitted infections,ng-x,"Ng, Xin Rong",Nanyang Technological University,Singapore,1,266
sti,Sexually-transmitted infections,quek-i,"Quek, Imm Pin",,Singapore,1,267
sti,Sexually-transmitted infections,pereira-m,"Pereira, Michelle Jessica",,Singapore,1,268
sti,Sexually-transmitted infections,molina-j,"Molina, Joseph Antonio",Nanyang Technological University,Singapore,1,269
sti,Sexually-transmitted infections,tan-k,"Tan, Kelvin Bryan",Nanyang Technological University,Singapore,1,270
sti,Sexually-transmitted infections,ngeow-j,"Ngeow, Joanne",Duke-NUS Medical School,Singapore,1,271
sti,Sexually-transmitted infections,wong-s,"Wong, Siew Tin",KK Women's and Children's Hospital,Singapore,1,272
sti,Sexually-transmitted infections,carson-j,"Carson, Jake",,United Kingdom,1,273
sti,Sexually-transmitted infections,crellen-t,"Crellen, Thomas",National University of Singapore,Singapore,1,274
sti,Sexually-transmitted infections,borlase-a,"Borlase, Anna",University of Oxford,United Kingdom,1,275
sti,Sexually-transmitted infections,prada-j,"Prada, Joaquin M",,United Kingdom,1,276
sti,Sexually-transmitted infections,bailey-r,"Bailey, Robin",London School of Hygiene & Tropical Medicine,United Kingdom,1,277
sti,Sexually-transmitted infections,hollingsworth-t,"Hollingsworth, T Déirdre",University of Oxford,United Kingdom,1,278
sti,Sexually-transmitted infections,spencer-s,"Spencer, Simon E F",,United Kingdom,1,279
sti,Sexually-transmitted infections,hu-j,"Hu, Jiawen",,China,1,280
sti,Sexually-transmitted infections,ye-z,"Ye, Zhi-Sheng",National University of Singapore,Singapore,1,281
sti,Sexually-transmitted infections,chen-n,"Chen, Nan",National University of Singapore,Singapore,1,282
sti,Sexually-transmitted infections,choi-h,"Choi, Horace Cheuk Wai",University of Hong Kong,China,1,283
sti,Sexually-transmitted infections,leung-k,"Leung, Kathy",University of Hong Kong,China,1,284
sti,Sexually-transmitted infections,jit-m,"Jit, Mark",London School of Hygiene & Tropical Medicine,China,1,285
sti,Sexually-transmitted infections,wu-j,"Wu, J E",National University Health System,Singapore,1,286
sti,Sexually-transmitted infections,whiley-d,"Whiley, David",,Australia,1,287
sti,Sexually-transmitted infections,zaini-a,"Zaini, Adilahtul Bushro Binti",,Malaysia,1,288
sti,Sexually-transmitted infections,azzato-f,"Azzato, Francesca",Peter Doherty Institute for Infection and Immunity,Australia,1,289
sti,Sexually-transmitted infections,putcharoen-o,"Putcharoen, Opass",,Thailand,1,290
sti,Sexually-transmitted infections,ku-s,"Ku, Stephane Wen-Wei",,Taiwan,1,291
sti,Sexually-transmitted infections,wee-b,"Wee, Benson Yeo Koon",National Skin Centre,Singapore,1,292
sti,Sexually-transmitted infections,ibrahim-n,"Ibrahim, Norliza",,Malaysia,1,293
sti,Sexually-transmitted infections,hamasuna-r,"Hamasuna, Ryoichi",,Japan,1,294
sti,Sexually-transmitted infections,trang-t,"Trang, Tran Thi Nhat Thien",,Viet Nam,1,295
sti,Sexually-transmitted infections,sood-s,"Sood, Seema",,India,1,296
sti,Sexually-transmitted infections,bradshaw-c,"Bradshaw, Catriona S",,Australia,1,297
sti,Sexually-transmitted infections,tsai-r,"Tsai, Ren Jie",National Skin Centre,Singapore,1,298
sti,Sexually-transmitted infections,tan-a,"Tan, Ade Xin Ning",KK Women's and Children's Hospital,Singapore,1,299
sti,Sexually-transmitted infections,schmidt-h,"Schmidt, Heather-Marie A",World Health Organization,Switzerland,1,300
sti,Sexually-transmitted infections,chan-c,"Chan, Candice Yuen Yue",Duke-NUS Medical School,Singapore,1,301
sti,Sexually-transmitted infections,tieosapjaroen-w,"Tieosapjaroen, Warittha",,Australia,1,302
sti,Sexually-transmitted infections,green-k,"Green, Kimberly E",,Viet Nam,1,303
sti,Sexually-transmitted infections,cassell-m,"Cassell, Michael M",,,1,304
sti,Sexually-transmitted infections,poonkasetwattana-m,"Poonkasetwattana, Midnight",,Thailand,1,305
sti,Sexually-transmitted infections,boonyapisomparn-h,"Boonyapisomparn, Hua",,Thailand,1,306
sti,Sexually-transmitted infections,suwandi-n,"Suwandi, Nicky",,Thailand,1,307
sti,Sexually-transmitted infections,zhang-l,"Zhang, Lei",,Australia,1,308
sti,Sexually-transmitted infections,bavinton-b,"Bavinton, Benjamin R",,Australia,1,309
sti,Sexually-transmitted infections,guo-l,"Guo, Lei",,China,1,310
sti,Sexually-transmitted infections,guo-f,"Guo, Feng",,China,1,311
sti,Sexually-transmitted infections,jiang-w,"Jiang, Weixi",,China,1,312
sti,Sexually-transmitted infections,dong-d,"Dong, Di",,,1,313
sti,Sexually-transmitted infections,chen-s,"Chen, Shiyan",National University of Singapore,Singapore,1,314
sti,Sexually-transmitted infections,wan-q,"Wan, Quan",,China,1,315
sti,Sexually-transmitted infections,thay-s,"Thay, Sovannara",,Singapore,1,316
sti,Sexually-transmitted infections,vantha-t,"Vantha, Te",,Cambodia,1,317
sti,Sexually-transmitted infections,norman-j,"Norman, Judy",,Cambodia,1,318
sti,Sexually-transmitted infections,vanthanax-c,"Vanthanax, Chhut",,Cambodia,1,319
sti,Sexually-transmitted infections,eav-f,"Eav, Fanine",,Cambodia,1,320
sti,Sexually-transmitted infections,goldstein-a,"Goldstein, Amelia R",,United States,1,321
sti,Sexually-transmitted infections,skovronsky-g,"Skovronsky, Gabriella",,United States,1,322
sti,Sexually-transmitted infections,gersh-m,"Gersh, Mallory",,United States,1,323
sti,Sexually-transmitted infections,kopits-i,"Kopits, Isabella",,United States,1,324
sti,Sexually-transmitted infections,okeefe-k,"O'Keefe, Karen",,United States,1,325
sti,Sexually-transmitted infections,okeefe-c,"O'Keefe, Casey",,United States,1,326
sti,Sexually-transmitted infections,bedell-s,"Bedell, Sarah",,United States,1,327
sti,Sexually-transmitted infections,goldstein-g,"Goldstein, Gail",,United States,1,328
sti,Sexually-transmitted infections,guillen-d,"Guillén, Diego",,Costa Rica,1,329
sti,Sexually-transmitted infections,moss-c,"Moss, Chailee",,United States,1,330
sti,Sexually-transmitted infections,cigna-s,"Cigna, Sarah",,United States,1,331
sti,Sexually-transmitted infections,cheong-t,"Cheong, Teddy",Changi General Hospital,Singapore,1,332
sti,Sexually-transmitted infections,mehta-k,"Mehta, Kinjal",Changi General Hospital,Singapore,1,333
sti,Sexually-transmitted infections,mu-r,"Mu, Rong",National University of Singapore,Singapore,1,334
sti,Sexually-transmitted infections,ho-v,"Ho, Vanessa",,Singapore,1,335
sti,Sexually-transmitted infections,toh-s,"Toh, Sook Lin",,Singapore,1,336
sti,Sexually-transmitted infections,koh-s,"Koh, Shermaine",,Singapore,1,337
sti,Sexually-transmitted infections,pancadarma-n,"Pancadarma, Nur Binte Sarah",,Singapore,1,338
sti,Sexually-transmitted infections,kang-a,"Kang, Alicia Y H",National University of Singapore,Singapore,1,339
sti,Sexually-transmitted infections,naidu-k,"Naidu, Kuhanesan N C",National University Health System,Singapore,1,340
sti,Sexually-transmitted infections,ong-c,"Ong, Chengsi",KK Women's and Children's Hospital,Singapore,1,341
sti,Sexually-transmitted infections,ching-c,"Ching, Chia Siok",National University Health System,Singapore,1,342
sti,Sexually-transmitted infections,chia-t,"Chia, Timothy Pang Chern",National University Health System,Singapore,1,343
sti,Sexually-transmitted infections,shi-m,"Shi, Minjuan",,China,1,344
sti,Sexually-transmitted infections,chen-r,"Chen, Ruixi",,United States,1,345
sti,Sexually-transmitted infections,liao-y,"Liao, Yu",,China,1,346
sti,Sexually-transmitted infections,qin-t,"Qin, Tongxue",,China,1,347
sti,Sexually-transmitted infections,wen-z,"Wen, Ziyu",,China,1,348
sti,Sexually-transmitted infections,liu-j,"Liu, Jin-He",National University of Singapore,China,1,349
sti,Sexually-transmitted infections,lu-b,"Lu, Bingyun",,China,1,350
sti,Sexually-transmitted infections,yi-c,"Yi, Chunxing",,China,1,351
sti,Sexually-transmitted infections,ye-l,"Ye, Li",,China,1,352
sti,Sexually-transmitted infections,liang-h,"Liang, Hao",,China,1,353
sti,Sexually-transmitted infections,sun-c,"Sun, Caijun",,China,1,354
sti,Sexually-transmitted infections,jiang-j,"Jiang, Jianping",,United States,1,355
sti,Sexually-transmitted infections,oh-k,"Oh, Kyung Hyun",World Health Organization,Philippines,1,356
sti,Sexually-transmitted infections,yanagawa-m,"Yanagawa, Manami",World Health Organization,Philippines,1,357
sti,Sexually-transmitted infections,miller-c,"Miller, Cecily",World Health Organization,Switzerland,1,358
sti,Sexually-transmitted infections,falzon-d,"Falzon, Dennis",World Health Organization,Switzerland,1,359
sti,Sexually-transmitted infections,kanchar-a,"Kanchar, Avinash",World Health Organization,Switzerland,1,360
sti,Sexually-transmitted infections,choi-y,"Choi, Youngeun",,Republic of Korea,1,361
sti,Sexually-transmitted infections,morishita-f,"Morishita, Fukushi",World Health Organization,Philippines,1,362
sti,Sexually-transmitted infections,rahevar-k,"Rahevar, Kalpeshsinh",World Health Organization,Philippines,1,363
sti,Sexually-transmitted infections,yadav-r,"Yadav, Rajendra Prasad Hubraj",World Health Organization,Philippines,1,364
sti,Sexually-transmitted infections,tran-h,"Tran, Huong Thi Giang",World Health Organization,Philippines,1,365
sti,Sexually-transmitted infections,tan-f,"Tan, Faith",National Skin Centre,Singapore,1,366
sti,Sexually-transmitted infections,seddon-j,"Seddon, James A",Imperial College London,South Africa,1,367
sti,Sexually-transmitted infections,achar-j,"Achar, Jay",,South Africa,1,368
sti,Sexually-transmitted infections,malik-a,"Malik, Amyn A",,Singapore,1,369
sti,Sexually-transmitted infections,hughes-j,"Hughes, Jennifer",,South Africa,1,370
sti,Sexually-transmitted infections,burzynski-j,"Burzynski, Joseph",,United States,1,371
sti,Sexually-transmitted infections,chen-c,"Chen, Chih-Hwa",,Taiwan,1,372
sti,Sexually-transmitted infections,denholm-j,"Denholm, Justin T",University of Melbourne,Australia,1,373
sti,Sexually-transmitted infections,dravniece-g,"Dravniece, Gunta",,Ukraine,1,374
sti,Sexually-transmitted infections,fox-g,"Fox, Greg J",,Australia,1,375
sti,Sexually-transmitted infections,furin-j,"Furin, Jennifer",Harvard University,United States,1,376
sti,Sexually-transmitted infections,geliukh-e,"Geliukh, Evgenia",,Ukraine,1,377
sti,Sexually-transmitted infections,goncharova-o,"Goncharova, Olga",,,1,378
sti,Sexually-transmitted infections,guglielmetti-l,"Guglielmetti, Lorenzo",,Italy,1,379
sti,Sexually-transmitted infections,harries-a,"Harries, Anthony D",London School of Hygiene & Tropical Medicine,France,1,380
sti,Sexually-transmitted infections,hesseling-a,"Hesseling, Anneke C",,South Africa,1,381
sti,Sexually-transmitted infections,nguyen-b,"Nguyen, Binh Hoa",,Viet Nam,1,382
sti,Sexually-transmitted infections,kavenga-f,"Kavenga, Fungai",,Zimbabwe,1,383
sti,Sexually-transmitted infections,kherabi-y,"Kherabi, Yousra",,France,1,384
sti,Sexually-transmitted infections,kock-y,"Kock, Yulene",,South Africa,1,385
sti,Sexually-transmitted infections,liu-q,"Liu, Qiao",,China,1,386
sti,Sexually-transmitted infections,mesic-a,"Mesic, Anita",,Belgium,1,387
sti,Sexually-transmitted infections,moore-d,"Moore, David A J",London School of Hygiene & Tropical Medicine,United Kingdom,1,388
sti,Sexually-transmitted infections,mubanga-a,"Mubanga, Angel",,Zambia,1,389
sti,Sexually-transmitted infections,nilsen-d,"Nilsen, Diana",,United States,1,390
sti,Sexually-transmitted infections,piubello-a,"Piubello, Alberto",,Belgium,1,391
sti,Sexually-transmitted infections,reuter-a,"Reuter, Anja",,South Africa,1,392
sti,Sexually-transmitted infections,satyanarayana-s,"Satyanarayana, Srinath",,France,1,393
sti,Sexually-transmitted infections,schaaf-h,"Schaaf, H Simon",,South Africa,1,394
sti,Sexually-transmitted infections,schoeman-i,"Schoeman, Ingrid",,South Africa,1,395
sti,Sexually-transmitted infections,skrahina-a,"Skrahina, Alena",,,1,396
sti,Sexually-transmitted infections,udwadia-z,"Udwadia, Zarir",,India,1,397
sti,Sexually-transmitted infections,esmail-h,"Esmail, Hanif",World Health Organization,United Kingdom,1,398
sti,Sexually-transmitted infections,martinez-l,"Martinez, Leonardo",,United States,1,399
sti,Sexually-transmitted infections,yam-l,"Yam, Lo Yan Esabelle",National University of Singapore,Singapore,1,400
sti,Sexually-transmitted infections,zahari-m,"Zahari, Marina",National University of Singapore,Singapore,1,401
sti,Sexually-transmitted infections,choub-s,"Choub, Sok Chamreun",,Cambodia,1,402
sti,Sexually-transmitted infections,sameth-s,"Sameth, Sovannarith",,Cambodia,1,403
sti,Sexually-transmitted infections,ngauv-b,"Ngauv, Bora",,Cambodia,1,404
sti,Sexually-transmitted infections,nandakumar-v,"Nandakumar, Vivekanathan",,Singapore,1,405
sti,Sexually-transmitted infections,krishnan-s,"Krishnan, Satheeskumar",,Singapore,1,406
sti,Sexually-transmitted infections,chang-c,"Chang, Chia-Ling",,Singapore,1,407
sti,Sexually-transmitted infections,yee-s,"Yee, Sidney",,Singapore,1,408
sti,Sexually-transmitted infections,ho-s,"Ho, Shirley S",Nanyang Technological University,Singapore,1,409
sti,Sexually-transmitted infections,pholpong-c,"Pholpong, Chavis",,Thailand,1,410
sti,Sexually-transmitted infections,pankam-t,"Pankam, Tippawan",,Thailand,1,411
sti,Sexually-transmitted infections,buranapraditkun-s,"Buranapraditkun, Supranee",,Thailand,1,412
sti,Sexually-transmitted infections,kitkumthorn-n,"Kitkumthorn, Nakarin",,Thailand,1,413
sti,Sexually-transmitted infections,lee-b,"Lee, Bei Shi",Nanyang Technological University,Singapore,1,414
sti,Sexually-transmitted infections,bhattarakosol-p,"Bhattarakosol, Parvapan",,Thailand,1,415
sti,Sexually-transmitted infections,chaiwongkot-a,"Chaiwongkot, Arkom",,Thailand,1,416
sti,Sexually-transmitted infections,saenjun-p,"Saenjun, Pairin",Mahidol University,Thailand,1,417
sti,Sexually-transmitted infections,vongsirimas-n,"Vongsirimas, Nopporn",Mahidol University,Thailand,1,418
sti,Sexually-transmitted infections,klaininyobas-p,"Klainin-Yobas, Piyanee",National University of Singapore,Singapore,1,419
sti,Sexually-transmitted infections,lui-g,"Lui, Grace",University of Hong Kong,Hong Kong SAR,1,420
sti,Sexually-transmitted infections,chen-y,"Chen, Yinzhe",,China,1,421
sti,Sexually-transmitted infections,leung-j,"Leung, Jason",University of Hong Kong,Hong Kong SAR,1,422
sti,Sexually-transmitted infections,xu-x,"Xu, Xiaoli",A*STAR Infectious Diseases Labs,Singapore,1,423
sti,Sexually-transmitted infections,cheung-c,"Cheung, Chen-Yi",,New Zealand,1,424
sti,Sexually-transmitted infections,li-g,"Li, Guanlin",University of Hong Kong,Hong Kong SAR,1,425
sti,Sexually-transmitted infections,wong-v,"Wong, Vivian",University of Hong Kong,Hong Kong SAR,1,426
sti,Sexually-transmitted infections,shanlee-s,"Shan Lee, Shui",University of Hong Kong,Hong Kong SAR,1,427
sti,Sexually-transmitted infections,kwok-t,"Kwok, Timothy",University of Hong Kong,Hong Kong SAR,1,428
sti,Sexually-transmitted infections,kityo-c,"Kityo, Cissy",,Uganda,1,429
sti,Sexually-transmitted infections,mambule-i,"Mambule, Ivan K",,Uganda,1,430
sti,Sexually-transmitted infections,musaazi-j,"Musaazi, Joseph",,Uganda,1,431
sti,Sexually-transmitted infections,sokhela-s,"Sokhela, Simiso",,South Africa,1,432
sti,Sexually-transmitted infections,mugerwa-h,"Mugerwa, Henry",,Uganda,1,433
sti,Sexually-transmitted infections,yawe-i,"Yawe, Ibrahim",,Uganda,1,434
sti,Sexually-transmitted infections,cresswell-f,"Cresswell, Fiona",London School of Hygiene & Tropical Medicine,Uganda,1,435
sti,Sexually-transmitted infections,siika-a,"Siika, Abraham",,Kenya,1,436
sti,Sexually-transmitted infections,kosgei-j,"Kosgei, Josphat",,Kenya,1,437
sti,Sexually-transmitted infections,shah-r,"Shah, Reena",,Kenya,1,438
sti,Sexually-transmitted infections,opiyo-k,"Opiyo, Kimton",,Uganda,1,439
sti,Sexually-transmitted infections,otike-c,"Otike, Caroline",,Uganda,1,440
sti,Sexually-transmitted infections,moller-k,"Möller, Karlien",,South Africa,1,441
sti,Sexually-transmitted infections,okwero-m,"Okwero, Max",,Uganda,1,442
sti,Sexually-transmitted infections,wambui-c,"Wambui, Charity",,Kenya,1,443
sti,Sexually-transmitted infections,vaneygen-v,"Van Eygen, Veerle",,Belgium,1,444
sti,Sexually-transmitted infections,mohammed-p,"Mohammed, Perry",,United Kingdom,1,445
sti,Sexually-transmitted infections,addoboateng-f,"Addo Boateng, Fafa",,Ghana,1,446
sti,Sexually-transmitted infections,paton-n,"Paton, Nicholas I",London School of Hygiene & Tropical Medicine,Singapore,1,447
sti,Sexually-transmitted infections,wali-a,"Wali, Ahmad",,Norway,1,448
sti,Sexually-transmitted infections,safdar-n,"Safdar, Nauman",,Singapore,1,449
sti,Sexually-transmitted infections,ambreen-a,"Ambreen, Atiqa",,Pakistan,1,450
sti,Sexually-transmitted infections,loya-a,"Loya, Asif",,Pakistan,1,451
sti,Sexually-transmitted infections,mustafa-t,"Mustafa, Tehmina",,Norway,1,452
sti,Sexually-transmitted infections,goodall-r,"Goodall, Ruth L",,United Kingdom,1,453
sti,Sexually-transmitted infections,nunn-a,"Nunn, Andrew J",,United Kingdom,1,454
sti,Sexually-transmitted infections,meredith-s,"Meredith, Sarah K",,United Kingdom,1,455
sti,Sexually-transmitted infections,bayissa-a,"Bayissa, Adamu",,Ethiopia,1,456
sti,Sexually-transmitted infections,bhatnagar-a,"Bhatnagar, Anuj K",,India,1,457
sti,Sexually-transmitted infections,chiang-c,"Chiang, Chen-Yuan",,France,1,458
sti,Sexually-transmitted infections,conradie-f,"Conradie, Francesca",,South Africa,1,459
sti,Sexually-transmitted infections,gopalan-n,"Gopalan, Narendran",,India,1,460
sti,Sexually-transmitted infections,gurumurthy-m,"Gurumurthy, Meera",,Singapore,1,461
sti,Sexually-transmitted infections,kirenga-b,"Kirenga, Bruce",,Uganda,1,462
sti,Sexually-transmitted infections,meressa-d,"Meressa, Daniel",,Ethiopia,1,463
sti,Sexually-transmitted infections,moodliar-r,"Moodliar, Ronelle",,South Africa,1,464
sti,Sexually-transmitted infections,ngubane-n,"Ngubane, Nosipho",,South Africa,1,465
sti,Sexually-transmitted infections,rassool-m,"Rassool, Mohammed",,South Africa,1,466
sti,Sexually-transmitted infections,sanders-k,"Sanders, Karen",,United Kingdom,1,467
sti,Sexually-transmitted infections,solanki-r,"Solanki, Rajesh",,India,1,468
sti,Sexually-transmitted infections,squire-s,"Squire, S Bertel",,United Kingdom,1,469
sti,Sexually-transmitted infections,teferi-m,"Teferi, Mekonnen",,Ethiopia,1,470
sti,Sexually-transmitted infections,torrea-g,"Torrea, Gabriela",,Belgium,1,471
sti,Sexually-transmitted infections,tsogt-b,"Tsogt, Bazarragchaa",,Mongolia,1,472
sti,Sexually-transmitted infections,tudor-e,"Tudor, Elena",,,1,473
sti,Sexually-transmitted infections,vandeun-a,"Van Deun, Armand",,Belgium,1,474
sti,Sexually-transmitted infections,rusen-i,"Rusen, I D",,United States,1,475
tb,Tuberculosis,rich-m,"Rich, M L",,United States,10,1
tb,Tuberculosis,mitnick-c,"Mitnick, C D",Harvard University,United States,9,2
tb,Tuberculosis,khan-p,"Khan, P Y",London School of Hygiene & Tropical Medicine,Singapore,9,3
tb,Tuberculosis,huerga-h,"Huerga, H",,France,8,4
tb,Tuberculosis,khan-u,"Khan, U",,Singapore,8,5
tb,Tuberculosis,hewison-c,"Hewison, C",,France,8,6
tb,Tuberculosis,franke-m,"Franke, M F",Harvard University,United States,8,7
tb,Tuberculosis,bastard-m,"Bastard, Mathieu",,France,7,8
tb,Tuberculosis,seung-k,"Seung, Kwonjun",Harvard University,United States,6,9
tb,Tuberculosis,ng-d,"Ng, Deborah Hee Ling",National Centre for Infectious Diseases,Singapore,5,10
tb,Tuberculosis,teo-a,"Teo, Alvin Kuo Jing",National University of Singapore,Australia,5,11
tb,Tuberculosis,pethe-k,"Pethe, Kevin",Nanyang Technological University,Singapore,5,12
tb,Tuberculosis,ong-c,"Ong, Chengsi",KK Women's and Children's Hospital,Singapore,5,13
tb,Tuberculosis,romo-m,"Romo, M",Harvard University,United States,4,14
tb,Tuberculosis,fox-g,"Fox, Greg J",,Australia,4,15
tb,Tuberculosis,berney-m,"Berney, Michael",,Switzerland,4,16
tb,Tuberculosis,malik-a,"Malik, Amyn A",,Singapore,4,17
tb,Tuberculosis,lahood-a,"LaHood, Allison",Harvard University,United States,4,18
tb,Tuberculosis,siddiqui-m,"Siddiqui, Muhammad Rafi",,Pakistan,4,19
tb,Tuberculosis,skrahina-a,"Skrahina, Alena",,,4,20
tb,Tuberculosis,oyewusi-l,"Oyewusi, Lawrence",,,4,21
tb,Tuberculosis,tan-c,"Tan, Chongyun",Nanyang Technological University,Singapore,4,22
tb,Tuberculosis,tay-j,"Tay, Jun Yang",National Centre for Infectious Diseases,Singapore,3,23
tb,Tuberculosis,tep-s,"Tep, Sovanvorleak",,Cambodia,3,24
tb,Tuberculosis,tuot-s,"Tuot, Sovannary",,Cambodia,3,25
tb,Tuberculosis,kyaw-w,"Kyaw, Win Mar",Communicable Diseases Agency,Singapore,3,26
tb,Tuberculosis,yi-s,"Yi, Siyan",National University of Singapore,Cambodia,3,27
tb,Tuberculosis,santos-m,"Santos, May Delos",,Singapore,3,28
tb,Tuberculosis,brooks-m,"Brooks, Meredith B",,United States,3,29
tb,Tuberculosis,khan-a,"Khan, Asifullah",,Pakistan,3,30
tb,Tuberculosis,agrawal-r,"Agrawal, Rupesh",Duke-NUS Medical School,Singapore,3,31
tb,Tuberculosis,stagg-h,"Stagg, Helen R",London School of Hygiene & Tropical Medicine,United Kingdom,3,32
tb,Tuberculosis,ahmed-s,"Ahmed, Saman",,Pakistan,3,33
tb,Tuberculosis,guglielmetti-l,"Guglielmetti, Lorenzo",,Italy,3,34
tb,Tuberculosis,tefera-g,"Tefera, Girum B",,,3,35
tb,Tuberculosis,trevisi-l,"Trevisi, Letizia",Harvard University,United States,3,36
tb,Tuberculosis,rashitov-m,"Rashitov, Mahmud",,,3,37
tb,Tuberculosis,gomezrestrepo-c,"Gómez-Restrepo, Camilo",,Myanmar,3,38
tb,Tuberculosis,krisnanda-a,"Krisnanda, Aga",,Indonesia,3,39
tb,Tuberculosis,kotrikadze-t,"Kotrikadze, Tinatin",,,3,40
tb,Tuberculosis,singh-s,"Singh, Shweta R",National University of Singapore,Singapore,3,41
tb,Tuberculosis,moraski-g,"Moraski, Garrett",,United States,3,42
tb,Tuberculosis,gurumurthy-m,"Gurumurthy, Meera",,Singapore,3,43
tb,Tuberculosis,kiria-n,"Kiria, Nana",,,3,44
tb,Tuberculosis,paton-n,"Paton, Nicholas I",London School of Hygiene & Tropical Medicine,Singapore,3,45
tb,Tuberculosis,kirakosyan-o,"Kirakosyan, Ohanna",,,3,46
tb,Tuberculosis,denholm-j,"Denholm, Justin T",University of Melbourne,Australia,2,47
tb,Tuberculosis,marais-b,"Marais, Ben J",,Australia,2,48
tb,Tuberculosis,ali-s,"Ali, Sowkath",Khoo Teck Puat Hospital,Singapore,2,49
tb,Tuberculosis,sauer-s,"Sauer, S",Harvard University,United States,2,50
tb,Tuberculosis,mulholland-c,"Mulholland, Claire V",,United States,2,51
tb,Tuberculosis,lee-b,"Lee, Bei Shi",Nanyang Technological University,Singapore,2,52
tb,Tuberculosis,singhal-a,"Singhal, Amit","Agency for Science, Technology and Research",Singapore,2,53
tb,Tuberculosis,chen-s,"Chen, Shiyan",National University of Singapore,Singapore,2,54
tb,Tuberculosis,ang-m,"Ang, Michelle Lt",Communicable Diseases Agency,Singapore,2,55
tb,Tuberculosis,dambrosio-l,"D'Ambrosio, Lia",,Switzerland,2,56
tb,Tuberculosis,centis-r,"Centis, Rosella",,Italy,2,57
tb,Tuberculosis,burhan-e,"Burhan, Erlina",,Indonesia,2,58
tb,Tuberculosis,kherabi-y,"Kherabi, Yousra",,France,2,59
tb,Tuberculosis,piubello-a,"Piubello, Alberto",,Belgium,2,60
tb,Tuberculosis,villanueva-c,"Villanueva, Cary Amiel",,Philippines,2,61
tb,Tuberculosis,migliori-g,"Migliori, Giovanni Battista",,Italy,2,62
tb,Tuberculosis,eng-s,"Eng, Sothearith",,Japan,2,63
tb,Tuberculosis,prem-k,"Prem, Kiesha",London School of Hygiene & Tropical Medicine,Singapore,2,64
tb,Tuberculosis,pall-c,"Pall, Chamroen",,Cambodia,2,65
tb,Tuberculosis,ichikawa-m,"Ichikawa, Masao",,Japan,2,66
tb,Tuberculosis,chang-c,"Chang, Chia-Ling",,Singapore,2,67
tb,Tuberculosis,zhang-x,"Zhang, Xiangjun",,United States,2,68
tb,Tuberculosis,zhu-j,"Zhu, Jin",,China,2,69
tb,Tuberculosis,wang-c,"Wang, Claire",,,2,70
tb,Tuberculosis,zhang-y,"Zhang, Ye",,China,2,71
tb,Tuberculosis,wang-h,"Wang, Honghong",,China,2,72
tb,Tuberculosis,pee-c,"Pee, Carmen J E",Nanyang Technological University,Singapore,2,73
tb,Tuberculosis,sosasoto-g,"Sosa Soto, Giordano",,United States,2,74
tb,Tuberculosis,campbell-j,"Campbell, Jeffrey I",,United States,2,75
tb,Tuberculosis,amanullah-f,"Amanullah, Farhana",,United States,2,76
tb,Tuberculosis,roy-t,"Roy, Tapash",,Bangladesh,2,77
tb,Tuberculosis,khoo-b,"Khoo, Benjamin",Tan Tock Seng Hospital,Singapore,2,78
tb,Tuberculosis,hussain-h,"Hussain, Hamidah",,Singapore,2,79
tb,Tuberculosis,hu-t,"Hu, Ting Huey",National University of Singapore,Singapore,2,80
tb,Tuberculosis,chang-x,"Chang, Xuling",National University Health System,Australia,2,81
tb,Tuberculosis,li-z,"Li, Zheng",Genome Institute of Singapore,Singapore,2,82
tb,Tuberculosis,thai-p,"Thai, Phan Vuong Khac",,Viet Nam,2,83
tb,Tuberculosis,thuong-n,"Thuong, Nguyen Thuy Thuong",Oxford University Clinical Research Unit,United Kingdom,2,84
tb,Tuberculosis,wee-d,"Wee, Denise",A*STAR Infectious Diseases Labs,Singapore,2,85
tb,Tuberculosis,silcocks-m,"Silcocks, Matthew",University of Melbourne,Australia,2,86
tb,Tuberculosis,chee-c,"Chee, Cynthia Bin Eng",Tan Tock Seng Hospital,Singapore,2,87
tb,Tuberculosis,oehlers-s,"Oehlers, Stefan H",A*STAR Infectious Diseases Labs,Singapore,2,88
tb,Tuberculosis,yuan-j,"Yuan, Jian-Min",,United States,2,89
tb,Tuberculosis,caws-m,"Caws, Maxine",,Nepal,2,90
tb,Tuberculosis,dunstan-s,"Dunstan, Sarah J",University of Melbourne,Australia,2,91
tb,Tuberculosis,biswas-j,"Biswas, Jyotirmay",,India,2,92
tb,Tuberculosis,nguyen-q,"Nguyen, Quan Dong",,,2,93
tb,Tuberculosis,ladistianora-r,"La Distia Nora, Rina",Universitas Indonesia,Indonesia,2,94
tb,Tuberculosis,gangaputra-s,"Gangaputra, Sapna",,,2,95
tb,Tuberculosis,gupta-v,"Gupta, Vishali",,India,2,96
tb,Tuberculosis,tan-y,"Tan, Yi Hua",KK Women's and Children's Hospital,Singapore,2,97
tb,Tuberculosis,isani-a,"Isani, Afshan K",US Centers for Disease Control and Prevention,Pakistan,2,98
tb,Tuberculosis,lomtadze-n,"Lomtadze, Nino",,,2,99
tb,Tuberculosis,mamsa-s,"Mamsa, Shahid",,Pakistan,2,100
tb,Tuberculosis,melikyan-n,"Melikyan, Nara",,France,2,101
tb,Tuberculosis,sanjay-s,"Sanjay, Srinivasan",,Singapore,2,102
tb,Tuberculosis,herreraflores-e,"Herrera Flores, Edwin",,Peru,2,103
tb,Tuberculosis,kumsa-a,"Kumsa, Andargachew",,Ethiopia,2,104
tb,Tuberculosis,see-k,"See, Kay Choong",National University Hospital,Singapore,2,105
tb,Tuberculosis,khan-m,"Khan, Muhammad Zameel",,Pakistan,2,106
tb,Tuberculosis,putri-f,"Putri, Fauziah Asnely",,Indonesia,2,107
tb,Tuberculosis,tamirat-m,"Tamirat, Meseret",,United States,2,108
tb,Tuberculosis,vo-l,"Vo, Luan Nguyen Quang",,Viet Nam,2,109
tb,Tuberculosis,lai-y,"Lai, Yee Ling",Environmental Health Institute,Singapore,2,110
tb,Tuberculosis,chen-y,"Chen, Yinzhe",,China,2,111
tb,Tuberculosis,wang-y,"Wang, Yi",National University of Singapore,Singapore,2,112
tb,Tuberculosis,maclean-e,"MacLean, Emily L",,Australia,2,113
tb,Tuberculosis,niu-h,"Niu, Hongtao",,China,2,114
tb,Tuberculosis,wiggins-t,"Wiggins, Thomas",,United States,2,115
tb,Tuberculosis,miller-m,"Miller, Marvin J",,United States,2,116
tb,Tuberculosis,putera-i,"Putera, Ikhwanuliman",,Netherlands,2,117
tb,Tuberculosis,tsogt-b,"Tsogt, Bazarragchaa",,Mongolia,2,118
tb,Tuberculosis,sanders-k,"Sanders, Karen",,United Kingdom,2,119
tb,Tuberculosis,lachenal-n,"Lachenal, Nathalie",,Switzerland,2,120
tb,Tuberculosis,bekele-a,"Bekele, Amsalu",,Ethiopia,2,121
tb,Tuberculosis,varaine-f,"Varaine, Francis",,France,2,122
tb,Tuberculosis,flores-e,"Flores, Edwin Herrera",,Peru,2,123
tb,Tuberculosis,vilbrun-s,"Vilbrun, Stalz C",,Haiti,2,124
tb,Tuberculosis,islam-s,"Islam, Shirajul",,Bangladesh,2,125
tb,Tuberculosis,hsu-l,"Hsu, Li Yang",National University of Singapore,Singapore,2,126
tb,Tuberculosis,esmail-h,"Esmail, Hanif",World Health Organization,United Kingdom,2,127
tb,Tuberculosis,sng-l,"Sng, Li-Hwei",Duke-NUS Medical School,Singapore,2,128
tb,Tuberculosis,getchell-m,"Getchell, Marya",Duke-NUS Medical School,Singapore,2,129
tb,Tuberculosis,ansah-j,"Ansah, John Pastor",,United States,2,130
tb,Tuberculosis,lim-d,"Lim, Diane",Experimental Drug Development Centre,Singapore,2,131
tb,Tuberculosis,basilio-r,"Basilio, Ramon",,Philippines,2,132
tb,Tuberculosis,tablizo-f,"Tablizo, Francis",,Philippines,2,133
tb,Tuberculosis,matchar-d,"Matchar, David",Duke-NUS Medical School,Singapore,2,134
tb,Tuberculosis,sari-i,"Sari, Intan P",National University Hospital,Singapore,2,135
tb,Tuberculosis,dalay-v,"Dalay, Victoria B",,Philippines,2,136
tb,Tuberculosis,chew-k,"Chew, Ka Lip",National University Hospital,Singapore,2,137
tb,Tuberculosis,balanag-v,"Balanag, Vincent M",,Philippines,2,138
tb,Tuberculosis,lu-q,"Lu, Qiaoyue",,China,2,139
tb,Tuberculosis,nunn-a,"Nunn, Andrew J",,United Kingdom,2,140
tb,Tuberculosis,padayachee-s,"Padayachee, Shrivani",,South Africa,2,141
tb,Tuberculosis,toktogonova-a,"Toktogonova, Atyrkul",,,2,142
tb,Tuberculosis,salahuddin-n,"Salahuddin, Naseem",,Pakistan,2,143
tb,Tuberculosis,cross-g,"Cross, Gail B",National University Hospital,Australia,2,144
tb,Tuberculosis,chiang-c,"Chiang, Chen-Yuan",,France,2,145
tb,Tuberculosis,conradie-f,"Conradie, Francesca",,South Africa,2,146
tb,Tuberculosis,barcelli-v,"Barcelli, Valeria",Nanyang Technological University,Singapore,1,147
tb,Tuberculosis,shin-b,"Shin, Bora",National University of Singapore,Singapore,1,148
tb,Tuberculosis,choo-b,"Choo, Barry Boon Liang",National University of Singapore,Singapore,1,149
tb,Tuberculosis,dorett-s,"Dorett, Sarah Leela",National University of Singapore,Singapore,1,150
tb,Tuberculosis,bifani-p,"Bifani, Pablo",A*STAR Infectious Diseases Labs,Singapore,1,151
tb,Tuberculosis,devries-g,"de Vries, Gerard",,Netherlands,1,152
tb,Tuberculosis,anthony-r,"Anthony, Richard",,Netherlands,1,153
tb,Tuberculosis,robinson-e,"Robinson, Esther",,United Kingdom,1,154
tb,Tuberculosis,backx-m,"Backx, Matthijs",,United Kingdom,1,155
tb,Tuberculosis,laurenson-i,"Laurenson, Ian F",,United Kingdom,1,156
tb,Tuberculosis,seagar-a,"Seagar, Amie-Louise",,United Kingdom,1,157
tb,Tuberculosis,trieu-l,"Trieu, Lisa",,United States,1,158
tb,Tuberculosis,modestil-h,"Modestil, Herns",,United States,1,159
tb,Tuberculosis,meissner-j,"Meissner, Jeanne Sullivan",,United States,1,160
tb,Tuberculosis,sintchenko-v,"Sintchenko, Vitali",,Australia,1,161
tb,Tuberculosis,lee-r,"Lee, Robyn",,Canada,1,162
tb,Tuberculosis,donnan-e,"Donnan, Ellen J",,Australia,1,163
tb,Tuberculosis,yin-t,"Yin, Toh Ker",Khoo Teck Puat Hospital,Singapore,1,164
tb,Tuberculosis,gopal-l,"Gopal, Lekha",Khoo Teck Puat Hospital,Singapore,1,165
tb,Tuberculosis,sen-y,"Sen, Yuen Yew",National University Hospital,Singapore,1,166
tb,Tuberculosis,baker-c,"Baker, Chelsea R",,United States,1,167
tb,Tuberculosis,barilar-i,"Barilar, Ivan",,Germany,1,168
tb,Tuberculosis,dearaujo-l,"de Araujo, Leonardo S",,Germany,1,169
tb,Tuberculosis,parker-d,"Parker, Daniel M",,United States,1,170
tb,Tuberculosis,fornace-k,"Fornace, Kimberly",National University of Singapore,Singapore,1,171
tb,Tuberculosis,moonan-p,"Moonan, Patrick K",US Centers for Disease Control and Prevention,United States,1,172
tb,Tuberculosis,oeltmann-j,"Oeltmann, John E",US Centers for Disease Control and Prevention,United States,1,173
tb,Tuberculosis,tobias-j,"Tobias, James L",,United States,1,174
tb,Tuberculosis,minin-v,"Minin, Volodymyr M",,United States,1,175
tb,Tuberculosis,modongo-c,"Modongo, Chawangwa",,Botswana,1,176
tb,Tuberculosis,zetola-n,"Zetola, Nicola M",,United States,1,177
tb,Tuberculosis,niemann-s,"Niemann, Stefan",,Germany,1,178
tb,Tuberculosis,shin-s,"Shin, Sanghyuk S",,United States,1,179
tb,Tuberculosis,barcellini-l,"Barcellini, L",,Italy,1,180
tb,Tuberculosis,cheng-s,"Cheng, Sokleaph",,Cambodia,1,181
tb,Tuberculosis,ung-s,"Ung, Socheatraksmey",,Cambodia,1,182
tb,Tuberculosis,guillard-b,"Guillard, Bertrand",,Cambodia,1,183
tb,Tuberculosis,menh-s,"Menh, Saren",,Cambodia,1,184
tb,Tuberculosis,choub-s,"Choub, Sok Chamreun",,Cambodia,1,185
tb,Tuberculosis,huot-c,"Huot, Chan Yuda",,Cambodia,1,186
tb,Tuberculosis,borand-l,"Borand, Laurence",Johns Hopkins University,Cambodia,1,187
tb,Tuberculosis,chong-a,"Chong, Alexander",,United States,1,188
tb,Tuberculosis,cui-j,"Cui, Jinhua",,United States,1,189
tb,Tuberculosis,rossouw-j,"Rossouw, Jacques",,South Africa,1,190
tb,Tuberculosis,wallis-r,"Wallis, Robert",,South Africa,1,191
tb,Tuberculosis,kornfeld-h,"Kornfeld, Hardy",,United States,1,192
tb,Tuberculosis,maartens-g,"Maartens, Gary",,South Africa,1,193
tb,Tuberculosis,wiesner-l,"Wiesner, Lubbe",,South Africa,1,194
tb,Tuberculosis,denti-p,"Denti, Paolo",,South Africa,1,195
tb,Tuberculosis,wasmann-r,"Wasmann, Roeland E",,South Africa,1,196
tb,Tuberculosis,mettu-v,"Mettu, Vijaya Saradhi",,Singapore,1,197
tb,Tuberculosis,lau-a,"Lau, Aik Jiang",,Canada,1,198
tb,Tuberculosis,junjing-y,"Junjing, Yang",Environmental Health Institute,Singapore,1,199
tb,Tuberculosis,chai-v,"Chai, Vincent",Environmental Health Institute,Singapore,1,200
tb,Tuberculosis,foo-k,"Foo, Kelly",Communicable Diseases Agency,Singapore,1,201
tb,Tuberculosis,cho-s,"Cho, Sharol S L",Communicable Diseases Agency,Singapore,1,202
tb,Tuberculosis,sim-s,"Sim, Shuzhen",Environmental Health Institute,Singapore,1,203
tb,Tuberculosis,ng-l,"Ng, Lee Ching",Environmental Health Institute,Singapore,1,204
tb,Tuberculosis,bellavia-a,"Bellavia, Alessandra",,Italy,1,205
tb,Tuberculosis,refera-t,"Refera, Tsion Asfaw",,Ethiopia,1,206
tb,Tuberculosis,akkerman-o,"Akkerman, Onno",,Netherlands,1,207
tb,Tuberculosis,alyaquobi-f,"Alyaquobi, Fatma",,Oman,1,208
tb,Tuberculosis,dinhxuan-a,"Dinh-Xuan, Anh Tuan",,France,1,209
tb,Tuberculosis,felker-i,"Felker, Irina",,Russian Federation,1,210
tb,Tuberculosis,garciagarcia-j,"García-García, José-María",,Spain,1,211
tb,Tuberculosis,gualano-g,"Gualano, Gina",,Italy,1,212
tb,Tuberculosis,james-a,"James, Ananthu",,Netherlands,1,213
tb,Tuberculosis,shah-s,"Shah, Syed Karam",,Pakistan,1,214
tb,Tuberculosis,li-y,"Li, Yujie",Nanyang Technological University,Singapore,1,215
tb,Tuberculosis,lienhardt-c,"Lienhardt, Christian",,France,1,216
tb,Tuberculosis,mahfuza-r,"Mahfuza, Rifat",,Bangladesh,1,217
tb,Tuberculosis,munoztorrico-m,"Munoz-Torrico, Marcela",,Mexico,1,218
tb,Tuberculosis,panchagnula-r,"Panchagnula, Ramesh",,India,1,219
tb,Tuberculosis,podlekareva-d,"Podlekareva, Daria",,Denmark,1,220
tb,Tuberculosis,pontali-e,"Pontali, Emanuele",,Italy,1,221
tb,Tuberculosis,rangaka-m,"Rangaka, Molebogeng X",,United Kingdom,1,222
tb,Tuberculosis,rasheed-n,"Rasheed, Najiha",,,1,223
tb,Tuberculosis,rendon-a,"Rendon, Adrian",,Mexico,1,224
tb,Tuberculosis,silva-d,"Silva, Denise Rossato",,Brazil,1,225
tb,Tuberculosis,selim-m,"Selim, Muhammad Abdul Hamid",,Bangladesh,1,226
tb,Tuberculosis,seaworth-b,"Seaworth, Barbara",,United States,1,227
tb,Tuberculosis,tadolini-m,"Tadolini, Marina",,Italy,1,228
tb,Tuberculosis,tiberi-s,"Tiberi, Simon",,United Kingdom,1,229
tb,Tuberculosis,villa-s,"Villa, Simone",,Italy,1,230
tb,Tuberculosis,raviglione-m,"Raviglione, Mario C",,France,1,231
tb,Tuberculosis,hoddinott-g,"Hoddinott, Graeme",,Australia,1,232
tb,Tuberculosis,wang-g,"Wang, Gang",,China,1,233
tb,Tuberculosis,youn-s,"Youn, Sang Woong",,Republic of Korea,1,234
tb,Tuberculosis,saeki-h,"Saeki, Hidehisa",,Japan,1,235
tb,Tuberculosis,pu-w,"Pu, Wenyuan",,China,1,236
tb,Tuberculosis,tian-m,"Tian, Man",,China,1,237
tb,Tuberculosis,he-z,"He, Zhiyi",,China,1,238
tb,Tuberculosis,song-s,"Song, Shiyu",,China,1,239
tb,Tuberculosis,li-l,"Li, Li",,China,1,240
tb,Tuberculosis,lian-p,"Lian, Panpan",,China,1,241
tb,Tuberculosis,lu-r,"Lu, Renwei",,China,1,242
tb,Tuberculosis,wang-r,"Wang, Ranran",,China,1,243
tb,Tuberculosis,lin-k,"Lin, Kai",,China,1,244
tb,Tuberculosis,gu-c,"Gu, Chaode",,China,1,245
tb,Tuberculosis,wazir-j,"Wazir, Junaid",,China,1,246
tb,Tuberculosis,sun-y,"Sun, Yixuan",,China,1,247
tb,Tuberculosis,yang-j,"Yang, Jun",,China,1,248
tb,Tuberculosis,chen-h,"Chen, Haobo",,China,1,249
tb,Tuberculosis,petretto-e,"Petretto, Enrico",Duke-NUS Medical School,Singapore,1,250
tb,Tuberculosis,cao-w,"Cao, Wangsen",,China,1,251
tb,Tuberculosis,fan-r,"Fan, Rongrong",,Sweden,1,252
tb,Tuberculosis,treuter-e,"Treuter, Eckardt",,Sweden,1,253
tb,Tuberculosis,liu-n,"Liu, Nannan",,China,1,254
tb,Tuberculosis,yang-a,"Yang, Airong",,China,1,255
tb,Tuberculosis,chen-x,"Chen, Xi",,China,1,256
tb,Tuberculosis,huang-z,"Huang, Zhiqiang",,China,1,257
tb,Tuberculosis,sng-e,"Sng, Edwin Chong Yu",Changi General Hospital,Singapore,1,258
tb,Tuberculosis,teo-d,"Teo, Darren Cheng Han",Duke-NUS Medical School,Singapore,1,259
tb,Tuberculosis,wong-m,"Wong, Min Jia",Singapore General Hospital,Singapore,1,260
tb,Tuberculosis,conceicao-e,"Conceicao, Edwin Philip",Changi General Hospital,Singapore,1,261
tb,Tuberculosis,chan-l,"Chan, Ling Ling",Duke-NUS Medical School,Singapore,1,262
tb,Tuberculosis,chan-c,"Chan, Candice Yuen Yue",Duke-NUS Medical School,Singapore,1,263
tb,Tuberculosis,metussin-d,"Metussin, Dhiya",Communicable Diseases Agency,Singapore,1,264
tb,Tuberculosis,tavitianexley-i,"Tavitian-Exley, Isabel",Communicable Diseases Agency,Singapore,1,265
tb,Tuberculosis,hao-y,"Hao, Ying",National Centre for Infectious Diseases,Singapore,1,266
tb,Tuberculosis,rahman-m,"Rahman, Md Mahfuzur",,Bangladesh,1,267
tb,Tuberculosis,hossain-f,"Hossain, Farzana",,Bangladesh,1,268
tb,Tuberculosis,kulkarni-s,"Kulkarni, Suchitra",,United States,1,269
tb,Tuberculosis,kamrul-k,"Kamrul, Kamruzzaman",,Bangladesh,1,270
tb,Tuberculosis,creswell-j,"Creswell, Jacob",,Switzerland,1,271
tb,Tuberculosis,wong-y,"Wong, Yeow Yang John",KK Women's and Children's Hospital,Singapore,1,272
tb,Tuberculosis,chong-h,"Chong, Hai Tarng",National University of Singapore,Singapore,1,273
tb,Tuberculosis,lim-l,"Lim, Li He Shaun",Singapore General Hospital,Singapore,1,274
tb,Tuberculosis,guo-s,"Guo, Shuyi",Singapore General Hospital,Singapore,1,275
tb,Tuberculosis,mohan-p,"Mohan, P Chandra",Singapore General Hospital,Singapore,1,276
tb,Tuberculosis,low-s,"Low, Su Chong Albert",Singapore General Hospital,Singapore,1,277
tb,Tuberculosis,lee-z,"Lee, Zhuyi Rebekah",Singapore General Hospital,Singapore,1,278
tb,Tuberculosis,sun-w,"Sun, Weiguo",,China,1,279
tb,Tuberculosis,xiao-m,"Xiao, Meng",National University of Singapore,China,1,280
tb,Tuberculosis,jin-c,"Jin, Chanyuan",,China,1,281
tb,Tuberculosis,shakirullah,Shakirullah,,Pakistan,1,282
tb,Tuberculosis,ni-r,"Ni, Ruizi",,China,1,283
tb,Tuberculosis,an-y,"An, Yajing",,China,1,284
tb,Tuberculosis,zhang-m,"Zhang, Mingming",,China,1,285
tb,Tuberculosis,tian-y,"Tian, Yuan",,China,1,286
tb,Tuberculosis,kaushik-s,"Kaushik, Shradha",,Canada,1,287
tb,Tuberculosis,gong-w,"Gong, Wenping",,China,1,288
tb,Tuberculosis,ha-d,"Ha, Duc Anh",,Viet Nam,1,289
tb,Tuberculosis,subhan-a,"Subhan, Alya Sufiyah Binte Mohamed",A*STAR Infectious Diseases Labs,Singapore,1,290
tb,Tuberculosis,nhu-n,"Nhu, Nguyen Thi Quynh",Oxford University Clinical Research Unit,Viet Nam,1,291
tb,Tuberculosis,heng-c,"Heng, Chew-Kiat",National University Health System,Singapore,1,292
tb,Tuberculosis,teo-y,"Teo, Yik Ying",National University of Singapore,Singapore,1,293
tb,Tuberculosis,koh-w,"Koh, Woon-Puay","Agency for Science, Technology and Research",Singapore,1,294
tb,Tuberculosis,khor-c,"Khor, Chiea Chuen",Genome Institute of Singapore,Singapore,1,295
tb,Tuberculosis,dorajoo-r,"Dorajoo, Rajkumar",Genome Institute of Singapore,Singapore,1,296
tb,Tuberculosis,janetos-t,"Janetos, Timothy M",,,1,297
tb,Tuberculosis,agarwal-a,"Agarwal, Aniruddha",,United Arab Emirates,1,298
tb,Tuberculosis,basu-s,"Basu, Soumyava",,India,1,299
tb,Tuberculosis,or-c,"Or, Christopher",,,1,300
tb,Tuberculosis,shoughy-s,"Shoughy, Samir",,Egypt,1,301
tb,Tuberculosis,invernizzi-a,"Invernizzi, Alessandro",,Australia,1,302
tb,Tuberculosis,jabs-d,"Jabs, Douglas A",Johns Hopkins University,United States,1,303
tb,Tuberculosis,davis-j,"Davis, Janet L",,,1,304
tb,Tuberculosis,desmet-m,"de Smet, Marc D",,Belgium,1,305
tb,Tuberculosis,goldstein-d,"Goldstein, Debra A",,,1,306
tb,Tuberculosis,thorne-j,"Thorne, Jennifer E",Johns Hopkins University,United States,1,307
tb,Tuberculosis,sarraf-d,"Sarraf, David",,,1,308
tb,Tuberculosis,fong-k,"Fong, Khi Yung",Singapore General Hospital,Singapore,1,309
tb,Tuberculosis,abern-m,"Abern, Michael R",,,1,310
tb,Tuberculosis,lim-b,"Lim, Bin",,Singapore,1,311
tb,Tuberculosis,leow-j,"Leow, Jeffrey Jj",Tan Tock Seng Hospital,Singapore,1,312
tb,Tuberculosis,chong-t,"Chong, Tsung Wen",Singapore General Hospital,Singapore,1,313
tb,Tuberculosis,tay-k,"Tay, Kae Jack",Singapore General Hospital,Singapore,1,314
tb,Tuberculosis,chen-k,"Chen, Kenneth",Singapore General Hospital,Singapore,1,315
tb,Tuberculosis,yuen-j,"Yuen, John Sp",Singapore General Hospital,Singapore,1,316
tb,Tuberculosis,chan-j,"Chan, Jing Ti",Singapore General Hospital,Singapore,1,317
tb,Tuberculosis,hussain-s,"Hussain, Syed A",,United Kingdom,1,318
tb,Tuberculosis,teoh-j,"Teoh, Jeremy Yc",University of Hong Kong,Hong Kong SAR,1,319
tb,Tuberculosis,kamat-a,"Kamat, Ashish M",,,1,320
tb,Tuberculosis,robins-j,"Robins, James",Harvard University,United States,1,321
tb,Tuberculosis,stambekova-a,"Stambekova, Assel",,,1,322
tb,Tuberculosis,halliwell-b,"Halliwell, Barry",National University of Singapore,Singapore,1,323
tb,Tuberculosis,lingford-j,"Lingford, James P",,Australia,1,324
tb,Tuberculosis,cheung-c,"Cheung, Chen-Yi",,New Zealand,1,325
tb,Tuberculosis,jowsey-w,"Jowsey, William J",,New Zealand,1,326
tb,Tuberculosis,mccall-r,"McCall, Rita M",,United States,1,327
tb,Tuberculosis,rae-c,"Rae, Christopher D",,United States,1,328
tb,Tuberculosis,harold-l,"Harold, Liam K",,New Zealand,1,329
tb,Tuberculosis,edwards-d,"Edwards, David",,Australia,1,330
tb,Tuberculosis,peppertunick-e,"Pepper-Tunick, Evan",,United States,1,331
tb,Tuberculosis,neville-s,"Neville, Stephanie L",University of Melbourne,Australia,1,332
tb,Tuberculosis,maher-m,"Maher, Megan J",University of Melbourne,Australia,1,333
tb,Tuberculosis,canaldabaltrons-a,"Canalda-Baltrons, Aleix",University of Melbourne,Australia,1,334
tb,Tuberculosis,holt-k,"Holt, Kathryn E",London School of Hygiene & Tropical Medicine,Australia,1,335
tb,Tuberculosis,baliga-n,"Baliga, Nitin S",,United States,1,336
tb,Tuberculosis,cook-g,"Cook, Gregory M",,Australia,1,337
tb,Tuberculosis,hawn-t,"Hawn, Thomas R",,United States,1,338
tb,Tuberculosis,greening-c,"Greening, Chris",,Australia,1,339
tb,Tuberculosis,mcdevitt-c,"McDevitt, Christopher A",University of Melbourne,Australia,1,340
tb,Tuberculosis,cox-j,"Cox, Jeffery S",,United States,1,341
tb,Tuberculosis,mcneil-m,"McNeil, Matthew B",,New Zealand,1,342
tb,Tuberculosis,tee-w,"Tee, Wei Jie",Changi General Hospital,Singapore,1,343
tb,Tuberculosis,tunkuahmadyahaya-t,"Tunku Ahmad Yahaya, Tunku Sara",,,1,344
tb,Tuberculosis,chauhan-a,"Chauhan, Arohi",,India,1,345
tb,Tuberculosis,govani-k,"Govani, Kapil",,India,1,346
tb,Tuberculosis,kshatri-j,"Kshatri, Jaya Singh",,India,1,347
tb,Tuberculosis,chauhan-s,"Chauhan, Sandeep",World Health Organization,India,1,348
tb,Tuberculosis,patel-p,"Patel, Punit",,India,1,349
tb,Tuberculosis,baluku-j,"Baluku, Joseph",,Uganda,1,350
tb,Tuberculosis,sinha-a,"Sinha, Abhinav",,India,1,351
tb,Tuberculosis,vandenakker-m,"Van Den Akker, Marjan",,Germany,1,352
tb,Tuberculosis,jansen-j,"Jansen, Jesse",,Netherlands,1,353
tb,Tuberculosis,valderas-j,"Valderas, Jose",National University of Singapore,Singapore,1,354
tb,Tuberculosis,pati-s,"Pati, Sanghamitra",,India,1,355
tb,Tuberculosis,atshemyan-h,"Atshemyan, Hakob",,,1,356
tb,Tuberculosis,samieva-n,"Samieva, Nazgul",,,1,357
tb,Tuberculosis,siraj-f,"Siraj, Faisal",,Pakistan,1,358
tb,Tuberculosis,ndjeka-n,"Ndjeka, Norbert",,South Africa,1,359
tb,Tuberculosis,adenov-m,"Adenov, Malik",,,1,360
tb,Tuberculosis,teo-e,"Teo, Elizabeth",National University of Singapore,Singapore,1,361
tb,Tuberculosis,kung-k,"Kung, Karon",National University of Singapore,Singapore,1,362
tb,Tuberculosis,liew-j,"Liew, Jonathan Wee Kent",Environmental Health Institute,Singapore,1,363
tb,Tuberculosis,law-s,"Law, Stephanie",,Canada,1,364
tb,Tuberculosis,fulcher-i,"Fulcher, Isabel",,United States,1,365
tb,Tuberculosis,ashraf-s,"Ashraf, Samreen",,Pakistan,1,366
tb,Tuberculosis,docteur-w,"Docteur, Wisny",,Haiti,1,367
tb,Tuberculosis,guerra-d,"Guerra, Dalia",,Peru,1,368
tb,Tuberculosis,kliescikova-j,"Kliescikova, Jarmila",,,1,369
tb,Tuberculosis,yong-g,"Yong, Glenn Khai Wern",Tan Tock Seng Hospital,Singapore,1,370
tb,Tuberculosis,wong-j,"Wong, Judith Chui Ching",Environmental Health Institute,Singapore,1,371
tb,Tuberculosis,lim-q,"Lim, Qishan",Tan Tock Seng Hospital,Singapore,1,372
tb,Tuberculosis,lee-h,"Lee, Haiquan",Tan Tock Seng Hospital,Singapore,1,373
tb,Tuberculosis,goh-y,"Goh, Yvonne Si Hua",Tan Tock Seng Hospital,Singapore,1,374
tb,Tuberculosis,sun-r,"Sun, Rui-Ming",,China,1,375
tb,Tuberculosis,yang-y,"Yang, Yi Yan","Agency for Science, Technology and Research",Singapore,1,376
tb,Tuberculosis,yang-x,"Yang, Xiao-Xu",,China,1,377
tb,Tuberculosis,ji-p,"Ji, Ping",,China,1,378
tb,Tuberculosis,liu-z,"Liu, Zhaoyuan",,China,1,379
tb,Tuberculosis,ginhoux-f,"Ginhoux, Florent",Singapore Immunology Network,Singapore,1,380
tb,Tuberculosis,fan-x,"Fan, Xiao-Yong",,China,1,381
tb,Tuberculosis,duan-h,"Duan, Huang-Qi",,China,1,382
tb,Tuberculosis,shen-h,"Shen, Hai-Bo",,China,1,383
tb,Tuberculosis,ye-d,"Ye, Dan",,China,1,384
tb,Tuberculosis,lu-s,"Lu, Shun",,China,1,385
tb,Tuberculosis,jingteo-a,"Jing Teo, Alvin Kuo",National University of Singapore,Australia,1,386
tb,Tuberculosis,nguyen-t,"Nguyen, Tham Thi",,France,1,387
tb,Tuberculosis,puthanveettil-h,"Puthanveettil, Harsha",,India,1,388
tb,Tuberculosis,balamurugan-s,"Bala Murugan, Siva Raman",,India,1,389
tb,Tuberculosis,gurnani-b,"Gurnani, Bharat",,India,1,390
tb,Tuberculosis,kaur-k,"Kaur, Kirandeep",,India,1,391
tb,Tuberculosis,ren-d,"Ren, Dongdong",Singapore General Hospital,Singapore,1,392
tb,Tuberculosis,wee-l,"Wee, Liang En",Communicable Diseases Agency,Singapore,1,393
tb,Tuberculosis,lee-s,"Lee, Sue J",Mahidol University,Australia,1,394
tb,Tuberculosis,sampath-v,"Sampath, Venkata Sreekanth",Tan Tock Seng Hospital,Singapore,1,395
tb,Tuberculosis,chan-m,"Chan, Monica",National Centre for Infectious Diseases,Singapore,1,396
tb,Tuberculosis,pei-z,"Pei, Zhongfei",,China,1,397
tb,Tuberculosis,ong-s,"Ong, Say How",Institute of Mental Health,Singapore,1,398
tb,Tuberculosis,hon-c,"Hon, Chitin",,China,1,399
tb,Tuberculosis,xu-m,"Xu, Man",,China,1,400
tb,Tuberculosis,boretsky-a,"Boretsky, Allison",,United States,1,401
tb,Tuberculosis,chan-k,"Chan, Kuan Rong",Duke-NUS Medical School,Singapore,1,402
tb,Tuberculosis,shu-c,"Shu, Chin Chung",,Taiwan,1,403
tb,Tuberculosis,chien-y,"Chien, Ying-Chun",,Taiwan,1,404
tb,Tuberculosis,nyanti-l,"Nyanti, Larry Ellee",,Malaysia,1,405
tb,Tuberculosis,huan-n,"Huan, Nai-Chien",,Malaysia,1,406
tb,Tuberculosis,chatterjee-a,"Chatterjee, Aparna",,India,1,407
tb,Tuberculosis,jash-d,"Jash, Debraj",,India,1,408
tb,Tuberculosis,ng-j,"Ng, Jeremy Wee Kiat",Duke-NUS Medical School,Singapore,1,409
tb,Tuberculosis,ling-k,"Ling, Kwun Cheung",University of Hong Kong,China,1,410
tb,Tuberculosis,leung-r,"Leung, Roland",University of Hong Kong,China,1,411
tb,Tuberculosis,hui-d,"Hui, David Shu Cheong",University of Hong Kong,China,1,412
tb,Tuberculosis,lee-p,"Lee, Pei Hua",National Centre for Infectious Diseases,Singapore,1,413
tb,Tuberculosis,pinton-p,"Pinton, Philippe",,Denmark,1,414
tb,Tuberculosis,kawano-h,"Kawano, Haruna",,Japan,1,415
tb,Tuberculosis,patschan-o,"Patschan, Oliver",,Denmark,1,416
tb,Tuberculosis,ravi-a,"Ravi, Arjun",,Denmark,1,417
tb,Tuberculosis,nakano-a,"Nakano, Atsushi",,Japan,1,418
tb,Tuberculosis,auvaro-p,"Auvaro, Philippe",,Japan,1,419
tb,Tuberculosis,mukherjee-a,"Mukherjee, Apurba",,Singapore,1,420
tb,Tuberculosis,sorayah-r,"Sorayah, Ria",Nanyang Technological University,Singapore,1,421
tb,Tuberculosis,daher-w,"Daher, Wassim",,France,1,422
tb,Tuberculosis,chen-z,"Chen, Zhenfeng",,China,1,423
tb,Tuberculosis,kline-k,"Kline, Kimberly A",Nanyang Technological University,Singapore,1,424
tb,Tuberculosis,chng-s,"Chng, Shu Sin",Nanyang Technological University,Singapore,1,425
tb,Tuberculosis,kremer-l,"Kremer, Laurent",,France,1,426
tb,Tuberculosis,rahman-n,"Rahman, Nurlilah Ab",Nanyang Technological University,Singapore,1,427
tb,Tuberculosis,ng-p,"Ng, Pearly Shuyi",Experimental Drug Development Centre,Singapore,1,428
tb,Tuberculosis,lakshmanan-u,"Lakshmanan, Umayal",Experimental Drug Development Centre,Singapore,1,429
tb,Tuberculosis,mathiyazakan-v,"Mathiyazakan, Vikneswaran",Nanyang Technological University,Singapore,1,430
tb,Tuberculosis,ang-s,"Ang, Shi Hua",Experimental Drug Development Centre,Singapore,1,431
tb,Tuberculosis,linsim-s,"Lin Sim, Sandra Wei",Experimental Drug Development Centre,Singapore,1,432
tb,Tuberculosis,gruber-g,"Grüber, Gerhard",Nanyang Technological University,Singapore,1,433
tb,Tuberculosis,cifuentesgonzalez-c,"Cifuentes-González, Carlos",Tan Tock Seng Hospital,Colombia,1,434
tb,Tuberculosis,walter-c,"Walter, Cheong Fu Yuan",National University of Singapore,Singapore,1,435
tb,Tuberculosis,mejiasalgado-g,"Mejía-Salgado, Germán",,Colombia,1,436
tb,Tuberculosis,letong-y,"Le Tong, Yong",Universitas Indonesia,Indonesia,1,437
tb,Tuberculosis,chan-r,"Chan, Reo",Universitas Indonesia,Indonesia,1,438
tb,Tuberculosis,rojascarabali-w,"Rojas-Carabali, William",Nanyang Technological University,Singapore,1,439
tb,Tuberculosis,song-x,"Song, Xin Ying Rachel",Tan Tock Seng Hospital,Singapore,1,440
tb,Tuberculosis,mobasserian-a,"Mobasserian, Azadeh",,United States,1,441
tb,Tuberculosis,nora-r,"Nora, Rina La Distia",,Netherlands,1,442
tb,Tuberculosis,pulido-j,"Pulido, Jose S",,United States,1,443
tb,Tuberculosis,kempen-j,"Kempen, John H",Harvard University,Ethiopia,1,444
tb,Tuberculosis,delatorre-a,"de-la-Torre, Alejandra",,Colombia,1,445
tb,Tuberculosis,rosenbaum-j,"Rosenbaum, James T",,United States,1,446
tb,Tuberculosis,giallongo-e,"Giallongo, Elisa",,United Kingdom,1,447
tb,Tuberculosis,munkhjargal-g,"Munkhjargal, Ganzorig",,Mongolia,1,448
tb,Tuberculosis,khukhuukhen-z,"Khukhuukhen, Zayakhuu",,Mongolia,1,449
tb,Tuberculosis,bolormaa-e,"Bolormaa, Enkhjin",,Mongolia,1,450
tb,Tuberculosis,raash-e,"Raash, Enkhtuvshin",,Mongolia,1,451
tb,Tuberculosis,nyamdavaa-n,"Nyamdavaa, Naranbat",,Mongolia,1,452
tb,Tuberculosis,bronson-g,"Bronson, Gay",,United States,1,453
tb,Tuberculosis,sari-c,"Sari, Cut Yulia Indah",,Indonesia,1,454
tb,Tuberculosis,faqirzai-j,"Faqirzai, Jamil",,,1,455
tb,Tuberculosis,beauchamp-j,"Beauchamp, Jude",,Haiti,1,456
tb,Tuberculosis,nkunkanyirazo-p,"Nkunkanyirazo, Patrick",,,1,457
tb,Tuberculosis,algozhin-y,"Algozhin, Yerkebulan",,,1,458
tb,Tuberculosis,saki-n,"Saki, Nazis Arefin",,Bangladesh,1,459
tb,Tuberculosis,fatima-r,"Fatima, Razia",,Pakistan,1,460
tb,Tuberculosis,naing-y,"Naing, Ye Yint",,Myanmar,1,461
tb,Tuberculosis,chong-k,"Chong, Kok Wee",KK Women's and Children's Hospital,Singapore,1,462
tb,Tuberculosis,angkodjojo-s,"Angkodjojo, Stanley",Sengkang General Hospital,Singapore,1,463
tb,Tuberculosis,cheung-p,"Cheung, Peter Pak Moon",National University Hospital,Singapore,1,464
tb,Tuberculosis,chew-l,"Chew, Li-Ching",Singapore General Hospital,Singapore,1,465
tb,Tuberculosis,choong-c,"Choong, Caroline Victoria",Tan Tock Seng Hospital,Singapore,1,466
tb,Tuberculosis,fong-w,"Fong, Warren",Singapore General Hospital,Singapore,1,467
tb,Tuberculosis,law-w,"Law, Weng Giap",,Singapore,1,468
tb,Tuberculosis,manghani-m,"Manghani, Mona",Tan Tock Seng Hospital,Singapore,1,469
tb,Tuberculosis,santosa-a,"Santosa, Anindita",Changi General Hospital,Singapore,1,470
tb,Tuberculosis,tan-t,"Tan, Teck Choon",,Singapore,1,471
tb,Tuberculosis,teng-g,"Teng, Gim Gee",Alexandra Hospital,Singapore,1,472
tb,Tuberculosis,lahiri-m,"Lahiri, Manjari",National University Hospital,Singapore,1,473
tb,Tuberculosis,kyiwin-k,"Kyi-Win, KhinMar",National Centre for Infectious Diseases,Singapore,1,474
tb,Tuberculosis,tan-s,"Tan, Shiow Han",Nanyang Technological University,Singapore,1,475
tb,Tuberculosis,oh-k,"Oh, Kyung Hyun",World Health Organization,Philippines,1,476
tb,Tuberculosis,yanagawa-m,"Yanagawa, Manami",World Health Organization,Philippines,1,477
tb,Tuberculosis,miller-c,"Miller, Cecily",World Health Organization,Switzerland,1,478
tb,Tuberculosis,falzon-d,"Falzon, Dennis",World Health Organization,Switzerland,1,479
tb,Tuberculosis,kanchar-a,"Kanchar, Avinash",World Health Organization,Switzerland,1,480
tb,Tuberculosis,choi-y,"Choi, Youngeun",,Republic of Korea,1,481
tb,Tuberculosis,lee-g,"Lee, Gayoung",,United States,1,482
tb,Tuberculosis,morishita-f,"Morishita, Fukushi",World Health Organization,Philippines,1,483
tb,Tuberculosis,rahevar-k,"Rahevar, Kalpeshsinh",World Health Organization,Philippines,1,484
tb,Tuberculosis,yadav-r,"Yadav, Rajendra Prasad Hubraj",World Health Organization,Philippines,1,485
tb,Tuberculosis,tran-h,"Tran, Huong Thi Giang",World Health Organization,Philippines,1,486
tb,Tuberculosis,ratnakumar-s,"Ratnakumar, Sharina",,United Kingdom,1,487
tb,Tuberculosis,hayward-s,"Hayward, Sally E",,United Kingdom,1,488
tb,Tuberculosis,denneny-e,"Denneny, Emma K",,United Kingdom,1,489
tb,Tuberculosis,goldsmith-l,"Goldsmith, Lucy P",,United Kingdom,1,490
tb,Tuberculosis,evans-r,"Evans, Rebecca",,United Kingdom,1,491
tb,Tuberculosis,checkley-w,"Checkley, William",Johns Hopkins University,United States,1,492
tb,Tuberculosis,goletti-d,"Goletti, Delia",,Italy,1,493
tb,Tuberculosis,gotowiec-m,"Gotowiec, Mateusz",,Poland,1,494
tb,Tuberculosis,friedland-j,"Friedland, Jon S",,United Kingdom,1,495
tb,Tuberculosis,porter-j,"Porter, Joanna C",,United Kingdom,1,496
tb,Tuberculosis,seddon-j,"Seddon, James A",Imperial College London,South Africa,1,497
tb,Tuberculosis,achar-j,"Achar, Jay",,South Africa,1,498
tb,Tuberculosis,hughes-j,"Hughes, Jennifer",,South Africa,1,499
tb,Tuberculosis,burzynski-j,"Burzynski, Joseph",,United States,1,500
tb,Tuberculosis,chen-c,"Chen, Chih-Hwa",,Taiwan,1,501
tb,Tuberculosis,dravniece-g,"Dravniece, Gunta",,Ukraine,1,502
tb,Tuberculosis,furin-j,"Furin, Jennifer",Harvard University,United States,1,503
tb,Tuberculosis,geliukh-e,"Geliukh, Evgenia",,Ukraine,1,504
tb,Tuberculosis,goncharova-o,"Goncharova, Olga",,,1,505
tb,Tuberculosis,harries-a,"Harries, Anthony D",London School of Hygiene & Tropical Medicine,France,1,506
tb,Tuberculosis,hesseling-a,"Hesseling, Anneke C",,South Africa,1,507
tb,Tuberculosis,nguyen-b,"Nguyen, Binh Hoa",,Viet Nam,1,508
tb,Tuberculosis,kavenga-f,"Kavenga, Fungai",,Zimbabwe,1,509
tb,Tuberculosis,kock-y,"Kock, Yulene",,South Africa,1,510
tb,Tuberculosis,liu-q,"Liu, Qiao",,China,1,511
tb,Tuberculosis,mesic-a,"Mesic, Anita",,Belgium,1,512
tb,Tuberculosis,moore-d,"Moore, David A J",London School of Hygiene & Tropical Medicine,United Kingdom,1,513
tb,Tuberculosis,mubanga-a,"Mubanga, Angel",,Zambia,1,514
tb,Tuberculosis,naidoo-l,"Naidoo, Lenny",,South Africa,1,515
tb,Tuberculosis,nilsen-d,"Nilsen, Diana",,United States,1,516
tb,Tuberculosis,reuter-a,"Reuter, Anja",,South Africa,1,517
tb,Tuberculosis,satyanarayana-s,"Satyanarayana, Srinath",,France,1,518
tb,Tuberculosis,schaaf-h,"Schaaf, H Simon",,South Africa,1,519
tb,Tuberculosis,schoeman-i,"Schoeman, Ingrid",,South Africa,1,520
tb,Tuberculosis,udwadia-z,"Udwadia, Zarir",,India,1,521
tb,Tuberculosis,martinez-l,"Martinez, Leonardo",,United States,1,522
tb,Tuberculosis,pereira-j,"Pereira, Jarett Vanz-Brian",Singapore General Hospital,Singapore,1,523
tb,Tuberculosis,wong-c,"Wong, Chin Wai",,Singapore,1,524
tb,Tuberculosis,low-j,"Low, Jenny Guek Hong",Singapore General Hospital,Singapore,1,525
tb,Tuberculosis,corpuz-c,"Corpuz, Carmen",,Philippines,1,526
tb,Tuberculosis,cousins-c,"Cousins, Christopher",National University of Singapore,Singapore,1,527
tb,Tuberculosis,ng-n,"Ng, Nan-Kai",National University of Singapore,Singapore,1,528
tb,Tuberculosis,suresh-c,"Suresh, Celina",National University of Singapore,Singapore,1,529
tb,Tuberculosis,kusmiati-t,"Kusmiati, Tutik",,Indonesia,1,530
tb,Tuberculosis,ruslami-r,"Ruslami, Rovina",,Indonesia,1,531
tb,Tuberculosis,djaharuddin-i,"Djaharuddin, Irawaty",,Indonesia,1,532
tb,Tuberculosis,sugiri-j,"Sugiri, Jani J R",,Indonesia,1,533
tb,Tuberculosis,veto-r,"Veto, Rholine S",,Philippines,1,534
tb,Tuberculosis,sekaggyawiltshire-c,"Sekaggya-Wiltshire, Christine",,Uganda,1,535
tb,Tuberculosis,avihingsanon-a,"Avihingsanon, Anchalee",,Thailand,1,536
tb,Tuberculosis,saini-j,"Saini, Jitendra Kumar",,India,1,537
tb,Tuberculosis,papineni-p,"Papineni, Padmasayee",National University of Singapore,Singapore,1,538
tb,Tuberculosis,crook-a,"Crook, Angela M",,United Kingdom,1,539
tb,Tuberculosis,chew-n,"Chew, Natalie",National University Hospital,Singapore,1,540
tb,Tuberculosis,yun-s,"Yun, Sean",National University of Singapore,Singapore,1,541
tb,Tuberculosis,thu-w,"Thu, Win Pa Pa",National University of Singapore,Singapore,1,542
tb,Tuberculosis,ong-h,"Ong, Haris",,Singapore,1,543
tb,Tuberculosis,leong-r,"Leong, Rachel W",Tan Tock Seng Hospital,Singapore,1,544
tb,Tuberculosis,gan-j,"Gan, Jereme Y",Tan Tock Seng Hospital,Singapore,1,545
tb,Tuberculosis,velasquez-g,"Velásquez, Gustavo E",,United States,1,546
tb,Tuberculosis,gouillou-m,"Gouillou, Maelenn",,France,1,547
tb,Tuberculosis,ali-m,"Ali, Muhammad Hammad",,Pakistan,1,548
tb,Tuberculosis,amjad-s,"Amjad, Samreen",,Pakistan,1,549
tb,Tuberculosis,kamal-f,"Kamal, Farees",,Pakistan,1,550
tb,Tuberculosis,abubakirov-a,"Abubakirov, Amanzhan",,,1,551
tb,Tuberculosis,ardizzoni-e,"Ardizzoni, Elisa",,Belgium,1,552
tb,Tuberculosis,baudin-e,"Baudin, Elisabeth",,France,1,553
tb,Tuberculosis,bektassov-s,"Bektassov, Sagit",,,1,554
tb,Tuberculosis,berry-c,"Berry, Catherine",,United Kingdom,1,555
tb,Tuberculosis,bonnet-m,"Bonnet, Maryline",,France,1,556
tb,Tuberculosis,chavan-v,"Chavan, Vijay",,India,1,557
tb,Tuberculosis,coutisson-s,"Coutisson, Sylvine",,Switzerland,1,558
tb,Tuberculosis,dakenova-z,"Dakenova, Zhanna",,,1,559
tb,Tuberculosis,dejong-b,"de Jong, Bouke Catherine",,Belgium,1,560
tb,Tuberculosis,dinh-l,"Dinh, Luong Van",,Viet Nam,1,561
tb,Tuberculosis,ferlazzo-g,"Ferlazzo, Gabriella",,Switzerland,1,562
tb,Tuberculosis,lecca-l,"Lecca, Leonid",Harvard University,Peru,1,563
tb,Tuberculosis,mcilleron-h,"McIlleron, Helen",,South Africa,1,564
tb,Tuberculosis,mikanda-k,"Mikanda, Kwabisha Kunda",,,1,565
tb,Tuberculosis,mucchingtoscano-s,"Mucching-Toscano, Sergio",,Peru,1,566
tb,Tuberculosis,mulders-w,"Mulders, Wim",,Belgium,1,567
tb,Tuberculosis,mushtaque-h,"Mushtaque, Hebah",,Pakistan,1,568
tb,Tuberculosis,nahid-p,"Nahid, Payam",,United States,1,569
tb,Tuberculosis,nguyen-d,"Nguyen, Dong Van",,Viet Nam,1,570
tb,Tuberculosis,nguyen-n,"Nguyen, Nhung Viet",,Viet Nam,1,571
tb,Tuberculosis,motta-i,"Motta, Ilaria",,Switzerland,1,572
tb,Tuberculosis,panda-s,"Panda, Samiran",,India,1,573
tb,Tuberculosis,patil-s,"Patil, Sandip",,India,1,574
tb,Tuberculosis,pham-t,"Pham, Thach Ngoc",,Viet Nam,1,575
tb,Tuberculosis,phan-d,"Phan, Dat Thuong",,Viet Nam,1,576
tb,Tuberculosis,phan-h,"Phan, Ha Thi Thu",,United States,1,577
tb,Tuberculosis,phillips-p,"Phillips, Patrick P J",,United States,1,578
tb,Tuberculosis,ruiz-j,"Ruiz, Jimena",,Peru,1,579
tb,Tuberculosis,rupasinghe-p,"Rupasinghe, Praharshinie",,Belgium,1,580
tb,Tuberculosis,sanchezgaravito-e,"Sanchez-Garavito, Epifanio",,Peru,1,581
tb,Tuberculosis,asfaw-m,"Asfaw, Meseret Tamirat",,,1,582
tb,Tuberculosis,vargasvasquez-d,"Vargas Vasquez, Dante",,Peru,1,583
tb,Tuberculosis,wang-s,"Wang, Shouming",Nanyang Technological University,China,1,584
tb,Tuberculosis,huang-l,"Huang, Ling-Ya",,Taiwan,1,585
tb,Tuberculosis,liu-j,"Liu, Jin-He",National University of Singapore,China,1,586
tb,Tuberculosis,hu-b,"Hu, Bingtao",,China,1,587
tb,Tuberculosis,liu-x,"Liu, Xumei",,China,1,588
tb,Tuberculosis,wali-a,"Wali, Ahmad",,Norway,1,589
tb,Tuberculosis,safdar-n,"Safdar, Nauman",,Singapore,1,590
tb,Tuberculosis,ambreen-a,"Ambreen, Atiqa",,Pakistan,1,591
tb,Tuberculosis,loya-a,"Loya, Asif",,Pakistan,1,592
tb,Tuberculosis,mustafa-t,"Mustafa, Tehmina",,Norway,1,593
tb,Tuberculosis,chew-y,"Chew, Yi Rong",National Centre for Infectious Diseases,Singapore,1,594
tb,Tuberculosis,chia-p,"Chia, Po Ying",National Centre for Infectious Diseases,Singapore,1,595
tb,Tuberculosis,kho-s,"Kho, Sooyeon",,United States,1,596
tb,Tuberculosis,zhizhilashvili-d,"Zhizhilashvili, Dali",,,1,597
tb,Tuberculosis,yeghiazaryan-l,"Yeghiazaryan, Lusine",,,1,598
tb,Tuberculosis,nikolenko-e,"Nikolenko, Elena Nikolaevna",,,1,599
tb,Tuberculosis,zarli-k,"Zarli, Khin",,Myanmar,1,600
tb,Tuberculosis,adnan-s,"Adnan, Sana",,Pakistan,1,601
tb,Tuberculosis,vargas-z,"Vargas, Zully Haydee Ruíz",,Peru,1,602
tb,Tuberculosis,shaimerdenova-a,"Shaimerdenova, Aiman",,,1,603
tb,Tuberculosis,gelin-a,"Gelin, Alain",,Haiti,1,604
tb,Tuberculosis,chan-s,"Chan, Shiao-Yng","Agency for Science, Technology and Research",Singapore,1,605
tb,Tuberculosis,cheng-l,"Cheng, Ling Jie",National University of Singapore,Singapore,1,606
tb,Tuberculosis,cheong-h,"Cheong, Hau Yiang",Changi General Hospital,Singapore,1,607
tb,Tuberculosis,chlebicki-p,"Chlebicki, Piotr Maciej",Singapore General Hospital,Singapore,1,608
tb,Tuberculosis,kaw-g,"Kaw, Gregory Jon Leng",Tan Tock Seng Hospital,Singapore,1,609
tb,Tuberculosis,kee-a,"Kee, Adrian Chin Leong",National University Hospital,Singapore,1,610
tb,Tuberculosis,ng-m,"Ng, Mark Chung Wai",SingHealth,Singapore,1,611
tb,Tuberculosis,ong-r,"Ong, Rick Twee-Hee",National University of Singapore,Singapore,1,612
tb,Tuberculosis,quah-j,"Quah, J",National University Health System,Singapore,1,613
tb,Tuberculosis,selvamani-d,"Selvamani, D/O Balasubramaniam",,Singapore,1,614
tb,Tuberculosis,tan-j,"Tan, Jacqueline Wan Yu",National University of Singapore,Singapore,1,615
tb,Tuberculosis,teo-l,"Teo, Lynette Li San",National University Hospital,Singapore,1,616
tb,Tuberculosis,thoon-k,"Thoon, Koh Cheng",KK Women's and Children's Hospital,Singapore,1,617
tb,Tuberculosis,yan-g,"Yan, Gabriel Zherong",National University Hospital,Singapore,1,618
tb,Tuberculosis,chen-j,"Chen, Jacinta I-Pei",National University of Singapore,Singapore,1,619
tb,Tuberculosis,hud-b,"Hud, Bin Mohammed Helmi",National University of Singapore,Singapore,1,620
tb,Tuberculosis,lee-d,"Lee, Dawn Yi Xin",National University of Singapore,Singapore,1,621
tb,Tuberculosis,ng-b,"Ng, Bob Xian Yi",National University of Singapore,Singapore,1,622
tb,Tuberculosis,park-j,"Park, Jia Ying",National University of Singapore,Singapore,1,623
tb,Tuberculosis,tan-b,"Tan, Ban Hock",SingHealth,Singapore,1,624
tb,Tuberculosis,yang-q,"Yang, Qian",National University of Singapore,Singapore,1,625
tb,Tuberculosis,burkill-s,"Burkill, Sarah M",,Singapore,1,626
tb,Tuberculosis,yap-c,"Yap, Chee Woei",,Singapore,1,627
tb,Tuberculosis,nguyen-h,"Nguyen, Ha Thu Thi",,Viet Nam,1,628
tb,Tuberculosis,quyet-d,"Quyet, Do",,Viet Nam,1,629
tb,Tuberculosis,gutierrez-e,"Gutierrez, Emmanuel",,Philippines,1,630
tb,Tuberculosis,castillo-r,"Castillo, Renan C",Johns Hopkins University,United States,1,631
tb,Tuberculosis,kelleher-a,"Kelleher, Anthony D",,Australia,1,632
tb,Tuberculosis,odoherty-j,"O'Doherty, Jim",National University of Singapore,Singapore,1,633
tb,Tuberculosis,goodall-r,"Goodall, Ruth L",,United Kingdom,1,634
tb,Tuberculosis,meredith-s,"Meredith, Sarah K",,United Kingdom,1,635
tb,Tuberculosis,bayissa-a,"Bayissa, Adamu",,Ethiopia,1,636
tb,Tuberculosis,bhatnagar-a,"Bhatnagar, Anuj K",,India,1,637
tb,Tuberculosis,gopalan-n,"Gopalan, Narendran",,India,1,638
tb,Tuberculosis,kirenga-b,"Kirenga, Bruce",,Uganda,1,639
tb,Tuberculosis,meressa-d,"Meressa, Daniel",,Ethiopia,1,640
tb,Tuberculosis,moodliar-r,"Moodliar, Ronelle",,South Africa,1,641
tb,Tuberculosis,ngubane-n,"Ngubane, Nosipho",,South Africa,1,642
tb,Tuberculosis,rassool-m,"Rassool, Mohammed",,South Africa,1,643
tb,Tuberculosis,solanki-r,"Solanki, Rajesh",,India,1,644
tb,Tuberculosis,squire-s,"Squire, S Bertel",,United Kingdom,1,645
tb,Tuberculosis,teferi-m,"Teferi, Mekonnen",,Ethiopia,1,646
tb,Tuberculosis,torrea-g,"Torrea, Gabriela",,Belgium,1,647
tb,Tuberculosis,tudor-e,"Tudor, Elena",,,1,648
tb,Tuberculosis,vandeun-a,"Van Deun, Armand",,Belgium,1,649
tb,Tuberculosis,rusen-i,"Rusen, I D",,United States,1,650
tb,Tuberculosis,mahasirimongkol-s,"Mahasirimongkol, Surakameth",,Thailand,1,651
tb,Tuberculosis,sawaengdee-w,"Sawaengdee, Waritta",,Thailand,1,652
tb,Tuberculosis,geric-c,"Geric, Coralie",,Canada,1,653
tb,Tuberculosis,tavaziva-g,"Tavaziva, Gamuchirai",,Canada,1,654
tb,Tuberculosis,breuninger-m,"Breuninger, Marianne",,Germany,1,655
tb,Tuberculosis,dheda-k,"Dheda, Keertan",London School of Hygiene & Tropical Medicine,South Africa,1,656
tb,Tuberculosis,esmail-a,"Esmail, Ali",,South Africa,1,657
tb,Tuberculosis,scott-a,"Scott, Alex",,South Africa,1,658
tb,Tuberculosis,kagujje-m,"Kagujje, Mary",,Zambia,1,659
tb,Tuberculosis,muyoyeta-m,"Muyoyeta, Monde",,Zambia,1,660
tb,Tuberculosis,reither-k,"Reither, Klaus",,Switzerland,1,661
tb,Tuberculosis,benedetti-a,"Benedetti, Andrea",,Canada,1,662
tb,Tuberculosis,ahmadkhan-f,"Ahmad Khan, Faiz",,Canada,1,663
tb,Tuberculosis,shaw-e,"Shaw, Emily S",,United Kingdom,1,664
tb,Tuberculosis,stoker-n,"Stoker, Neil G",,United Kingdom,1,665
tb,Tuberculosis,potter-j,"Potter, Jessica L",,United Kingdom,1,666
tb,Tuberculosis,claassen-h,"Claassen, Helgard",,South Africa,1,667
tb,Tuberculosis,leslie-a,"Leslie, Alasdair",,South Africa,1,668
tb,Tuberculosis,tweed-c,"Tweed, Conor D",,United Kingdom,1,669
tb,Tuberculosis,lange-c,"Lange, Christoph",,Germany,1,670
tb,Tuberculosis,pinto-l,"Pinto, Lancelot",,India,1,671
tb,Tuberculosis,rucsineanu-o,"Rucsineanu, Oxana",,,1,672
tb,Tuberculosis,sloan-d,"Sloan, Derek J",,United Kingdom,1,673
tb,Tuberculosis,theron-g,"Theron, Grant",,South Africa,1,674
tb,Tuberculosis,tisile-p,"Tisile, Phumeza",,South Africa,1,675
tb,Tuberculosis,voo-t,"Voo, Teck Chuan",SingHealth,Singapore,1,676
tb,Tuberculosis,warren-r,"Warren, Robin M",,South Africa,1,677
tb,Tuberculosis,lebina-l,"Lebina, Limakatso",,South Africa,1,678
tb,Tuberculosis,lipman-m,"Lipman, Marc",,United Kingdom,1,679
tb,Tuberculosis,leek-f,"Leek, Francesca",National University of Singapore,Singapore,1,680
tb,Tuberculosis,kwan-p,"Kwan, Philip",National University of Singapore,Singapore,1,681
tb,Tuberculosis,koh-h,"Koh, Hiromi W L",National University of Singapore,Singapore,1,682
tb,Tuberculosis,molton-j,"Molton, James",National University of Singapore,Singapore,1,683
tb,Tuberculosis,mortera-l,"Mortera, Lalaine",,Philippines,1,684
tb,Tuberculosis,naval-s,"Naval, Sullian",,Philippines,1,685
tb,Tuberculosis,bakar-z,"Bakar, Zamzurina Abu",,Malaysia,1,686
tb,Tuberculosis,pang-y,"Pang, Yong-Kek",University of Malaya,Malaysia,1,687
tb,Tuberculosis,lum-l,"Lum, Lionel",National University of Singapore,Singapore,1,688
tb,Tuberculosis,lim-t,"Lim, Tony Kiat Hon",Duke-NUS Medical School,Singapore,1,689
tb,Tuberculosis,lekurwale-g,"Lekurwale, Ganesh",,Singapore,1,690
tb,Tuberculosis,choi-h,"Choi, Horace Cheuk Wai",University of Hong Kong,China,1,691
tb,Tuberculosis,au-v,"Au, Veonice",,Singapore,1,692
tb,Tuberculosis,connolly-j,"Connolly, John Edward",Institute of Molecular and Cell Biology,Singapore,1,693
tb,Tuberculosis,hibberd-m,"Hibberd, Martin",London School of Hygiene & Tropical Medicine,Singapore,1,694
tb,Tuberculosis,green-j,"Green, Justin A",GlaxoSmithKline,United Kingdom,1,695
tb,Tuberculosis,schrijver-b,"Schrijver, Benjamin",,Netherlands,1,696
tb,Tuberculosis,kolijn-p,"Kolijn, P Martijn",,Netherlands,1,697
tb,Tuberculosis,vanstigt-a,"van Stigt, Astrid C",,Netherlands,1,698
tb,Tuberculosis,tenberge-j,"Ten Berge, Josianne C E M",,Netherlands,1,699
tb,Tuberculosis,ijspeert-h,"IJspeert, Hanna",,Netherlands,1,700
tb,Tuberculosis,nagtzaam-n,"Nagtzaam, Nicole M A",,Netherlands,1,701
tb,Tuberculosis,swagemakers-s,"Swagemakers, Sigrid M A",,Netherlands,1,702
tb,Tuberculosis,vanlaar-j,"van Laar, Jan A M",,Netherlands,1,703
tb,Tuberculosis,rombach-s,"Rombach, Saskia M",,Netherlands,1,704
tb,Tuberculosis,vanhagen-p,"van Hagen, P Martin",,Netherlands,1,705
tb,Tuberculosis,dik-w,"Dik, Willem A",,Netherlands,1,706
vector_borne,Vector-borne diseases,ng-l,"Ng, Lee Ching",Environmental Health Institute,Singapore,11,1
vector_borne,Vector-borne diseases,lim-j,"Lim, Jue Tao",Nanyang Technological University,Singapore,11,2
vector_borne,Vector-borne diseases,tan-c,"Tan, Chongyun",Nanyang Technological University,Singapore,8,3
vector_borne,Vector-borne diseases,dickens-b,"Dickens, Borame L",National University of Singapore,Singapore,7,4
vector_borne,Vector-borne diseases,chong-c,"Chong, Chia Yin",KK Women's and Children's Hospital,Singapore,6,5
vector_borne,Vector-borne diseases,bansal-s,"Bansal, Somya",National University of Singapore,Singapore,6,6
vector_borne,Vector-borne diseases,chang-c,"Chang, Chia-Ling",,Singapore,5,7
vector_borne,Vector-borne diseases,sim-s,"Sim, Shuzhen",Environmental Health Institute,Singapore,5,8
vector_borne,Vector-borne diseases,ooi-e,"Ooi, Eng Eong",Duke-NUS Medical School,Singapore,4,9
vector_borne,Vector-borne diseases,malleret-b,"Malleret, Benoit",National University of Singapore,Singapore,4,10
vector_borne,Vector-borne diseases,luo-d,"Luo, Danyang",,United States,4,11
vector_borne,Vector-borne diseases,deng-l,"Deng, Lu",Environmental Health Institute,Singapore,4,12
vector_borne,Vector-borne diseases,lee-c,"Lee, Cornelius","Agency for Science, Technology and Research",Singapore,4,13
vector_borne,Vector-borne diseases,tan-l,"Tan, Lu",,United States,4,14
vector_borne,Vector-borne diseases,chain-g,"Chain, Grace",Environmental Health Institute,Singapore,4,15
vector_borne,Vector-borne diseases,ng-y,"Ng, Yong Hong",KK Women's and Children's Hospital,Singapore,4,16
vector_borne,Vector-borne diseases,hoffmann-a,"Hoffmann, Ary A",University of Melbourne,Australia,4,17
vector_borne,Vector-borne diseases,ma-p,"Ma, Pei",National University of Singapore,Singapore,4,18
vector_borne,Vector-borne diseases,newton-p,"Newton, Paul N",Mahidol University,Thailand,3,19
vector_borne,Vector-borne diseases,letizia-a,"Letizia, Andrew G",,Singapore,3,20
vector_borne,Vector-borne diseases,ho-s,"Ho, Shirley S",Nanyang Technological University,Singapore,3,21
vector_borne,Vector-borne diseases,lee-w,"Lee, Wai Yen",Singapore General Hospital,Singapore,3,22
vector_borne,Vector-borne diseases,chan-k,"Chan, Kuan Rong",Duke-NUS Medical School,Singapore,3,23
vector_borne,Vector-borne diseases,tan-y,"Tan, Yi Hua",KK Women's and Children's Hospital,Singapore,3,24
vector_borne,Vector-borne diseases,kang-c,"Kang, CongBao",Experimental Drug Development Centre,Singapore,3,25
vector_borne,Vector-borne diseases,mailepessov-d,"Mailepessov, Diyar",Environmental Health Institute,Singapore,3,26
vector_borne,Vector-borne diseases,lai-y,"Lai, Yee Ling",Environmental Health Institute,Singapore,3,27
vector_borne,Vector-borne diseases,lee-v,"Lee, Vernon",Communicable Diseases Agency,Singapore,3,28
vector_borne,Vector-borne diseases,zhang-s,"Zhang, Shengming",,China,3,29
vector_borne,Vector-borne diseases,chow-j,"Chow, Jo Yi",Nanyang Technological University,Singapore,3,30
vector_borne,Vector-borne diseases,blacksell-s,"Blacksell, Stuart D",Mahidol University,Australia,2,31
vector_borne,Vector-borne diseases,kong-l,"Kong, Lida",Mahidol University,Thailand,2,32
vector_borne,Vector-borne diseases,robinson-m,"Robinson, Matthew T",University of Oxford,United Kingdom,2,33
vector_borne,Vector-borne diseases,vongsouvath-m,"Vongsouvath, Manivanh",,,2,34
vector_borne,Vector-borne diseases,mayxay-m,"Mayxay, Mayfong",National University of Singapore,Singapore,2,35
vector_borne,Vector-borne diseases,ashley-e,"Ashley, Elizabeth A",University of Oxford,United Kingdom,2,36
vector_borne,Vector-borne diseases,day-n,"Day, Nicholas P J",Mahidol University,Thailand,2,37
vector_borne,Vector-borne diseases,wang-j,"Wang, Jing",,Singapore,2,38
vector_borne,Vector-borne diseases,cleary-n,"Cleary, Nora G",,United States,2,39
vector_borne,Vector-borne diseases,salyer-a,"Salyer, Adam",,Singapore,2,40
vector_borne,Vector-borne diseases,etobayeva-i,"Etobayeva, Irina V",,Singapore,2,41
vector_borne,Vector-borne diseases,vonfricken-m,"von Fricken, Michael E",,United States,2,42
vector_borne,Vector-borne diseases,velayudhan-r,"Velayudhan, Raman",World Health Organization,Switzerland,2,43
vector_borne,Vector-borne diseases,mcbride-a,"McBride, Angela",University of Oxford,United Kingdom,2,44
vector_borne,Vector-borne diseases,vuong-n,"Vuong, Nguyen Lam",Oxford University Clinical Research Unit,Viet Nam,2,45
vector_borne,Vector-borne diseases,chia-p,"Chia, Po Ying",National Centre for Infectious Diseases,Singapore,2,46
vector_borne,Vector-borne diseases,lam-p,"Lam, Phung Khanh",National University of Singapore,Singapore,2,47
vector_borne,Vector-borne diseases,chanh-h,"Chanh, Ho Quang",Oxford University Clinical Research Unit,Viet Nam,2,48
vector_borne,Vector-borne diseases,watson-j,"Watson, James",University of Oxford,United Kingdom,2,49
vector_borne,Vector-borne diseases,yacoub-s,"Yacoub, Sophie",Oxford University Clinical Research Unit,United Kingdom,2,50
vector_borne,Vector-borne diseases,sivaraman-j,"Sivaraman, J",National University of Singapore,Singapore,2,51
vector_borne,Vector-borne diseases,rabe-i,"Rabe, Ingrid",World Health Organization,Switzerland,2,52
vector_borne,Vector-borne diseases,mendezrico-j,"Mendez-Rico, Jairo",World Health Organization,United States,2,53
vector_borne,Vector-borne diseases,zhao-z,"Zhao, Zhihai",,Singapore,2,54
vector_borne,Vector-borne diseases,cheung-y,"Cheung, Yin Bun",Duke-NUS Medical School,Finland,2,55
vector_borne,Vector-borne diseases,chew-v,"Chew, Valerie S Y",Duke-NUS Medical School,Singapore,2,56
vector_borne,Vector-borne diseases,tan-h,"Tan, Hwee Cheng",Duke-NUS Medical School,Singapore,2,57
vector_borne,Vector-borne diseases,low-j,"Low, Jenny Guek Hong",Singapore General Hospital,Singapore,2,58
vector_borne,Vector-borne diseases,rathore-a,"Rathore, Abhay P S",National University of Singapore,Singapore,2,59
vector_borne,Vector-borne diseases,stjohn-a,"St John, Ashley L",National University of Singapore,Singapore,2,60
vector_borne,Vector-borne diseases,chin-j,"Chin, Joo-Yie",University of Malaya,Malaysia,2,61
vector_borne,Vector-borne diseases,renia-l,"Rénia, Laurent",A*STAR Infectious Diseases Labs,Singapore,2,62
vector_borne,Vector-borne diseases,zhai-y,"Zhai, Yichen",Nanyang Technological University,Singapore,2,63
vector_borne,Vector-borne diseases,cola-j,"Cola, João Paulo",,Brazil,2,64
vector_borne,Vector-borne diseases,vicente-c,"Vicente, Creuza Rachel",,Brazil,2,65
vector_borne,Vector-borne diseases,fornace-k,"Fornace, Kimberly",National University of Singapore,Singapore,2,66
vector_borne,Vector-borne diseases,ngo-k,"Ngo, Khac Huy",Nanyang Technological University,Singapore,2,67
vector_borne,Vector-borne diseases,vasudevan-s,"Vasudevan, Subhash G",Duke-NUS Medical School,Australia,2,68
vector_borne,Vector-borne diseases,silva-n,"Silva, Nelly M",,Portugal,2,69
vector_borne,Vector-borne diseases,martins-a,"Martins, Ana S",,Portugal,2,70
vector_borne,Vector-borne diseases,enguita-f,"Enguita, Francisco J",,Portugal,2,71
vector_borne,Vector-borne diseases,huber-r,"Huber, Roland G",Bioinformatics Institute,Singapore,2,72
vector_borne,Vector-borne diseases,martins-i,"Martins, Ivo C",,Portugal,2,73
vector_borne,Vector-borne diseases,santos-n,"Santos, Nuno C",,Portugal,2,74
vector_borne,Vector-borne diseases,zulkifli-m,"Zulkifli, Muhammad Faizal",Environmental Health Institute,Singapore,2,75
vector_borne,Vector-borne diseases,liew-j,"Liew, Jonathan Wee Kent",Environmental Health Institute,Singapore,2,76
vector_borne,Vector-borne diseases,ginhoux-f,"Ginhoux, Florent",Singapore Immunology Network,Singapore,2,77
vector_borne,Vector-borne diseases,kwak-m,"Kwak, Mackenzie L",,Japan,2,78
vector_borne,Vector-borne diseases,chu-j,"Chu, Justin J H",National University of Singapore,Singapore,2,79
vector_borne,Vector-borne diseases,ward-m,"Ward, Michael P",,Australia,1,80
vector_borne,Vector-borne diseases,young-j,"Young, James R",,Australia,1,81
vector_borne,Vector-borne diseases,bush-r,"Bush, Russell D",,Australia,1,82
vector_borne,Vector-borne diseases,windsor-p,"Windsor, Peter A",,Australia,1,83
vector_borne,Vector-borne diseases,khounsy-s,"Khounsy, Syseng",Mahidol University,Thailand,1,84
vector_borne,Vector-borne diseases,phommachanh-p,"Phommachanh, Phouvong",,,1,85
vector_borne,Vector-borne diseases,theppangna-w,"Theppangna, Watthana",,,1,86
vector_borne,Vector-borne diseases,siengsananlamont-j,"Siengsanan-Lamont, Jarunee",Mahidol University,Thailand,1,87
vector_borne,Vector-borne diseases,burns-r,"Burns, Rebekah",,Australia,1,88
vector_borne,Vector-borne diseases,turner-p,"Turner, Paul",University of Oxford,Cambodia,1,89
vector_borne,Vector-borne diseases,gilbert-j,"Gilbert, Jeffrey",World Health Organization,Switzerland,1,90
vector_borne,Vector-borne diseases,tum-s,"Tum, Sothyra",,Cambodia,1,91
vector_borne,Vector-borne diseases,karlsson-e,"Karlsson, Erik A",,Cambodia,1,92
vector_borne,Vector-borne diseases,conlan-j,"Conlan, James V",,Australia,1,93
vector_borne,Vector-borne diseases,hughes-t,"Hughes, Tom",,Malaysia,1,94
vector_borne,Vector-borne diseases,kolenchery-j,"Kolenchery, Jaison B",Mahidol University,Thailand,1,95
vector_borne,Vector-borne diseases,roberts-t,"Roberts, Tamalee",University of Oxford,United Kingdom,1,96
vector_borne,Vector-borne diseases,ponniah-c,"Ponniah, Caleb",Nanyang Technological University,Singapore,1,97
vector_borne,Vector-borne diseases,surya-w,"Surya, Wahyu",Nanyang Technological University,Singapore,1,98
vector_borne,Vector-borne diseases,torres-j,"Torres, Jaume",Nanyang Technological University,Singapore,1,99
vector_borne,Vector-borne diseases,chi-d,"Chi, Dengkai",,China,1,100
vector_borne,Vector-borne diseases,richards-d,"Richards, Daniel",,New Zealand,1,101
vector_borne,Vector-borne diseases,manoli-g,"Manoli, Gabriele",,Switzerland,1,102
vector_borne,Vector-borne diseases,yang-j,"Yang, Jun",,China,1,103
vector_borne,Vector-borne diseases,ji-j,"Ji, John S",,China,1,104
vector_borne,Vector-borne diseases,zhang-y,"Zhang, Ye",,China,1,105
vector_borne,Vector-borne diseases,lin-b,"Lin, Brenda",,Australia,1,106
vector_borne,Vector-borne diseases,hahs-a,"Hahs, Amy",University of Melbourne,Australia,1,107
vector_borne,Vector-borne diseases,liu-c,"Liu, Congqiang",,China,1,108
vector_borne,Vector-borne diseases,zhu-y,"Zhu, Yue",,China,1,109
vector_borne,Vector-borne diseases,qiu-y,"Qiu, Yeshan",,Singapore,1,110
vector_borne,Vector-borne diseases,burlando-p,"Burlando, Paolo",,Switzerland,1,111
vector_borne,Vector-borne diseases,fatichi-s,"Fatichi, Simone",,Singapore,1,112
vector_borne,Vector-borne diseases,tan-p,"Tan, Puay Yok",,Singapore,1,113
vector_borne,Vector-borne diseases,tsevelmaa-n,"Tsevelmaa, Nyamdelger",,Mongolia,1,114
vector_borne,Vector-borne diseases,paoli-j,"Paoli, Julia E",,United States,1,115
vector_borne,Vector-borne diseases,hoylman-m,"Hoylman, Micah",,United States,1,116
vector_borne,Vector-borne diseases,altantogtokh-d,"Altantogtokh, Doniddemberel",,Mongolia,1,117
vector_borne,Vector-borne diseases,wiley-m,"Wiley, Michael R",,United States,1,118
vector_borne,Vector-borne diseases,wiley-j,"Wiley, Jessica D",,United States,1,119
vector_borne,Vector-borne diseases,perezjimenez-j,"Perez Jimenez, Juan G",,United States,1,120
vector_borne,Vector-borne diseases,davaasuren-n,"Davaasuren, Nergui",,Mongolia,1,121
vector_borne,Vector-borne diseases,bolorchimeg-b,"Bolorchimeg, Buyandelger",,Mongolia,1,122
vector_borne,Vector-borne diseases,amgalanbayar-b,"Amgalanbayar, Bandikhuu",,Mongolia,1,123
vector_borne,Vector-borne diseases,mavian-c,"Mavian, Carla",,United States,1,124
vector_borne,Vector-borne diseases,boldbaatar-b,"Boldbaatar, Bazartseren",,Mongolia,1,125
vector_borne,Vector-borne diseases,turner-h,"Turner, Hugo C",Imperial College London,United Kingdom,1,126
vector_borne,Vector-borne diseases,hung-t,"Hung, Trinh Manh",,Australia,1,127
vector_borne,Vector-borne diseases,brady-o,"Brady, Oliver J",London School of Hygiene & Tropical Medicine,United Kingdom,1,128
vector_borne,Vector-borne diseases,dorigatti-i,"Dorigatti, Ilaria",Imperial College London,United Kingdom,1,129
vector_borne,Vector-borne diseases,clapham-h,"Clapham, Hannah E",National University of Singapore,Singapore,1,130
vector_borne,Vector-borne diseases,ou-m,"Ou, Mengxue",,China,1,131
vector_borne,Vector-borne diseases,adhikari-s,"Adhikari, Sudeep",Oxford University Clinical Research Unit,Nepal,1,132
vector_borne,Vector-borne diseases,han-s,"Han, Su Myat",,Japan,1,133
vector_borne,Vector-borne diseases,trieu-h,"Trieu, Huynh Trung",,Viet Nam,1,134
vector_borne,Vector-borne diseases,rajahram-g,"Rajahram, Giri",,Malaysia,1,135
vector_borne,Vector-borne diseases,horby-p,"Horby, Peter",University of Oxford,United Kingdom,1,136
vector_borne,Vector-borne diseases,yeo-t,"Yeo, Tsin Wen",National Centre for Infectious Diseases,Singapore,1,137
vector_borne,Vector-borne diseases,kestelyn-e,"Kestelyn, Evelyne",Oxford University Clinical Research Unit,United Kingdom,1,138
vector_borne,Vector-borne diseases,trung-t,"Trung, Truong Ngoc",,Viet Nam,1,139
vector_borne,Vector-borne diseases,biswas-s,"Biswas, Shibani",,India,1,140
vector_borne,Vector-borne diseases,manickam-y,"Manickam, Yogavel",,India,1,141
vector_borne,Vector-borne diseases,khai-c,"Khai, Choong Yeu",National University of Singapore,Singapore,1,142
vector_borne,Vector-borne diseases,goswami-r,"Goswami, Ritu",,India,1,143
vector_borne,Vector-borne diseases,sukla-s,"Sukla, Sanskrita",National University of Singapore,Singapore,1,144
vector_borne,Vector-borne diseases,barbosa-r,"Barbosa, Rosicler",,France,1,145
vector_borne,Vector-borne diseases,sung-s,"Sung, Sihyun",,France,1,146
vector_borne,Vector-borne diseases,chaturvedi-r,"Chaturvedi, Rini",,India,1,147
vector_borne,Vector-borne diseases,marquez-j,"Márquez, José Antonio",,France,1,148
vector_borne,Vector-borne diseases,chaki-a,"Chaki, Aditya",,India,1,149
vector_borne,Vector-borne diseases,sharma-a,"Sharma, Amit",,India,1,150
vector_borne,Vector-borne diseases,das-r,"Das, Ram",,India,1,151
vector_borne,Vector-borne diseases,chakraborti-s,"Chakraborti, Soumyananda",,India,1,152
vector_borne,Vector-borne diseases,duan-g,"Duan, Gang",,China,1,153
vector_borne,Vector-borne diseases,duan-s,"Duan, Sicheng",National University of Singapore,Singapore,1,154
vector_borne,Vector-borne diseases,nie-s,"Nie, Shujun",,China,1,155
vector_borne,Vector-borne diseases,gu-w,"Gu, Wanjiang",,China,1,156
vector_borne,Vector-borne diseases,chong-e,"Chong, Elliot Yeung",Singapore General Hospital,Singapore,1,157
vector_borne,Vector-borne diseases,lim-s,"Lim, Soon Kok",Communicable Diseases Agency,Singapore,1,158
vector_borne,Vector-borne diseases,ho-c,"Ho, Cyrus S H",National University of Singapore,Singapore,1,159
vector_borne,Vector-borne diseases,kumar-r,"Kumar, Rajneesh",Singapore General Hospital,Singapore,1,160
vector_borne,Vector-borne diseases,ng-i,"Ng, Isaac Ks",National University Hospital,Singapore,1,161
vector_borne,Vector-borne diseases,leung-a,"Leung, An Jian",National University Hospital,Singapore,1,162
vector_borne,Vector-borne diseases,goh-w,"Goh, Wilson Gw",National University Hospital,Singapore,1,163
vector_borne,Vector-borne diseases,kwan-r,"Kwan, Rowena Lee Ying",National University of Singapore,Singapore,1,164
vector_borne,Vector-borne diseases,chia-h,"Chia, Hui Yi",National Skin Centre,Singapore,1,165
vector_borne,Vector-borne diseases,vasoo-s,"Vasoo, Shawn",National Centre for Infectious Diseases,Singapore,1,166
vector_borne,Vector-borne diseases,pan-j,"Pan, Jiun Yit",National Skin Centre,Singapore,1,167
vector_borne,Vector-borne diseases,subissi-l,"Subissi, Lorenzo",World Health Organization,Switzerland,1,168
vector_borne,Vector-borne diseases,otieno-j,"Otieno, James R",World Health Organization,Switzerland,1,169
vector_borne,Vector-borne diseases,ruis-c,"Ruis, Christopher",University of Cambridge,United Kingdom,1,170
vector_borne,Vector-borne diseases,agrawal-a,"Agrawal, Anurag",,India,1,171
vector_borne,Vector-borne diseases,aburaddad-l,"Abu-Raddad, Laith Jamal",,Qatar,1,172
vector_borne,Vector-borne diseases,azhar-e,"Azhar, Esam I",,Saudi Arabia,1,173
vector_borne,Vector-borne diseases,beer-m,"Beer, Martin",,Germany,1,174
vector_borne,Vector-borne diseases,bezerra-h,"Bezerra, Haroldo",World Health Organization,United States,1,175
vector_borne,Vector-borne diseases,caly-l,"Caly, Leon",,Australia,1,176
vector_borne,Vector-borne diseases,chand-m,"Chand, Meera",UK Health Security Agency,United Kingdom,1,177
vector_borne,Vector-borne diseases,companioni-a,"Companioni, Ariamys",,Cuba,1,178
vector_borne,Vector-borne diseases,deoliveira-t,"de Oliveira, Tulio",,South Africa,1,179
vector_borne,Vector-borne diseases,dietrich-i,"Dietrich, Isabelle",,United Kingdom,1,180
vector_borne,Vector-borne diseases,drosten-c,"Drosten, Christian",,Germany,1,181
vector_borne,Vector-borne diseases,duran-p,"Duran, Pablo",World Health Organization,United States,1,182
vector_borne,Vector-borne diseases,faria-n,"Faria, Nuno R",Imperial College London,Brazil,1,183
vector_borne,Vector-borne diseases,fowotade-a,"Fowotade, Adeola",,Nigeria,1,184
vector_borne,Vector-borne diseases,gresh-l,"Gresh, Lionel",World Health Organization,United States,1,185
vector_borne,Vector-borne diseases,huang-b,"Huang, Baoying",,China,1,186
vector_borne,Vector-borne diseases,kindrachuk-j,"Kindrachuk, Jason",,Canada,1,187
vector_borne,Vector-borne diseases,koopmans-m,"Koopmans, Marion P G",,Netherlands,1,188
vector_borne,Vector-borne diseases,korber-b,"Korber, Bette",,United States,1,189
vector_borne,Vector-borne diseases,leo-y,"Leo, Yee-Sin",Nanyang Technological University,Singapore,1,190
vector_borne,Vector-borne diseases,mbalakingebeni-p,"Mbala-Kingebeni, Placide",,Democratic Republic of the Congo,1,191
vector_borne,Vector-borne diseases,mcmenamin-m,"McMenamin, Martina",World Health Organization,Switzerland,1,192
vector_borne,Vector-borne diseases,melhem-n,"Melhem, Nada M",,Lebanon,1,193
vector_borne,Vector-borne diseases,munster-v,"Munster, Vincent J",National Institutes of Health,United States,1,194
vector_borne,Vector-borne diseases,nunes-b,"Nunes, Bruno T D",,Brazil,1,195
vector_borne,Vector-borne diseases,oudemunnink-b,"Oude Munnink, Bas B",,Netherlands,1,196
vector_borne,Vector-borne diseases,naveca-f,"Naveca, Felipe G",,Brazil,1,197
vector_borne,Vector-borne diseases,peiris-m,"Peiris, Malik",University of Hong Kong,China,1,198
vector_borne,Vector-borne diseases,palacios-g,"Palacios, Gustavo",,United States,1,199
vector_borne,Vector-borne diseases,resende-p,"Resende, Paola",,Brazil,1,200
vector_borne,Vector-borne diseases,rodriguez-a,"Rodriguez, Angel",World Health Organization,United States,1,201
vector_borne,Vector-borne diseases,saha-s,"Saha, Senjuti",,Bangladesh,1,202
vector_borne,Vector-borne diseases,suzuki-t,"Suzuki, Tadaki",,Japan,1,203
vector_borne,Vector-borne diseases,vicari-a,"Vicari, Andrea",World Health Organization,United States,1,204
vector_borne,Vector-borne diseases,vongottberg-a,"von Gottberg, Anne",,South Africa,1,205
vector_borne,Vector-borne diseases,yadav-p,"Yadav, Pragya",,India,1,206
vector_borne,Vector-borne diseases,vankerkhove-m,"Van Kerkhove, Maria D",World Health Organization,Switzerland,1,207
vector_borne,Vector-borne diseases,rojas-d,"Rojas, Diana P",World Health Organization,Switzerland,1,208
vector_borne,Vector-borne diseases,saraswati-k,"Saraswati, Kartika",Mahidol University,Singapore,1,209
vector_borne,Vector-borne diseases,perrone-c,"Perrone, Carlo",Mahidol University,Thailand,1,210
vector_borne,Vector-borne diseases,batty-e,"Batty, Elizabeth M",Mahidol University,Thailand,1,211
vector_borne,Vector-borne diseases,wongsantichon-j,"Wongsantichon, Jantana",Mahidol University,Thailand,1,212
vector_borne,Vector-borne diseases,sonthayanon-p,"Sonthayanon, Piengchan",Mahidol University,Thailand,1,213
vector_borne,Vector-borne diseases,wangrangsimakul-t,"Wangrangsimakul, Tri",University of Oxford,United Kingdom,1,214
vector_borne,Vector-borne diseases,elliott-i,"Elliott, Ivo",University of Oxford,United Kingdom,1,215
vector_borne,Vector-borne diseases,shincy-m,"Shincy, Mettingal Ramakrishnan",,India,1,216
vector_borne,Vector-borne diseases,teoh-l,"Teoh, Lay Sin",,Singapore,1,217
vector_borne,Vector-borne diseases,ravikumar-k,"Ravikumar, Kadahalli Lingegowda",,India,1,218
vector_borne,Vector-borne diseases,ong-h,"Ong, Haris",,Singapore,1,219
vector_borne,Vector-borne diseases,mak-m,"Mak, Matthew",,Singapore,1,220
vector_borne,Vector-borne diseases,du-y,"Du, Yang",,Singapore,1,221
vector_borne,Vector-borne diseases,alam-m,"Alam, Mohammad Shafiul",,Bangladesh,1,222
vector_borne,Vector-borne diseases,xu-n,"Xu, Na",,Singapore,1,223
vector_borne,Vector-borne diseases,milligan-p,"Milligan, Paul",London School of Hygiene & Tropical Medicine,United Kingdom,1,224
vector_borne,Vector-borne diseases,loh-m,"Loh, Martin Wei-Pin",Nanyang Technological University,Singapore,1,225
vector_borne,Vector-borne diseases,kon-m,"Kon, Mattias Wei Ren",National University of Singapore,Singapore,1,226
vector_borne,Vector-borne diseases,krishna-a,"Krishna, Akshaya",Nanyang Technological University,Singapore,1,227
vector_borne,Vector-borne diseases,chan-f,"Chan, Frederick Hui Fei",University of Hong Kong,China,1,228
vector_borne,Vector-borne diseases,griva-k,"Griva, Konstadina",Nanyang Technological University,Singapore,1,229
vector_borne,Vector-borne diseases,janha-o,"Janha, Omar",,United Kingdom,1,230
vector_borne,Vector-borne diseases,olaniyan-n,"Olaniyan, Niniola",,United Kingdom,1,231
vector_borne,Vector-borne diseases,diam-g,"Diam, Go Ka",Nanyang Technological University,Singapore,1,232
vector_borne,Vector-borne diseases,sharma-s,"Sharma, Saumya",,United Kingdom,1,233
vector_borne,Vector-borne diseases,beraldi-d,"Beraldi, Dario",,United Kingdom,1,234
vector_borne,Vector-borne diseases,jamieson-a,"Jamieson, Andrew G",,United Kingdom,1,235
vector_borne,Vector-borne diseases,bozdech-z,"Bozdech, Zbynek",Nanyang Technological University,Singapore,1,236
vector_borne,Vector-borne diseases,tobin-a,"Tobin, Andrew B",,United Kingdom,1,237
vector_borne,Vector-borne diseases,modrzynska-k,"Modrzynska, Katarzyna",,United Kingdom,1,238
vector_borne,Vector-borne diseases,syenina-a,"Syenina, Ayesa",Duke-NUS Medical School,Singapore,1,239
vector_borne,Vector-borne diseases,tham-c,"Tham, Christine Y L",Duke-NUS Medical School,Singapore,1,240
vector_borne,Vector-borne diseases,tng-d,"Tng, Danny J H",Duke-NUS Medical School,Singapore,1,241
vector_borne,Vector-borne diseases,yee-j,"Yee, Jia Xin",Duke-NUS Medical School,Singapore,1,242
vector_borne,Vector-borne diseases,leong-y,"Leong, Yan Shan",Duke-NUS Medical School,Singapore,1,243
vector_borne,Vector-borne diseases,hamis-n,"Hamis, Noor Zayanah",Duke-NUS Medical School,Singapore,1,244
vector_borne,Vector-borne diseases,joon-h,"Joon, Han Yi",Duke-NUS Medical School,Singapore,1,245
vector_borne,Vector-borne diseases,chan-j,"Chan, Jing Ti",Singapore General Hospital,Singapore,1,246
vector_borne,Vector-borne diseases,yang-y,"Yang, Yi Yan","Agency for Science, Technology and Research",Singapore,1,247
vector_borne,Vector-borne diseases,ong-e,"Ong, Eleanor J",National University of Singapore,Singapore,1,248
vector_borne,Vector-borne diseases,tan-a,"Tan, Ade Xin Ning",KK Women's and Children's Hospital,Singapore,1,249
vector_borne,Vector-borne diseases,hussin-i,"Hussin, Ilyas",KK Women's and Children's Hospital,Singapore,1,250
vector_borne,Vector-borne diseases,maiwald-m,"Maiwald, Matthias",KK Women's and Children's Hospital,Singapore,1,251
vector_borne,Vector-borne diseases,chiong-t,"Chiong, Terri Xiao-Bei",KK Women's and Children's Hospital,Singapore,1,252
vector_borne,Vector-borne diseases,tan-n,"Tan, Ngiap Chuan",SingHealth,Singapore,1,253
vector_borne,Vector-borne diseases,davis-c,"Davis, Christeen",,India,1,254
vector_borne,Vector-borne diseases,lakshmi-v,"Lakshmi, V S",,India,1,255
vector_borne,Vector-borne diseases,meloth-s,"Meloth, Sreenath",,India,1,256
vector_borne,Vector-borne diseases,naidu-r,"Naidu, Renugah",,Singapore,1,257
vector_borne,Vector-borne diseases,chu-t,"Chu, Trang T T",,Singapore,1,258
vector_borne,Vector-borne diseases,sreejith-r,"Sreejith, Rema",,India,1,259
vector_borne,Vector-borne diseases,vijayan-k,"Vijayan, Kamalakannan",,,1,260
vector_borne,Vector-borne diseases,kumar-m,"Kumar, Manish",,,1,261
vector_borne,Vector-borne diseases,shanmugam-d,"Shanmugam, Dhanasekaran",,India,1,262
vector_borne,Vector-borne diseases,chandramohanadas-r,"Chandramohanadas, Rajesh",,India,1,263
vector_borne,Vector-borne diseases,nowakowski-a,"Nowakowski, Anais",,South Africa,1,264
vector_borne,Vector-borne diseases,elguero-e,"Elguero, Eric",,France,1,265
vector_borne,Vector-borne diseases,patterson-k,"Patterson, Katie",London School of Hygiene & Tropical Medicine,United Kingdom,1,266
vector_borne,Vector-borne diseases,boissiere-a,"Boissière, Anne",,France,1,267
vector_borne,Vector-borne diseases,degrugillier-f,"Degrugillier, Fanny",,France,1,268
vector_borne,Vector-borne diseases,sidobre-c,"Sidobre, Christine",,France,1,269
vector_borne,Vector-borne diseases,arnathau-c,"Arnathau, Celine",,France,1,270
vector_borne,Vector-borne diseases,grentzinger-p,"Grentzinger, Pauline",,,1,271
vector_borne,Vector-borne diseases,willaume-e,"Willaume, Eric",,,1,272
vector_borne,Vector-borne diseases,talman-a,"Talman, Arthur M",,France,1,273
vector_borne,Vector-borne diseases,boundenga-l,"Boundenga, Larson",,United Kingdom,1,274
vector_borne,Vector-borne diseases,ngoubangoye-b,"Ngoubangoye, Barthelemy",,,1,275
vector_borne,Vector-borne diseases,prugnolle-f,"Prugnolle, Franck",,South Africa,1,276
vector_borne,Vector-borne diseases,wassmer-s,"Wassmer, Samuel C",London School of Hygiene & Tropical Medicine,United Kingdom,1,277
vector_borne,Vector-borne diseases,rougeron-v,"Rougeron, Virginie",,South Africa,1,278
vector_borne,Vector-borne diseases,xi-z,"Xi, Zhiyong",,United States,1,279
vector_borne,Vector-borne diseases,ribeirodejesus-n,"Ribeiro de Jesus, Nicolli",,Brazil,1,280
vector_borne,Vector-borne diseases,santosdesouza-c,"Santos de Souza, Caio",,Brazil,1,281
vector_borne,Vector-borne diseases,ramorim-m,"R Amorim, Mariene",,Brazil,1,282
vector_borne,Vector-borne diseases,gomescatozo-r,"Gomes Catozo, Raquel",,Brazil,1,283
vector_borne,Vector-borne diseases,mguedes-b,"M Guedes, Bruno Luiz",,Brazil,1,284
vector_borne,Vector-borne diseases,caetanopimenta-b,"Caetano Pimenta, Bruna",,Brazil,1,285
vector_borne,Vector-borne diseases,nuneszordan-j,"Nunes Zordan, Julia Sthefany",,Brazil,1,286
vector_borne,Vector-borne diseases,barcellosmadeirarosa-y,"Barcellos Madeira Rosa, Yasmim",,Brazil,1,287
vector_borne,Vector-borne diseases,tamaninisilvamoschen-h,"Tamanini Silva Moschen, Henrique",,Brazil,1,288
vector_borne,Vector-borne diseases,souzaareias-a,"Souza Areias, Aline",,Brazil,1,289
vector_borne,Vector-borne diseases,comerio-t,"Comerio, Tatiane",,Brazil,1,290
vector_borne,Vector-borne diseases,valimsarmento-i,"Valim Sarmento, Isabela",,Brazil,1,291
vector_borne,Vector-borne diseases,mirandafardin-j,"Miranda Fardin, Julia",,Brazil,1,292
vector_borne,Vector-borne diseases,deolivieragomes-d,"de Oliviera Gomes, Daniel Claudio",,Brazil,1,293
vector_borne,Vector-borne diseases,kumar-k,"Kumar, Kiven",Duke-NUS Medical School,Singapore,1,294
vector_borne,Vector-borne diseases,maltaromano-c,"Malta Romano, Camila",,Brazil,1,295
vector_borne,Vector-borne diseases,suwanarusk-r,"Suwanarusk, Rossarin",,Japan,1,296
vector_borne,Vector-borne diseases,chua-a,"Chua, Adeline C Y",A*STAR Infectious Diseases Labs,Singapore,1,297
vector_borne,Vector-borne diseases,ezenwanne-c,"Ezenwanne, Chukwuma S",,Japan,1,298
vector_borne,Vector-borne diseases,snounou-g,"Snounou, Georges",Mahidol University,France,1,299
vector_borne,Vector-borne diseases,kosaisavee-v,"Kosaisavee, Varakorn",Mahidol University,Thailand,1,300
vector_borne,Vector-borne diseases,lombardini-e,"Lombardini, Eric D",,Thailand,1,301
vector_borne,Vector-borne diseases,imerbsin-r,"Imerbsin, Rawiwan",,Thailand,1,302
vector_borne,Vector-borne diseases,sunyakumthorn-p,"Sunyakumthorn, Piyanate",,Thailand,1,303
vector_borne,Vector-borne diseases,katakai-y,"Katakai, Yuko",,Japan,1,304
vector_borne,Vector-borne diseases,sakaguchi-m,"Sakaguchi, Miako",,Japan,1,305
vector_borne,Vector-borne diseases,kyle-d,"Kyle, Dennis E",,United States,1,306
vector_borne,Vector-borne diseases,kawai-s,"Kawai, Satoru",,Japan,1,307
vector_borne,Vector-borne diseases,annoura-t,"Annoura, Takeshi",,Japan,1,308
vector_borne,Vector-borne diseases,bifani-p,"Bifani, Pablo",A*STAR Infectious Diseases Labs,Singapore,1,309
vector_borne,Vector-borne diseases,kaneko-o,"Kaneko, Osamu",,Japan,1,310
vector_borne,Vector-borne diseases,russell-b,"Russell, Bruce",Mahidol University,Japan,1,311
vector_borne,Vector-borne diseases,brioschidossantos-a,"Brioschi Dos Santos, Ana Paula",,Brazil,1,312
vector_borne,Vector-borne diseases,cardoso-t,"Cardoso, Theresa Cristina",,Brazil,1,313
vector_borne,Vector-borne diseases,junior-c,"Junior, Crispim Cerutti",,Brazil,1,314
vector_borne,Vector-borne diseases,gobbi-s,"Gobbi, Stefano",,Brazil,1,315
vector_borne,Vector-borne diseases,luchdossantos-j,"Luch Dos Santos, Julia",,Brazil,1,316
vector_borne,Vector-borne diseases,miranda-a,"Miranda, Angelica Espinosa",,Brazil,1,317
vector_borne,Vector-borne diseases,lim-y,"Lim, Yi-Jun",University of Malaya,Malaysia,1,318
vector_borne,Vector-borne diseases,chong-g,"Chong, Gordon Xue-Zhen",University of Malaya,Malaysia,1,319
vector_borne,Vector-borne diseases,mohammedsyafiei-m,"Mohammed-Syafiei, Muhammed-Nur-Iman",University of Malaya,Malaysia,1,320
vector_borne,Vector-borne diseases,suhaimi-m,"Suhaimi, Muhammad-Nasreen",University of Malaya,Malaysia,1,321
vector_borne,Vector-borne diseases,nordin-s,"Nordin, Siti-Nursyazziana",University of Malaya,Malaysia,1,322
vector_borne,Vector-borne diseases,fung-s,"Fung, Shin-Yee",University of Malaya,Malaysia,1,323
vector_borne,Vector-borne diseases,tabo-h,"Tabo, Hazel Anne",,Philippines,1,324
vector_borne,Vector-borne diseases,wilairatana-p,"Wilairatana, Polrat",Mahidol University,Thailand,1,325
vector_borne,Vector-borne diseases,hailu-t,"Hailu, Tadesse",,Ethiopia,1,326
vector_borne,Vector-borne diseases,nissapatorn-v,"Nissapatorn, Veeranoot",,Thailand,1,327
vector_borne,Vector-borne diseases,yu-h,"Yu, Hui-Ying",,Taiwan,1,328
vector_borne,Vector-borne diseases,chen-b,"Chen, Bo-Yu",,Taiwan,1,329
vector_borne,Vector-borne diseases,chen-y,"Chen, Yinzhe",,China,1,330
vector_borne,Vector-borne diseases,huang-w,"Huang, Wei-Kang",,Taiwan,1,331
vector_borne,Vector-borne diseases,yang-c,"Yang, Chuan","Agency for Science, Technology and Research",Singapore,1,332
vector_borne,Vector-borne diseases,wu-y,"Wu, Yung-Chieh",,Taiwan,1,333
vector_borne,Vector-borne diseases,wan-m,"Wan, Mei-Hsiu",,Taiwan,1,334
vector_borne,Vector-borne diseases,yeh-w,"Yeh, Wen-Sheng",,Taiwan,1,335
vector_borne,Vector-borne diseases,goh-f,"Goh, Feng-Guang",National University of Singapore,Singapore,1,336
vector_borne,Vector-borne diseases,hou-x,"Hou, Xinjun",National University of Singapore,Singapore,1,337
vector_borne,Vector-borne diseases,toh-p,"Toh, Pui-Kuan",National University of Singapore,Singapore,1,338
vector_borne,Vector-borne diseases,ng-s,"Ng, Sui-Hann",National University of Singapore,Singapore,1,339
vector_borne,Vector-borne diseases,cai-y,"Cai, Yiying",National University of Singapore,Singapore,1,340
vector_borne,Vector-borne diseases,li-j,"Li, Jiahui",KK Women's and Children's Hospital,Singapore,1,341
vector_borne,Vector-borne diseases,chen-c,"Chen, Chih-Hwa",,Taiwan,1,342
vector_borne,Vector-borne diseases,liu-w,"Liu, Wei-Liang",,Taiwan,1,343
vector_borne,Vector-borne diseases,luo-y,"Luo, Yunzi",,China,1,344
vector_borne,Vector-borne diseases,liu-p,"Liu, Po-Yu",,Taiwan,1,345
vector_borne,Vector-borne diseases,mertis-a,"Mertis, Andres",,Estonia,1,346
vector_borne,Vector-borne diseases,vythilingam-i,"Vythilingam, Indra",University of Malaya,Malaysia,1,347
vector_borne,Vector-borne diseases,jeyaprakasam-n,"Jeyaprakasam, Nantha K",,Malaysia,1,348
vector_borne,Vector-borne diseases,irish-s,"Irish, Seth R",World Health Organization,Switzerland,1,349
vector_borne,Vector-borne diseases,chung-d,"Chung, Donghoon",,United States,1,350
vector_borne,Vector-borne diseases,otsuka-y,"Otsuka, Yuka",,United States,1,351
vector_borne,Vector-borne diseases,kim-e,"Kim, Eunjung",,United States,1,352
vector_borne,Vector-borne diseases,ullah-s,"Ullah, Sultan",,United States,1,353
vector_borne,Vector-borne diseases,kennedy-n,"Kennedy, Nicole M",,United States,1,354
vector_borne,Vector-borne diseases,kang-j,"Kang, Jinjoo",,United States,1,355
vector_borne,Vector-borne diseases,tomlinson-r,"Tomlinson, Reece",,United States,1,356
vector_borne,Vector-borne diseases,alejandro-b,"Alejandro, Brian",,United States,1,357
vector_borne,Vector-borne diseases,barnaby-k,"Barnaby, Koji",,United States,1,358
vector_borne,Vector-borne diseases,miller-j,"Miller, Jeffrey",,United States,1,359
vector_borne,Vector-borne diseases,shumate-j,"Shumate, Justin",,United States,1,360
vector_borne,Vector-borne diseases,teo-c,"Teo, Chwee Fang",Nanyang Technological University,Singapore,1,361
vector_borne,Vector-borne diseases,chew-c,"Chew, Che Shin",Nanyang Technological University,Singapore,1,362
vector_borne,Vector-borne diseases,scampavia-l,"Scampavia, Louis",,United States,1,363
vector_borne,Vector-borne diseases,spicer-t,"Spicer, Timothy P",,United States,1,364
vector_borne,Vector-borne diseases,bannister-t,"Bannister, Thomas D",,United States,1,365
vector_borne,Vector-borne diseases,vanhnollat-c,"Vanhnollat, Chittaphone",,Lao PDR,1,366
vector_borne,Vector-borne diseases,chonephetsarath-s,"Chonephetsarath, Somsanith",,Lao PDR,1,367
vector_borne,Vector-borne diseases,somlor-s,"Somlor, Somphavanh",,Lao PDR,1,368
vector_borne,Vector-borne diseases,vungkyly-v,"Vungkyly, Veaky",,Lao PDR,1,369
vector_borne,Vector-borne diseases,soulaphy-t,"Soulaphy, Tiger",,Lao PDR,1,370
vector_borne,Vector-borne diseases,vongsanga-s,"Vongsanga, Sopha",,Lao PDR,1,371
vector_borne,Vector-borne diseases,bigot-t,"Bigot, Thomas",,France,1,372
vector_borne,Vector-borne diseases,wong-g,"Wong, Gary",,Lao PDR,1,373
vector_borne,Vector-borne diseases,brey-p,"Brey, Paul T",,Lao PDR,1,374
vector_borne,Vector-borne diseases,buchy-p,"Buchy, Philippe",,Lao PDR,1,375
vector_borne,Vector-borne diseases,vongphayloth-k,"Vongphayloth, Khamsing",,Lao PDR,1,376
vector_borne,Vector-borne diseases,kiousis-d,"Kiousis, Dimitrios",,Greece,1,377
vector_borne,Vector-borne diseases,kalyva-g,"Kalyva, Georgia",,Greece,1,378
vector_borne,Vector-borne diseases,giannioti-d,"Giannioti, Despoina",,Greece,1,379
vector_borne,Vector-borne diseases,katsigianni-k,"Katsigianni, Konstantina",,Greece,1,380
vector_borne,Vector-borne diseases,zogali-v,"Zogali, Vasiliki",,Greece,1,381
vector_borne,Vector-borne diseases,mahid-m,"Mahid, Maharah Binte Abdul",Duke-NUS Medical School,Singapore,1,382
vector_borne,Vector-borne diseases,matsoukas-m,"Matsoukas, Minos-Timotheos",,Greece,1,383
vector_borne,Vector-borne diseases,rassias-g,"Rassias, Gerasimos",,Greece,1,384
vector_borne,Vector-borne diseases,karguth-n,"Karguth, Nina E",,Portugal,1,385
vector_borne,Vector-borne diseases,sarmento-m,"Sarmento, Maria J",,Portugal,1,386
vector_borne,Vector-borne diseases,vasquez-k,"Vasquez, Kathryn",Environmental Health Institute,Singapore,1,387
vector_borne,Vector-borne diseases,chau-m,"Chau, Man Ling",Environmental Health Institute,Singapore,1,388
vector_borne,Vector-borne diseases,wong-j,"Wong, Judith Chui Ching",Environmental Health Institute,Singapore,1,389
vector_borne,Vector-borne diseases,wu-t,"Wu, Tong",National University of Singapore,Singapore,1,390
vector_borne,Vector-borne diseases,wang-f,"Wang, Feizuo",National University of Singapore,Singapore,1,391
vector_borne,Vector-borne diseases,wang-b,"Wang, Boyang",,China,1,392
vector_borne,Vector-borne diseases,wong-x,"Wong, Xin Yu",National University of Singapore,Singapore,1,393
vector_borne,Vector-borne diseases,ma-s,"Ma, Shengsheng",National University of Singapore,Singapore,1,394
vector_borne,Vector-borne diseases,liu-y,"Liu, Yanfei",,China,1,395
vector_borne,Vector-borne diseases,yao-f,"Yao, Fangyao",National University of Singapore,Singapore,1,396
vector_borne,Vector-borne diseases,zeng-z,"Zeng, Zhifeng",National University of Singapore,Singapore,1,397
vector_borne,Vector-borne diseases,yang-s,"Yang, Sheng",,China,1,398
vector_borne,Vector-borne diseases,liu-k,"Liu, Kunming",National University of Singapore,Singapore,1,399
vector_borne,Vector-borne diseases,wang-q,"Wang, Qi",National University of Singapore,Singapore,1,400
vector_borne,Vector-borne diseases,wang-y,"Wang, Yi",National University of Singapore,Singapore,1,401
vector_borne,Vector-borne diseases,zang-y,"Zang, Yunxiang",,China,1,402
vector_borne,Vector-borne diseases,wang-x,"Wang, Xianli",,China,1,403
vector_borne,Vector-borne diseases,huang-x,"Huang, Xingxu",,China,1,404
vector_borne,Vector-borne diseases,li-s,"Li, Shao",,China,1,405
vector_borne,Vector-borne diseases,ji-q,"Ji, Quanquan",National University of Singapore,Singapore,1,406
vector_borne,Vector-borne diseases,hu-t,"Hu, Ting Huey",National University of Singapore,Singapore,1,407
vector_borne,Vector-borne diseases,hu-c,"Hu, Chunyi",National University of Singapore,Singapore,1,408
vector_borne,Vector-borne diseases,marti-a,"Marti, Andrea",,Switzerland,1,409
vector_borne,Vector-borne diseases,nater-a,"Nater, Alexander",,Switzerland,1,410
vector_borne,Vector-borne diseases,magalhaes-j,"Magalhaes, Jenny Pego",,Switzerland,1,411
vector_borne,Vector-borne diseases,donze-n,"Donzé, Noelle",,Switzerland,1,412
vector_borne,Vector-borne diseases,gerber-m,"Gerber, Markus",,Switzerland,1,413
vector_borne,Vector-borne diseases,almeida-l,"Almeida, Lea",,Switzerland,1,414
vector_borne,Vector-borne diseases,liniger-m,"Liniger, Matthias",,Switzerland,1,415
vector_borne,Vector-borne diseases,chenaux-s,"Chenaux, Sandra",,Switzerland,1,416
vector_borne,Vector-borne diseases,ruggli-n,"Ruggli, Nicolas",,Switzerland,1,417
vector_borne,Vector-borne diseases,alnaji-f,"Alnaji, Fadi G","Agency for Science, Technology and Research",Singapore,1,418
vector_borne,Vector-borne diseases,vignuzzi-m,"Vignuzzi, Marco","Agency for Science, Technology and Research",Singapore,1,419
vector_borne,Vector-borne diseases,garcianicolas-o,"Garcia-Nicolas, Obdulio",,Switzerland,1,420
vector_borne,Vector-borne diseases,summerfield-a,"Summerfield, Artur",,Switzerland,1,421
vector_borne,Vector-borne diseases,tricou-v,"Tricou, Vianney",Takeda Pharmaceuticals,Switzerland,1,422
vector_borne,Vector-borne diseases,saezllorens-x,"Saez-Llorens, Xavier",,Panama,1,423
vector_borne,Vector-borne diseases,kosalaraksa-p,"Kosalaraksa, Pope",,Thailand,1,424
vector_borne,Vector-borne diseases,reynales-h,"Reynales, Humberto",,Colombia,1,425
vector_borne,Vector-borne diseases,sirivichayakul-c,"Sirivichayakul, Chukiat",Mahidol University,Thailand,1,426
vector_borne,Vector-borne diseases,borjatabora-c,"Borja-Tabora, Charissa",,Philippines,1,427
vector_borne,Vector-borne diseases,messer-w,"Messer, William B",,United States,1,428
vector_borne,Vector-borne diseases,moss-k,"Moss, Kelley J",Takeda Pharmaceuticals,United States,1,429
vector_borne,Vector-borne diseases,mandaric-s,"Mandaric, Sanja",Takeda Pharmaceuticals,Switzerland,1,430
vector_borne,Vector-borne diseases,roubinis-n,"Roubinis, Nicholas",Takeda Pharmaceuticals,Switzerland,1,431
vector_borne,Vector-borne diseases,sharma-m,"Sharma, Mayuri",Takeda Pharmaceuticals,United States,1,432
vector_borne,Vector-borne diseases,livengood-j,"Livengood, Jill",Takeda Pharmaceuticals,United States,1,433
vector_borne,Vector-borne diseases,pang-h,"Pang, Hang",Takeda Pharmaceuticals,United States,1,434
vector_borne,Vector-borne diseases,rauscher-m,"Rauscher, Martina",Takeda Pharmaceuticals,Switzerland,1,435
vector_borne,Vector-borne diseases,biswal-s,"Biswal, Shibadas",Takeda Pharmaceuticals,United States,1,436
vector_borne,Vector-borne diseases,mauel-k,"Mauel, Katharina",Peter Doherty Institute for Infection and Immunity,Australia,1,437
vector_borne,Vector-borne diseases,hirschmann-d,"Hirschmann, Daria",Peter Doherty Institute for Infection and Immunity,Australia,1,438
vector_borne,Vector-borne diseases,blankstein-n,"Blank-Stein, Nelli",,Germany,1,439
vector_borne,Vector-borne diseases,diefenbachwilke-m,"Diefenbach-Wilke, Marie-Louise",,Germany,1,440
vector_borne,Vector-borne diseases,eulgem-t,"Eulgem, Theresa",,Germany,1,441
vector_borne,Vector-borne diseases,le-s,"Le, Shirley",Peter Doherty Institute for Infection and Immunity,Australia,1,442
vector_borne,Vector-borne diseases,breit-s,"Breit, Samuel N",,Australia,1,443
vector_borne,Vector-borne diseases,soares-m,"Soares, Miguel P",,Portugal,1,444
vector_borne,Vector-borne diseases,tsai-v,"Tsai, Vicky Wang-Wei",,Australia,1,445
vector_borne,Vector-borne diseases,heath-w,"Heath, William R",Peter Doherty Institute for Infection and Immunity,Australia,1,446
vector_borne,Vector-borne diseases,beattie-l,"Beattie, Lynette",Peter Doherty Institute for Infection and Immunity,Australia,1,447
vector_borne,Vector-borne diseases,mass-e,"Mass, Elvira",,Germany,1,448
vector_borne,Vector-borne diseases,rusu-r,"Rusu, Rada",,Canada,1,449
vector_borne,Vector-borne diseases,durbin-a,"Durbin, Anna",,United States,1,450
vector_borne,Vector-borne diseases,clements-i,"Clements, Isabella",,United Kingdom,1,451
vector_borne,Vector-borne diseases,frost-h,"Frost, Hannah",,United Kingdom,1,452
vector_borne,Vector-borne diseases,marinergoff-d,"Mariner-Goff, Danielle",,United Kingdom,1,453
vector_borne,Vector-borne diseases,massey-k,"Massey, Katherine",,Singapore,1,454
vector_borne,Vector-borne diseases,murton-m,"Murton, Molly",,United Kingdom,1,455
vector_borne,Vector-borne diseases,sylvester-s,"Sylvester, Shirley V",,Switzerland,1,456
vector_borne,Vector-borne diseases,paris-v,"Paris, Véronique",University of Melbourne,Australia,1,457
vector_borne,Vector-borne diseases,buultjens-a,"Buultjens, Andrew H",University of Melbourne,Australia,1,458
vector_borne,Vector-borne diseases,bell-n,"Bell, Nicholas",University of Melbourne,Australia,1,459
vector_borne,Vector-borne diseases,schmidt-t,"Schmidt, Thomas L",,Australia,1,460
vector_borne,Vector-borne diseases,bamberg-w,"Bamberg, Wendy M",,Australia,1,461
vector_borne,Vector-borne diseases,birrell-m,"Birrell, Michael T",,Australia,1,462
vector_borne,Vector-borne diseases,romanes-f,"Romanes, Finn",,Australia,1,463
vector_borne,Vector-borne diseases,antao-c,"Antao, Catarina A",,Australia,1,464
vector_borne,Vector-borne diseases,globan-m,"Globan, Maria",Peter Doherty Institute for Infection and Immunity,Australia,1,465
vector_borne,Vector-borne diseases,lavender-c,"Lavender, Caroline",Peter Doherty Institute for Infection and Immunity,Australia,1,466
vector_borne,Vector-borne diseases,bond-k,"Bond, Katherine",Peter Doherty Institute for Infection and Immunity,Australia,1,467
vector_borne,Vector-borne diseases,dougall-s,"Dougall, Sally",University of Melbourne,Australia,1,468
vector_borne,Vector-borne diseases,lacey-j,"Lacey, Jake A",University of Melbourne,Australia,1,469
vector_borne,Vector-borne diseases,guo-p,"Guo, Peihong",Nanyang Technological University,Singapore,1,470
vector_borne,Vector-borne diseases,sherry-n,"Sherry, Norelle L",University of Melbourne,Australia,1,471
vector_borne,Vector-borne diseases,gibney-k,"Gibney, Katherine B",Peter Doherty Institute for Infection and Immunity,Australia,1,472
vector_borne,Vector-borne diseases,johnson-p,"Johnson, Paul D R",University of Melbourne,Australia,1,473
vector_borne,Vector-borne diseases,stinear-t,"Stinear, Timothy P",Peter Doherty Institute for Infection and Immunity,Australia,1,474
vector_borne,Vector-borne diseases,ong-y,"Ong, Yin Jie",University of Malaya,Malaysia,1,475
vector_borne,Vector-borne diseases,chan-y,"Chan, Yu-Jiun",,Taiwan,1,476
vector_borne,Vector-borne diseases,sam-i,"Sam, I-Ching",University of Malaya,Malaysia,1,477
vector_borne,Vector-borne diseases,borrenberghs-d,"Borrenberghs, Doortje",,Belgium,1,478
vector_borne,Vector-borne diseases,vanbrandt-s,"Van Brandt, Sven",,Belgium,1,479
vector_borne,Vector-borne diseases,jaensch-s,"Jaensch, Steffen",,Belgium,1,480
vector_borne,Vector-borne diseases,choy-m,"Choy, Milly Ming Ju",Duke-NUS Medical School,Singapore,1,481
vector_borne,Vector-borne diseases,geluykens-p,"Geluykens, Peggy",,Belgium,1,482
vector_borne,Vector-borne diseases,bouayadi-a,"Bouayadi, Asmae El",,Belgium,1,483
vector_borne,Vector-borne diseases,lauwers-d,"Lauwers, Dax",,Belgium,1,484
vector_borne,Vector-borne diseases,bist-p,"Bist, Pradeep",Duke-NUS Medical School,Singapore,1,485
vector_borne,Vector-borne diseases,stoops-b,"Stoops, Bart",,Belgium,1,486
vector_borne,Vector-borne diseases,vandeven-j,"Van de Ven, Jeroen",,Belgium,1,487
vector_borne,Vector-borne diseases,vermeulen-p,"Vermeulen, Peter",,Belgium,1,488
vector_borne,Vector-borne diseases,megens-s,"Megens, Sarah",,Belgium,1,489
vector_borne,Vector-borne diseases,thys-k,"Thys, Kim",,Belgium,1,490
vector_borne,Vector-borne diseases,peeters-d,"Peeters, Daniëlle",,Belgium,1,491
vector_borne,Vector-borne diseases,kaptein-s,"Kaptein, Suzanne J F",,Belgium,1,492
vector_borne,Vector-borne diseases,neyts-j,"Neyts, Johan",,Belgium,1,493
vector_borne,Vector-borne diseases,koul-a,"Koul, Anil",,Belgium,1,494
vector_borne,Vector-borne diseases,goethals-o,"Goethals, Olivia",,Belgium,1,495
vector_borne,Vector-borne diseases,lattmann-s,"Lattmann, Simon",Nanyang Technological University,Singapore,1,496
vector_borne,Vector-borne diseases,anindita-p,"Anindita, Paulina Duhita",Nanyang Technological University,Singapore,1,497
vector_borne,Vector-borne diseases,liew-c,"Liew, Chong Wai",Experimental Drug Development Centre,Singapore,1,498
vector_borne,Vector-borne diseases,harris-r,"Harris, Reuben S",,United States,1,499
vector_borne,Vector-borne diseases,phimolsannousith-v,"Phimolsannousith, Vilayouth",,,1,500
vector_borne,Vector-borne diseases,sibounheuang-b,"Sibounheuang, Bountoy",,,1,501
vector_borne,Vector-borne diseases,chanthongthip-a,"Chanthongthip, Anisone",,,1,502
vector_borne,Vector-borne diseases,mukaka-m,"Mukaka, Mavuto",Mahidol University,Thailand,1,503
vector_borne,Vector-borne diseases,luangraj-m,"Luangraj, Manophab",,,1,504
vector_borne,Vector-borne diseases,hopkins-h,"Hopkins, Heidi",London School of Hygiene & Tropical Medicine,United Kingdom,1,505
vector_borne,Vector-borne diseases,dubotperes-a,"Dubot-Pérès, Audrey",University of Oxford,France,1,506
vector_borne,Vector-borne diseases,chavatte-j,"Chavatte, Jean-Marc",National Public Health Laboratory,Singapore,1,507
vector_borne,Vector-borne diseases,huyen-t,"Huyen, Tran Bang",Oxford University Clinical Research Unit,United Kingdom,1,508
vector_borne,Vector-borne diseases,thein-t,"Thein, Tun-Linn",National Centre for Infectious Diseases,Singapore,1,509
vector_borne,Vector-borne diseases,le-k,"Le, Khoi Minh",Oxford University Clinical Research Unit,Viet Nam,1,510
vector_borne,Vector-borne diseases,luu-t,"Luu, Tran",Oxford University Clinical Research Unit,Viet Nam,1,511
vector_borne,Vector-borne diseases,huy-n,"Huy, Nguyen Quang",Oxford University Clinical Research Unit,Viet Nam,1,512
vector_borne,Vector-borne diseases,harriss-e,"Harriss, Eli",University of Oxford,United Kingdom,1,513
vector_borne,Vector-borne diseases,kain-m,"Kain, Matthew J W",,United Kingdom,1,514
vector_borne,Vector-borne diseases,cattrall-j,"Cattrall, Jonathan",University of Oxford,United Kingdom,1,515
vector_borne,Vector-borne diseases,naylor-c,"Naylor, Caitlin",University of Oxford,United Kingdom,1,516
vector_borne,Vector-borne diseases,munblit-d,"Munblit, Daniel",,Russian Federation,1,517
vector_borne,Vector-borne diseases,teo-e,"Teo, Elizabeth",National University of Singapore,Singapore,1,518
vector_borne,Vector-borne diseases,low-v,"Low, Van Lun",University of Malaya,Malaysia,1,519
vector_borne,Vector-borne diseases,soe-b,"Soe, Babi Kyi",,Myanmar,1,520
vector_borne,Vector-borne diseases,matsuno-k,"Matsuno, Keita",,Japan,1,521
vector_borne,Vector-borne diseases,nakao-r,"Nakao, Ryo",,Japan,1,522
vector_borne,Vector-borne diseases,abdulqader-a,"Abdulqader, Ali",,Iraq,1,523
vector_borne,Vector-borne diseases,arkah-z,"Arkah, Zinah Mohsin",,Iraq,1,524
vector_borne,Vector-borne diseases,ali-f,"Ali, Faisal",,Singapore,1,525
vector_borne,Vector-borne diseases,shamsir-m,"Shamsir, Mohd Shahir",,Malaysia,1,526
vector_borne,Vector-borne diseases,chiang-s,"Chiang, Suzanna",Environmental Health Institute,Singapore,1,527
vector_borne,Vector-borne diseases,pang-s,"Pang, Sean Jia Le",Nanyang Technological University,Singapore,1,528
vector_borne,Vector-borne diseases,koou-s,"Koou, Sin-Ying",Environmental Health Institute,Singapore,1,529
vector_borne,Vector-borne diseases,abdolrahman-m,"Abdol Rahman, Mohd Zulkefli",National Environment Agency,Singapore,1,530
vector_borne,Vector-borne diseases,davidson-s,"Davidson, Silas",,,1,531
vector_borne,Vector-borne diseases,lindroth-e,"Lindroth, Erica",,Thailand,1,532
vector_borne,Vector-borne diseases,rigby-l,"Rigby, Lisa",,,1,533
vector_borne,Vector-borne diseases,mann-a,"Mann, Alyssa",,Thailand,1,534
vector_borne,Vector-borne diseases,chow-w,"Chow, Weng",,,1,535
vector_borne,Vector-borne diseases,petousisharris-d,"Petousis-Harris, Danyon",,New Zealand,1,536
vector_borne,Vector-borne diseases,hunn-s,"Hunn, Steve",,New Zealand,1,537
vector_borne,Vector-borne diseases,buekerman-c,"Buekerman, Christopher",,New Zealand,1,538
vector_borne,Vector-borne diseases,frances-s,"Frances, Stephen",,,1,539
vector_borne,Vector-borne diseases,debboun-m,"Debboun, Mustapha",,,1,540
vector_borne,Vector-borne diseases,wong-m,"Wong, Min Jia",Singapore General Hospital,Singapore,1,541
vector_borne,Vector-borne diseases,loh-s,"Loh, Siyuan Brandon",,New Zealand,1,542
vector_borne,Vector-borne diseases,liao-d,"Liao, Dan",National University of Singapore,Singapore,1,543
vector_borne,Vector-borne diseases,lee-r,"Lee, Robyn",,Canada,1,544
vector_borne,Vector-borne diseases,kini-r,"Kini, R Manjunatha",National University of Singapore,Singapore,1,545
vector_borne,Vector-borne diseases,mok-y,"Mok, Yu Keung",National University of Singapore,Singapore,1,546
vector_borne,Vector-borne diseases,koh-c,"Koh, Chong Hui",Nanyang Technological University,Singapore,1,547
vector_borne,Vector-borne diseases,lackritz-e,"Lackritz, Eve M",,United States,1,548
vector_borne,Vector-borne diseases,marques-e,"Marques, Ernesto T A",,Brazil,1,549
vector_borne,Vector-borne diseases,bourne-n,"Bourne, Nigel",,United States,1,550
vector_borne,Vector-borne diseases,staples-j,"Staples, J Erin",US Centers for Disease Control and Prevention,United States,1,551
vector_borne,Vector-borne diseases,harris-e,"Harris, Eva",,United States,1,552
vector_borne,Vector-borne diseases,brault-a,"Brault, Aaron C",US Centers for Disease Control and Prevention,United States,1,553
vector_borne,Vector-borne diseases,ko-a,"Ko, Albert I",,Brazil,1,554
vector_borne,Vector-borne diseases,beasley-d,"Beasley, David W C",,United States,1,555
vector_borne,Vector-borne diseases,leighton-t,"Leighton, Tabitha",,United States,1,556
vector_borne,Vector-borne diseases,wildersmith-a,"Wilder-Smith, Annelies",World Health Organization,Switzerland,1,557
vector_borne,Vector-borne diseases,ostrowsky-j,"Ostrowsky, Julia T",,United States,1,558
vector_borne,Vector-borne diseases,mehr-a,"Mehr, Angela J",,United States,1,559
vector_borne,Vector-borne diseases,ulrich-a,"Ulrich, Angela K",,United States,1,560
vector_borne,Vector-borne diseases,golding-j,"Golding, Josephine P",,United Kingdom,1,561
vector_borne,Vector-borne diseases,fay-p,"Fay, Petra C",,United Kingdom,1,562
vector_borne,Vector-borne diseases,cehovin-a,"Cehovin, Ana",,United Kingdom,1,563
vector_borne,Vector-borne diseases,moua-n,"Moua, Nicolina M",,United States,1,564
vector_borne,Vector-borne diseases,moore-k,"Moore, Kristine A",,United States,1,565
vector_borne,Vector-borne diseases,osterholm-m,"Osterholm, Michael T",,United States,1,566
vector_borne,Vector-borne diseases,barrett-a,"Barrett, Alan D T",,United States,1,567
vector_borne,Vector-borne diseases,wong-w,"Wong, Wei Jian",Environmental Health Institute,Singapore,1,568
vector_borne,Vector-borne diseases,verkaik-m,"Verkaik, Matthew Gregory",Environmental Health Institute,Singapore,1,569
vector_borne,Vector-borne diseases,song-h,"Song, Haolong",National University of Singapore,Singapore,1,570
vector_borne,Vector-borne diseases,jin-s,"Jin, Shihui",National University of Singapore,Singapore,1,571
vector_borne,Vector-borne diseases,yang-g,"Yang, Guo Jing",National University of Singapore,Singapore,1,572
vector_borne,Vector-borne diseases,lim-n,"Lim, Nigel W H",National University of Singapore,Singapore,1,573
vector_borne,Vector-borne diseases,grinyoescuer-a,"Grinyo-Escuer, Ariadna",,United States,1,574
vector_borne,Vector-borne diseases,reddy-s,"Reddy, Srikar",,United States,1,575
vector_borne,Vector-borne diseases,chenine-a,"Chenine, Agnes L",,United States,1,576
vector_borne,Vector-borne diseases,whitbeck-j,"Whitbeck, J Charles",,United States,1,577
vector_borne,Vector-borne diseases,jacobsen-s,"Jacobsen, Sonya",,United States,1,578
vector_borne,Vector-borne diseases,sheetz-a,"Sheetz, Allison",,United States,1,579
vector_borne,Vector-borne diseases,doolan-k,"Doolan, Kyle",,United States,1,580
vector_borne,Vector-borne diseases,norden-d,"Norden, Diana M",,United States,1,581
vector_borne,Vector-borne diseases,frey-n,"Frey, Nolan",,United States,1,582
vector_borne,Vector-borne diseases,holtsberg-f,"Holtsberg, Frederick W",,United States,1,583
vector_borne,Vector-borne diseases,aman-m,"Aman, M Javad",,United States,1,584
vector_borne,Vector-borne diseases,fink-k,"Fink, Katja","Agency for Science, Technology and Research",Singapore,1,585
vector_borne,Vector-borne diseases,diamond-m,"Diamond, Michael S",,United States,1,586
vector_borne,Vector-borne diseases,schieffelin-j,"Schieffelin, John S",,United States,1,587
vector_borne,Vector-borne diseases,crowe-j,"Crowe, James E",,United States,1,588
vector_borne,Vector-borne diseases,davidson-e,"Davidson, Edgar",,United States,1,589
vector_borne,Vector-borne diseases,doranz-b,"Doranz, Benjamin J",,United States,1,590
vector_borne,Vector-borne diseases,moretti-r,"Moretti, Riccardo",,Italy,1,591
vector_borne,Vector-borne diseases,ferreira-a,"Ferreira, Alvaro Gil Araujo",,Brazil,1,592
vector_borne,Vector-borne diseases,ponti-l,"Ponti, Luigi",,Italy,1,593
vector_borne,Vector-borne diseases,giovanetti-m,"Giovanetti, Marta",,Brazil,1,594
vector_borne,Vector-borne diseases,yi-c,"Yi, Chunxing",,China,1,595
vector_borne,Vector-borne diseases,tewari-p,"Tewari, Pranav",Nanyang Technological University,Singapore,1,596
vector_borne,Vector-borne diseases,cholvi-m,"Cholvi, Maria",,Spain,1,597
vector_borne,Vector-borne diseases,crawford-j,"Crawford, Jacob",,United States,1,598
vector_borne,Vector-borne diseases,gutierrez-a,"Gutierrez, Andrew Paul",,United States,1,599
vector_borne,Vector-borne diseases,dobson-s,"Dobson, Stephen L",,United States,1,600
vector_borne,Vector-borne diseases,ross-p,"Ross, Perran A",University of Melbourne,Australia,1,601
vector_borne,Vector-borne diseases,qiao-w,"Qiao, Wenjie",,,1,602
vector_borne,Vector-borne diseases,xie-x,"Xie, Xuping",,,1,603
vector_borne,Vector-borne diseases,shi-p,"Shi, Pei-Yong",,,1,604
vector_borne,Vector-borne diseases,ooi-y,"Ooi, Yaw Shin",A*STAR Infectious Diseases Labs,Singapore,1,605
vector_borne,Vector-borne diseases,carette-j,"Carette, Jan E",,,1,606
vector_borne,Vector-borne diseases,choo-y,"Choo, Yun Ying",National University of Singapore,Singapore,1,607
vector_borne,Vector-borne diseases,tan-t,"Tan, Teck Choon",,Singapore,1,608
vector_borne,Vector-borne diseases,chua-j,"Chua, John Jia En",National University of Singapore,Singapore,1,609
vector_borne,Vector-borne diseases,finch-e,"Finch, Emilie",London School of Hygiene & Tropical Medicine,United Kingdom,1,610
vector_borne,Vector-borne diseases,kucharski-a,"Kucharski, Adam",London School of Hygiene & Tropical Medicine,United Kingdom,1,611
vector_borne,Vector-borne diseases,lowe-r,"Lowe, Rachel",London School of Hygiene & Tropical Medicine,Singapore,1,612
vector_borne,Vector-borne diseases,shu-b,"Shu, Bo",National University of Singapore,Singapore,1,613
vector_borne,Vector-borne diseases,ng-t,"Ng, Thiam-Seng",National University of Singapore,Singapore,1,614
vector_borne,Vector-borne diseases,lim-x,"Lim, Xin-Ni",National University of Singapore,Singapore,1,615
vector_borne,Vector-borne diseases,kostyuchenko-v,"Kostyuchenko, Victor A",National University of Singapore,Singapore,1,616
vector_borne,Vector-borne diseases,fibriansah-g,"Fibriansah, Guntur",National University of Singapore,Singapore,1,617
vector_borne,Vector-borne diseases,mcelvany-b,"McElvany, Benjamin D",,,1,618
vector_borne,Vector-borne diseases,desilva-a,"de Silva, Aravinda M",,,1,619
vector_borne,Vector-borne diseases,diehl-s,"Diehl, Sean A",,,1,620
vector_borne,Vector-borne diseases,lok-s,"Lok, Shee-Mei",National University of Singapore,Singapore,1,621
vector_borne,Vector-borne diseases,lu-d,"Lu, Deng",Environmental Health Institute,Singapore,1,622
vector_borne,Vector-borne diseases,carvalho-f,"Carvalho, Filomena A",,Portugal,1,623
vector_borne,Vector-borne diseases,nascimento-a,"Nascimento, André R",,Portugal,1,624
vector_borne,Vector-borne diseases,rebelo-t,"Rebelo, Teresa V",,Portugal,1,625
vector_borne,Vector-borne diseases,faustino-a,"Faustino, André F",,Portugal,1,626
vector_borne,Vector-borne diseases,lim-p,"Lim, Preston Lj",National University of Singapore,Singapore,1,627
vector_borne,Vector-borne diseases,cook-a,"Cook, Alex R",National University of Singapore,Singapore,1,628
vector_borne,Vector-borne diseases,li-y,"Li, Yujie",Nanyang Technological University,Singapore,1,629
vector_borne,Vector-borne diseases,loh-y,"Loh, Ying Ru",Experimental Drug Development Centre,Singapore,1,630
vector_borne,Vector-borne diseases,li-q,"Li, Qingxin",,China,1,631
vector_borne,Vector-borne diseases,geng-l,"Geng, Lin",Nanyang Technological University,Singapore,1,632
vector_borne,Vector-borne diseases,kakani-e,"Kakani, Evdoxia G",,Singapore,1,633
vector_borne,Vector-borne diseases,yoong-y,"Yoong, Yanni",,Singapore,1,634
vector_borne,Vector-borne diseases,duyu-d,"Du Yu, David",,Singapore,1,635
vector_borne,Vector-borne diseases,abdelbasset-m,"Abdelbasset, Muhammad",National University of Singapore,Singapore,1,636
vector_borne,Vector-borne diseases,saron-w,"Saron, Wilfried A A",National University of Singapore,Singapore,1,637
vector_borne,Vector-borne diseases,ma-d,"Ma, David H K",,Taiwan,1,638
vector_borne,Vector-borne diseases,kozaki-t,"Kozaki, Tatsuya",Singapore Immunology Network,Singapore,1,639
vector_borne,Vector-borne diseases,zhong-c,"Zhong, Chengwei",Singapore Immunology Network,Singapore,1,640
vector_borne,Vector-borne diseases,mantri-c,"Mantri, Chinmay Kumar",National University of Singapore,Singapore,1,641
vector_borne,Vector-borne diseases,tung-c,"Tung, Chi-Ching",National University of Singapore,Singapore,1,642
vector_borne,Vector-borne diseases,tey-h,"Tey, Hong Liang",National Skin Centre,Singapore,1,643
vector_borne,Vector-borne diseases,chen-j,"Chen, Jacinta I-Pei",National University of Singapore,Singapore,1,644
vector_borne,Vector-borne diseases,wang-h,"Wang, Honghong",,China,1,645
vector_borne,Vector-borne diseases,cheong-y,"Cheong, Yoon Ling",,Malaysia,1,646
vector_borne,Vector-borne diseases,ahmad-n,"Ahmad, Nazni Wasi",,Malaysia,1,647
